case_id,soc_id,incident_id,alert_id,created_at,assigned_analyst_id,severity,status,resolution,resolution_reason,investigation_notes,closed_at
CASE-000001,SOC-001,INC-000001,ALT-000001,2026-01-01T12:54:00Z,ANL-1007,CRITICAL,CLOSED,TRUE_POSITIVE,Internal Network Port Scan — True Positive,Reviewed T1595 activity on HOST-2223; correlated with source 10.139.223.125.,2026-01-01T13:40:00Z
CASE-000002,SOC-001,,ALT-000002,2026-01-01T08:48:00Z,ANL-1007,HIGH,CLOSED,TRUE_POSITIVE,Ransomware Behaviour Detected — True Positive,Reviewed escalation criteria for HOST-2552; behaviour consistent with known baseline.,2026-01-01T09:37:00Z
CASE-000003,SOC-001,INC-000002,ALT-000003,2026-01-01T18:01:00Z,ANL-1005,CRITICAL,CLOSED,TRUE_POSITIVE,Repeated Failed Logins — True Positive,Manually reviewed HOST-1442 logs; findings documented against case ticket.,2026-01-01T18:51:00Z
CASE-000004,SOC-001,,ALT-000004,2026-01-01T20:17:00Z,ANL-1010,HIGH,CLOSED,FALSE_POSITIVE,LSASS Memory Access — False Positive,Investigated T1003 indicators on HOST-4954; no further lateral movement observed.,2026-01-01T20:59:00Z
CASE-000005,SOC-001,,ALT-000005,2026-01-01T06:05:00Z,ANL-1004,MEDIUM,CLOSED,FALSE_POSITIVE,Suspicious Binary Download — False Positive,Reviewed escalation criteria for HOST-3116; behaviour consistent with known baseline.,2026-01-01T09:59:00Z
CASE-000006,SOC-001,,ALT-000006,2026-01-01T09:16:00Z,ANL-1004,HIGH,CLOSED,TRUE_POSITIVE,Internal Network Port Scan — True Positive,Investigated T1595 indicators on HOST-2109; no further lateral movement observed.,2026-01-01T10:18:00Z
CASE-000007,SOC-001,,ALT-000007,2026-01-01T20:55:00Z,ANL-1008,MEDIUM,CLOSED,TRUE_POSITIVE,Encoded PowerShell Command — True Positive,Investigated T1059.001 indicators on HOST-1517; no further lateral movement observed.,2026-01-02T01:14:00Z
CASE-000008,SOC-001,,ALT-000008,2026-01-01T19:38:00Z,ANL-1010,MEDIUM,CLOSED,TRUE_POSITIVE,Unusual Scheduled Task Created — True Positive,Manually reviewed HOST-2704 logs; findings documented against case ticket.,2026-01-01T22:42:00Z
CASE-000009,SOC-001,,ALT-000009,2026-01-01T09:44:00Z,ANL-1008,LOW,CLOSED,TRUE_POSITIVE,Ransomware Behaviour Detected — True Positive,Analysed endpoint telemetry for HOST-3895 tied to T1486 detection.,2026-01-01T14:21:00Z
CASE-000010,SOC-001,,ALT-000010,2026-01-01T13:47:00Z,ANL-1006,LOW,CLOSED,TRUE_POSITIVE,Upload to Unapproved Cloud Storage — True Positive,Checked process execution history for HOST-1163 following T1567 alert.,2026-01-01T19:48:00Z
CASE-000011,SOC-001,,ALT-000011,2026-01-01T21:25:00Z,ANL-1009,MEDIUM,CLOSED,TRUE_POSITIVE,LSASS Memory Access — True Positive,Validated authentication logs tied to HOST-2180 to rule out credential compromise.,2026-01-02T00:57:00Z
CASE-000012,SOC-001,,ALT-000012,2026-01-01T15:07:00Z,ANL-1001,MEDIUM,CLOSED,FALSE_POSITIVE,Large Outbound Data Transfer — False Positive,Analysed endpoint telemetry for HOST-3860 tied to T1041 detection.,2026-01-01T17:21:00Z
CASE-000013,SOC-001,,ALT-000013,2026-01-01T13:21:00Z,ANL-1009,LOW,CLOSED,TRUE_POSITIVE,Unusual RDP Session — True Positive,Analysed endpoint telemetry for HOST-4235 tied to T1021.001 detection.,2026-01-01T19:15:00Z
CASE-000014,SOC-001,,ALT-000014,2026-01-01T12:24:00Z,ANL-1011,HIGH,CLOSED,FALSE_POSITIVE,Suspicious CMD Execution — False Positive,Reviewed escalation criteria for HOST-4323; behaviour consistent with known baseline.,2026-01-01T13:46:00Z
CASE-000015,SOC-001,,ALT-000015,2026-01-01T19:04:00Z,ANL-1004,HIGH,CLOSED,TRUE_POSITIVE,Internal Network Port Scan — True Positive,Analysed endpoint telemetry for HOST-1147 tied to T1595 detection.,2026-01-01T20:21:00Z
CASE-000016,SOC-001,,ALT-000016,2026-01-01T12:39:00Z,ANL-1011,LOW,CLOSED,TRUE_POSITIVE,Repeated Failed Logins — True Positive,Validated authentication logs tied to HOST-4566 to rule out credential compromise.,2026-01-01T19:18:00Z
CASE-000017,SOC-001,,ALT-000017,2026-01-01T11:36:00Z,ANL-1005,LOW,CLOSED,FALSE_POSITIVE,Internal Network Port Scan — False Positive,Reviewed T1595 activity on HOST-3342; correlated with source 10.202.140.3.,2026-01-01T16:12:00Z
CASE-000018,SOC-001,,ALT-000018,2026-01-01T23:26:00Z,ANL-1003,CRITICAL,CLOSED,TRUE_POSITIVE,Beaconing to Known C2 Domain — True Positive,Investigated T1071.001 indicators on HOST-2338; no further lateral movement observed.,2026-01-02T00:15:00Z
CASE-000019,SOC-001,,ALT-000019,2026-01-01T20:23:00Z,ANL-1002,MEDIUM,CLOSED,TRUE_POSITIVE,Ransomware Behaviour Detected — True Positive,Cross-referenced 10.167.113.166 against threat intelligence feeds for HOST-4368.,2026-01-01T23:04:00Z
CASE-000020,SOC-001,,ALT-000020,2026-01-01T22:34:00Z,ANL-1007,MEDIUM,CLOSED,TRUE_POSITIVE,Internal Network Port Scan — True Positive,Validated authentication logs tied to HOST-4043 to rule out credential compromise.,2026-01-02T17:37:00Z
CASE-000021,SOC-001,,ALT-000021,2026-01-01T20:38:00Z,ANL-1001,MEDIUM,CLOSED,TRUE_POSITIVE,New Registry Run Key Entry — True Positive,Reviewed T1547.001 activity on HOST-3628; correlated with source 10.105.35.213.,2026-01-01T23:56:00Z
CASE-000022,SOC-001,,ALT-000022,2026-01-01T18:20:00Z,ANL-1001,HIGH,CLOSED,TRUE_POSITIVE,Password Spraying Detected — True Positive,Manually reviewed HOST-1974 logs; findings documented against case ticket.,2026-01-01T19:27:00Z
CASE-000023,SOC-001,,ALT-000023,2026-01-01T14:04:00Z,ANL-1002,MEDIUM,CLOSED,TRUE_POSITIVE,Internal Network Port Scan — True Positive,Analysed endpoint telemetry for HOST-4726 tied to T1595 detection.,2026-01-01T16:25:00Z
CASE-000024,SOC-001,,ALT-000024,2026-01-01T08:23:00Z,ANL-1003,MEDIUM,CLOSED,TRUE_POSITIVE,Internal Network Port Scan — True Positive,Investigated T1595 indicators on HOST-3724; no further lateral movement observed.,2026-01-01T12:23:00Z
CASE-000025,SOC-001,,ALT-000025,2026-01-01T07:54:00Z,ANL-1002,LOW,CLOSED,TRUE_POSITIVE,Beaconing to Known C2 Domain — True Positive,Analysed endpoint telemetry for HOST-2975 tied to T1071.001 detection.,2026-01-01T15:16:00Z
CASE-000026,SOC-001,,ALT-000026,2026-01-01T06:24:00Z,ANL-1007,LOW,CLOSED,TRUE_POSITIVE,Unusual Scheduled Task Created — True Positive,Traced network flow from 10.166.43.227 to determine scope of T1053.005 activity on HOST-3172.,2026-01-01T15:26:00Z
CASE-000027,SOC-001,,ALT-000027,2026-01-01T21:37:00Z,ANL-1008,LOW,CLOSED,TRUE_POSITIVE,New Registry Run Key Entry — True Positive,Traced network flow from 10.202.28.2 to determine scope of T1547.001 activity on HOST-3777.,2026-01-02T01:40:00Z
CASE-000028,SOC-001,,ALT-000028,2026-01-01T01:27:00Z,ANL-1001,LOW,CLOSED,TRUE_POSITIVE,Unusual SMB Admin Share Access — True Positive,Analysed endpoint telemetry for HOST-4039 tied to T1021.002 detection.,2026-01-01T07:27:00Z
CASE-000029,SOC-001,,ALT-000029,2026-01-01T10:49:00Z,ANL-1003,HIGH,CLOSED,TRUE_POSITIVE,New Registry Run Key Entry — True Positive,Confirmed T1547.001 alert on HOST-1907 against recent change records.,2026-01-01T11:42:00Z
CASE-000030,SOC-001,,ALT-000030,2026-01-01T14:40:00Z,ANL-1005,MEDIUM,CLOSED,FALSE_POSITIVE,Suspicious Binary Download — False Positive,Traced network flow from 10.37.158.119 to determine scope of T1105 activity on HOST-2920.,2026-01-01T17:58:00Z
CASE-000031,SOC-001,,ALT-000031,2026-01-01T10:45:00Z,ANL-1002,LOW,CLOSED,TRUE_POSITIVE,Password Spraying Detected — True Positive,Investigated T1110 indicators on HOST-4682; no further lateral movement observed.,2026-01-01T17:54:00Z
CASE-000032,SOC-001,,ALT-000032,2026-01-01T04:58:00Z,ANL-1006,LOW,CLOSED,TRUE_POSITIVE,Large Outbound Data Transfer — True Positive,Validated authentication logs tied to HOST-3718 to rule out credential compromise.,2026-01-01T06:08:00Z
CASE-000033,SOC-001,,ALT-000033,2026-01-01T03:32:00Z,ANL-1009,LOW,CLOSED,FALSE_POSITIVE,Repeated Failed Logins — False Positive,Validated authentication logs tied to HOST-4228 to rule out credential compromise.,2026-01-01T12:24:00Z
CASE-000034,SOC-001,,ALT-000034,2026-01-01T18:28:00Z,ANL-1008,LOW,CLOSED,FALSE_POSITIVE,Upload to Unapproved Cloud Storage — False Positive,Traced network flow from 10.214.82.210 to determine scope of T1567 activity on HOST-4879.,2026-01-02T02:10:00Z
CASE-000035,SOC-001,,ALT-000035,2026-01-01T14:56:00Z,ANL-1006,CRITICAL,CLOSED,FALSE_POSITIVE,LSASS Memory Access — False Positive,"Closed with minimal review — T1003 alert on HOST-1909, no further action taken.",2026-01-01T15:26:00Z
CASE-000036,SOC-001,,ALT-000036,2026-01-01T04:35:00Z,ANL-1010,LOW,CLOSED,FALSE_POSITIVE,Ransomware Behaviour Detected — False Positive,"Closed with minimal review — T1486 alert on HOST-1089, no further action taken.",2026-01-01T06:01:00Z
CASE-000037,SOC-001,,ALT-000037,2026-01-01T07:36:00Z,ANL-1007,LOW,CLOSED,TRUE_POSITIVE,LSASS Memory Access — True Positive,Cross-referenced 10.34.10.100 against threat intelligence feeds for HOST-2445.,2026-01-01T11:52:00Z
CASE-000038,SOC-001,,ALT-000038,2026-01-01T21:29:00Z,ANL-1008,HIGH,CLOSED,TRUE_POSITIVE,Suspicious CMD Execution — True Positive,Reviewed escalation criteria for HOST-1717; behaviour consistent with known baseline.,2026-01-01T23:00:00Z
CASE-000039,SOC-001,,ALT-000039,2026-01-01T23:28:00Z,ANL-1007,MEDIUM,CLOSED,TRUE_POSITIVE,Large Outbound Data Transfer — True Positive,Investigated T1041 indicators on HOST-2638; no further lateral movement observed.,2026-01-02T01:44:00Z
CASE-000040,SOC-001,,ALT-000040,2026-01-01T11:28:00Z,ANL-1001,LOW,CLOSED,FALSE_POSITIVE,Upload to Unapproved Cloud Storage — False Positive,Confirmed T1567 alert on HOST-2818 against recent change records.,2026-01-01T19:20:00Z
CASE-000041,SOC-001,INC-000003,ALT-000041,2026-01-02T14:48:00Z,ANL-1002,CRITICAL,CLOSED,TRUE_POSITIVE,Encoded PowerShell Command — True Positive,Checked process execution history for HOST-2523 following T1059.001 alert.,2026-01-02T15:44:00Z
CASE-000042,SOC-001,,ALT-000042,2026-01-02T10:42:00Z,ANL-1006,HIGH,CLOSED,FALSE_POSITIVE,LSASS Memory Access — False Positive,Traced network flow from 10.80.89.204 to determine scope of T1003 activity on HOST-4963.,2026-01-03T18:48:00Z
CASE-000043,SOC-001,,ALT-000043,2026-01-02T20:04:00Z,ANL-1008,LOW,CLOSED,TRUE_POSITIVE,Internal Network Port Scan — True Positive,Traced network flow from 10.93.66.111 to determine scope of T1595 activity on HOST-2298.,2026-01-03T04:49:00Z
CASE-000044,SOC-001,,ALT-000044,2026-01-02T16:41:00Z,ANL-1003,MEDIUM,CLOSED,TRUE_POSITIVE,Large Outbound Data Transfer — True Positive,Analysed endpoint telemetry for HOST-1382 tied to T1041 detection.,2026-01-02T20:14:00Z
CASE-000045,SOC-001,,ALT-000045,2026-01-02T14:26:00Z,ANL-1008,MEDIUM,CLOSED,TRUE_POSITIVE,Upload to Unapproved Cloud Storage — True Positive,Reviewed T1567 activity on HOST-1647; correlated with source 10.160.163.188.,2026-01-02T16:59:00Z
CASE-000046,SOC-001,,ALT-000046,2026-01-02T05:52:00Z,ANL-1006,LOW,CLOSED,FALSE_POSITIVE,Upload to Unapproved Cloud Storage — False Positive,Reviewed T1567 activity on HOST-4544; correlated with source 10.81.255.132.,2026-01-02T12:08:00Z
CASE-000047,SOC-001,,ALT-000047,2026-01-02T03:27:00Z,ANL-1003,LOW,CLOSED,FALSE_POSITIVE,Upload to Unapproved Cloud Storage — False Positive,"Closed with minimal review — T1567 alert on HOST-1033, no further action taken.",2026-01-02T10:13:00Z
CASE-000048,SOC-001,,ALT-000048,2026-01-02T11:50:00Z,ANL-1006,CRITICAL,CLOSED,TRUE_POSITIVE,Large Outbound Data Transfer — True Positive,Reviewed escalation criteria for HOST-2613; behaviour consistent with known baseline.,2026-01-02T12:39:00Z
CASE-000049,SOC-001,,ALT-000049,2026-01-02T10:43:00Z,ANL-1002,HIGH,CLOSED,FALSE_POSITIVE,Ransomware Behaviour Detected — False Positive,Analysed endpoint telemetry for HOST-2508 tied to T1486 detection.,2026-01-02T12:17:00Z
CASE-000050,SOC-001,,ALT-000050,2026-01-02T23:03:00Z,ANL-1003,HIGH,CLOSED,TRUE_POSITIVE,Unusual SMB Admin Share Access — True Positive,Manually reviewed HOST-4013 logs; findings documented against case ticket.,2026-01-03T00:30:00Z
CASE-000051,SOC-001,,ALT-000051,2026-01-02T23:17:00Z,ANL-1005,MEDIUM,CLOSED,TRUE_POSITIVE,Suspicious Binary Download — True Positive,Cross-referenced 10.176.74.75 against threat intelligence feeds for HOST-4827.,2026-01-03T02:36:00Z
CASE-000052,SOC-001,,ALT-000052,2026-01-02T16:14:00Z,ANL-1011,LOW,CLOSED,TRUE_POSITIVE,Unusual Scheduled Task Created — True Positive,Confirmed T1053.005 alert on HOST-4707 against recent change records.,2026-01-02T22:44:00Z
CASE-000053,SOC-001,,ALT-000053,2026-01-02T05:59:00Z,ANL-1001,MEDIUM,CLOSED,FALSE_POSITIVE,Unusual RDP Session — False Positive,Manually reviewed HOST-4430 logs; findings documented against case ticket.,2026-01-02T16:02:00Z
CASE-000054,SOC-001,,ALT-000054,2026-01-02T09:36:00Z,ANL-1011,HIGH,CLOSED,FALSE_POSITIVE,Large Outbound Data Transfer — False Positive,Investigated T1041 indicators on HOST-4238; no further lateral movement observed.,2026-01-02T10:28:00Z
CASE-000055,SOC-001,,ALT-000055,2026-01-02T21:07:00Z,ANL-1008,MEDIUM,CLOSED,TRUE_POSITIVE,Suspicious CMD Execution — True Positive,Validated authentication logs tied to HOST-1254 to rule out credential compromise.,2026-01-02T23:18:00Z
CASE-000056,SOC-001,,ALT-000056,2026-01-02T02:58:00Z,ANL-1010,MEDIUM,CLOSED,TRUE_POSITIVE,Unusual RDP Session — True Positive,"Closed with minimal review — T1021.001 alert on HOST-2481, no further action taken.",2026-01-02T06:38:00Z
CASE-000057,SOC-001,,ALT-000057,2026-01-02T18:03:00Z,ANL-1009,MEDIUM,CLOSED,TRUE_POSITIVE,Suspicious CMD Execution — True Positive,Analysed endpoint telemetry for HOST-2871 tied to T1059.003 detection.,2026-01-04T19:48:00Z
CASE-000058,SOC-001,,ALT-000058,2026-01-02T12:24:00Z,ANL-1002,HIGH,CLOSED,TRUE_POSITIVE,Suspicious Binary Download — True Positive,Cross-referenced 10.178.60.46 against threat intelligence feeds for HOST-4714.,2026-01-02T13:39:00Z
CASE-000059,SOC-001,,ALT-000059,2026-01-02T13:39:00Z,ANL-1001,LOW,CLOSED,TRUE_POSITIVE,Large Outbound Data Transfer — True Positive,Reviewed escalation criteria for HOST-3704; behaviour consistent with known baseline.,2026-01-02T22:28:00Z
CASE-000060,SOC-001,,ALT-000060,2026-01-02T16:14:00Z,ANL-1007,HIGH,CLOSED,TRUE_POSITIVE,Beaconing to Known C2 Domain — True Positive,Investigated T1071.001 indicators on HOST-3704; no further lateral movement observed.,2026-01-02T17:17:00Z
CASE-000061,SOC-001,,ALT-000061,2026-01-02T13:35:00Z,ANL-1009,MEDIUM,CLOSED,TRUE_POSITIVE,LSASS Memory Access — True Positive,Traced network flow from 10.169.40.237 to determine scope of T1003 activity on HOST-4964.,2026-01-02T17:04:00Z
CASE-000062,SOC-001,,ALT-000062,2026-01-02T09:58:00Z,ANL-1001,HIGH,CLOSED,TRUE_POSITIVE,Unusual SMB Admin Share Access — True Positive,Checked process execution history for HOST-2363 following T1021.002 alert.,2026-01-02T11:13:00Z
CASE-000063,SOC-001,,ALT-000063,2026-01-02T01:36:00Z,ANL-1004,LOW,CLOSED,FALSE_POSITIVE,Ransomware Behaviour Detected — False Positive,Cross-referenced 10.213.151.40 against threat intelligence feeds for HOST-2695.,2026-01-02T05:39:00Z
CASE-000064,SOC-001,INC-000004,ALT-000064,2026-01-02T20:03:00Z,ANL-1009,CRITICAL,CLOSED,TRUE_POSITIVE,LSASS Memory Access — True Positive,Traced network flow from 10.3.211.36 to determine scope of T1003 activity on HOST-3220.,2026-01-02T20:50:00Z
CASE-000065,SOC-001,,ALT-000065,2026-01-02T21:27:00Z,ANL-1003,MEDIUM,CLOSED,TRUE_POSITIVE,Upload to Unapproved Cloud Storage — True Positive,Reviewed T1567 activity on HOST-3858; correlated with source 10.123.98.159.,2026-01-02T23:16:00Z
CASE-000066,SOC-001,,ALT-000066,2026-01-02T01:40:00Z,ANL-1001,LOW,CLOSED,FALSE_POSITIVE,New Registry Run Key Entry — False Positive,Reviewed T1547.001 activity on HOST-2949; correlated with source 10.222.169.145.,2026-01-02T06:05:00Z
CASE-000067,SOC-001,INC-000005,ALT-000067,2026-01-02T05:36:00Z,ANL-1004,CRITICAL,CLOSED,TRUE_POSITIVE,Unusual RDP Session — True Positive,Manually reviewed HOST-2225 logs; findings documented against case ticket.,2026-01-02T06:25:00Z
CASE-000068,SOC-001,,ALT-000068,2026-01-02T12:05:00Z,ANL-1010,MEDIUM,CLOSED,TRUE_POSITIVE,Internal Network Port Scan — True Positive,Analysed endpoint telemetry for HOST-3706 tied to T1595 detection.,2026-01-02T15:01:00Z
CASE-000069,SOC-001,,ALT-000069,2026-01-02T17:05:00Z,ANL-1010,LOW,CLOSED,TRUE_POSITIVE,Ransomware Behaviour Detected — True Positive,Analysed endpoint telemetry for HOST-2449 tied to T1486 detection.,2026-01-02T22:43:00Z
CASE-000070,SOC-001,,ALT-000070,2026-01-02T11:16:00Z,ANL-1004,MEDIUM,CLOSED,FALSE_POSITIVE,Upload to Unapproved Cloud Storage — False Positive,Validated authentication logs tied to HOST-1315 to rule out credential compromise.,2026-01-02T15:21:00Z
CASE-000071,SOC-001,INC-000006,ALT-000071,2026-01-02T10:18:00Z,ANL-1011,CRITICAL,CLOSED,TRUE_POSITIVE,Ransomware Behaviour Detected — True Positive,Validated authentication logs tied to HOST-4967 to rule out credential compromise.,2026-01-02T11:14:00Z
CASE-000072,SOC-001,,ALT-000072,2026-01-02T18:25:00Z,ANL-1009,CRITICAL,CLOSED,TRUE_POSITIVE,Internal Network Port Scan — True Positive,Confirmed T1595 alert on HOST-2962 against recent change records.,2026-01-02T18:53:00Z
CASE-000073,SOC-001,,ALT-000073,2026-01-02T21:37:00Z,ANL-1009,LOW,CLOSED,TRUE_POSITIVE,Unusual SMB Admin Share Access — True Positive,Reviewed escalation criteria for HOST-4163; behaviour consistent with known baseline.,2026-01-03T04:50:00Z
CASE-000074,SOC-001,,ALT-000074,2026-01-02T00:54:00Z,ANL-1006,HIGH,CLOSED,TRUE_POSITIVE,New Registry Run Key Entry — True Positive,Investigated T1547.001 indicators on HOST-1471; no further lateral movement observed.,2026-01-02T02:34:00Z
CASE-000075,SOC-001,,ALT-000075,2026-01-02T14:07:00Z,ANL-1005,LOW,CLOSED,TRUE_POSITIVE,Unusual Scheduled Task Created — True Positive,Reviewed escalation criteria for HOST-1807; behaviour consistent with known baseline.,2026-01-02T18:54:00Z
CASE-000076,SOC-001,,ALT-000076,2026-01-02T12:27:00Z,ANL-1003,MEDIUM,CLOSED,TRUE_POSITIVE,LSASS Memory Access — True Positive,Manually reviewed HOST-3354 logs; findings documented against case ticket.,2026-01-02T15:57:00Z
CASE-000077,SOC-001,,ALT-000077,2026-01-02T15:10:00Z,ANL-1002,HIGH,CLOSED,TRUE_POSITIVE,Internal Network Port Scan — True Positive,Traced network flow from 10.140.115.138 to determine scope of T1595 activity on HOST-2818.,2026-01-02T16:07:00Z
CASE-000078,SOC-001,,ALT-000078,2026-01-02T07:19:00Z,ANL-1001,HIGH,CLOSED,TRUE_POSITIVE,Unusual SMB Admin Share Access — True Positive,Investigated T1021.002 indicators on HOST-3677; no further lateral movement observed.,2026-01-02T08:37:00Z
CASE-000079,SOC-001,,ALT-000079,2026-01-02T13:58:00Z,ANL-1001,LOW,CLOSED,FALSE_POSITIVE,Upload to Unapproved Cloud Storage — False Positive,Investigated T1567 indicators on HOST-4072; no further lateral movement observed.,2026-01-02T19:48:00Z
CASE-000080,SOC-001,,ALT-000080,2026-01-02T23:05:00Z,ANL-1008,LOW,CLOSED,TRUE_POSITIVE,Suspicious Binary Download — True Positive,Manually reviewed HOST-1010 logs; findings documented against case ticket.,2026-01-03T03:54:00Z
CASE-000081,SOC-001,,ALT-000081,2026-01-03T13:12:00Z,ANL-1003,MEDIUM,CLOSED,FALSE_POSITIVE,Suspicious PowerShell — False Positive,Checked process execution history for HOST-1002 following T1059.001 alert.,2026-01-03T17:39:00Z
CASE-000082,SOC-001,,ALT-000082,2026-01-03T10:52:00Z,ANL-1002,LOW,CLOSED,FALSE_POSITIVE,Password Spraying Detected — False Positive,Reviewed T1110 activity on HOST-3849; correlated with source 10.244.36.59.,2026-01-03T19:23:00Z
CASE-000083,SOC-001,,ALT-000083,2026-01-03T23:09:00Z,ANL-1007,HIGH,CLOSED,TRUE_POSITIVE,LSASS Memory Access — True Positive,Validated authentication logs tied to HOST-3572 to rule out credential compromise.,2026-01-04T00:39:00Z
CASE-000084,SOC-001,,ALT-000084,2026-01-03T07:31:00Z,ANL-1007,MEDIUM,CLOSED,TRUE_POSITIVE,Unusual SMB Admin Share Access — True Positive,Reviewed T1021.002 activity on HOST-4210; correlated with source 10.36.6.253.,2026-01-03T11:01:00Z
CASE-000085,SOC-001,,ALT-000085,2026-01-03T13:27:00Z,ANL-1007,MEDIUM,CLOSED,TRUE_POSITIVE,Suspicious CMD Execution — True Positive,Confirmed T1059.003 alert on HOST-3052 against recent change records.,2026-01-03T16:55:00Z
CASE-000086,SOC-001,,ALT-000086,2026-01-03T04:44:00Z,ANL-1001,LOW,CLOSED,TRUE_POSITIVE,Suspicious CMD Execution — True Positive,Reviewed escalation criteria for HOST-3899; behaviour consistent with known baseline.,2026-01-03T11:22:00Z
CASE-000087,SOC-001,,ALT-000087,2026-01-03T03:57:00Z,ANL-1010,LOW,CLOSED,TRUE_POSITIVE,Suspicious CMD Execution — True Positive,Investigated T1059.003 indicators on HOST-2044; no further lateral movement observed.,2026-01-03T09:53:00Z
CASE-000088,SOC-001,,ALT-000088,2026-01-03T01:11:00Z,ANL-1004,MEDIUM,CLOSED,FALSE_POSITIVE,New Registry Run Key Entry — False Positive,"Closed with minimal review — T1547.001 alert on HOST-4694, no further action taken.",2026-01-03T05:14:00Z
CASE-000089,SOC-001,,ALT-000089,2026-01-03T15:49:00Z,ANL-1004,MEDIUM,CLOSED,FALSE_POSITIVE,Upload to Unapproved Cloud Storage — False Positive,Checked process execution history for HOST-3423 following T1567 alert.,2026-01-03T20:13:00Z
CASE-000090,SOC-001,,ALT-000090,2026-01-03T14:47:00Z,ANL-1002,HIGH,CLOSED,TRUE_POSITIVE,Encoded PowerShell Command — True Positive,Cross-referenced 10.201.38.152 against threat intelligence feeds for HOST-2525.,2026-01-03T15:42:00Z
CASE-000091,SOC-001,,ALT-000091,2026-01-03T10:26:00Z,ANL-1002,LOW,CLOSED,TRUE_POSITIVE,Unusual Scheduled Task Created — True Positive,Investigated T1053.005 indicators on HOST-2908; no further lateral movement observed.,2026-01-03T14:24:00Z
CASE-000092,SOC-001,INC-000007,ALT-000092,2026-01-03T14:35:00Z,ANL-1009,CRITICAL,CLOSED,TRUE_POSITIVE,Large Outbound Data Transfer — True Positive,Reviewed escalation criteria for HOST-4500; behaviour consistent with known baseline.,2026-01-03T15:05:00Z
CASE-000093,SOC-001,,ALT-000093,2026-01-03T21:27:00Z,ANL-1003,MEDIUM,CLOSED,TRUE_POSITIVE,LSASS Memory Access — True Positive,Validated authentication logs tied to HOST-2567 to rule out credential compromise.,2026-01-03T23:21:00Z
CASE-000094,SOC-001,,ALT-000094,2026-01-03T15:22:00Z,ANL-1010,MEDIUM,CLOSED,TRUE_POSITIVE,Suspicious CMD Execution — True Positive,Investigated T1059.003 indicators on HOST-4200; no further lateral movement observed.,2026-01-03T19:33:00Z
CASE-000095,SOC-001,,ALT-000095,2026-01-03T05:11:00Z,ANL-1004,LOW,CLOSED,TRUE_POSITIVE,Encoded PowerShell Command — True Positive,Reviewed T1059.001 activity on HOST-4437; correlated with source 10.180.72.145.,2026-01-03T09:40:00Z
CASE-000096,SOC-001,,ALT-000096,2026-01-03T10:03:00Z,ANL-1001,LOW,CLOSED,TRUE_POSITIVE,Beaconing to Known C2 Domain — True Positive,Cross-referenced 10.186.37.96 against threat intelligence feeds for HOST-1726.,2026-01-04T10:06:00Z
CASE-000097,SOC-001,,ALT-000097,2026-01-03T00:44:00Z,ANL-1010,LOW,CLOSED,TRUE_POSITIVE,Internal Network Port Scan — True Positive,Validated authentication logs tied to HOST-3985 to rule out credential compromise.,2026-01-03T07:02:00Z
CASE-000098,SOC-001,,ALT-000098,2026-01-03T00:03:00Z,ANL-1007,HIGH,CLOSED,TRUE_POSITIVE,New Registry Run Key Entry — True Positive,Reviewed escalation criteria for HOST-3950; behaviour consistent with known baseline.,2026-01-03T01:23:00Z
CASE-000099,SOC-001,,ALT-000099,2026-01-03T02:21:00Z,ANL-1010,HIGH,CLOSED,FALSE_POSITIVE,LSASS Memory Access — False Positive,Manually reviewed HOST-3240 logs; findings documented against case ticket.,2026-01-03T03:47:00Z
CASE-000100,SOC-001,,ALT-000100,2026-01-03T09:52:00Z,ANL-1011,LOW,CLOSED,TRUE_POSITIVE,Password Spraying Detected — True Positive,Reviewed escalation criteria for HOST-1358; behaviour consistent with known baseline.,2026-01-03T15:39:00Z
CASE-000101,SOC-001,,ALT-000101,2026-01-03T08:14:00Z,ANL-1005,LOW,CLOSED,TRUE_POSITIVE,LSASS Memory Access — True Positive,Analysed endpoint telemetry for HOST-2904 tied to T1003 detection.,2026-01-03T14:57:00Z
CASE-000102,SOC-001,,ALT-000102,2026-01-03T05:10:00Z,ANL-1004,CRITICAL,CLOSED,FALSE_POSITIVE,Suspicious PowerShell — False Positive,Analysed endpoint telemetry for HOST-2839 tied to T1059.001 detection.,2026-01-03T05:49:00Z
CASE-000103,SOC-001,,ALT-000103,2026-01-03T18:48:00Z,ANL-1002,LOW,CLOSED,FALSE_POSITIVE,New Registry Run Key Entry — False Positive,Validated authentication logs tied to HOST-3408 to rule out credential compromise.,2026-01-04T02:19:00Z
CASE-000104,SOC-001,,ALT-000104,2026-01-03T10:52:00Z,ANL-1005,HIGH,CLOSED,TRUE_POSITIVE,Suspicious CMD Execution — True Positive,Reviewed T1059.003 activity on HOST-1082; correlated with source 10.50.116.35.,2026-01-03T11:48:00Z
CASE-000105,SOC-001,,ALT-000105,2026-01-03T04:49:00Z,ANL-1009,HIGH,CLOSED,FALSE_POSITIVE,Password Spraying Detected — False Positive,Manually reviewed HOST-2652 logs; findings documented against case ticket.,2026-01-03T06:14:00Z
CASE-000106,SOC-001,,ALT-000106,2026-01-03T23:53:00Z,ANL-1002,LOW,CLOSED,TRUE_POSITIVE,LSASS Memory Access — True Positive,"Closed with minimal review — T1003 alert on HOST-1002, no further action taken.",2026-01-04T00:50:00Z
CASE-000107,SOC-001,,ALT-000107,2026-01-03T20:17:00Z,ANL-1007,HIGH,CLOSED,FALSE_POSITIVE,Unusual SMB Admin Share Access — False Positive,Investigated T1021.002 indicators on HOST-3905; no further lateral movement observed.,2026-01-03T21:11:00Z
CASE-000108,SOC-001,,ALT-000108,2026-01-03T19:25:00Z,ANL-1011,HIGH,CLOSED,TRUE_POSITIVE,Unusual RDP Session — True Positive,"Closed with minimal review — T1021.001 alert on HOST-4299, no further action taken.",2026-01-03T20:21:00Z
CASE-000109,SOC-001,,ALT-000109,2026-01-03T21:56:00Z,ANL-1009,HIGH,CLOSED,TRUE_POSITIVE,Ransomware Behaviour Detected — True Positive,Reviewed T1486 activity on HOST-4443; correlated with source 10.132.93.243.,2026-01-04T03:29:00Z
CASE-000110,SOC-001,,ALT-000110,2026-01-03T21:24:00Z,ANL-1009,MEDIUM,CLOSED,TRUE_POSITIVE,New Registry Run Key Entry — True Positive,Confirmed T1547.001 alert on HOST-4553 against recent change records.,2026-01-04T00:42:00Z
CASE-000111,SOC-001,,ALT-000111,2026-01-03T20:27:00Z,ANL-1007,LOW,CLOSED,TRUE_POSITIVE,LSASS Memory Access — True Positive,Traced network flow from 10.19.102.188 to determine scope of T1003 activity on HOST-2776.,2026-01-04T05:04:00Z
CASE-000112,SOC-001,,ALT-000112,2026-01-03T09:29:00Z,ANL-1009,HIGH,CLOSED,TRUE_POSITIVE,Large Outbound Data Transfer — True Positive,Reviewed escalation criteria for HOST-2221; behaviour consistent with known baseline.,2026-01-03T10:56:00Z
CASE-000113,SOC-001,,ALT-000113,2026-01-03T01:38:00Z,ANL-1001,HIGH,CLOSED,TRUE_POSITIVE,Suspicious CMD Execution — True Positive,Checked process execution history for HOST-3552 following T1059.003 alert.,2026-01-03T02:34:00Z
CASE-000114,SOC-001,,ALT-000114,2026-01-03T06:38:00Z,ANL-1004,HIGH,CLOSED,FALSE_POSITIVE,New Registry Run Key Entry — False Positive,"Closed with minimal review — T1547.001 alert on HOST-3038, no further action taken.",2026-01-03T07:35:00Z
CASE-000115,SOC-001,,ALT-000115,2026-01-03T16:04:00Z,ANL-1002,LOW,CLOSED,FALSE_POSITIVE,Unusual Scheduled Task Created — False Positive,Cross-referenced 10.135.237.13 against threat intelligence feeds for HOST-1368.,2026-01-04T00:07:00Z
CASE-000116,SOC-001,,ALT-000116,2026-01-03T23:05:00Z,ANL-1006,CRITICAL,CLOSED,FALSE_POSITIVE,Suspicious Binary Download — False Positive,Confirmed T1105 alert on HOST-2098 against recent change records.,2026-01-03T23:51:00Z
CASE-000117,SOC-001,,ALT-000117,2026-01-03T23:57:00Z,ANL-1003,HIGH,CLOSED,TRUE_POSITIVE,Internal Network Port Scan — True Positive,Reviewed T1595 activity on HOST-4604; correlated with source 10.225.23.17.,2026-01-04T00:57:00Z
CASE-000118,SOC-001,,ALT-000118,2026-01-03T05:04:00Z,ANL-1008,HIGH,CLOSED,TRUE_POSITIVE,Encoded PowerShell Command — True Positive,Reviewed T1059.001 activity on HOST-4561; correlated with source 10.114.193.104.,2026-01-03T06:14:00Z
CASE-000119,SOC-001,,ALT-000119,2026-01-03T06:41:00Z,ANL-1011,HIGH,CLOSED,TRUE_POSITIVE,Encoded PowerShell Command — True Positive,Traced network flow from 10.27.114.217 to determine scope of T1059.001 activity on HOST-3303.,2026-01-03T08:21:00Z
CASE-000120,SOC-001,,ALT-000120,2026-01-03T04:52:00Z,ANL-1007,HIGH,CLOSED,TRUE_POSITIVE,Beaconing to Known C2 Domain — True Positive,Analysed endpoint telemetry for HOST-3016 tied to T1071.001 detection.,2026-01-03T06:10:00Z
CASE-000121,SOC-001,,ALT-000121,2026-01-04T03:24:00Z,ANL-1011,HIGH,CLOSED,TRUE_POSITIVE,Ransomware Behaviour Detected — True Positive,Validated authentication logs tied to HOST-1525 to rule out credential compromise.,2026-01-04T04:04:00Z
CASE-000122,SOC-001,INC-000008,ALT-000122,2026-01-04T05:32:00Z,ANL-1009,CRITICAL,CLOSED,TRUE_POSITIVE,Upload to Unapproved Cloud Storage — True Positive,Investigated T1567 indicators on HOST-3662; no further lateral movement observed.,2026-01-04T06:17:00Z
CASE-000123,SOC-001,,ALT-000123,2026-01-04T19:55:00Z,ANL-1011,HIGH,CLOSED,FALSE_POSITIVE,Unusual RDP Session — False Positive,Confirmed T1021.001 alert on HOST-1419 against recent change records.,2026-01-04T21:25:00Z
CASE-000124,SOC-001,,ALT-000124,2026-01-04T02:11:00Z,ANL-1003,MEDIUM,CLOSED,FALSE_POSITIVE,Unusual RDP Session — False Positive,Confirmed T1021.001 alert on HOST-3796 against recent change records.,2026-01-04T06:04:00Z
CASE-000125,SOC-001,,ALT-000125,2026-01-04T10:33:00Z,ANL-1004,LOW,CLOSED,FALSE_POSITIVE,Upload to Unapproved Cloud Storage — False Positive,Manually reviewed HOST-3898 logs; findings documented against case ticket.,2026-01-04T14:33:00Z
CASE-000126,SOC-001,,ALT-000126,2026-01-04T12:58:00Z,ANL-1002,MEDIUM,CLOSED,TRUE_POSITIVE,Unusual RDP Session — True Positive,Validated authentication logs tied to HOST-2314 to rule out credential compromise.,2026-01-05T23:20:00Z
CASE-000127,SOC-001,,ALT-000127,2026-01-04T10:02:00Z,ANL-1002,LOW,CLOSED,TRUE_POSITIVE,Internal Network Port Scan — True Positive,Reviewed T1595 activity on HOST-3936; correlated with source 10.36.116.234.,2026-01-04T17:21:00Z
CASE-000128,SOC-001,,ALT-000128,2026-01-04T09:38:00Z,ANL-1002,LOW,CLOSED,TRUE_POSITIVE,New Registry Run Key Entry — True Positive,Confirmed T1547.001 alert on HOST-3809 against recent change records.,2026-01-04T16:44:00Z
CASE-000129,SOC-001,,ALT-000129,2026-01-04T23:22:00Z,ANL-1004,LOW,CLOSED,TRUE_POSITIVE,Internal Network Port Scan — True Positive,Manually reviewed HOST-4036 logs; findings documented against case ticket.,2026-01-05T06:05:00Z
CASE-000130,SOC-001,,ALT-000130,2026-01-04T03:18:00Z,ANL-1010,MEDIUM,CLOSED,TRUE_POSITIVE,Suspicious Binary Download — True Positive,"Closed with minimal review — T1105 alert on HOST-1960, no further action taken.",2026-01-04T04:11:00Z
CASE-000131,SOC-001,,ALT-000131,2026-01-04T15:29:00Z,ANL-1008,MEDIUM,CLOSED,TRUE_POSITIVE,Upload to Unapproved Cloud Storage — True Positive,Confirmed T1567 alert on HOST-2358 against recent change records.,2026-01-04T17:41:00Z
CASE-000132,SOC-001,,ALT-000132,2026-01-04T15:41:00Z,ANL-1003,MEDIUM,CLOSED,TRUE_POSITIVE,Unusual RDP Session — True Positive,Cross-referenced 10.148.68.119 against threat intelligence feeds for HOST-3210.,2026-01-04T19:24:00Z
CASE-000133,SOC-001,,ALT-000133,2026-01-04T07:04:00Z,ANL-1005,LOW,CLOSED,TRUE_POSITIVE,Ransomware Behaviour Detected — True Positive,Validated authentication logs tied to HOST-2997 to rule out credential compromise.,2026-01-04T12:26:00Z
CASE-000134,SOC-001,,ALT-000134,2026-01-04T19:00:00Z,ANL-1009,MEDIUM,CLOSED,FALSE_POSITIVE,Internal Network Port Scan — False Positive,"Closed with minimal review — T1595 alert on HOST-2974, no further action taken.",2026-01-04T21:28:00Z
CASE-000135,SOC-001,,ALT-000135,2026-01-04T06:37:00Z,ANL-1003,MEDIUM,CLOSED,TRUE_POSITIVE,Beaconing to Known C2 Domain — True Positive,Reviewed T1071.001 activity on HOST-2962; correlated with source 10.22.65.147.,2026-01-04T09:29:00Z
CASE-000136,SOC-001,,ALT-000136,2026-01-04T15:10:00Z,ANL-1004,MEDIUM,CLOSED,FALSE_POSITIVE,Large Outbound Data Transfer — False Positive,"Closed with minimal review — T1041 alert on HOST-2930, no further action taken.",2026-01-04T15:34:00Z
CASE-000137,SOC-001,,ALT-000137,2026-01-04T19:38:00Z,ANL-1001,LOW,CLOSED,FALSE_POSITIVE,Internal Network Port Scan — False Positive,Manually reviewed HOST-4692 logs; findings documented against case ticket.,2026-01-05T03:21:00Z
CASE-000138,SOC-001,,ALT-000138,2026-01-04T13:16:00Z,ANL-1004,MEDIUM,CLOSED,TRUE_POSITIVE,Unusual RDP Session — True Positive,Analysed endpoint telemetry for HOST-3227 tied to T1021.001 detection.,2026-01-04T16:26:00Z
CASE-000139,SOC-001,,ALT-000139,2026-01-04T17:30:00Z,ANL-1005,LOW,CLOSED,FALSE_POSITIVE,Unusual SMB Admin Share Access — False Positive,Cross-referenced 10.70.60.192 against threat intelligence feeds for HOST-3290.,2026-01-04T22:30:00Z
CASE-000140,SOC-001,,ALT-000140,2026-01-04T11:05:00Z,ANL-1010,LOW,CLOSED,TRUE_POSITIVE,Ransomware Behaviour Detected — True Positive,Reviewed T1486 activity on HOST-1908; correlated with source 10.146.29.243.,2026-01-04T18:21:00Z
CASE-000141,SOC-001,,ALT-000141,2026-01-04T21:25:00Z,ANL-1007,HIGH,CLOSED,TRUE_POSITIVE,Password Spraying Detected — True Positive,Reviewed escalation criteria for HOST-2446; behaviour consistent with known baseline.,2026-01-04T22:46:00Z
CASE-000142,SOC-001,,ALT-000142,2026-01-04T12:36:00Z,ANL-1008,MEDIUM,CLOSED,FALSE_POSITIVE,New Registry Run Key Entry — False Positive,Reviewed escalation criteria for HOST-4956; behaviour consistent with known baseline.,2026-01-04T15:41:00Z
CASE-000143,SOC-001,,ALT-000143,2026-01-04T18:17:00Z,ANL-1003,LOW,CLOSED,FALSE_POSITIVE,Unusual Scheduled Task Created — False Positive,Traced network flow from 10.102.120.189 to determine scope of T1053.005 activity on HOST-1895.,2026-01-04T23:52:00Z
CASE-000144,SOC-001,,ALT-000144,2026-01-04T18:55:00Z,ANL-1005,MEDIUM,CLOSED,TRUE_POSITIVE,Suspicious CMD Execution — True Positive,Reviewed T1059.003 activity on HOST-3016; correlated with source 10.65.27.135.,2026-01-04T21:02:00Z
CASE-000145,SOC-001,,ALT-000145,2026-01-04T08:11:00Z,ANL-1009,LOW,CLOSED,TRUE_POSITIVE,Unusual SMB Admin Share Access — True Positive,Checked process execution history for HOST-3509 following T1021.002 alert.,2026-01-04T14:44:00Z
CASE-000146,SOC-001,,ALT-000146,2026-01-04T04:51:00Z,ANL-1003,HIGH,CLOSED,TRUE_POSITIVE,Large Outbound Data Transfer — True Positive,Manually reviewed HOST-1803 logs; findings documented against case ticket.,2026-01-04T06:20:00Z
CASE-000147,SOC-001,,ALT-000147,2026-01-04T08:22:00Z,ANL-1001,LOW,CLOSED,FALSE_POSITIVE,Suspicious Binary Download — False Positive,"Closed with minimal review — T1105 alert on HOST-1097, no further action taken.",2026-01-04T09:50:00Z
CASE-000148,SOC-001,,ALT-000148,2026-01-04T12:54:00Z,ANL-1002,MEDIUM,CLOSED,TRUE_POSITIVE,LSASS Memory Access — True Positive,"Closed with minimal review — T1003 alert on HOST-3341, no further action taken.",2026-01-04T15:44:00Z
CASE-000149,SOC-001,,ALT-000149,2026-01-04T08:47:00Z,ANL-1002,HIGH,CLOSED,TRUE_POSITIVE,Repeated Failed Logins — True Positive,Manually reviewed HOST-3711 logs; findings documented against case ticket.,2026-01-04T09:34:00Z
CASE-000150,SOC-001,,ALT-000150,2026-01-04T11:55:00Z,ANL-1006,LOW,CLOSED,FALSE_POSITIVE,Repeated Failed Logins — False Positive,Investigated T1110 indicators on HOST-3717; no further lateral movement observed.,2026-01-04T18:36:00Z
CASE-000151,SOC-001,,ALT-000151,2026-01-04T04:22:00Z,ANL-1005,LOW,CLOSED,TRUE_POSITIVE,LSASS Memory Access — True Positive,Analysed endpoint telemetry for HOST-4339 tied to T1003 detection.,2026-01-04T11:40:00Z
CASE-000152,SOC-001,,ALT-000152,2026-01-04T07:33:00Z,ANL-1010,LOW,CLOSED,FALSE_POSITIVE,Internal Network Port Scan — False Positive,Traced network flow from 10.137.211.49 to determine scope of T1595 activity on HOST-3561.,2026-01-04T12:20:00Z
CASE-000153,SOC-001,,ALT-000153,2026-01-04T22:28:00Z,ANL-1001,LOW,CLOSED,TRUE_POSITIVE,Suspicious PowerShell — True Positive,Validated authentication logs tied to HOST-1512 to rule out credential compromise.,2026-01-05T03:58:00Z
CASE-000154,SOC-001,,ALT-000154,2026-01-04T22:15:00Z,ANL-1007,LOW,CLOSED,FALSE_POSITIVE,Upload to Unapproved Cloud Storage — False Positive,Reviewed T1567 activity on HOST-4146; correlated with source 10.17.101.118.,2026-01-05T06:00:00Z
CASE-000155,SOC-001,,ALT-000155,2026-01-04T00:10:00Z,ANL-1005,MEDIUM,CLOSED,TRUE_POSITIVE,Unusual RDP Session — True Positive,Traced network flow from 10.21.243.177 to determine scope of T1021.001 activity on HOST-2329.,2026-01-04T04:34:00Z
CASE-000156,SOC-001,,ALT-000156,2026-01-04T20:48:00Z,ANL-1006,LOW,CLOSED,FALSE_POSITIVE,Unusual Scheduled Task Created — False Positive,Manually reviewed HOST-3287 logs; findings documented against case ticket.,2026-01-05T02:29:00Z
CASE-000157,SOC-001,,ALT-000157,2026-01-04T09:52:00Z,ANL-1005,MEDIUM,CLOSED,TRUE_POSITIVE,Large Outbound Data Transfer — True Positive,Analysed endpoint telemetry for HOST-2840 tied to T1041 detection.,2026-01-04T13:00:00Z
CASE-000158,SOC-001,,ALT-000158,2026-01-04T01:53:00Z,ANL-1003,MEDIUM,CLOSED,TRUE_POSITIVE,Beaconing to Known C2 Domain — True Positive,Manually reviewed HOST-1273 logs; findings documented against case ticket.,2026-01-04T04:26:00Z
CASE-000159,SOC-001,,ALT-000159,2026-01-04T22:03:00Z,ANL-1010,HIGH,CLOSED,TRUE_POSITIVE,Suspicious CMD Execution — True Positive,Checked process execution history for HOST-4253 following T1059.003 alert.,2026-01-04T23:18:00Z
CASE-000160,SOC-001,,ALT-000160,2026-01-04T05:35:00Z,ANL-1007,HIGH,CLOSED,TRUE_POSITIVE,Suspicious Binary Download — True Positive,Reviewed T1105 activity on HOST-1683; correlated with source 10.226.180.232.,2026-01-04T06:41:00Z
CASE-000161,SOC-001,,ALT-000161,2026-01-05T09:00:00Z,ANL-1005,MEDIUM,CLOSED,FALSE_POSITIVE,Suspicious CMD Execution — False Positive,Validated authentication logs tied to HOST-4646 to rule out credential compromise.,2026-01-05T13:09:00Z
CASE-000162,SOC-001,,ALT-000162,2026-01-05T22:44:00Z,ANL-1010,LOW,CLOSED,FALSE_POSITIVE,New Registry Run Key Entry — False Positive,Traced network flow from 10.153.19.188 to determine scope of T1547.001 activity on HOST-4382.,2026-01-06T05:38:00Z
CASE-000163,SOC-001,,ALT-000163,2026-01-05T07:09:00Z,ANL-1001,LOW,CLOSED,TRUE_POSITIVE,Suspicious CMD Execution — True Positive,Cross-referenced 10.46.113.111 against threat intelligence feeds for HOST-3858.,2026-01-05T12:50:00Z
CASE-000164,SOC-001,,ALT-000164,2026-01-05T18:12:00Z,ANL-1009,MEDIUM,CLOSED,TRUE_POSITIVE,LSASS Memory Access — True Positive,Confirmed T1003 alert on HOST-3671 against recent change records.,2026-01-05T21:45:00Z
CASE-000165,SOC-001,,ALT-000165,2026-01-05T07:12:00Z,ANL-1011,LOW,CLOSED,TRUE_POSITIVE,Ransomware Behaviour Detected — True Positive,Investigated T1486 indicators on HOST-4351; no further lateral movement observed.,2026-01-05T13:03:00Z
CASE-000166,SOC-001,,ALT-000166,2026-01-05T21:33:00Z,ANL-1001,LOW,CLOSED,TRUE_POSITIVE,Ransomware Behaviour Detected — True Positive,Traced network flow from 10.138.27.120 to determine scope of T1486 activity on HOST-4711.,2026-01-06T04:00:00Z
CASE-000167,SOC-001,,ALT-000167,2026-01-05T17:59:00Z,ANL-1001,MEDIUM,CLOSED,TRUE_POSITIVE,Unusual Scheduled Task Created — True Positive,Analysed endpoint telemetry for HOST-2875 tied to T1053.005 detection.,2026-01-05T20:47:00Z
CASE-000168,SOC-001,,ALT-000168,2026-01-05T19:55:00Z,ANL-1011,MEDIUM,CLOSED,TRUE_POSITIVE,Password Spraying Detected — True Positive,Confirmed T1110 alert on HOST-3777 against recent change records.,2026-01-05T22:45:00Z
CASE-000169,SOC-001,,ALT-000169,2026-01-05T23:07:00Z,ANL-1003,MEDIUM,CLOSED,TRUE_POSITIVE,LSASS Memory Access — True Positive,Validated authentication logs tied to HOST-4885 to rule out credential compromise.,2026-01-06T03:07:00Z
CASE-000170,SOC-001,,ALT-000170,2026-01-05T15:08:00Z,ANL-1009,LOW,CLOSED,FALSE_POSITIVE,Unusual RDP Session — False Positive,Manually reviewed HOST-3818 logs; findings documented against case ticket.,2026-01-05T21:53:00Z
CASE-000171,SOC-001,,ALT-000171,2026-01-05T12:49:00Z,ANL-1001,HIGH,CLOSED,TRUE_POSITIVE,Ransomware Behaviour Detected — True Positive,Manually reviewed HOST-2751 logs; findings documented against case ticket.,2026-01-05T13:55:00Z
CASE-000172,SOC-001,,ALT-000172,2026-01-05T22:33:00Z,ANL-1003,MEDIUM,CLOSED,TRUE_POSITIVE,LSASS Memory Access — True Positive,Cross-referenced 10.57.92.200 against threat intelligence feeds for HOST-1223.,2026-01-06T01:10:00Z
CASE-000173,SOC-001,,ALT-000173,2026-01-05T11:05:00Z,ANL-1009,HIGH,CLOSED,FALSE_POSITIVE,Unusual Scheduled Task Created — False Positive,Cross-referenced 10.194.22.197 against threat intelligence feeds for HOST-3597.,2026-01-05T11:59:00Z
CASE-000174,SOC-001,,ALT-000174,2026-01-05T15:34:00Z,ANL-1001,LOW,CLOSED,FALSE_POSITIVE,Unusual RDP Session — False Positive,"Closed with minimal review — T1021.001 alert on HOST-1002, no further action taken.",2026-01-05T17:07:00Z
CASE-000175,SOC-001,,ALT-000175,2026-01-05T01:42:00Z,ANL-1010,LOW,CLOSED,FALSE_POSITIVE,Password Spraying Detected — False Positive,Analysed endpoint telemetry for HOST-4497 tied to T1110 detection.,2026-01-05T07:33:00Z
CASE-000176,SOC-001,,ALT-000176,2026-01-05T08:21:00Z,ANL-1009,LOW,CLOSED,TRUE_POSITIVE,New Registry Run Key Entry — True Positive,Manually reviewed HOST-3845 logs; findings documented against case ticket.,2026-01-05T16:16:00Z
CASE-000177,SOC-001,,ALT-000177,2026-01-05T00:07:00Z,ANL-1001,HIGH,CLOSED,TRUE_POSITIVE,Ransomware Behaviour Detected — True Positive,Reviewed escalation criteria for HOST-1792; behaviour consistent with known baseline.,2026-01-05T01:29:00Z
CASE-000178,SOC-001,,ALT-000178,2026-01-05T10:59:00Z,ANL-1011,LOW,CLOSED,TRUE_POSITIVE,Internal Network Port Scan — True Positive,Investigated T1595 indicators on HOST-4415; no further lateral movement observed.,2026-01-05T16:07:00Z
CASE-000179,SOC-001,,ALT-000179,2026-01-05T05:36:00Z,ANL-1010,MEDIUM,CLOSED,TRUE_POSITIVE,Suspicious CMD Execution — True Positive,Validated authentication logs tied to HOST-4450 to rule out credential compromise.,2026-01-05T08:07:00Z
CASE-000180,SOC-001,,ALT-000180,2026-01-05T16:09:00Z,ANL-1004,HIGH,CLOSED,TRUE_POSITIVE,New Registry Run Key Entry — True Positive,Traced network flow from 10.167.73.197 to determine scope of T1547.001 activity on HOST-4706.,2026-01-05T17:31:00Z
CASE-000181,SOC-001,,ALT-000181,2026-01-05T10:12:00Z,ANL-1004,MEDIUM,CLOSED,TRUE_POSITIVE,Large Outbound Data Transfer — True Positive,Cross-referenced 10.60.139.39 against threat intelligence feeds for HOST-1859.,2026-01-05T13:10:00Z
CASE-000182,SOC-001,,ALT-000182,2026-01-05T04:01:00Z,ANL-1008,MEDIUM,CLOSED,FALSE_POSITIVE,New Registry Run Key Entry — False Positive,Checked process execution history for HOST-1207 following T1547.001 alert.,2026-01-05T07:42:00Z
CASE-000183,SOC-001,,ALT-000183,2026-01-05T22:49:00Z,ANL-1008,LOW,CLOSED,TRUE_POSITIVE,Ransomware Behaviour Detected — True Positive,Investigated T1486 indicators on HOST-3639; no further lateral movement observed.,2026-01-06T07:05:00Z
CASE-000184,SOC-001,,ALT-000184,2026-01-05T03:20:00Z,ANL-1009,MEDIUM,CLOSED,FALSE_POSITIVE,Beaconing to Known C2 Domain — False Positive,"Closed with minimal review — T1071.001 alert on HOST-1097, no further action taken.",2026-01-05T04:19:00Z
CASE-000185,SOC-001,,ALT-000185,2026-01-05T18:53:00Z,ANL-1008,HIGH,CLOSED,TRUE_POSITIVE,Unusual RDP Session — True Positive,Cross-referenced 10.49.227.46 against threat intelligence feeds for HOST-3915.,2026-01-06T11:11:00Z
CASE-000186,SOC-001,,ALT-000186,2026-01-05T06:13:00Z,ANL-1011,MEDIUM,CLOSED,FALSE_POSITIVE,Ransomware Behaviour Detected — False Positive,Reviewed escalation criteria for HOST-2831; behaviour consistent with known baseline.,2026-01-05T10:23:00Z
CASE-000187,SOC-001,,ALT-000187,2026-01-05T18:25:00Z,ANL-1011,LOW,CLOSED,TRUE_POSITIVE,New Registry Run Key Entry — True Positive,Reviewed T1547.001 activity on HOST-3876; correlated with source 10.222.108.170.,2026-01-06T03:18:00Z
CASE-000188,SOC-001,,ALT-000188,2026-01-05T02:08:00Z,ANL-1011,CRITICAL,CLOSED,FALSE_POSITIVE,LSASS Memory Access — False Positive,Reviewed T1003 activity on HOST-1556; correlated with source 10.217.92.117.,2026-01-05T02:55:00Z
CASE-000189,SOC-001,,ALT-000189,2026-01-05T22:05:00Z,ANL-1003,LOW,CLOSED,FALSE_POSITIVE,Suspicious CMD Execution — False Positive,Reviewed escalation criteria for HOST-2972; behaviour consistent with known baseline.,2026-01-07T10:10:00Z
CASE-000190,SOC-001,,ALT-000190,2026-01-05T22:59:00Z,ANL-1010,LOW,CLOSED,FALSE_POSITIVE,Internal Network Port Scan — False Positive,Investigated T1595 indicators on HOST-1144; no further lateral movement observed.,2026-01-06T07:32:00Z
CASE-000191,SOC-001,,ALT-000191,2026-01-05T18:47:00Z,ANL-1003,MEDIUM,CLOSED,TRUE_POSITIVE,Large Outbound Data Transfer — True Positive,Reviewed T1041 activity on HOST-4727; correlated with source 10.120.248.47.,2026-01-05T21:42:00Z
CASE-000192,SOC-001,,ALT-000192,2026-01-05T15:19:00Z,ANL-1008,LOW,CLOSED,FALSE_POSITIVE,Large Outbound Data Transfer — False Positive,Checked process execution history for HOST-2633 following T1041 alert.,2026-01-05T21:46:00Z
CASE-000193,SOC-001,,ALT-000193,2026-01-05T07:46:00Z,ANL-1011,HIGH,CLOSED,TRUE_POSITIVE,Upload to Unapproved Cloud Storage — True Positive,Confirmed T1567 alert on HOST-4068 against recent change records.,2026-01-05T08:49:00Z
CASE-000194,SOC-001,,ALT-000194,2026-01-05T03:45:00Z,ANL-1002,CRITICAL,CLOSED,TRUE_POSITIVE,Unusual Scheduled Task Created — True Positive,Reviewed escalation criteria for HOST-3613; behaviour consistent with known baseline.,2026-01-05T04:14:00Z
CASE-000195,SOC-001,,ALT-000195,2026-01-05T06:39:00Z,ANL-1007,MEDIUM,CLOSED,TRUE_POSITIVE,Upload to Unapproved Cloud Storage — True Positive,Reviewed T1567 activity on HOST-3014; correlated with source 10.220.111.158.,2026-01-05T09:17:00Z
CASE-000196,SOC-001,,ALT-000196,2026-01-05T12:36:00Z,ANL-1001,LOW,CLOSED,TRUE_POSITIVE,Suspicious CMD Execution — True Positive,Checked process execution history for HOST-2350 following T1059.003 alert.,2026-01-05T19:08:00Z
CASE-000197,SOC-001,,ALT-000197,2026-01-05T12:42:00Z,ANL-1004,LOW,CLOSED,TRUE_POSITIVE,Ransomware Behaviour Detected — True Positive,Reviewed T1486 activity on HOST-1161; correlated with source 10.183.249.22.,2026-01-05T16:53:00Z
CASE-000198,SOC-001,,ALT-000198,2026-01-05T01:25:00Z,ANL-1002,LOW,CLOSED,TRUE_POSITIVE,Suspicious CMD Execution — True Positive,Manually reviewed HOST-3953 logs; findings documented against case ticket.,2026-01-05T08:25:00Z
CASE-000199,SOC-001,,ALT-000199,2026-01-05T19:14:00Z,ANL-1002,LOW,CLOSED,FALSE_POSITIVE,Repeated Failed Logins — False Positive,Traced network flow from 10.205.166.31 to determine scope of T1110 activity on HOST-3437.,2026-01-05T23:16:00Z
CASE-000200,SOC-001,,ALT-000200,2026-01-05T04:06:00Z,ANL-1011,CRITICAL,CLOSED,TRUE_POSITIVE,LSASS Memory Access — True Positive,Reviewed T1003 activity on HOST-1166; correlated with source 10.41.3.2.,2026-01-05T06:41:00Z
CASE-000201,SOC-001,,ALT-000201,2026-01-06T17:15:00Z,ANL-1004,LOW,CLOSED,TRUE_POSITIVE,Ransomware Behaviour Detected — True Positive,Reviewed escalation criteria for HOST-1018; behaviour consistent with known baseline.,2026-01-08T08:10:00Z
CASE-000202,SOC-001,,ALT-000202,2026-01-06T17:11:00Z,ANL-1003,HIGH,CLOSED,FALSE_POSITIVE,Ransomware Behaviour Detected — False Positive,Manually reviewed HOST-4788 logs; findings documented against case ticket.,2026-01-07T00:58:00Z
CASE-000203,SOC-001,,ALT-000203,2026-01-06T19:29:00Z,ANL-1003,LOW,CLOSED,TRUE_POSITIVE,Ransomware Behaviour Detected — True Positive,Validated authentication logs tied to HOST-4800 to rule out credential compromise.,2026-01-07T01:27:00Z
CASE-000204,SOC-001,,ALT-000204,2026-01-06T07:05:00Z,ANL-1007,MEDIUM,CLOSED,FALSE_POSITIVE,Large Outbound Data Transfer — False Positive,Manually reviewed HOST-3264 logs; findings documented against case ticket.,2026-01-06T10:43:00Z
CASE-000205,SOC-001,,ALT-000205,2026-01-06T22:52:00Z,ANL-1002,MEDIUM,CLOSED,TRUE_POSITIVE,Suspicious CMD Execution — True Positive,Analysed endpoint telemetry for HOST-4268 tied to T1059.003 detection.,2026-01-07T02:10:00Z
CASE-000206,SOC-001,,ALT-000206,2026-01-06T20:04:00Z,ANL-1007,HIGH,CLOSED,FALSE_POSITIVE,LSASS Memory Access — False Positive,Reviewed escalation criteria for HOST-1005; behaviour consistent with known baseline.,2026-01-06T21:19:00Z
CASE-000207,SOC-001,,ALT-000207,2026-01-06T07:34:00Z,ANL-1002,LOW,CLOSED,TRUE_POSITIVE,Repeated Failed Logins — True Positive,Checked process execution history for HOST-2371 following T1110 alert.,2026-01-06T15:40:00Z
CASE-000208,SOC-001,,ALT-000208,2026-01-06T05:18:00Z,ANL-1002,LOW,CLOSED,TRUE_POSITIVE,Unusual SMB Admin Share Access — True Positive,Validated authentication logs tied to HOST-4677 to rule out credential compromise.,2026-01-06T13:47:00Z
CASE-000209,SOC-001,,ALT-000209,2026-01-06T10:31:00Z,ANL-1010,MEDIUM,CLOSED,TRUE_POSITIVE,Suspicious Binary Download — True Positive,Cross-referenced 10.67.156.44 against threat intelligence feeds for HOST-4222.,2026-01-06T14:47:00Z
CASE-000210,SOC-001,,ALT-000210,2026-01-06T18:08:00Z,ANL-1008,LOW,CLOSED,TRUE_POSITIVE,Repeated Failed Logins — True Positive,Cross-referenced 10.17.162.251 against threat intelligence feeds for HOST-2296.,2026-01-07T01:09:00Z
CASE-000211,SOC-001,,ALT-000211,2026-01-06T18:42:00Z,ANL-1003,MEDIUM,CLOSED,FALSE_POSITIVE,Suspicious CMD Execution — False Positive,Confirmed T1059.003 alert on HOST-2187 against recent change records.,2026-01-06T21:24:00Z
CASE-000212,SOC-001,,ALT-000212,2026-01-06T17:54:00Z,ANL-1008,LOW,CLOSED,TRUE_POSITIVE,Unusual RDP Session — True Positive,Checked process execution history for HOST-1342 following T1021.001 alert.,2026-01-07T00:20:00Z
CASE-000213,SOC-001,,ALT-000213,2026-01-06T05:51:00Z,ANL-1007,HIGH,CLOSED,FALSE_POSITIVE,Unusual SMB Admin Share Access — False Positive,Confirmed T1021.002 alert on HOST-2182 against recent change records.,2026-01-06T06:59:00Z
CASE-000214,SOC-001,,ALT-000214,2026-01-06T17:31:00Z,ANL-1001,HIGH,CLOSED,FALSE_POSITIVE,Repeated Failed Logins — False Positive,Checked process execution history for HOST-2185 following T1110 alert.,2026-01-06T18:34:00Z
CASE-000215,SOC-001,,ALT-000215,2026-01-06T21:30:00Z,ANL-1002,HIGH,CLOSED,TRUE_POSITIVE,Suspicious Binary Download — True Positive,Validated authentication logs tied to HOST-3572 to rule out credential compromise.,2026-01-06T22:48:00Z
CASE-000216,SOC-001,,ALT-000216,2026-01-06T10:52:00Z,ANL-1011,MEDIUM,CLOSED,FALSE_POSITIVE,Repeated Failed Logins — False Positive,Validated authentication logs tied to HOST-4573 to rule out credential compromise.,2026-01-06T14:33:00Z
CASE-000217,SOC-001,,ALT-000217,2026-01-06T03:52:00Z,ANL-1003,MEDIUM,CLOSED,FALSE_POSITIVE,Unusual RDP Session — False Positive,Analysed endpoint telemetry for HOST-1312 tied to T1021.001 detection.,2026-01-06T06:02:00Z
CASE-000218,SOC-001,,ALT-000218,2026-01-06T01:12:00Z,ANL-1002,HIGH,CLOSED,TRUE_POSITIVE,Unusual Scheduled Task Created — True Positive,"Closed with minimal review — T1053.005 alert on HOST-1002, no further action taken.",2026-01-06T01:37:00Z
CASE-000219,SOC-001,,ALT-000219,2026-01-06T23:39:00Z,ANL-1004,HIGH,CLOSED,TRUE_POSITIVE,Suspicious Binary Download — True Positive,Analysed endpoint telemetry for HOST-4198 tied to T1105 detection.,2026-01-07T01:14:00Z
CASE-000220,SOC-001,,ALT-000220,2026-01-06T03:29:00Z,ANL-1002,LOW,CLOSED,TRUE_POSITIVE,Unusual RDP Session — True Positive,Validated authentication logs tied to HOST-2287 to rule out credential compromise.,2026-01-06T08:53:00Z
CASE-000221,SOC-001,,ALT-000221,2026-01-06T15:43:00Z,ANL-1002,LOW,CLOSED,TRUE_POSITIVE,New Registry Run Key Entry — True Positive,Confirmed T1547.001 alert on HOST-3761 against recent change records.,2026-01-06T20:18:00Z
CASE-000222,SOC-001,,ALT-000222,2026-01-06T12:31:00Z,ANL-1009,MEDIUM,CLOSED,TRUE_POSITIVE,Upload to Unapproved Cloud Storage — True Positive,Confirmed T1567 alert on HOST-3470 against recent change records.,2026-01-06T14:53:00Z
CASE-000223,SOC-001,,ALT-000223,2026-01-06T09:42:00Z,ANL-1008,HIGH,CLOSED,TRUE_POSITIVE,Unusual Scheduled Task Created — True Positive,Investigated T1053.005 indicators on HOST-1827; no further lateral movement observed.,2026-01-06T10:55:00Z
CASE-000224,SOC-001,,ALT-000224,2026-01-06T21:35:00Z,ANL-1011,MEDIUM,CLOSED,TRUE_POSITIVE,Internal Network Port Scan — True Positive,Reviewed escalation criteria for HOST-3009; behaviour consistent with known baseline.,2026-01-07T01:14:00Z
CASE-000225,SOC-001,,ALT-000225,2026-01-06T11:26:00Z,ANL-1006,LOW,CLOSED,TRUE_POSITIVE,Suspicious CMD Execution — True Positive,Confirmed T1059.003 alert on HOST-2413 against recent change records.,2026-01-06T16:18:00Z
CASE-000226,SOC-001,,ALT-000226,2026-01-06T18:06:00Z,ANL-1008,MEDIUM,CLOSED,TRUE_POSITIVE,Suspicious CMD Execution — True Positive,Confirmed T1059.003 alert on HOST-2320 against recent change records.,2026-01-06T21:11:00Z
CASE-000227,SOC-001,,ALT-000227,2026-01-06T16:30:00Z,ANL-1007,LOW,CLOSED,TRUE_POSITIVE,Unusual Scheduled Task Created — True Positive,Investigated T1053.005 indicators on HOST-3320; no further lateral movement observed.,2026-01-06T22:27:00Z
CASE-000228,SOC-001,,ALT-000228,2026-01-06T07:09:00Z,ANL-1011,LOW,CLOSED,FALSE_POSITIVE,Internal Network Port Scan — False Positive,Investigated T1595 indicators on HOST-1605; no further lateral movement observed.,2026-01-06T14:35:00Z
CASE-000229,SOC-001,,ALT-000229,2026-01-06T01:12:00Z,ANL-1003,MEDIUM,CLOSED,TRUE_POSITIVE,Ransomware Behaviour Detected — True Positive,Validated authentication logs tied to HOST-4709 to rule out credential compromise.,2026-01-06T04:02:00Z
CASE-000230,SOC-001,,ALT-000230,2026-01-06T07:38:00Z,ANL-1002,MEDIUM,CLOSED,FALSE_POSITIVE,Unusual Scheduled Task Created — False Positive,Checked process execution history for HOST-1369 following T1053.005 alert.,2026-01-06T10:40:00Z
CASE-000231,SOC-001,,ALT-000231,2026-01-06T08:56:00Z,ANL-1003,MEDIUM,CLOSED,TRUE_POSITIVE,Suspicious Binary Download — True Positive,Validated authentication logs tied to HOST-4945 to rule out credential compromise.,2026-01-06T12:18:00Z
CASE-000232,SOC-001,,ALT-000232,2026-01-06T10:56:00Z,ANL-1011,CRITICAL,CLOSED,TRUE_POSITIVE,Large Outbound Data Transfer — True Positive,Cross-referenced 10.41.251.121 against threat intelligence feeds for HOST-3586.,2026-01-06T14:30:00Z
CASE-000233,SOC-001,,ALT-000233,2026-01-06T10:36:00Z,ANL-1002,LOW,CLOSED,TRUE_POSITIVE,Password Spraying Detected — True Positive,Analysed endpoint telemetry for HOST-2251 tied to T1110 detection.,2026-01-06T18:45:00Z
CASE-000234,SOC-001,,ALT-000234,2026-01-06T19:40:00Z,ANL-1004,CRITICAL,CLOSED,FALSE_POSITIVE,Unusual RDP Session — False Positive,Investigated T1021.001 indicators on HOST-3650; no further lateral movement observed.,2026-01-06T20:15:00Z
CASE-000235,SOC-001,,ALT-000235,2026-01-06T19:13:00Z,ANL-1005,MEDIUM,CLOSED,FALSE_POSITIVE,Ransomware Behaviour Detected — False Positive,Validated authentication logs tied to HOST-1846 to rule out credential compromise.,2026-01-06T21:08:00Z
CASE-000236,SOC-001,,ALT-000236,2026-01-06T01:03:00Z,ANL-1006,LOW,CLOSED,FALSE_POSITIVE,Internal Network Port Scan — False Positive,Manually reviewed HOST-3281 logs; findings documented against case ticket.,2026-01-06T09:22:00Z
CASE-000237,SOC-001,,ALT-000237,2026-01-06T04:16:00Z,ANL-1002,HIGH,CLOSED,TRUE_POSITIVE,Password Spraying Detected — True Positive,Reviewed T1110 activity on HOST-2773; correlated with source 10.143.184.238.,2026-01-06T05:41:00Z
CASE-000238,SOC-001,,ALT-000238,2026-01-06T15:16:00Z,ANL-1003,LOW,CLOSED,FALSE_POSITIVE,Unusual RDP Session — False Positive,"Closed with minimal review — T1021.001 alert on HOST-1146, no further action taken.",2026-01-06T16:11:00Z
CASE-000239,SOC-001,,ALT-000239,2026-01-06T05:26:00Z,ANL-1002,MEDIUM,CLOSED,TRUE_POSITIVE,Large Outbound Data Transfer — True Positive,Reviewed T1041 activity on HOST-3337; correlated with source 10.168.13.73.,2026-01-06T08:37:00Z
CASE-000240,SOC-001,,ALT-000240,2026-01-06T23:58:00Z,ANL-1010,LOW,CLOSED,TRUE_POSITIVE,Beaconing to Known C2 Domain — True Positive,Investigated T1071.001 indicators on HOST-3996; no further lateral movement observed.,2026-01-07T08:48:00Z
CASE-000241,SOC-001,,ALT-000241,2026-01-07T23:51:00Z,ANL-1005,MEDIUM,CLOSED,FALSE_POSITIVE,Password Spraying Detected — False Positive,Checked process execution history for HOST-2770 following T1110 alert.,2026-01-08T03:37:00Z
CASE-000242,SOC-001,,ALT-000242,2026-01-07T21:45:00Z,ANL-1003,MEDIUM,CLOSED,FALSE_POSITIVE,Suspicious CMD Execution — False Positive,Traced network flow from 10.223.40.233 to determine scope of T1059.003 activity on HOST-3652.,2026-01-08T00:50:00Z
CASE-000243,SOC-001,,ALT-000243,2026-01-07T18:52:00Z,ANL-1005,MEDIUM,CLOSED,TRUE_POSITIVE,Internal Network Port Scan — True Positive,Confirmed T1595 alert on HOST-3950 against recent change records.,2026-01-07T20:59:00Z
CASE-000244,SOC-001,,ALT-000244,2026-01-07T12:07:00Z,ANL-1001,MEDIUM,CLOSED,TRUE_POSITIVE,Large Outbound Data Transfer — True Positive,Cross-referenced 10.207.249.78 against threat intelligence feeds for HOST-1023.,2026-01-07T15:03:00Z
CASE-000245,SOC-001,,ALT-000245,2026-01-07T14:09:00Z,ANL-1008,LOW,CLOSED,TRUE_POSITIVE,Unusual SMB Admin Share Access — True Positive,Confirmed T1021.002 alert on HOST-4152 against recent change records.,2026-01-07T21:14:00Z
CASE-000246,SOC-001,,ALT-000246,2026-01-07T18:46:00Z,ANL-1010,LOW,CLOSED,FALSE_POSITIVE,Large Outbound Data Transfer — False Positive,Manually reviewed HOST-3102 logs; findings documented against case ticket.,2026-01-08T01:20:00Z
CASE-000247,SOC-001,,ALT-000247,2026-01-07T21:21:00Z,ANL-1010,MEDIUM,CLOSED,FALSE_POSITIVE,Suspicious Binary Download — False Positive,Checked process execution history for HOST-3407 following T1105 alert.,2026-01-08T00:36:00Z
CASE-000248,SOC-001,,ALT-000248,2026-01-07T01:01:00Z,ANL-1006,LOW,CLOSED,FALSE_POSITIVE,Internal Network Port Scan — False Positive,Investigated T1595 indicators on HOST-3280; no further lateral movement observed.,2026-01-07T06:59:00Z
CASE-000249,SOC-001,,ALT-000249,2026-01-07T14:53:00Z,ANL-1002,CRITICAL,CLOSED,FALSE_POSITIVE,Repeated Failed Logins — False Positive,Reviewed T1110 activity on HOST-2793; correlated with source 10.53.85.162.,2026-01-07T15:26:00Z
CASE-000250,SOC-001,,ALT-000250,2026-01-07T02:17:00Z,ANL-1006,LOW,CLOSED,FALSE_POSITIVE,Unusual SMB Admin Share Access — False Positive,Analysed endpoint telemetry for HOST-1701 tied to T1021.002 detection.,2026-01-08T09:52:00Z
CASE-000251,SOC-001,,ALT-000251,2026-01-07T21:59:00Z,ANL-1011,LOW,CLOSED,TRUE_POSITIVE,LSASS Memory Access — True Positive,Analysed endpoint telemetry for HOST-1151 tied to T1003 detection.,2026-01-08T06:30:00Z
CASE-000252,SOC-001,,ALT-000252,2026-01-07T12:46:00Z,ANL-1003,LOW,CLOSED,TRUE_POSITIVE,Unusual SMB Admin Share Access — True Positive,Reviewed escalation criteria for HOST-2370; behaviour consistent with known baseline.,2026-01-07T20:51:00Z
CASE-000253,SOC-001,,ALT-000253,2026-01-07T23:00:00Z,ANL-1008,MEDIUM,CLOSED,TRUE_POSITIVE,Unusual Scheduled Task Created — True Positive,Analysed endpoint telemetry for HOST-3344 tied to T1053.005 detection.,2026-01-08T02:50:00Z
CASE-000254,SOC-001,,ALT-000254,2026-01-07T15:13:00Z,ANL-1008,MEDIUM,CLOSED,TRUE_POSITIVE,Unusual Scheduled Task Created — True Positive,Reviewed T1053.005 activity on HOST-1532; correlated with source 10.202.135.150.,2026-01-07T18:11:00Z
CASE-000255,SOC-001,,ALT-000255,2026-01-07T03:07:00Z,ANL-1006,MEDIUM,CLOSED,TRUE_POSITIVE,LSASS Memory Access — True Positive,Reviewed T1003 activity on HOST-2673; correlated with source 10.60.190.79.,2026-01-07T06:12:00Z
CASE-000256,SOC-001,,ALT-000256,2026-01-07T15:36:00Z,ANL-1005,HIGH,CLOSED,TRUE_POSITIVE,New Registry Run Key Entry — True Positive,Investigated T1547.001 indicators on HOST-2710; no further lateral movement observed.,2026-01-07T16:49:00Z
CASE-000257,SOC-001,,ALT-000257,2026-01-07T22:19:00Z,ANL-1009,MEDIUM,CLOSED,TRUE_POSITIVE,Unusual Scheduled Task Created — True Positive,Manually reviewed HOST-4261 logs; findings documented against case ticket.,2026-01-08T01:45:00Z
CASE-000258,SOC-001,,ALT-000258,2026-01-07T16:20:00Z,ANL-1007,LOW,CLOSED,TRUE_POSITIVE,Suspicious CMD Execution — True Positive,Checked process execution history for HOST-1098 following T1059.003 alert.,2026-01-08T01:02:00Z
CASE-000259,SOC-001,,ALT-000259,2026-01-07T12:52:00Z,ANL-1002,HIGH,CLOSED,TRUE_POSITIVE,Beaconing to Known C2 Domain — True Positive,Confirmed T1071.001 alert on HOST-2056 against recent change records.,2026-01-07T14:10:00Z
CASE-000260,SOC-001,,ALT-000260,2026-01-07T14:05:00Z,ANL-1011,LOW,CLOSED,TRUE_POSITIVE,Unusual Scheduled Task Created — True Positive,Validated authentication logs tied to HOST-2666 to rule out credential compromise.,2026-01-07T19:33:00Z
CASE-000261,SOC-001,,ALT-000261,2026-01-07T02:19:00Z,ANL-1002,HIGH,CLOSED,TRUE_POSITIVE,Large Outbound Data Transfer — True Positive,Confirmed T1041 alert on HOST-3306 against recent change records.,2026-01-07T03:22:00Z
CASE-000262,SOC-001,,ALT-000262,2026-01-07T17:57:00Z,ANL-1008,MEDIUM,CLOSED,FALSE_POSITIVE,Ransomware Behaviour Detected — False Positive,Validated authentication logs tied to HOST-2692 to rule out credential compromise.,2026-01-07T20:42:00Z
CASE-000263,SOC-001,,ALT-000263,2026-01-07T19:40:00Z,ANL-1005,LOW,CLOSED,FALSE_POSITIVE,Suspicious CMD Execution — False Positive,Checked process execution history for HOST-4343 following T1059.003 alert.,2026-01-08T03:49:00Z
CASE-000264,SOC-001,,ALT-000264,2026-01-07T08:12:00Z,ANL-1011,HIGH,CLOSED,TRUE_POSITIVE,LSASS Memory Access — True Positive,Reviewed T1003 activity on HOST-3985; correlated with source 10.232.1.241.,2026-01-07T09:49:00Z
CASE-000265,SOC-001,,ALT-000265,2026-01-07T06:21:00Z,ANL-1002,LOW,CLOSED,FALSE_POSITIVE,Upload to Unapproved Cloud Storage — False Positive,Manually reviewed HOST-2605 logs; findings documented against case ticket.,2026-01-07T10:46:00Z
CASE-000266,SOC-001,,ALT-000266,2026-01-07T07:04:00Z,ANL-1010,HIGH,CLOSED,TRUE_POSITIVE,Unusual SMB Admin Share Access — True Positive,Traced network flow from 10.63.43.250 to determine scope of T1021.002 activity on HOST-3128.,2026-01-07T08:02:00Z
CASE-000267,SOC-001,,ALT-000267,2026-01-07T13:14:00Z,ANL-1010,MEDIUM,CLOSED,FALSE_POSITIVE,Suspicious CMD Execution — False Positive,Confirmed T1059.003 alert on HOST-3528 against recent change records.,2026-01-07T15:04:00Z
CASE-000268,SOC-001,,ALT-000268,2026-01-07T19:28:00Z,ANL-1003,MEDIUM,CLOSED,TRUE_POSITIVE,LSASS Memory Access — True Positive,Cross-referenced 10.159.223.132 against threat intelligence feeds for HOST-3968.,2026-01-07T22:24:00Z
CASE-000269,SOC-001,,ALT-000269,2026-01-07T06:40:00Z,ANL-1004,MEDIUM,CLOSED,FALSE_POSITIVE,Suspicious PowerShell — False Positive,Validated authentication logs tied to HOST-1800 to rule out credential compromise.,2026-01-07T10:42:00Z
CASE-000270,SOC-001,,ALT-000270,2026-01-07T10:51:00Z,ANL-1007,MEDIUM,CLOSED,TRUE_POSITIVE,Ransomware Behaviour Detected — True Positive,Investigated T1486 indicators on HOST-4147; no further lateral movement observed.,2026-01-07T14:40:00Z
CASE-000271,SOC-001,,ALT-000271,2026-01-07T05:53:00Z,ANL-1005,LOW,CLOSED,FALSE_POSITIVE,LSASS Memory Access — False Positive,Analysed endpoint telemetry for HOST-1088 tied to T1003 detection.,2026-01-07T11:33:00Z
CASE-000272,SOC-001,INC-000009,ALT-000272,2026-01-07T01:48:00Z,ANL-1010,CRITICAL,CLOSED,TRUE_POSITIVE,Suspicious Binary Download — True Positive,Cross-referenced 10.126.27.162 against threat intelligence feeds for HOST-2001.,2026-01-07T02:36:00Z
CASE-000273,SOC-001,,ALT-000273,2026-01-07T20:58:00Z,ANL-1010,LOW,CLOSED,TRUE_POSITIVE,Ransomware Behaviour Detected — True Positive,Reviewed escalation criteria for HOST-2642; behaviour consistent with known baseline.,2026-01-08T02:27:00Z
CASE-000274,SOC-001,,ALT-000274,2026-01-07T13:28:00Z,ANL-1008,MEDIUM,CLOSED,TRUE_POSITIVE,Unusual RDP Session — True Positive,Traced network flow from 10.139.195.7 to determine scope of T1021.001 activity on HOST-2377.,2026-01-08T19:26:00Z
CASE-000275,SOC-001,,ALT-000275,2026-01-07T09:47:00Z,ANL-1011,MEDIUM,CLOSED,FALSE_POSITIVE,Unusual SMB Admin Share Access — False Positive,Manually reviewed HOST-2024 logs; findings documented against case ticket.,2026-01-07T13:44:00Z
CASE-000276,SOC-001,,ALT-000276,2026-01-07T10:54:00Z,ANL-1004,LOW,CLOSED,TRUE_POSITIVE,Unusual SMB Admin Share Access — True Positive,Confirmed T1021.002 alert on HOST-1351 against recent change records.,2026-01-07T15:15:00Z
CASE-000277,SOC-001,,ALT-000277,2026-01-07T18:40:00Z,ANL-1010,CRITICAL,CLOSED,FALSE_POSITIVE,Suspicious PowerShell — False Positive,Reviewed T1059.001 activity on HOST-2352; correlated with source 10.200.32.137.,2026-01-07T19:18:00Z
CASE-000278,SOC-001,INC-000010,ALT-000278,2026-01-07T09:13:00Z,ANL-1004,CRITICAL,CLOSED,TRUE_POSITIVE,Repeated Failed Logins — True Positive,Manually reviewed HOST-2580 logs; findings documented against case ticket.,2026-01-07T09:50:00Z
CASE-000279,SOC-001,,ALT-000279,2026-01-07T14:04:00Z,ANL-1007,LOW,CLOSED,TRUE_POSITIVE,Unusual SMB Admin Share Access — True Positive,Cross-referenced 10.251.235.119 against threat intelligence feeds for HOST-1584.,2026-01-07T19:42:00Z
CASE-000280,SOC-001,,ALT-000280,2026-01-07T05:17:00Z,ANL-1011,LOW,CLOSED,TRUE_POSITIVE,New Registry Run Key Entry — True Positive,Manually reviewed HOST-4565 logs; findings documented against case ticket.,2026-01-07T12:45:00Z
CASE-000281,SOC-001,,ALT-000281,2026-01-08T01:00:00Z,ANL-1005,HIGH,CLOSED,TRUE_POSITIVE,Internal Network Port Scan — True Positive,Traced network flow from 10.237.248.119 to determine scope of T1595 activity on HOST-2624.,2026-01-08T02:20:00Z
CASE-000282,SOC-001,,ALT-000282,2026-01-08T21:17:00Z,ANL-1003,MEDIUM,CLOSED,FALSE_POSITIVE,Internal Network Port Scan — False Positive,"Closed with minimal review — T1595 alert on HOST-1089, no further action taken.",2026-01-08T21:54:00Z
CASE-000283,SOC-001,,ALT-000283,2026-01-08T00:00:00Z,ANL-1006,LOW,CLOSED,FALSE_POSITIVE,Beaconing to Known C2 Domain — False Positive,Reviewed escalation criteria for HOST-2727; behaviour consistent with known baseline.,2026-01-08T04:53:00Z
CASE-000284,SOC-001,,ALT-000284,2026-01-08T00:24:00Z,ANL-1004,MEDIUM,CLOSED,TRUE_POSITIVE,Beaconing to Known C2 Domain — True Positive,Reviewed escalation criteria for HOST-2295; behaviour consistent with known baseline.,2026-01-09T04:56:00Z
CASE-000285,SOC-001,,ALT-000285,2026-01-08T18:28:00Z,ANL-1007,LOW,CLOSED,TRUE_POSITIVE,Ransomware Behaviour Detected — True Positive,Reviewed T1486 activity on HOST-4735; correlated with source 10.6.119.6.,2026-01-08T23:10:00Z
CASE-000286,SOC-001,,ALT-000286,2026-01-08T20:50:00Z,ANL-1001,LOW,CLOSED,TRUE_POSITIVE,Unusual SMB Admin Share Access — True Positive,Reviewed T1021.002 activity on HOST-2300; correlated with source 10.147.12.59.,2026-01-09T01:18:00Z
CASE-000287,SOC-001,INC-000011,ALT-000287,2026-01-08T20:09:00Z,ANL-1004,CRITICAL,CLOSED,TRUE_POSITIVE,New Registry Run Key Entry — True Positive,Validated authentication logs tied to HOST-1213 to rule out credential compromise.,2026-01-08T20:52:00Z
CASE-000288,SOC-001,,ALT-000288,2026-01-08T13:32:00Z,ANL-1010,LOW,CLOSED,FALSE_POSITIVE,Suspicious Binary Download — False Positive,Manually reviewed HOST-2807 logs; findings documented against case ticket.,2026-01-08T19:49:00Z
CASE-000289,SOC-001,,ALT-000289,2026-01-08T04:58:00Z,ANL-1004,HIGH,CLOSED,TRUE_POSITIVE,New Registry Run Key Entry — True Positive,Reviewed escalation criteria for HOST-1801; behaviour consistent with known baseline.,2026-01-08T06:27:00Z
CASE-000290,SOC-001,,ALT-000290,2026-01-08T13:47:00Z,ANL-1004,MEDIUM,CLOSED,TRUE_POSITIVE,Ransomware Behaviour Detected — True Positive,Cross-referenced 10.14.75.67 against threat intelligence feeds for HOST-4795.,2026-01-08T17:49:00Z
CASE-000291,SOC-001,,ALT-000291,2026-01-08T21:56:00Z,ANL-1007,MEDIUM,CLOSED,TRUE_POSITIVE,Internal Network Port Scan — True Positive,Cross-referenced 10.176.73.69 against threat intelligence feeds for HOST-3183.,2026-01-09T00:50:00Z
CASE-000292,SOC-001,,ALT-000292,2026-01-08T15:11:00Z,ANL-1009,HIGH,CLOSED,FALSE_POSITIVE,LSASS Memory Access — False Positive,Reviewed escalation criteria for HOST-1811; behaviour consistent with known baseline.,2026-01-08T16:37:00Z
CASE-000293,SOC-001,,ALT-000293,2026-01-08T03:00:00Z,ANL-1001,MEDIUM,CLOSED,TRUE_POSITIVE,Encoded PowerShell Command — True Positive,Reviewed escalation criteria for HOST-4115; behaviour consistent with known baseline.,2026-01-08T06:01:00Z
CASE-000294,SOC-001,INC-000012,ALT-000294,2026-01-08T10:51:00Z,ANL-1002,CRITICAL,CLOSED,TRUE_POSITIVE,Internal Network Port Scan — True Positive,Manually reviewed HOST-4576 logs; findings documented against case ticket.,2026-01-08T11:34:00Z
CASE-000295,SOC-001,,ALT-000295,2026-01-08T19:12:00Z,ANL-1003,HIGH,CLOSED,FALSE_POSITIVE,Internal Network Port Scan — False Positive,Reviewed escalation criteria for HOST-2203; behaviour consistent with known baseline.,2026-01-08T20:24:00Z
CASE-000296,SOC-001,,ALT-000296,2026-01-08T15:57:00Z,ANL-1011,HIGH,CLOSED,TRUE_POSITIVE,Internal Network Port Scan — True Positive,Checked process execution history for HOST-3727 following T1595 alert.,2026-01-08T16:43:00Z
CASE-000297,SOC-001,,ALT-000297,2026-01-08T18:23:00Z,ANL-1003,HIGH,CLOSED,FALSE_POSITIVE,New Registry Run Key Entry — False Positive,Manually reviewed HOST-1475 logs; findings documented against case ticket.,2026-01-08T19:46:00Z
CASE-000298,SOC-001,,ALT-000298,2026-01-08T22:02:00Z,ANL-1010,LOW,CLOSED,TRUE_POSITIVE,Ransomware Behaviour Detected — True Positive,Analysed endpoint telemetry for HOST-3725 tied to T1486 detection.,2026-01-09T04:21:00Z
CASE-000299,SOC-001,,ALT-000299,2026-01-08T12:25:00Z,ANL-1002,CRITICAL,CLOSED,TRUE_POSITIVE,Suspicious Binary Download — True Positive,Validated authentication logs tied to HOST-4103 to rule out credential compromise.,2026-01-08T13:18:00Z
CASE-000300,SOC-001,,ALT-000300,2026-01-08T04:24:00Z,ANL-1007,MEDIUM,CLOSED,TRUE_POSITIVE,Suspicious CMD Execution — True Positive,Confirmed T1059.003 alert on HOST-4516 against recent change records.,2026-01-08T07:27:00Z
CASE-000301,SOC-001,,ALT-000301,2026-01-08T20:24:00Z,ANL-1005,HIGH,CLOSED,TRUE_POSITIVE,LSASS Memory Access — True Positive,Investigated T1003 indicators on HOST-4542; no further lateral movement observed.,2026-01-08T21:41:00Z
CASE-000302,SOC-001,,ALT-000302,2026-01-08T17:11:00Z,ANL-1007,LOW,CLOSED,FALSE_POSITIVE,Password Spraying Detected — False Positive,Cross-referenced 10.250.32.133 against threat intelligence feeds for HOST-4722.,2026-01-09T00:08:00Z
CASE-000303,SOC-001,,ALT-000303,2026-01-08T16:19:00Z,ANL-1006,LOW,CLOSED,FALSE_POSITIVE,New Registry Run Key Entry — False Positive,Validated authentication logs tied to HOST-1510 to rule out credential compromise.,2026-01-08T22:23:00Z
CASE-000304,SOC-001,,ALT-000304,2026-01-08T06:08:00Z,ANL-1010,LOW,CLOSED,TRUE_POSITIVE,Suspicious PowerShell — True Positive,Validated authentication logs tied to HOST-4410 to rule out credential compromise.,2026-01-08T09:47:00Z
CASE-000305,SOC-001,,ALT-000305,2026-01-08T13:24:00Z,ANL-1001,HIGH,CLOSED,FALSE_POSITIVE,Beaconing to Known C2 Domain — False Positive,"Closed with minimal review — T1071.001 alert on HOST-1002, no further action taken.",2026-01-08T13:56:00Z
CASE-000306,SOC-001,,ALT-000306,2026-01-08T09:37:00Z,ANL-1008,LOW,CLOSED,TRUE_POSITIVE,Internal Network Port Scan — True Positive,Cross-referenced 10.144.138.156 against threat intelligence feeds for HOST-3983.,2026-01-08T14:24:00Z
CASE-000307,SOC-001,,ALT-000307,2026-01-08T20:23:00Z,ANL-1004,LOW,CLOSED,TRUE_POSITIVE,LSASS Memory Access — True Positive,Checked process execution history for HOST-3971 following T1003 alert.,2026-01-09T04:07:00Z
CASE-000308,SOC-001,,ALT-000308,2026-01-08T15:51:00Z,ANL-1001,HIGH,CLOSED,FALSE_POSITIVE,Repeated Failed Logins — False Positive,Validated authentication logs tied to HOST-3269 to rule out credential compromise.,2026-01-08T17:12:00Z
CASE-000309,SOC-001,,ALT-000309,2026-01-08T11:03:00Z,ANL-1007,HIGH,CLOSED,TRUE_POSITIVE,Password Spraying Detected — True Positive,Confirmed T1110 alert on HOST-3104 against recent change records.,2026-01-08T12:28:00Z
CASE-000310,SOC-001,,ALT-000310,2026-01-08T10:19:00Z,ANL-1006,LOW,CLOSED,TRUE_POSITIVE,Ransomware Behaviour Detected — True Positive,Reviewed escalation criteria for HOST-2885; behaviour consistent with known baseline.,2026-01-08T17:01:00Z
CASE-000311,SOC-001,,ALT-000311,2026-01-08T08:06:00Z,ANL-1008,HIGH,CLOSED,TRUE_POSITIVE,Upload to Unapproved Cloud Storage — True Positive,Checked process execution history for HOST-3197 following T1567 alert.,2026-01-08T09:32:00Z
CASE-000312,SOC-001,,ALT-000312,2026-01-08T04:20:00Z,ANL-1007,HIGH,CLOSED,TRUE_POSITIVE,Internal Network Port Scan — True Positive,Analysed endpoint telemetry for HOST-3925 tied to T1595 detection.,2026-01-08T05:21:00Z
CASE-000313,SOC-001,,ALT-000313,2026-01-08T03:55:00Z,ANL-1005,LOW,CLOSED,FALSE_POSITIVE,Unusual RDP Session — False Positive,Confirmed T1021.001 alert on HOST-4140 against recent change records.,2026-01-08T10:11:00Z
CASE-000314,SOC-001,,ALT-000314,2026-01-08T09:44:00Z,ANL-1011,LOW,CLOSED,FALSE_POSITIVE,Unusual RDP Session — False Positive,Reviewed T1021.001 activity on HOST-3150; correlated with source 10.245.31.131.,2026-01-08T18:04:00Z
CASE-000315,SOC-001,,ALT-000315,2026-01-08T19:06:00Z,ANL-1007,MEDIUM,CLOSED,TRUE_POSITIVE,Beaconing to Known C2 Domain — True Positive,Checked process execution history for HOST-4721 following T1071.001 alert.,2026-01-08T22:08:00Z
CASE-000316,SOC-001,,ALT-000316,2026-01-08T03:04:00Z,ANL-1009,HIGH,CLOSED,TRUE_POSITIVE,Suspicious PowerShell — True Positive,Cross-referenced 10.103.78.12 against threat intelligence feeds for HOST-4790.,2026-01-08T04:36:00Z
CASE-000317,SOC-001,,ALT-000317,2026-01-08T01:50:00Z,ANL-1004,LOW,CLOSED,FALSE_POSITIVE,Large Outbound Data Transfer — False Positive,Traced network flow from 10.38.84.113 to determine scope of T1041 activity on HOST-3319.,2026-01-08T05:40:00Z
CASE-000318,SOC-001,,ALT-000318,2026-01-08T17:07:00Z,ANL-1003,LOW,CLOSED,TRUE_POSITIVE,Upload to Unapproved Cloud Storage — True Positive,Investigated T1567 indicators on HOST-2099; no further lateral movement observed.,2026-01-09T00:51:00Z
CASE-000319,SOC-001,,ALT-000319,2026-01-08T20:52:00Z,ANL-1001,LOW,CLOSED,FALSE_POSITIVE,LSASS Memory Access — False Positive,Analysed endpoint telemetry for HOST-1234 tied to T1003 detection.,2026-01-09T04:45:00Z
CASE-000320,SOC-001,,ALT-000320,2026-01-08T14:11:00Z,ANL-1003,LOW,CLOSED,TRUE_POSITIVE,Beaconing to Known C2 Domain — True Positive,Cross-referenced 10.144.10.80 against threat intelligence feeds for HOST-1743.,2026-01-08T22:31:00Z
CASE-000321,SOC-001,,ALT-000321,2026-01-09T00:48:00Z,ANL-1011,LOW,CLOSED,FALSE_POSITIVE,Encoded PowerShell Command — False Positive,Manually reviewed HOST-1450 logs; findings documented against case ticket.,2026-01-09T05:16:00Z
CASE-000322,SOC-001,,ALT-000322,2026-01-09T20:34:00Z,ANL-1002,MEDIUM,CLOSED,TRUE_POSITIVE,Repeated Failed Logins — True Positive,Manually reviewed HOST-2095 logs; findings documented against case ticket.,2026-01-09T23:03:00Z
CASE-000323,SOC-001,,ALT-000323,2026-01-09T09:22:00Z,ANL-1002,LOW,CLOSED,TRUE_POSITIVE,Repeated Failed Logins — True Positive,"Closed with minimal review — T1110 alert on HOST-4915, no further action taken.",2026-01-09T17:13:00Z
CASE-000324,SOC-001,,ALT-000324,2026-01-09T11:59:00Z,ANL-1005,CRITICAL,CLOSED,FALSE_POSITIVE,Beaconing to Known C2 Domain — False Positive,Reviewed escalation criteria for HOST-3710; behaviour consistent with known baseline.,2026-01-09T12:56:00Z
CASE-000325,SOC-001,,ALT-000325,2026-01-09T19:50:00Z,ANL-1011,MEDIUM,CLOSED,TRUE_POSITIVE,Ransomware Behaviour Detected — True Positive,Cross-referenced 10.254.252.137 against threat intelligence feeds for HOST-2695.,2026-01-09T22:56:00Z
CASE-000326,SOC-001,,ALT-000326,2026-01-09T04:18:00Z,ANL-1008,LOW,CLOSED,TRUE_POSITIVE,Unusual Scheduled Task Created — True Positive,Cross-referenced 10.114.28.192 against threat intelligence feeds for HOST-4478.,2026-01-09T11:36:00Z
CASE-000327,SOC-001,,ALT-000327,2026-01-09T02:00:00Z,ANL-1010,LOW,CLOSED,FALSE_POSITIVE,Encoded PowerShell Command — False Positive,Traced network flow from 10.93.240.191 to determine scope of T1059.001 activity on HOST-2003.,2026-01-09T07:08:00Z
CASE-000328,SOC-001,,ALT-000328,2026-01-09T14:35:00Z,ANL-1005,HIGH,CLOSED,FALSE_POSITIVE,Password Spraying Detected — False Positive,Analysed endpoint telemetry for HOST-3784 tied to T1110 detection.,2026-01-09T15:56:00Z
CASE-000329,SOC-001,,ALT-000329,2026-01-09T08:06:00Z,ANL-1002,MEDIUM,CLOSED,TRUE_POSITIVE,Password Spraying Detected — True Positive,Confirmed T1110 alert on HOST-1797 against recent change records.,2026-01-09T11:17:00Z
CASE-000330,SOC-001,,ALT-000330,2026-01-09T09:00:00Z,ANL-1006,LOW,CLOSED,FALSE_POSITIVE,Ransomware Behaviour Detected — False Positive,Investigated T1486 indicators on HOST-4864; no further lateral movement observed.,2026-01-09T16:03:00Z
CASE-000331,SOC-001,,ALT-000331,2026-01-09T02:45:00Z,ANL-1004,LOW,CLOSED,FALSE_POSITIVE,Password Spraying Detected — False Positive,Manually reviewed HOST-3563 logs; findings documented against case ticket.,2026-01-09T08:35:00Z
CASE-000332,SOC-001,,ALT-000332,2026-01-09T17:55:00Z,ANL-1002,HIGH,CLOSED,TRUE_POSITIVE,Unusual Scheduled Task Created — True Positive,Reviewed escalation criteria for HOST-2267; behaviour consistent with known baseline.,2026-01-09T18:59:00Z
CASE-000333,SOC-001,,ALT-000333,2026-01-09T21:08:00Z,ANL-1008,HIGH,CLOSED,TRUE_POSITIVE,Upload to Unapproved Cloud Storage — True Positive,Checked process execution history for HOST-4756 following T1567 alert.,2026-01-09T22:28:00Z
CASE-000334,SOC-001,,ALT-000334,2026-01-09T14:06:00Z,ANL-1002,MEDIUM,CLOSED,TRUE_POSITIVE,Suspicious Binary Download — True Positive,Cross-referenced 10.221.102.103 against threat intelligence feeds for HOST-4686.,2026-01-09T16:07:00Z
CASE-000335,SOC-001,,ALT-000335,2026-01-09T12:03:00Z,ANL-1006,CRITICAL,CLOSED,FALSE_POSITIVE,Unusual SMB Admin Share Access — False Positive,Cross-referenced 10.108.11.244 against threat intelligence feeds for HOST-4171.,2026-01-09T12:40:00Z
CASE-000336,SOC-001,,ALT-000336,2026-01-09T09:10:00Z,ANL-1004,LOW,CLOSED,TRUE_POSITIVE,Encoded PowerShell Command — True Positive,"Closed with minimal review — T1059.001 alert on HOST-4085, no further action taken.",2026-01-09T15:16:00Z
CASE-000337,SOC-001,,ALT-000337,2026-01-09T04:31:00Z,ANL-1006,LOW,CLOSED,TRUE_POSITIVE,Suspicious Binary Download — True Positive,Validated authentication logs tied to HOST-2878 to rule out credential compromise.,2026-01-09T10:39:00Z
CASE-000338,SOC-001,,ALT-000338,2026-01-09T09:32:00Z,ANL-1002,LOW,CLOSED,TRUE_POSITIVE,Suspicious CMD Execution — True Positive,Analysed endpoint telemetry for HOST-4672 tied to T1059.003 detection.,2026-01-09T17:34:00Z
CASE-000339,SOC-001,,ALT-000339,2026-01-09T02:41:00Z,ANL-1001,HIGH,CLOSED,TRUE_POSITIVE,Large Outbound Data Transfer — True Positive,Analysed endpoint telemetry for HOST-1425 tied to T1041 detection.,2026-01-09T08:45:00Z
CASE-000340,SOC-001,,ALT-000340,2026-01-09T21:16:00Z,ANL-1005,MEDIUM,CLOSED,FALSE_POSITIVE,Suspicious CMD Execution — False Positive,Analysed endpoint telemetry for HOST-2096 tied to T1059.003 detection.,2026-01-10T01:39:00Z
CASE-000341,SOC-001,,ALT-000341,2026-01-09T23:11:00Z,ANL-1007,CRITICAL,CLOSED,FALSE_POSITIVE,Suspicious CMD Execution — False Positive,Reviewed T1059.003 activity on HOST-2599; correlated with source 10.50.64.130.,2026-01-10T00:05:00Z
CASE-000342,SOC-001,,ALT-000342,2026-01-09T14:40:00Z,ANL-1011,HIGH,CLOSED,FALSE_POSITIVE,New Registry Run Key Entry — False Positive,Investigated T1547.001 indicators on HOST-1534; no further lateral movement observed.,2026-01-09T15:46:00Z
CASE-000343,SOC-001,,ALT-000343,2026-01-09T11:58:00Z,ANL-1004,LOW,CLOSED,TRUE_POSITIVE,Large Outbound Data Transfer — True Positive,Reviewed T1041 activity on HOST-4459; correlated with source 10.37.249.246.,2026-01-09T18:59:00Z
CASE-000344,SOC-001,,ALT-000344,2026-01-09T19:34:00Z,ANL-1001,MEDIUM,CLOSED,TRUE_POSITIVE,New Registry Run Key Entry — True Positive,Validated authentication logs tied to HOST-3514 to rule out credential compromise.,2026-01-09T23:38:00Z
CASE-000345,SOC-001,,ALT-000345,2026-01-09T15:27:00Z,ANL-1009,MEDIUM,CLOSED,FALSE_POSITIVE,New Registry Run Key Entry — False Positive,Confirmed T1547.001 alert on HOST-4313 against recent change records.,2026-01-09T19:11:00Z
CASE-000346,SOC-001,,ALT-000346,2026-01-09T20:52:00Z,ANL-1002,MEDIUM,CLOSED,TRUE_POSITIVE,Internal Network Port Scan — True Positive,Reviewed escalation criteria for HOST-2531; behaviour consistent with known baseline.,2026-01-09T23:29:00Z
CASE-000347,SOC-001,,ALT-000347,2026-01-09T10:13:00Z,ANL-1008,MEDIUM,CLOSED,TRUE_POSITIVE,Unusual Scheduled Task Created — True Positive,Manually reviewed HOST-3936 logs; findings documented against case ticket.,2026-01-09T12:28:00Z
CASE-000348,SOC-001,,ALT-000348,2026-01-09T05:38:00Z,ANL-1006,LOW,CLOSED,TRUE_POSITIVE,Suspicious CMD Execution — True Positive,Investigated T1059.003 indicators on HOST-2854; no further lateral movement observed.,2026-01-09T12:19:00Z
CASE-000349,SOC-001,,ALT-000349,2026-01-09T10:31:00Z,ANL-1010,MEDIUM,CLOSED,TRUE_POSITIVE,Upload to Unapproved Cloud Storage — True Positive,Traced network flow from 10.252.62.216 to determine scope of T1567 activity on HOST-3279.,2026-01-10T04:03:00Z
CASE-000350,SOC-001,,ALT-000350,2026-01-09T03:03:00Z,ANL-1005,HIGH,CLOSED,TRUE_POSITIVE,Encoded PowerShell Command — True Positive,Confirmed T1059.001 alert on HOST-1176 against recent change records.,2026-01-09T04:30:00Z
CASE-000351,SOC-001,,ALT-000351,2026-01-09T15:14:00Z,ANL-1002,LOW,CLOSED,TRUE_POSITIVE,Ransomware Behaviour Detected — True Positive,Confirmed T1486 alert on HOST-3993 against recent change records.,2026-01-09T20:45:00Z
CASE-000352,SOC-001,,ALT-000352,2026-01-09T16:06:00Z,ANL-1003,MEDIUM,CLOSED,TRUE_POSITIVE,Suspicious Binary Download — True Positive,Reviewed T1105 activity on HOST-4472; correlated with source 10.103.204.49.,2026-01-09T19:17:00Z
CASE-000353,SOC-001,,ALT-000353,2026-01-09T17:05:00Z,ANL-1006,LOW,CLOSED,TRUE_POSITIVE,Ransomware Behaviour Detected — True Positive,Confirmed T1486 alert on HOST-4796 against recent change records.,2026-01-10T00:26:00Z
CASE-000354,SOC-001,,ALT-000354,2026-01-09T07:07:00Z,ANL-1004,MEDIUM,CLOSED,TRUE_POSITIVE,Ransomware Behaviour Detected — True Positive,Reviewed escalation criteria for HOST-3647; behaviour consistent with known baseline.,2026-01-09T10:40:00Z
CASE-000355,SOC-001,,ALT-000355,2026-01-09T22:39:00Z,ANL-1008,LOW,CLOSED,FALSE_POSITIVE,Upload to Unapproved Cloud Storage — False Positive,Manually reviewed HOST-3061 logs; findings documented against case ticket.,2026-01-11T04:40:00Z
CASE-000356,SOC-001,,ALT-000356,2026-01-09T00:36:00Z,ANL-1011,MEDIUM,CLOSED,FALSE_POSITIVE,Suspicious CMD Execution — False Positive,Investigated T1059.003 indicators on HOST-1185; no further lateral movement observed.,2026-01-09T04:48:00Z
CASE-000357,SOC-001,,ALT-000357,2026-01-09T23:40:00Z,ANL-1001,LOW,CLOSED,TRUE_POSITIVE,Suspicious Binary Download — True Positive,Reviewed escalation criteria for HOST-3127; behaviour consistent with known baseline.,2026-01-11T11:44:00Z
CASE-000358,SOC-001,INC-000013,ALT-000358,2026-01-09T09:12:00Z,ANL-1001,CRITICAL,CLOSED,TRUE_POSITIVE,Suspicious Binary Download — True Positive,Reviewed T1105 activity on HOST-2131; correlated with source 10.221.232.146.,2026-01-09T09:57:00Z
CASE-000359,SOC-001,,ALT-000359,2026-01-09T11:42:00Z,ANL-1001,LOW,CLOSED,TRUE_POSITIVE,Unusual Scheduled Task Created — True Positive,Checked process execution history for HOST-2762 following T1053.005 alert.,2026-01-09T16:14:00Z
CASE-000360,SOC-001,,ALT-000360,2026-01-09T21:56:00Z,ANL-1006,LOW,CLOSED,FALSE_POSITIVE,Upload to Unapproved Cloud Storage — False Positive,Manually reviewed HOST-2785 logs; findings documented against case ticket.,2026-01-10T02:48:00Z
CASE-000361,SOC-001,,ALT-000361,2026-01-10T13:26:00Z,ANL-1008,LOW,CLOSED,TRUE_POSITIVE,Suspicious Binary Download — True Positive,Checked process execution history for HOST-2910 following T1105 alert.,2026-01-10T20:01:00Z
CASE-000362,SOC-001,,ALT-000362,2026-01-10T09:36:00Z,ANL-1008,LOW,CLOSED,TRUE_POSITIVE,Suspicious CMD Execution — True Positive,Checked process execution history for HOST-1398 following T1059.003 alert.,2026-01-10T15:39:00Z
CASE-000363,SOC-001,,ALT-000363,2026-01-10T16:28:00Z,ANL-1007,LOW,CLOSED,TRUE_POSITIVE,Unusual Scheduled Task Created — True Positive,Validated authentication logs tied to HOST-1100 to rule out credential compromise.,2026-01-10T23:07:00Z
CASE-000364,SOC-001,,ALT-000364,2026-01-10T18:31:00Z,ANL-1006,LOW,CLOSED,TRUE_POSITIVE,Ransomware Behaviour Detected — True Positive,Manually reviewed HOST-1409 logs; findings documented against case ticket.,2026-01-11T00:01:00Z
CASE-000365,SOC-001,INC-000014,ALT-000365,2026-01-10T16:54:00Z,ANL-1009,CRITICAL,CLOSED,TRUE_POSITIVE,Ransomware Behaviour Detected — True Positive,Investigated T1486 indicators on HOST-2465; no further lateral movement observed.,2026-01-10T17:45:00Z
CASE-000366,SOC-001,,ALT-000366,2026-01-10T23:10:00Z,ANL-1004,LOW,CLOSED,TRUE_POSITIVE,Suspicious Binary Download — True Positive,Confirmed T1105 alert on HOST-4489 against recent change records.,2026-01-11T04:04:00Z
CASE-000367,SOC-001,,ALT-000367,2026-01-10T12:08:00Z,ANL-1011,LOW,CLOSED,TRUE_POSITIVE,Encoded PowerShell Command — True Positive,Confirmed T1059.001 alert on HOST-2841 against recent change records.,2026-01-10T19:33:00Z
CASE-000368,SOC-001,,ALT-000368,2026-01-10T23:41:00Z,ANL-1009,MEDIUM,CLOSED,TRUE_POSITIVE,New Registry Run Key Entry — True Positive,Confirmed T1547.001 alert on HOST-4922 against recent change records.,2026-01-11T03:36:00Z
CASE-000369,SOC-001,,ALT-000369,2026-01-10T08:24:00Z,ANL-1006,HIGH,CLOSED,TRUE_POSITIVE,Beaconing to Known C2 Domain — True Positive,Traced network flow from 10.123.159.103 to determine scope of T1071.001 activity on HOST-2187.,2026-01-10T09:21:00Z
CASE-000370,SOC-001,,ALT-000370,2026-01-10T18:57:00Z,ANL-1010,MEDIUM,CLOSED,FALSE_POSITIVE,Beaconing to Known C2 Domain — False Positive,Reviewed T1071.001 activity on HOST-4299; correlated with source 10.213.41.228.,2026-01-10T22:40:00Z
CASE-000371,SOC-001,,ALT-000371,2026-01-10T12:49:00Z,ANL-1007,MEDIUM,CLOSED,TRUE_POSITIVE,Unusual SMB Admin Share Access — True Positive,Confirmed T1021.002 alert on HOST-1213 against recent change records.,2026-01-10T16:27:00Z
CASE-000372,SOC-001,,ALT-000372,2026-01-10T01:08:00Z,ANL-1008,HIGH,CLOSED,TRUE_POSITIVE,Suspicious PowerShell — True Positive,Investigated T1059.001 indicators on HOST-1313; no further lateral movement observed.,2026-01-10T02:30:00Z
CASE-000373,SOC-001,,ALT-000373,2026-01-10T03:03:00Z,ANL-1006,MEDIUM,CLOSED,FALSE_POSITIVE,Unusual SMB Admin Share Access — False Positive,Reviewed T1021.002 activity on HOST-3062; correlated with source 10.104.70.216.,2026-01-10T06:27:00Z
CASE-000374,SOC-001,,ALT-000374,2026-01-10T01:17:00Z,ANL-1010,LOW,CLOSED,FALSE_POSITIVE,Upload to Unapproved Cloud Storage — False Positive,"Closed with minimal review — T1567 alert on HOST-1089, no further action taken.",2026-01-10T02:29:00Z
CASE-000375,SOC-001,,ALT-000375,2026-01-10T19:27:00Z,ANL-1007,LOW,CLOSED,FALSE_POSITIVE,Large Outbound Data Transfer — False Positive,Investigated T1041 indicators on HOST-4396; no further lateral movement observed.,2026-01-11T01:48:00Z
CASE-000376,SOC-001,,ALT-000376,2026-01-10T01:39:00Z,ANL-1005,LOW,CLOSED,TRUE_POSITIVE,Unusual Scheduled Task Created — True Positive,Validated authentication logs tied to HOST-2616 to rule out credential compromise.,2026-01-10T09:25:00Z
CASE-000377,SOC-001,,ALT-000377,2026-01-10T17:20:00Z,ANL-1002,LOW,CLOSED,TRUE_POSITIVE,Internal Network Port Scan — True Positive,Reviewed T1595 activity on HOST-3499; correlated with source 10.253.65.59.,2026-01-11T00:05:00Z
CASE-000378,SOC-001,,ALT-000378,2026-01-10T11:34:00Z,ANL-1001,MEDIUM,CLOSED,TRUE_POSITIVE,Upload to Unapproved Cloud Storage — True Positive,Reviewed escalation criteria for HOST-4512; behaviour consistent with known baseline.,2026-01-10T14:51:00Z
CASE-000379,SOC-001,,ALT-000379,2026-01-10T19:01:00Z,ANL-1003,CRITICAL,CLOSED,TRUE_POSITIVE,Internal Network Port Scan — True Positive,Confirmed T1595 alert on HOST-2204 against recent change records.,2026-01-10T19:46:00Z
CASE-000380,SOC-001,,ALT-000380,2026-01-10T16:33:00Z,ANL-1008,MEDIUM,CLOSED,TRUE_POSITIVE,Internal Network Port Scan — True Positive,Confirmed T1595 alert on HOST-3700 against recent change records.,2026-01-10T18:52:00Z
CASE-000381,SOC-001,,ALT-000381,2026-01-10T04:59:00Z,ANL-1009,LOW,CLOSED,TRUE_POSITIVE,Unusual SMB Admin Share Access — True Positive,Checked process execution history for HOST-4390 following T1021.002 alert.,2026-01-10T13:14:00Z
CASE-000382,SOC-001,,ALT-000382,2026-01-10T01:53:00Z,ANL-1007,HIGH,CLOSED,TRUE_POSITIVE,Internal Network Port Scan — True Positive,Analysed endpoint telemetry for HOST-1517 tied to T1595 detection.,2026-01-10T03:07:00Z
CASE-000383,SOC-001,,ALT-000383,2026-01-10T18:58:00Z,ANL-1009,HIGH,CLOSED,TRUE_POSITIVE,Upload to Unapproved Cloud Storage — True Positive,Traced network flow from 10.189.232.98 to determine scope of T1567 activity on HOST-3964.,2026-01-10T20:21:00Z
CASE-000384,SOC-001,,ALT-000384,2026-01-10T05:09:00Z,ANL-1001,LOW,CLOSED,FALSE_POSITIVE,Internal Network Port Scan — False Positive,Validated authentication logs tied to HOST-4101 to rule out credential compromise.,2026-01-10T10:14:00Z
CASE-000385,SOC-001,,ALT-000385,2026-01-10T16:48:00Z,ANL-1003,LOW,CLOSED,TRUE_POSITIVE,Large Outbound Data Transfer — True Positive,Investigated T1041 indicators on HOST-4435; no further lateral movement observed.,2026-01-10T21:57:00Z
CASE-000386,SOC-001,,ALT-000386,2026-01-10T11:51:00Z,ANL-1002,HIGH,CLOSED,FALSE_POSITIVE,Unusual Scheduled Task Created — False Positive,Validated authentication logs tied to HOST-1477 to rule out credential compromise.,2026-01-10T13:25:00Z
CASE-000387,SOC-001,,ALT-000387,2026-01-10T23:31:00Z,ANL-1005,MEDIUM,CLOSED,TRUE_POSITIVE,Upload to Unapproved Cloud Storage — True Positive,Cross-referenced 10.109.1.112 against threat intelligence feeds for HOST-1766.,2026-01-11T03:14:00Z
CASE-000388,SOC-001,,ALT-000388,2026-01-10T20:25:00Z,ANL-1010,MEDIUM,CLOSED,TRUE_POSITIVE,Large Outbound Data Transfer — True Positive,Cross-referenced 10.112.57.247 against threat intelligence feeds for HOST-3007.,2026-01-10T22:50:00Z
CASE-000389,SOC-001,,ALT-000389,2026-01-10T09:17:00Z,ANL-1009,MEDIUM,CLOSED,TRUE_POSITIVE,Ransomware Behaviour Detected — True Positive,Analysed endpoint telemetry for HOST-1118 tied to T1486 detection.,2026-01-10T12:30:00Z
CASE-000390,SOC-001,,ALT-000390,2026-01-10T19:39:00Z,ANL-1006,HIGH,CLOSED,TRUE_POSITIVE,Unusual RDP Session — True Positive,Reviewed escalation criteria for HOST-1451; behaviour consistent with known baseline.,2026-01-10T20:35:00Z
CASE-000391,SOC-001,INC-000015,ALT-000391,2026-01-10T00:48:00Z,ANL-1009,CRITICAL,CLOSED,TRUE_POSITIVE,Internal Network Port Scan — True Positive,Reviewed T1595 activity on HOST-1147; correlated with source 10.80.144.78.,2026-01-10T01:28:00Z
CASE-000392,SOC-001,,ALT-000392,2026-01-10T16:47:00Z,ANL-1001,HIGH,CLOSED,TRUE_POSITIVE,Internal Network Port Scan — True Positive,Traced network flow from 10.135.241.97 to determine scope of T1595 activity on HOST-2741.,2026-01-10T17:57:00Z
CASE-000393,SOC-001,,ALT-000393,2026-01-10T12:49:00Z,ANL-1004,MEDIUM,CLOSED,TRUE_POSITIVE,New Registry Run Key Entry — True Positive,Validated authentication logs tied to HOST-1101 to rule out credential compromise.,2026-01-10T16:39:00Z
CASE-000394,SOC-001,,ALT-000394,2026-01-10T10:53:00Z,ANL-1003,MEDIUM,CLOSED,TRUE_POSITIVE,Suspicious CMD Execution — True Positive,Cross-referenced 10.107.250.140 against threat intelligence feeds for HOST-4033.,2026-01-10T14:07:00Z
CASE-000395,SOC-001,,ALT-000395,2026-01-10T03:02:00Z,ANL-1007,MEDIUM,CLOSED,TRUE_POSITIVE,Unusual Scheduled Task Created — True Positive,Confirmed T1053.005 alert on HOST-4980 against recent change records.,2026-01-10T05:15:00Z
CASE-000396,SOC-001,,ALT-000396,2026-01-10T10:59:00Z,ANL-1003,MEDIUM,CLOSED,TRUE_POSITIVE,Suspicious Binary Download — True Positive,Confirmed T1105 alert on HOST-4834 against recent change records.,2026-01-10T14:25:00Z
CASE-000397,SOC-001,,ALT-000397,2026-01-10T07:22:00Z,ANL-1011,MEDIUM,CLOSED,TRUE_POSITIVE,Password Spraying Detected — True Positive,Cross-referenced 10.218.156.95 against threat intelligence feeds for HOST-4618.,2026-01-10T11:51:00Z
CASE-000398,SOC-001,INC-000016,ALT-000398,2026-01-10T19:42:00Z,ANL-1008,CRITICAL,CLOSED,TRUE_POSITIVE,Internal Network Port Scan — True Positive,Traced network flow from 10.46.75.37 to determine scope of T1595 activity on HOST-4019.,2026-01-10T20:17:00Z
CASE-000399,SOC-001,,ALT-000399,2026-01-10T19:53:00Z,ANL-1004,MEDIUM,CLOSED,FALSE_POSITIVE,Suspicious Binary Download — False Positive,Analysed endpoint telemetry for HOST-4617 tied to T1105 detection.,2026-01-10T23:33:00Z
CASE-000400,SOC-001,,ALT-000400,2026-01-10T16:12:00Z,ANL-1001,LOW,CLOSED,TRUE_POSITIVE,Beaconing to Known C2 Domain — True Positive,Manually reviewed HOST-2478 logs; findings documented against case ticket.,2026-01-10T22:29:00Z
CASE-000401,SOC-001,,ALT-000401,2026-01-11T17:51:00Z,ANL-1002,HIGH,CLOSED,TRUE_POSITIVE,Ransomware Behaviour Detected — True Positive,Cross-referenced 10.78.90.223 against threat intelligence feeds for HOST-3652.,2026-01-11T19:22:00Z
CASE-000402,SOC-001,,ALT-000402,2026-01-11T21:03:00Z,ANL-1002,MEDIUM,CLOSED,TRUE_POSITIVE,Beaconing to Known C2 Domain — True Positive,Checked process execution history for HOST-3734 following T1071.001 alert.,2026-01-13T17:16:00Z
CASE-000403,SOC-001,,ALT-000403,2026-01-11T10:37:00Z,ANL-1011,HIGH,CLOSED,FALSE_POSITIVE,Unusual Scheduled Task Created — False Positive,Validated authentication logs tied to HOST-1760 to rule out credential compromise.,2026-01-11T12:00:00Z
CASE-000404,SOC-001,,ALT-000404,2026-01-11T22:28:00Z,ANL-1005,CRITICAL,CLOSED,TRUE_POSITIVE,Large Outbound Data Transfer — True Positive,Checked process execution history for HOST-2062 following T1041 alert.,2026-01-11T23:19:00Z
CASE-000405,SOC-001,,ALT-000405,2026-01-11T03:33:00Z,ANL-1011,MEDIUM,CLOSED,TRUE_POSITIVE,Unusual SMB Admin Share Access — True Positive,Cross-referenced 10.165.190.145 against threat intelligence feeds for HOST-1128.,2026-01-11T07:29:00Z
CASE-000406,SOC-001,,ALT-000406,2026-01-11T14:37:00Z,ANL-1010,MEDIUM,CLOSED,TRUE_POSITIVE,Ransomware Behaviour Detected — True Positive,Traced network flow from 10.124.129.186 to determine scope of T1486 activity on HOST-3525.,2026-01-11T18:11:00Z
CASE-000407,SOC-001,,ALT-000407,2026-01-11T04:08:00Z,ANL-1011,CRITICAL,CLOSED,TRUE_POSITIVE,LSASS Memory Access — True Positive,Cross-referenced 10.72.177.118 against threat intelligence feeds for HOST-3326.,2026-01-11T04:29:00Z
CASE-000408,SOC-001,,ALT-000408,2026-01-11T15:35:00Z,ANL-1011,LOW,CLOSED,TRUE_POSITIVE,Beaconing to Known C2 Domain — True Positive,Manually reviewed HOST-1409 logs; findings documented against case ticket.,2026-01-11T20:20:00Z
CASE-000409,SOC-001,,ALT-000409,2026-01-11T11:21:00Z,ANL-1009,HIGH,CLOSED,FALSE_POSITIVE,Suspicious PowerShell — False Positive,Reviewed T1059.001 activity on HOST-2511; correlated with source 10.117.70.128.,2026-01-11T12:49:00Z
CASE-000410,SOC-001,,ALT-000410,2026-01-11T16:53:00Z,ANL-1002,LOW,CLOSED,TRUE_POSITIVE,Upload to Unapproved Cloud Storage — True Positive,Checked process execution history for HOST-3794 following T1567 alert.,2026-01-11T23:46:00Z
CASE-000411,SOC-001,,ALT-000411,2026-01-11T17:23:00Z,ANL-1002,HIGH,CLOSED,FALSE_POSITIVE,Ransomware Behaviour Detected — False Positive,Reviewed escalation criteria for HOST-4457; behaviour consistent with known baseline.,2026-01-11T19:00:00Z
CASE-000412,SOC-001,,ALT-000412,2026-01-11T09:49:00Z,ANL-1001,MEDIUM,CLOSED,TRUE_POSITIVE,Suspicious CMD Execution — True Positive,Manually reviewed HOST-3764 logs; findings documented against case ticket.,2026-01-12T01:07:00Z
CASE-000413,SOC-001,,ALT-000413,2026-01-11T19:15:00Z,ANL-1009,CRITICAL,CLOSED,TRUE_POSITIVE,Internal Network Port Scan — True Positive,"Closed with minimal review — T1595 alert on HOST-3822, no further action taken.",2026-01-11T19:41:00Z
CASE-000414,SOC-001,,ALT-000414,2026-01-11T11:36:00Z,ANL-1008,MEDIUM,CLOSED,TRUE_POSITIVE,Upload to Unapproved Cloud Storage — True Positive,Confirmed T1567 alert on HOST-1200 against recent change records.,2026-01-11T13:31:00Z
CASE-000415,SOC-001,,ALT-000415,2026-01-11T10:14:00Z,ANL-1002,LOW,CLOSED,TRUE_POSITIVE,Beaconing to Known C2 Domain — True Positive,Reviewed T1071.001 activity on HOST-3904; correlated with source 10.168.199.122.,2026-01-11T17:30:00Z
CASE-000416,SOC-001,,ALT-000416,2026-01-11T16:23:00Z,ANL-1005,LOW,CLOSED,TRUE_POSITIVE,New Registry Run Key Entry — True Positive,Checked process execution history for HOST-4063 following T1547.001 alert.,2026-01-11T23:00:00Z
CASE-000417,SOC-001,,ALT-000417,2026-01-11T09:11:00Z,ANL-1003,CRITICAL,CLOSED,FALSE_POSITIVE,Internal Network Port Scan — False Positive,Cross-referenced 10.180.111.108 against threat intelligence feeds for HOST-3337.,2026-01-11T09:55:00Z
CASE-000418,SOC-001,,ALT-000418,2026-01-11T14:41:00Z,ANL-1003,MEDIUM,CLOSED,TRUE_POSITIVE,Internal Network Port Scan — True Positive,Manually reviewed HOST-2368 logs; findings documented against case ticket.,2026-01-11T18:11:00Z
CASE-000419,SOC-001,,ALT-000419,2026-01-11T20:24:00Z,ANL-1009,HIGH,CLOSED,TRUE_POSITIVE,New Registry Run Key Entry — True Positive,Manually reviewed HOST-4618 logs; findings documented against case ticket.,2026-01-11T21:19:00Z
CASE-000420,SOC-001,,ALT-000420,2026-01-11T02:00:00Z,ANL-1001,LOW,CLOSED,TRUE_POSITIVE,New Registry Run Key Entry — True Positive,"Closed with minimal review — T1547.001 alert on HOST-3957, no further action taken.",2026-01-11T11:09:00Z
CASE-000421,SOC-001,,ALT-000421,2026-01-11T01:23:00Z,ANL-1007,HIGH,CLOSED,FALSE_POSITIVE,Suspicious CMD Execution — False Positive,Manually reviewed HOST-3970 logs; findings documented against case ticket.,2026-01-11T02:12:00Z
CASE-000422,SOC-001,,ALT-000422,2026-01-11T14:21:00Z,ANL-1008,LOW,CLOSED,TRUE_POSITIVE,Ransomware Behaviour Detected — True Positive,Cross-referenced 10.71.75.134 against threat intelligence feeds for HOST-3822.,2026-01-11T20:02:00Z
CASE-000423,SOC-001,,ALT-000423,2026-01-11T06:37:00Z,ANL-1005,MEDIUM,CLOSED,TRUE_POSITIVE,Upload to Unapproved Cloud Storage — True Positive,"Closed with minimal review — T1567 alert on HOST-1089, no further action taken.",2026-01-11T07:36:00Z
CASE-000424,SOC-001,,ALT-000424,2026-01-11T10:14:00Z,ANL-1005,MEDIUM,CLOSED,TRUE_POSITIVE,Ransomware Behaviour Detected — True Positive,Traced network flow from 10.61.100.92 to determine scope of T1486 activity on HOST-1265.,2026-01-11T14:39:00Z
CASE-000425,SOC-001,,ALT-000425,2026-01-11T07:16:00Z,ANL-1003,MEDIUM,CLOSED,TRUE_POSITIVE,Unusual Scheduled Task Created — True Positive,Manually reviewed HOST-2015 logs; findings documented against case ticket.,2026-01-11T10:00:00Z
CASE-000426,SOC-001,,ALT-000426,2026-01-11T02:12:00Z,ANL-1008,LOW,CLOSED,TRUE_POSITIVE,Ransomware Behaviour Detected — True Positive,Manually reviewed HOST-3596 logs; findings documented against case ticket.,2026-01-11T05:36:00Z
CASE-000427,SOC-001,,ALT-000427,2026-01-11T20:19:00Z,ANL-1005,MEDIUM,CLOSED,FALSE_POSITIVE,LSASS Memory Access — False Positive,Reviewed escalation criteria for HOST-4897; behaviour consistent with known baseline.,2026-01-11T22:36:00Z
CASE-000428,SOC-001,,ALT-000428,2026-01-11T09:32:00Z,ANL-1005,HIGH,CLOSED,TRUE_POSITIVE,Repeated Failed Logins — True Positive,Investigated T1110 indicators on HOST-1873; no further lateral movement observed.,2026-01-11T10:34:00Z
CASE-000429,SOC-001,,ALT-000429,2026-01-11T23:20:00Z,ANL-1008,LOW,CLOSED,TRUE_POSITIVE,Beaconing to Known C2 Domain — True Positive,Analysed endpoint telemetry for HOST-2449 tied to T1071.001 detection.,2026-01-12T03:43:00Z
CASE-000430,SOC-001,,ALT-000430,2026-01-11T08:06:00Z,ANL-1002,MEDIUM,CLOSED,TRUE_POSITIVE,Beaconing to Known C2 Domain — True Positive,Manually reviewed HOST-2802 logs; findings documented against case ticket.,2026-01-11T10:57:00Z
CASE-000431,SOC-001,,ALT-000431,2026-01-11T13:52:00Z,ANL-1003,CRITICAL,CLOSED,FALSE_POSITIVE,Password Spraying Detected — False Positive,Reviewed escalation criteria for HOST-4000; behaviour consistent with known baseline.,2026-01-11T14:24:00Z
CASE-000432,SOC-001,,ALT-000432,2026-01-11T00:08:00Z,ANL-1002,LOW,CLOSED,TRUE_POSITIVE,Beaconing to Known C2 Domain — True Positive,Confirmed T1071.001 alert on HOST-4062 against recent change records.,2026-01-11T07:09:00Z
CASE-000433,SOC-001,,ALT-000433,2026-01-11T02:36:00Z,ANL-1008,HIGH,CLOSED,TRUE_POSITIVE,Unusual Scheduled Task Created — True Positive,Analysed endpoint telemetry for HOST-4466 tied to T1053.005 detection.,2026-01-11T03:31:00Z
CASE-000434,SOC-001,,ALT-000434,2026-01-11T08:54:00Z,ANL-1004,LOW,CLOSED,TRUE_POSITIVE,Suspicious PowerShell — True Positive,Validated authentication logs tied to HOST-1616 to rule out credential compromise.,2026-01-11T16:03:00Z
CASE-000435,SOC-001,,ALT-000435,2026-01-11T07:59:00Z,ANL-1004,LOW,CLOSED,FALSE_POSITIVE,Unusual RDP Session — False Positive,Checked process execution history for HOST-2110 following T1021.001 alert.,2026-01-11T15:11:00Z
CASE-000436,SOC-001,,ALT-000436,2026-01-11T15:47:00Z,ANL-1010,HIGH,CLOSED,TRUE_POSITIVE,Repeated Failed Logins — True Positive,Analysed endpoint telemetry for HOST-1492 tied to T1110 detection.,2026-01-11T16:40:00Z
CASE-000437,SOC-001,,ALT-000437,2026-01-11T12:56:00Z,ANL-1008,MEDIUM,CLOSED,TRUE_POSITIVE,Large Outbound Data Transfer — True Positive,Analysed endpoint telemetry for HOST-4318 tied to T1041 detection.,2026-01-11T17:16:00Z
CASE-000438,SOC-001,,ALT-000438,2026-01-11T04:47:00Z,ANL-1011,LOW,CLOSED,TRUE_POSITIVE,LSASS Memory Access — True Positive,Traced network flow from 10.254.104.79 to determine scope of T1003 activity on HOST-3124.,2026-01-11T08:59:00Z
CASE-000439,SOC-001,,ALT-000439,2026-01-11T07:05:00Z,ANL-1007,LOW,CLOSED,FALSE_POSITIVE,Internal Network Port Scan — False Positive,Validated authentication logs tied to HOST-2428 to rule out credential compromise.,2026-01-11T14:17:00Z
CASE-000440,SOC-001,,ALT-000440,2026-01-11T03:45:00Z,ANL-1007,MEDIUM,CLOSED,TRUE_POSITIVE,Repeated Failed Logins — True Positive,Validated authentication logs tied to HOST-4044 to rule out credential compromise.,2026-01-11T07:34:00Z
CASE-000441,SOC-001,,ALT-000441,2026-01-12T07:10:00Z,ANL-1007,MEDIUM,CLOSED,TRUE_POSITIVE,Repeated Failed Logins — True Positive,Reviewed escalation criteria for HOST-4421; behaviour consistent with known baseline.,2026-01-12T09:23:00Z
CASE-000442,SOC-001,,ALT-000442,2026-01-12T16:16:00Z,ANL-1002,MEDIUM,CLOSED,FALSE_POSITIVE,Ransomware Behaviour Detected — False Positive,Validated authentication logs tied to HOST-2402 to rule out credential compromise.,2026-01-12T17:10:00Z
CASE-000443,SOC-001,,ALT-000443,2026-01-12T11:33:00Z,ANL-1010,LOW,CLOSED,FALSE_POSITIVE,Repeated Failed Logins — False Positive,Analysed endpoint telemetry for HOST-4049 tied to T1110 detection.,2026-01-12T20:08:00Z
CASE-000444,SOC-001,,ALT-000444,2026-01-12T09:00:00Z,ANL-1002,LOW,CLOSED,TRUE_POSITIVE,Ransomware Behaviour Detected — True Positive,Checked process execution history for HOST-4842 following T1486 alert.,2026-01-12T17:12:00Z
CASE-000445,SOC-001,,ALT-000445,2026-01-12T23:47:00Z,ANL-1010,HIGH,CLOSED,FALSE_POSITIVE,Unusual SMB Admin Share Access — False Positive,Confirmed T1021.002 alert on HOST-1505 against recent change records.,2026-01-13T01:11:00Z
CASE-000446,SOC-001,,ALT-000446,2026-01-12T23:21:00Z,ANL-1005,HIGH,CLOSED,FALSE_POSITIVE,Ransomware Behaviour Detected — False Positive,Investigated T1486 indicators on HOST-4089; no further lateral movement observed.,2026-01-13T00:56:00Z
CASE-000447,SOC-001,,ALT-000447,2026-01-12T08:22:00Z,ANL-1002,MEDIUM,CLOSED,TRUE_POSITIVE,Upload to Unapproved Cloud Storage — True Positive,Validated authentication logs tied to HOST-4425 to rule out credential compromise.,2026-01-12T12:44:00Z
CASE-000448,SOC-001,,ALT-000448,2026-01-12T11:41:00Z,ANL-1008,HIGH,CLOSED,FALSE_POSITIVE,Suspicious Binary Download — False Positive,Reviewed T1105 activity on HOST-1163; correlated with source 10.221.13.56.,2026-01-12T12:51:00Z
CASE-000449,SOC-001,,ALT-000449,2026-01-12T06:35:00Z,ANL-1009,HIGH,CLOSED,TRUE_POSITIVE,Suspicious Binary Download — True Positive,Analysed endpoint telemetry for HOST-1657 tied to T1105 detection.,2026-01-12T07:46:00Z
CASE-000450,SOC-001,,ALT-000450,2026-01-12T14:57:00Z,ANL-1006,LOW,CLOSED,FALSE_POSITIVE,Unusual SMB Admin Share Access — False Positive,Traced network flow from 10.57.97.149 to determine scope of T1021.002 activity on HOST-4300.,2026-01-12T22:08:00Z
CASE-000451,SOC-001,,ALT-000451,2026-01-12T23:52:00Z,ANL-1005,CRITICAL,CLOSED,TRUE_POSITIVE,Suspicious Binary Download — True Positive,Manually reviewed HOST-1424 logs; findings documented against case ticket.,2026-01-13T00:26:00Z
CASE-000452,SOC-001,,ALT-000452,2026-01-12T18:25:00Z,ANL-1011,LOW,CLOSED,TRUE_POSITIVE,Internal Network Port Scan — True Positive,Manually reviewed HOST-3124 logs; findings documented against case ticket.,2026-01-13T00:32:00Z
CASE-000453,SOC-001,,ALT-000453,2026-01-12T22:41:00Z,ANL-1009,HIGH,CLOSED,FALSE_POSITIVE,Beaconing to Known C2 Domain — False Positive,Checked process execution history for HOST-3939 following T1071.001 alert.,2026-01-13T00:07:00Z
CASE-000454,SOC-001,,ALT-000454,2026-01-12T13:45:00Z,ANL-1003,HIGH,CLOSED,FALSE_POSITIVE,Upload to Unapproved Cloud Storage — False Positive,"Closed with minimal review — T1567 alert on HOST-3010, no further action taken.",2026-01-12T14:33:00Z
CASE-000455,SOC-001,,ALT-000455,2026-01-12T05:46:00Z,ANL-1004,MEDIUM,CLOSED,TRUE_POSITIVE,Unusual Scheduled Task Created — True Positive,Cross-referenced 10.253.61.85 against threat intelligence feeds for HOST-3991.,2026-01-12T09:19:00Z
CASE-000456,SOC-001,,ALT-000456,2026-01-12T12:12:00Z,ANL-1004,LOW,CLOSED,TRUE_POSITIVE,Internal Network Port Scan — True Positive,Confirmed T1595 alert on HOST-2067 against recent change records.,2026-01-12T19:25:00Z
CASE-000457,SOC-001,,ALT-000457,2026-01-12T15:11:00Z,ANL-1009,LOW,CLOSED,TRUE_POSITIVE,Beaconing to Known C2 Domain — True Positive,Reviewed escalation criteria for HOST-3543; behaviour consistent with known baseline.,2026-01-12T19:31:00Z
CASE-000458,SOC-001,,ALT-000458,2026-01-12T04:39:00Z,ANL-1006,MEDIUM,CLOSED,FALSE_POSITIVE,Repeated Failed Logins — False Positive,Reviewed escalation criteria for HOST-3471; behaviour consistent with known baseline.,2026-01-12T09:00:00Z
CASE-000459,SOC-001,,ALT-000459,2026-01-12T06:18:00Z,ANL-1011,LOW,CLOSED,TRUE_POSITIVE,Internal Network Port Scan — True Positive,Confirmed T1595 alert on HOST-2834 against recent change records.,2026-01-12T13:12:00Z
CASE-000460,SOC-001,,ALT-000460,2026-01-12T09:24:00Z,ANL-1004,MEDIUM,CLOSED,TRUE_POSITIVE,LSASS Memory Access — True Positive,Confirmed T1003 alert on HOST-1193 against recent change records.,2026-01-12T13:12:00Z
CASE-000461,SOC-001,,ALT-000461,2026-01-12T03:59:00Z,ANL-1005,LOW,CLOSED,TRUE_POSITIVE,Encoded PowerShell Command — True Positive,Analysed endpoint telemetry for HOST-3823 tied to T1059.001 detection.,2026-01-13T17:03:00Z
CASE-000462,SOC-001,,ALT-000462,2026-01-12T06:52:00Z,ANL-1008,LOW,CLOSED,TRUE_POSITIVE,Suspicious CMD Execution — True Positive,Analysed endpoint telemetry for HOST-4451 tied to T1059.003 detection.,2026-01-12T14:32:00Z
CASE-000463,SOC-001,,ALT-000463,2026-01-12T03:48:00Z,ANL-1002,HIGH,CLOSED,TRUE_POSITIVE,Upload to Unapproved Cloud Storage — True Positive,Cross-referenced 10.254.102.33 against threat intelligence feeds for HOST-2071.,2026-01-12T05:06:00Z
CASE-000464,SOC-001,,ALT-000464,2026-01-12T10:02:00Z,ANL-1010,HIGH,CLOSED,TRUE_POSITIVE,Ransomware Behaviour Detected — True Positive,Reviewed T1486 activity on HOST-3969; correlated with source 10.128.89.90.,2026-01-12T11:03:00Z
CASE-000465,SOC-001,,ALT-000465,2026-01-12T17:10:00Z,ANL-1003,MEDIUM,CLOSED,TRUE_POSITIVE,Ransomware Behaviour Detected — True Positive,Confirmed T1486 alert on HOST-2178 against recent change records.,2026-01-12T19:30:00Z
CASE-000466,SOC-001,,ALT-000466,2026-01-12T00:41:00Z,ANL-1008,MEDIUM,CLOSED,FALSE_POSITIVE,Unusual Scheduled Task Created — False Positive,Analysed endpoint telemetry for HOST-1302 tied to T1053.005 detection.,2026-01-12T03:36:00Z
CASE-000467,SOC-001,,ALT-000467,2026-01-12T09:09:00Z,ANL-1001,HIGH,CLOSED,TRUE_POSITIVE,Large Outbound Data Transfer — True Positive,Validated authentication logs tied to HOST-2768 to rule out credential compromise.,2026-01-12T10:38:00Z
CASE-000468,SOC-001,,ALT-000468,2026-01-12T21:50:00Z,ANL-1010,CRITICAL,CLOSED,TRUE_POSITIVE,Unusual RDP Session — True Positive,Analysed endpoint telemetry for HOST-3987 tied to T1021.001 detection.,2026-01-12T22:39:00Z
CASE-000469,SOC-001,,ALT-000469,2026-01-12T12:36:00Z,ANL-1011,LOW,CLOSED,TRUE_POSITIVE,Internal Network Port Scan — True Positive,Reviewed escalation criteria for HOST-1845; behaviour consistent with known baseline.,2026-01-12T16:39:00Z
CASE-000470,SOC-001,,ALT-000470,2026-01-12T06:19:00Z,ANL-1002,LOW,CLOSED,TRUE_POSITIVE,New Registry Run Key Entry — True Positive,Manually reviewed HOST-1616 logs; findings documented against case ticket.,2026-01-12T12:31:00Z
CASE-000471,SOC-001,,ALT-000471,2026-01-12T14:06:00Z,ANL-1001,MEDIUM,CLOSED,TRUE_POSITIVE,Large Outbound Data Transfer — True Positive,Cross-referenced 10.244.87.197 against threat intelligence feeds for HOST-1600.,2026-01-12T17:14:00Z
CASE-000472,SOC-001,,ALT-000472,2026-01-12T21:12:00Z,ANL-1011,LOW,CLOSED,TRUE_POSITIVE,Upload to Unapproved Cloud Storage — True Positive,"Closed with minimal review — T1567 alert on HOST-4829, no further action taken.",2026-01-13T00:53:00Z
CASE-000473,SOC-001,,ALT-000473,2026-01-12T22:19:00Z,ANL-1005,LOW,CLOSED,TRUE_POSITIVE,Ransomware Behaviour Detected — True Positive,Investigated T1486 indicators on HOST-1978; no further lateral movement observed.,2026-01-13T05:07:00Z
CASE-000474,SOC-001,,ALT-000474,2026-01-12T13:26:00Z,ANL-1006,HIGH,CLOSED,TRUE_POSITIVE,Internal Network Port Scan — True Positive,Cross-referenced 10.98.250.73 against threat intelligence feeds for HOST-4496.,2026-01-12T14:58:00Z
CASE-000475,SOC-001,,ALT-000475,2026-01-12T23:51:00Z,ANL-1006,LOW,CLOSED,FALSE_POSITIVE,Unusual RDP Session — False Positive,Validated authentication logs tied to HOST-1055 to rule out credential compromise.,2026-01-13T10:36:00Z
CASE-000476,SOC-001,,ALT-000476,2026-01-12T16:12:00Z,ANL-1008,LOW,CLOSED,FALSE_POSITIVE,Unusual RDP Session — False Positive,Validated authentication logs tied to HOST-3561 to rule out credential compromise.,2026-01-12T22:49:00Z
CASE-000477,SOC-001,,ALT-000477,2026-01-12T18:18:00Z,ANL-1010,LOW,CLOSED,TRUE_POSITIVE,LSASS Memory Access — True Positive,Checked process execution history for HOST-3602 following T1003 alert.,2026-01-12T22:37:00Z
CASE-000478,SOC-001,,ALT-000478,2026-01-12T11:44:00Z,ANL-1011,LOW,CLOSED,TRUE_POSITIVE,Ransomware Behaviour Detected — True Positive,"Closed with minimal review — T1486 alert on HOST-4159, no further action taken.",2026-01-12T12:21:00Z
CASE-000479,SOC-001,,ALT-000479,2026-01-12T12:29:00Z,ANL-1008,LOW,CLOSED,TRUE_POSITIVE,Internal Network Port Scan — True Positive,Analysed endpoint telemetry for HOST-4261 tied to T1595 detection.,2026-01-12T18:08:00Z
CASE-000480,SOC-001,,ALT-000480,2026-01-12T15:25:00Z,ANL-1003,LOW,CLOSED,TRUE_POSITIVE,Ransomware Behaviour Detected — True Positive,Analysed endpoint telemetry for HOST-1088 tied to T1486 detection.,2026-01-12T23:14:00Z
CASE-000481,SOC-001,,ALT-000481,2026-01-13T20:19:00Z,ANL-1011,MEDIUM,CLOSED,TRUE_POSITIVE,Ransomware Behaviour Detected — True Positive,Reviewed escalation criteria for HOST-2386; behaviour consistent with known baseline.,2026-01-13T23:23:00Z
CASE-000482,SOC-001,,ALT-000482,2026-01-13T22:12:00Z,ANL-1003,MEDIUM,CLOSED,FALSE_POSITIVE,Ransomware Behaviour Detected — False Positive,Validated authentication logs tied to HOST-2356 to rule out credential compromise.,2026-01-14T00:39:00Z
CASE-000483,SOC-001,,ALT-000483,2026-01-13T15:15:00Z,ANL-1004,HIGH,CLOSED,TRUE_POSITIVE,Large Outbound Data Transfer — True Positive,Reviewed T1041 activity on HOST-1241; correlated with source 10.247.74.201.,2026-01-13T16:14:00Z
CASE-000484,SOC-001,,ALT-000484,2026-01-13T00:41:00Z,ANL-1011,LOW,CLOSED,FALSE_POSITIVE,Upload to Unapproved Cloud Storage — False Positive,Cross-referenced 10.75.228.161 against threat intelligence feeds for HOST-1103.,2026-01-13T08:44:00Z
CASE-000485,SOC-001,,ALT-000485,2026-01-13T17:30:00Z,ANL-1006,LOW,CLOSED,TRUE_POSITIVE,Beaconing to Known C2 Domain — True Positive,Cross-referenced 10.222.165.102 against threat intelligence feeds for HOST-2337.,2026-01-13T21:26:00Z
CASE-000486,SOC-001,,ALT-000486,2026-01-13T11:21:00Z,ANL-1002,LOW,CLOSED,TRUE_POSITIVE,Unusual Scheduled Task Created — True Positive,Validated authentication logs tied to HOST-2475 to rule out credential compromise.,2026-01-13T15:41:00Z
CASE-000487,SOC-001,,ALT-000487,2026-01-13T04:55:00Z,ANL-1003,LOW,CLOSED,TRUE_POSITIVE,Ransomware Behaviour Detected — True Positive,Reviewed escalation criteria for HOST-1952; behaviour consistent with known baseline.,2026-01-13T10:19:00Z
CASE-000488,SOC-001,,ALT-000488,2026-01-13T17:00:00Z,ANL-1011,LOW,CLOSED,FALSE_POSITIVE,New Registry Run Key Entry — False Positive,Traced network flow from 10.191.198.41 to determine scope of T1547.001 activity on HOST-1623.,2026-01-13T23:13:00Z
CASE-000489,SOC-001,,ALT-000489,2026-01-13T03:47:00Z,ANL-1004,LOW,CLOSED,TRUE_POSITIVE,Internal Network Port Scan — True Positive,Analysed endpoint telemetry for HOST-2587 tied to T1595 detection.,2026-01-13T07:12:00Z
CASE-000490,SOC-001,,ALT-000490,2026-01-13T15:30:00Z,ANL-1009,MEDIUM,CLOSED,TRUE_POSITIVE,Suspicious Binary Download — True Positive,Validated authentication logs tied to HOST-1676 to rule out credential compromise.,2026-01-13T18:05:00Z
CASE-000491,SOC-001,,ALT-000491,2026-01-13T00:19:00Z,ANL-1001,LOW,CLOSED,FALSE_POSITIVE,Internal Network Port Scan — False Positive,Cross-referenced 10.233.104.31 against threat intelligence feeds for HOST-3677.,2026-01-13T06:04:00Z
CASE-000492,SOC-001,,ALT-000492,2026-01-13T01:31:00Z,ANL-1007,MEDIUM,CLOSED,FALSE_POSITIVE,Unusual RDP Session — False Positive,Analysed endpoint telemetry for HOST-1122 tied to T1021.001 detection.,2026-01-13T05:08:00Z
CASE-000493,SOC-001,,ALT-000493,2026-01-13T19:23:00Z,ANL-1008,LOW,CLOSED,FALSE_POSITIVE,Ransomware Behaviour Detected — False Positive,Confirmed T1486 alert on HOST-1362 against recent change records.,2026-01-13T23:57:00Z
CASE-000494,SOC-001,,ALT-000494,2026-01-13T14:28:00Z,ANL-1009,CRITICAL,CLOSED,FALSE_POSITIVE,Large Outbound Data Transfer — False Positive,Validated authentication logs tied to HOST-3643 to rule out credential compromise.,2026-01-13T15:20:00Z
CASE-000495,SOC-001,,ALT-000495,2026-01-13T11:35:00Z,ANL-1007,LOW,CLOSED,TRUE_POSITIVE,Suspicious Binary Download — True Positive,Investigated T1105 indicators on HOST-4426; no further lateral movement observed.,2026-01-14T18:39:00Z
CASE-000496,SOC-001,,ALT-000496,2026-01-13T09:07:00Z,ANL-1004,LOW,CLOSED,TRUE_POSITIVE,Unusual RDP Session — True Positive,Manually reviewed HOST-1127 logs; findings documented against case ticket.,2026-01-13T15:19:00Z
CASE-000497,SOC-001,,ALT-000497,2026-01-13T22:30:00Z,ANL-1007,LOW,CLOSED,FALSE_POSITIVE,Suspicious CMD Execution — False Positive,Validated authentication logs tied to HOST-2047 to rule out credential compromise.,2026-01-14T04:34:00Z
CASE-000498,SOC-001,,ALT-000498,2026-01-13T22:54:00Z,ANL-1008,LOW,CLOSED,TRUE_POSITIVE,Ransomware Behaviour Detected — True Positive,Manually reviewed HOST-4183 logs; findings documented against case ticket.,2026-01-14T06:43:00Z
CASE-000499,SOC-001,,ALT-000499,2026-01-13T13:07:00Z,ANL-1011,LOW,CLOSED,TRUE_POSITIVE,Large Outbound Data Transfer — True Positive,Cross-referenced 10.248.127.2 against threat intelligence feeds for HOST-2357.,2026-01-13T20:27:00Z
CASE-000500,SOC-001,,ALT-000500,2026-01-13T22:27:00Z,ANL-1001,MEDIUM,CLOSED,FALSE_POSITIVE,Password Spraying Detected — False Positive,Checked process execution history for HOST-4253 following T1110 alert.,2026-01-14T01:03:00Z
CASE-000501,SOC-001,,ALT-000501,2026-01-13T06:28:00Z,ANL-1011,MEDIUM,CLOSED,FALSE_POSITIVE,Suspicious PowerShell — False Positive,Reviewed T1059.001 activity on HOST-3722; correlated with source 10.244.34.249.,2026-01-13T10:10:00Z
CASE-000502,SOC-001,,ALT-000502,2026-01-13T04:20:00Z,ANL-1004,LOW,CLOSED,FALSE_POSITIVE,New Registry Run Key Entry — False Positive,Cross-referenced 10.243.244.123 against threat intelligence feeds for HOST-4323.,2026-01-13T10:40:00Z
CASE-000503,SOC-001,,ALT-000503,2026-01-13T08:26:00Z,ANL-1001,CRITICAL,CLOSED,FALSE_POSITIVE,Unusual SMB Admin Share Access — False Positive,Reviewed T1021.002 activity on HOST-4391; correlated with source 10.202.14.50.,2026-01-13T09:08:00Z
CASE-000504,SOC-001,,ALT-000504,2026-01-13T04:49:00Z,ANL-1011,HIGH,CLOSED,TRUE_POSITIVE,Internal Network Port Scan — True Positive,Checked process execution history for HOST-4182 following T1595 alert.,2026-01-13T06:03:00Z
CASE-000505,SOC-001,,ALT-000505,2026-01-13T16:14:00Z,ANL-1006,HIGH,CLOSED,FALSE_POSITIVE,Upload to Unapproved Cloud Storage — False Positive,Traced network flow from 10.97.178.249 to determine scope of T1567 activity on HOST-3434.,2026-01-13T17:34:00Z
CASE-000506,SOC-001,,ALT-000506,2026-01-13T03:46:00Z,ANL-1005,MEDIUM,CLOSED,TRUE_POSITIVE,Beaconing to Known C2 Domain — True Positive,Checked process execution history for HOST-1710 following T1071.001 alert.,2026-01-13T07:20:00Z
CASE-000507,SOC-001,,ALT-000507,2026-01-13T08:59:00Z,ANL-1008,LOW,CLOSED,TRUE_POSITIVE,Internal Network Port Scan — True Positive,Reviewed T1595 activity on HOST-4325; correlated with source 10.215.101.69.,2026-01-13T14:23:00Z
CASE-000508,SOC-001,,ALT-000508,2026-01-13T08:08:00Z,ANL-1002,LOW,CLOSED,FALSE_POSITIVE,Encoded PowerShell Command — False Positive,Reviewed escalation criteria for HOST-3192; behaviour consistent with known baseline.,2026-01-13T13:45:00Z
CASE-000509,SOC-001,,ALT-000509,2026-01-13T00:10:00Z,ANL-1002,LOW,CLOSED,TRUE_POSITIVE,Unusual RDP Session — True Positive,Confirmed T1021.001 alert on HOST-3524 against recent change records.,2026-01-13T05:23:00Z
CASE-000510,SOC-001,,ALT-000510,2026-01-13T02:26:00Z,ANL-1008,LOW,CLOSED,TRUE_POSITIVE,Internal Network Port Scan — True Positive,Confirmed T1595 alert on HOST-4470 against recent change records.,2026-01-13T07:02:00Z
CASE-000511,SOC-001,,ALT-000511,2026-01-13T11:25:00Z,ANL-1005,LOW,CLOSED,TRUE_POSITIVE,Internal Network Port Scan — True Positive,Investigated T1595 indicators on HOST-2287; no further lateral movement observed.,2026-01-13T19:40:00Z
CASE-000512,SOC-001,,ALT-000512,2026-01-13T15:10:00Z,ANL-1003,LOW,CLOSED,TRUE_POSITIVE,Beaconing to Known C2 Domain — True Positive,Investigated T1071.001 indicators on HOST-2064; no further lateral movement observed.,2026-01-13T22:50:00Z
CASE-000513,SOC-001,,ALT-000513,2026-01-13T02:14:00Z,ANL-1002,LOW,CLOSED,TRUE_POSITIVE,Password Spraying Detected — True Positive,Cross-referenced 10.240.216.230 against threat intelligence feeds for HOST-3132.,2026-01-13T09:10:00Z
CASE-000514,SOC-001,,ALT-000514,2026-01-13T05:49:00Z,ANL-1005,HIGH,CLOSED,TRUE_POSITIVE,Repeated Failed Logins — True Positive,Cross-referenced 10.29.201.35 against threat intelligence feeds for HOST-2333.,2026-01-13T11:21:00Z
CASE-000515,SOC-001,,ALT-000515,2026-01-13T14:33:00Z,ANL-1008,LOW,CLOSED,TRUE_POSITIVE,Encoded PowerShell Command — True Positive,Checked process execution history for HOST-2176 following T1059.001 alert.,2026-01-13T20:52:00Z
CASE-000516,SOC-001,,ALT-000516,2026-01-13T10:31:00Z,ANL-1004,LOW,CLOSED,FALSE_POSITIVE,Internal Network Port Scan — False Positive,Manually reviewed HOST-1097 logs; findings documented against case ticket.,2026-01-13T14:51:00Z
CASE-000517,SOC-001,,ALT-000517,2026-01-13T20:59:00Z,ANL-1002,LOW,CLOSED,TRUE_POSITIVE,LSASS Memory Access — True Positive,Reviewed T1003 activity on HOST-1596; correlated with source 10.197.221.20.,2026-01-14T02:59:00Z
CASE-000518,SOC-001,,ALT-000518,2026-01-13T06:40:00Z,ANL-1009,LOW,CLOSED,TRUE_POSITIVE,Unusual Scheduled Task Created — True Positive,Reviewed escalation criteria for HOST-3086; behaviour consistent with known baseline.,2026-01-13T10:25:00Z
CASE-000519,SOC-001,,ALT-000519,2026-01-13T06:05:00Z,ANL-1010,LOW,CLOSED,TRUE_POSITIVE,Ransomware Behaviour Detected — True Positive,Investigated T1486 indicators on HOST-4747; no further lateral movement observed.,2026-01-13T10:20:00Z
CASE-000520,SOC-001,,ALT-000520,2026-01-13T21:31:00Z,ANL-1002,MEDIUM,CLOSED,TRUE_POSITIVE,Ransomware Behaviour Detected — True Positive,Reviewed escalation criteria for HOST-1678; behaviour consistent with known baseline.,2026-01-14T00:01:00Z
CASE-000521,SOC-001,,ALT-000521,2026-01-14T09:51:00Z,ANL-1005,LOW,CLOSED,TRUE_POSITIVE,Upload to Unapproved Cloud Storage — True Positive,Manually reviewed HOST-3423 logs; findings documented against case ticket.,2026-01-14T16:57:00Z
CASE-000522,SOC-001,,ALT-000522,2026-01-14T13:09:00Z,ANL-1007,MEDIUM,CLOSED,TRUE_POSITIVE,New Registry Run Key Entry — True Positive,Reviewed escalation criteria for HOST-4338; behaviour consistent with known baseline.,2026-01-14T15:17:00Z
CASE-000523,SOC-001,,ALT-000523,2026-01-14T23:00:00Z,ANL-1003,LOW,CLOSED,TRUE_POSITIVE,Internal Network Port Scan — True Positive,Checked process execution history for HOST-4261 following T1595 alert.,2026-01-15T04:42:00Z
CASE-000524,SOC-001,,ALT-000524,2026-01-14T12:52:00Z,ANL-1008,HIGH,CLOSED,TRUE_POSITIVE,Suspicious PowerShell — True Positive,Reviewed escalation criteria for HOST-4674; behaviour consistent with known baseline.,2026-01-14T14:11:00Z
CASE-000525,SOC-001,,ALT-000525,2026-01-14T07:50:00Z,ANL-1005,MEDIUM,CLOSED,TRUE_POSITIVE,Upload to Unapproved Cloud Storage — True Positive,Manually reviewed HOST-4811 logs; findings documented against case ticket.,2026-01-14T11:24:00Z
CASE-000526,SOC-001,,ALT-000526,2026-01-14T21:35:00Z,ANL-1010,CRITICAL,CLOSED,TRUE_POSITIVE,Internal Network Port Scan — True Positive,Analysed endpoint telemetry for HOST-3737 tied to T1595 detection.,2026-01-14T22:22:00Z
CASE-000527,SOC-001,INC-000017,ALT-000527,2026-01-14T02:31:00Z,ANL-1006,CRITICAL,CLOSED,TRUE_POSITIVE,Repeated Failed Logins — True Positive,Traced network flow from 10.253.142.233 to determine scope of T1110 activity on HOST-2703.,2026-01-14T02:57:00Z
CASE-000528,SOC-001,,ALT-000528,2026-01-14T18:35:00Z,ANL-1005,MEDIUM,CLOSED,TRUE_POSITIVE,Unusual SMB Admin Share Access — True Positive,Investigated T1021.002 indicators on HOST-3945; no further lateral movement observed.,2026-01-14T22:22:00Z
CASE-000529,SOC-001,,ALT-000529,2026-01-14T07:52:00Z,ANL-1008,MEDIUM,CLOSED,TRUE_POSITIVE,Internal Network Port Scan — True Positive,Cross-referenced 10.38.140.138 against threat intelligence feeds for HOST-1166.,2026-01-14T10:31:00Z
CASE-000530,SOC-001,,ALT-000530,2026-01-14T07:30:00Z,ANL-1001,LOW,CLOSED,TRUE_POSITIVE,Unusual RDP Session — True Positive,Validated authentication logs tied to HOST-3649 to rule out credential compromise.,2026-01-14T14:07:00Z
CASE-000531,SOC-001,,ALT-000531,2026-01-14T10:07:00Z,ANL-1009,LOW,CLOSED,FALSE_POSITIVE,New Registry Run Key Entry — False Positive,Reviewed escalation criteria for HOST-2848; behaviour consistent with known baseline.,2026-01-14T17:03:00Z
CASE-000532,SOC-001,,ALT-000532,2026-01-14T20:22:00Z,ANL-1001,CRITICAL,CLOSED,TRUE_POSITIVE,Password Spraying Detected — True Positive,Reviewed T1110 activity on HOST-4101; correlated with source 10.206.108.43.,2026-01-14T21:11:00Z
CASE-000533,SOC-001,,ALT-000533,2026-01-14T00:20:00Z,ANL-1008,MEDIUM,CLOSED,TRUE_POSITIVE,Suspicious CMD Execution — True Positive,Cross-referenced 10.59.69.122 against threat intelligence feeds for HOST-4430.,2026-01-14T02:28:00Z
CASE-000534,SOC-001,,ALT-000534,2026-01-14T13:04:00Z,ANL-1009,LOW,CLOSED,TRUE_POSITIVE,Upload to Unapproved Cloud Storage — True Positive,Cross-referenced 10.153.208.6 against threat intelligence feeds for HOST-4480.,2026-01-14T20:11:00Z
CASE-000535,SOC-001,,ALT-000535,2026-01-14T17:48:00Z,ANL-1009,LOW,CLOSED,FALSE_POSITIVE,Unusual RDP Session — False Positive,Manually reviewed HOST-2275 logs; findings documented against case ticket.,2026-01-14T23:07:00Z
CASE-000536,SOC-001,,ALT-000536,2026-01-14T17:57:00Z,ANL-1004,LOW,CLOSED,TRUE_POSITIVE,Suspicious Binary Download — True Positive,Confirmed T1105 alert on HOST-3420 against recent change records.,2026-01-14T23:04:00Z
CASE-000537,SOC-001,,ALT-000537,2026-01-14T18:26:00Z,ANL-1010,LOW,CLOSED,TRUE_POSITIVE,Internal Network Port Scan — True Positive,Validated authentication logs tied to HOST-2656 to rule out credential compromise.,2026-01-15T01:19:00Z
CASE-000538,SOC-001,,ALT-000538,2026-01-14T06:17:00Z,ANL-1002,MEDIUM,CLOSED,TRUE_POSITIVE,Unusual RDP Session — True Positive,Cross-referenced 10.7.211.28 against threat intelligence feeds for HOST-1544.,2026-01-14T08:39:00Z
CASE-000539,SOC-001,,ALT-000539,2026-01-14T21:15:00Z,ANL-1008,LOW,CLOSED,TRUE_POSITIVE,Unusual SMB Admin Share Access — True Positive,Reviewed T1021.002 activity on HOST-3727; correlated with source 10.129.1.111.,2026-01-15T03:41:00Z
CASE-000540,SOC-001,,ALT-000540,2026-01-14T07:28:00Z,ANL-1004,LOW,CLOSED,TRUE_POSITIVE,Ransomware Behaviour Detected — True Positive,Checked process execution history for HOST-3638 following T1486 alert.,2026-01-14T15:54:00Z
CASE-000541,SOC-001,,ALT-000541,2026-01-14T03:15:00Z,ANL-1005,LOW,CLOSED,TRUE_POSITIVE,Upload to Unapproved Cloud Storage — True Positive,Analysed endpoint telemetry for HOST-3323 tied to T1567 detection.,2026-01-14T10:47:00Z
CASE-000542,SOC-001,,ALT-000542,2026-01-14T19:36:00Z,ANL-1010,MEDIUM,CLOSED,TRUE_POSITIVE,Upload to Unapproved Cloud Storage — True Positive,Analysed endpoint telemetry for HOST-3743 tied to T1567 detection.,2026-01-14T22:49:00Z
CASE-000543,SOC-001,,ALT-000543,2026-01-14T02:06:00Z,ANL-1011,MEDIUM,CLOSED,FALSE_POSITIVE,Encoded PowerShell Command — False Positive,Checked process execution history for HOST-4025 following T1059.001 alert.,2026-01-14T05:17:00Z
CASE-000544,SOC-001,,ALT-000544,2026-01-14T08:34:00Z,ANL-1003,LOW,CLOSED,TRUE_POSITIVE,New Registry Run Key Entry — True Positive,Confirmed T1547.001 alert on HOST-3822 against recent change records.,2026-01-14T19:43:00Z
CASE-000545,SOC-001,,ALT-000545,2026-01-14T07:47:00Z,ANL-1001,LOW,CLOSED,FALSE_POSITIVE,Suspicious CMD Execution — False Positive,Manually reviewed HOST-1642 logs; findings documented against case ticket.,2026-01-14T12:32:00Z
CASE-000546,SOC-001,,ALT-000546,2026-01-14T05:43:00Z,ANL-1007,LOW,CLOSED,TRUE_POSITIVE,Internal Network Port Scan — True Positive,Investigated T1595 indicators on HOST-3183; no further lateral movement observed.,2026-01-14T10:43:00Z
CASE-000547,SOC-001,,ALT-000547,2026-01-14T00:12:00Z,ANL-1007,CRITICAL,CLOSED,TRUE_POSITIVE,Suspicious Binary Download — True Positive,Confirmed T1105 alert on HOST-4269 against recent change records.,2026-01-14T01:10:00Z
CASE-000548,SOC-001,,ALT-000548,2026-01-14T02:16:00Z,ANL-1005,LOW,CLOSED,TRUE_POSITIVE,Unusual Scheduled Task Created — True Positive,Investigated T1053.005 indicators on HOST-3201; no further lateral movement observed.,2026-01-14T06:23:00Z
CASE-000549,SOC-001,,ALT-000549,2026-01-14T00:49:00Z,ANL-1011,HIGH,CLOSED,TRUE_POSITIVE,Beaconing to Known C2 Domain — True Positive,Investigated T1071.001 indicators on HOST-4195; no further lateral movement observed.,2026-01-14T02:30:00Z
CASE-000550,SOC-001,,ALT-000550,2026-01-14T19:42:00Z,ANL-1010,MEDIUM,CLOSED,TRUE_POSITIVE,Large Outbound Data Transfer — True Positive,Validated authentication logs tied to HOST-1605 to rule out credential compromise.,2026-01-14T23:18:00Z
CASE-000551,SOC-001,,ALT-000551,2026-01-14T16:17:00Z,ANL-1009,LOW,CLOSED,TRUE_POSITIVE,Internal Network Port Scan — True Positive,Validated authentication logs tied to HOST-3965 to rule out credential compromise.,2026-01-14T21:08:00Z
CASE-000552,SOC-001,,ALT-000552,2026-01-14T00:49:00Z,ANL-1010,MEDIUM,CLOSED,FALSE_POSITIVE,Unusual SMB Admin Share Access — False Positive,Validated authentication logs tied to HOST-4221 to rule out credential compromise.,2026-01-14T04:16:00Z
CASE-000553,SOC-001,,ALT-000553,2026-01-14T04:43:00Z,ANL-1002,LOW,CLOSED,TRUE_POSITIVE,Internal Network Port Scan — True Positive,Checked process execution history for HOST-1992 following T1595 alert.,2026-01-14T10:45:00Z
CASE-000554,SOC-001,,ALT-000554,2026-01-14T12:10:00Z,ANL-1006,LOW,CLOSED,FALSE_POSITIVE,Ransomware Behaviour Detected — False Positive,Investigated T1486 indicators on HOST-3587; no further lateral movement observed.,2026-01-14T18:32:00Z
CASE-000555,SOC-001,,ALT-000555,2026-01-14T22:32:00Z,ANL-1009,LOW,CLOSED,TRUE_POSITIVE,Suspicious PowerShell — True Positive,Reviewed escalation criteria for HOST-3277; behaviour consistent with known baseline.,2026-01-15T06:27:00Z
CASE-000556,SOC-001,,ALT-000556,2026-01-14T03:05:00Z,ANL-1002,HIGH,CLOSED,FALSE_POSITIVE,New Registry Run Key Entry — False Positive,Checked process execution history for HOST-4301 following T1547.001 alert.,2026-01-14T04:05:00Z
CASE-000557,SOC-001,,ALT-000557,2026-01-14T16:54:00Z,ANL-1007,LOW,CLOSED,FALSE_POSITIVE,Ransomware Behaviour Detected — False Positive,Confirmed T1486 alert on HOST-4935 against recent change records.,2026-01-15T01:01:00Z
CASE-000558,SOC-001,,ALT-000558,2026-01-14T06:25:00Z,ANL-1006,HIGH,CLOSED,TRUE_POSITIVE,New Registry Run Key Entry — True Positive,Confirmed T1547.001 alert on HOST-3785 against recent change records.,2026-01-14T07:33:00Z
CASE-000559,SOC-001,,ALT-000559,2026-01-14T05:13:00Z,ANL-1010,LOW,CLOSED,TRUE_POSITIVE,LSASS Memory Access — True Positive,Validated authentication logs tied to HOST-3961 to rule out credential compromise.,2026-01-14T12:48:00Z
CASE-000560,SOC-001,,ALT-000560,2026-01-14T23:02:00Z,ANL-1009,MEDIUM,CLOSED,TRUE_POSITIVE,Ransomware Behaviour Detected — True Positive,Checked process execution history for HOST-4238 following T1486 alert.,2026-01-15T02:27:00Z
CASE-000561,SOC-002,,ALT-000561,2026-01-01T17:11:00Z,ANL-2014,HIGH,CLOSED,TRUE_POSITIVE,Suspicious Binary Download — True Positive,Investigated T1105 indicators on HOST-3085; no further lateral movement observed.,2026-01-01T18:09:00Z
CASE-000562,SOC-002,,ALT-000562,2026-01-01T07:41:00Z,ANL-2012,MEDIUM,CLOSED,TRUE_POSITIVE,Unusual SMB Admin Share Access — True Positive,"Closed with minimal review — T1021.002 alert on HOST-1868, no further action taken.",2026-01-01T10:21:00Z
CASE-000563,SOC-002,,ALT-000563,2026-01-01T05:25:00Z,ANL-2020,CRITICAL,CLOSED,FALSE_POSITIVE,Password Spraying Detected — False Positive,Traced network flow from 10.192.151.213 to determine scope of T1110 activity on HOST-3387.,2026-01-02T04:41:00Z
CASE-000564,SOC-002,,ALT-000564,2026-01-01T05:53:00Z,ANL-2008,HIGH,CLOSED,TRUE_POSITIVE,Large Outbound Data Transfer — True Positive,Confirmed T1041 alert on HOST-1443 against recent change records.,2026-01-01T07:14:00Z
CASE-000565,SOC-002,,ALT-000565,2026-01-01T16:08:00Z,ANL-2022,MEDIUM,CLOSED,FALSE_POSITIVE,Unusual SMB Admin Share Access — False Positive,No further action required.,2026-01-01T20:21:00Z
CASE-000566,SOC-002,,ALT-000566,2026-01-01T13:40:00Z,ANL-2003,MEDIUM,CLOSED,FALSE_POSITIVE,Large Outbound Data Transfer — False Positive,"Closed with minimal review — T1041 alert on HOST-2411, no further action taken.",2026-01-01T15:52:00Z
CASE-000567,SOC-002,,ALT-000567,2026-01-01T18:50:00Z,ANL-2010,MEDIUM,CLOSED,FALSE_POSITIVE,Unusual SMB Admin Share Access — False Positive,Validated authentication logs tied to HOST-1985 to rule out credential compromise.,2026-01-01T22:35:00Z
CASE-000568,SOC-002,INC-000018,ALT-000568,2026-01-01T16:03:00Z,ANL-2020,CRITICAL,CLOSED,TRUE_POSITIVE,Beaconing to Known C2 Domain — True Positive,Manually reviewed HOST-2536 logs; findings documented against case ticket.,2026-01-01T23:25:00Z
CASE-000569,SOC-002,,ALT-000569,2026-01-01T12:48:00Z,ANL-2014,HIGH,CLOSED,TRUE_POSITIVE,Password Spraying Detected — True Positive,Checked process execution history for HOST-3973 following T1110 alert.,2026-01-01T13:54:00Z
CASE-000570,SOC-002,,ALT-000570,2026-01-01T06:22:00Z,ANL-2013,HIGH,CLOSED,TRUE_POSITIVE,LSASS Memory Access — True Positive,"Closed with minimal review — T1003 alert on HOST-1701, no further action taken.",2026-01-01T07:37:00Z
CASE-000571,SOC-002,,ALT-000571,2026-01-01T18:22:00Z,ANL-2013,MEDIUM,CLOSED,TRUE_POSITIVE,Unusual SMB Admin Share Access — True Positive,Validated authentication logs tied to HOST-3236 to rule out credential compromise.,2026-01-01T20:30:00Z
CASE-000572,SOC-002,,ALT-000572,2026-01-01T15:34:00Z,ANL-2004,HIGH,CLOSED,FALSE_POSITIVE,Ransomware Behaviour Detected — False Positive,Validated authentication logs tied to HOST-2631 to rule out credential compromise.,2026-01-01T16:32:00Z
CASE-000573,SOC-002,,ALT-000573,2026-01-01T16:11:00Z,ANL-2018,HIGH,CLOSED,TRUE_POSITIVE,Internal Network Port Scan — True Positive,Cross-referenced 10.173.117.147 against threat intelligence feeds for HOST-4473.,2026-01-01T17:17:00Z
CASE-000574,SOC-002,,ALT-000574,2026-01-01T02:42:00Z,ANL-2006,LOW,CLOSED,TRUE_POSITIVE,Suspicious CMD Execution — True Positive,Reviewed escalation criteria for HOST-1588; behaviour consistent with known baseline.,2026-01-01T07:08:00Z
CASE-000575,SOC-002,,ALT-000575,2026-01-01T21:17:00Z,ANL-2008,MEDIUM,CLOSED,TRUE_POSITIVE,Internal Network Port Scan — True Positive,"Closed with minimal review — T1595 alert on HOST-3188, no further action taken.",2026-01-02T00:40:00Z
CASE-000576,SOC-002,,ALT-000576,2026-01-01T10:54:00Z,ANL-2024,LOW,CLOSED,TRUE_POSITIVE,Upload to Unapproved Cloud Storage — True Positive,Cross-referenced 10.145.177.116 against threat intelligence feeds for HOST-3480.,2026-01-01T14:38:00Z
CASE-000577,SOC-002,,ALT-000577,2026-01-01T19:04:00Z,ANL-2024,LOW,CLOSED,TRUE_POSITIVE,Suspicious CMD Execution — True Positive,Cross-referenced 10.252.196.139 against threat intelligence feeds for HOST-1319.,2026-01-02T03:15:00Z
CASE-000578,SOC-002,,ALT-000578,2026-01-01T00:42:00Z,ANL-2012,MEDIUM,CLOSED,FALSE_POSITIVE,Unusual SMB Admin Share Access — False Positive,"Closed with minimal review — T1021.002 alert on HOST-4616, no further action taken.",2026-01-01T01:13:00Z
CASE-000579,SOC-002,,ALT-000579,2026-01-01T19:18:00Z,ANL-2006,LOW,CLOSED,TRUE_POSITIVE,Internal Network Port Scan — True Positive,Manually reviewed HOST-2445 logs; findings documented against case ticket.,2026-01-01T22:50:00Z
CASE-000580,SOC-002,,ALT-000580,2026-01-01T05:25:00Z,ANL-2019,LOW,CLOSED,TRUE_POSITIVE,LSASS Memory Access — True Positive,Investigated T1003 indicators on HOST-3357; no further lateral movement observed.,2026-01-01T10:50:00Z
CASE-000581,SOC-002,,ALT-000581,2026-01-01T19:07:00Z,ANL-2022,LOW,CLOSED,FALSE_POSITIVE,Large Outbound Data Transfer — False Positive,No further action required.,2026-01-02T03:38:00Z
CASE-000582,SOC-002,,ALT-000582,2026-01-01T11:39:00Z,ANL-2007,LOW,CLOSED,FALSE_POSITIVE,Beaconing to Known C2 Domain — False Positive,Traced network flow from 10.121.218.115 to determine scope of T1071.001 activity on HOST-1710.,2026-01-01T18:13:00Z
CASE-000583,SOC-002,,ALT-000583,2026-01-01T04:48:00Z,ANL-2016,MEDIUM,CLOSED,TRUE_POSITIVE,New Registry Run Key Entry — True Positive,Reviewed escalation criteria for HOST-4419; behaviour consistent with known baseline.,2026-01-01T06:44:00Z
CASE-000584,SOC-002,,ALT-000584,2026-01-01T11:50:00Z,ANL-2011,HIGH,CLOSED,FALSE_POSITIVE,Suspicious Binary Download — False Positive,Validated authentication logs tied to HOST-2728 to rule out credential compromise.,2026-01-01T13:31:00Z
CASE-000585,SOC-002,,ALT-000585,2026-01-01T03:51:00Z,ANL-2011,MEDIUM,CLOSED,FALSE_POSITIVE,Unusual Scheduled Task Created — False Positive,Manually reviewed HOST-4382 logs; findings documented against case ticket.,2026-01-01T22:55:00Z
CASE-000586,SOC-002,,ALT-000586,2026-01-01T20:50:00Z,ANL-2015,MEDIUM,CLOSED,FALSE_POSITIVE,LSASS Memory Access — False Positive,Confirmed T1003 alert on HOST-4681 against recent change records.,2026-01-02T01:01:00Z
CASE-000587,SOC-002,,ALT-000587,2026-01-01T12:47:00Z,ANL-2001,MEDIUM,CLOSED,FALSE_POSITIVE,Password Spraying Detected — False Positive,Investigated T1110 indicators on HOST-1241; no further lateral movement observed.,2026-01-01T15:27:00Z
CASE-000588,SOC-002,,ALT-000588,2026-01-01T18:02:00Z,ANL-2011,LOW,CLOSED,TRUE_POSITIVE,Suspicious Binary Download — True Positive,Validated authentication logs tied to HOST-1633 to rule out credential compromise.,2026-01-02T00:16:00Z
CASE-000589,SOC-002,,ALT-000589,2026-01-01T18:36:00Z,ANL-2020,LOW,CLOSED,TRUE_POSITIVE,Password Spraying Detected — True Positive,Investigated T1110 indicators on HOST-1635; no further lateral movement observed.,2026-01-01T23:55:00Z
CASE-000590,SOC-002,,ALT-000590,2026-01-01T23:47:00Z,ANL-2016,HIGH,CLOSED,TRUE_POSITIVE,Internal Network Port Scan — True Positive,Reviewed escalation criteria for HOST-2896; behaviour consistent with known baseline.,2026-01-02T04:03:00Z
CASE-000591,SOC-002,,ALT-000591,2026-01-01T15:45:00Z,ANL-2011,HIGH,CLOSED,TRUE_POSITIVE,Unusual SMB Admin Share Access — True Positive,Traced network flow from 10.14.50.35 to determine scope of T1021.002 activity on HOST-1877.,2026-01-01T17:03:00Z
CASE-000592,SOC-002,,ALT-000592,2026-01-01T22:56:00Z,ANL-2012,MEDIUM,CLOSED,TRUE_POSITIVE,Ransomware Behaviour Detected — True Positive,Validated authentication logs tied to HOST-3957 to rule out credential compromise.,2026-01-02T03:13:00Z
CASE-000593,SOC-002,,ALT-000593,2026-01-01T23:37:00Z,ANL-2024,MEDIUM,CLOSED,TRUE_POSITIVE,Unusual Scheduled Task Created — True Positive,Cross-referenced 10.101.244.71 against threat intelligence feeds for HOST-1685.,2026-01-02T03:43:00Z
CASE-000594,SOC-002,,ALT-000594,2026-01-01T21:59:00Z,ANL-2023,LOW,CLOSED,FALSE_POSITIVE,Repeated Failed Logins — False Positive,Traced network flow from 10.71.27.30 to determine scope of T1110 activity on HOST-4550.,2026-01-02T04:51:00Z
CASE-000595,SOC-002,INC-000019,ALT-000595,2026-01-01T23:13:00Z,ANL-2002,CRITICAL,CLOSED,TRUE_POSITIVE,Ransomware Behaviour Detected — True Positive,Traced network flow from 10.172.106.138 to determine scope of T1486 activity on HOST-4058.,2026-01-01T23:46:00Z
CASE-000596,SOC-002,,ALT-000596,2026-01-01T04:01:00Z,ANL-2019,MEDIUM,CLOSED,TRUE_POSITIVE,Beaconing to Known C2 Domain — True Positive,Validated authentication logs tied to HOST-2538 to rule out credential compromise.,2026-01-01T06:55:00Z
CASE-000597,SOC-002,,ALT-000597,2026-01-01T09:48:00Z,ANL-2005,MEDIUM,CLOSED,TRUE_POSITIVE,Internal Network Port Scan — True Positive,"Closed with minimal review — T1595 alert on HOST-2586, no further action taken.",2026-01-01T10:40:00Z
CASE-000598,SOC-002,,ALT-000598,2026-01-01T18:01:00Z,ANL-2014,MEDIUM,CLOSED,TRUE_POSITIVE,Suspicious CMD Execution — True Positive,Manually reviewed HOST-4530 logs; findings documented against case ticket.,2026-01-01T18:25:00Z
CASE-000599,SOC-002,,ALT-000599,2026-01-01T14:37:00Z,ANL-2022,MEDIUM,CLOSED,FALSE_POSITIVE,Suspicious Binary Download — False Positive,No further action required.,2026-01-01T17:25:00Z
CASE-000600,SOC-002,,ALT-000600,2026-01-01T14:25:00Z,ANL-2009,MEDIUM,CLOSED,FALSE_POSITIVE,Unusual RDP Session — False Positive,"Closed with minimal review — T1021.001 alert on HOST-1411, no further action taken.",2026-01-01T18:24:00Z
CASE-000601,SOC-002,,ALT-000601,2026-01-02T16:02:00Z,ANL-2014,MEDIUM,CLOSED,FALSE_POSITIVE,New Registry Run Key Entry — False Positive,"Closed with minimal review — T1547.001 alert on HOST-1022, no further action taken.",2026-01-02T16:47:00Z
CASE-000602,SOC-002,,ALT-000602,2026-01-02T16:43:00Z,ANL-2012,LOW,CLOSED,TRUE_POSITIVE,Encoded PowerShell Command — True Positive,"Closed with minimal review — T1059.001 alert on HOST-3177, no further action taken.",2026-01-02T23:56:00Z
CASE-000603,SOC-002,,ALT-000603,2026-01-02T02:22:00Z,ANL-2019,MEDIUM,CLOSED,TRUE_POSITIVE,Upload to Unapproved Cloud Storage — True Positive,Manually reviewed HOST-1609 logs; findings documented against case ticket.,2026-01-02T04:20:00Z
CASE-000604,SOC-002,,ALT-000604,2026-01-02T20:16:00Z,ANL-2019,LOW,CLOSED,TRUE_POSITIVE,Ransomware Behaviour Detected — True Positive,Traced network flow from 10.138.1.81 to determine scope of T1486 activity on HOST-4067.,2026-01-03T00:48:00Z
CASE-000605,SOC-002,,ALT-000605,2026-01-02T14:43:00Z,ANL-2004,LOW,CLOSED,FALSE_POSITIVE,Ransomware Behaviour Detected — False Positive,Analysed endpoint telemetry for HOST-3417 tied to T1486 detection.,2026-01-02T22:40:00Z
CASE-000606,SOC-002,,ALT-000606,2026-01-02T03:39:00Z,ANL-2015,MEDIUM,CLOSED,FALSE_POSITIVE,Password Spraying Detected — False Positive,Checked process execution history for HOST-4735 following T1110 alert.,2026-01-02T08:06:00Z
CASE-000607,SOC-002,,ALT-000607,2026-01-02T03:05:00Z,ANL-2015,CRITICAL,CLOSED,FALSE_POSITIVE,Unusual SMB Admin Share Access — False Positive,Traced network flow from 10.15.36.249 to determine scope of T1021.002 activity on HOST-4675.,2026-01-02T03:53:00Z
CASE-000608,SOC-002,,ALT-000608,2026-01-02T13:30:00Z,ANL-2011,LOW,CLOSED,TRUE_POSITIVE,Repeated Failed Logins — True Positive,Manually reviewed HOST-1191 logs; findings documented against case ticket.,2026-01-04T00:34:00Z
CASE-000609,SOC-002,,ALT-000609,2026-01-02T11:14:00Z,ANL-2023,LOW,CLOSED,TRUE_POSITIVE,Internal Network Port Scan — True Positive,Confirmed T1595 alert on HOST-3411 against recent change records.,2026-01-02T17:47:00Z
CASE-000610,SOC-002,,ALT-000610,2026-01-02T19:59:00Z,ANL-2014,MEDIUM,CLOSED,FALSE_POSITIVE,Internal Network Port Scan — False Positive,Cross-referenced 10.196.127.185 against threat intelligence feeds for HOST-4624.,2026-01-02T23:43:00Z
CASE-000611,SOC-002,,ALT-000611,2026-01-02T04:00:00Z,ANL-2017,LOW,CLOSED,FALSE_POSITIVE,Beaconing to Known C2 Domain — False Positive,Checked process execution history for HOST-3239 following T1071.001 alert.,2026-01-02T20:41:00Z
CASE-000612,SOC-002,,ALT-000612,2026-01-02T20:52:00Z,ANL-2006,LOW,CLOSED,FALSE_POSITIVE,Unusual RDP Session — False Positive,"Closed with minimal review — T1021.001 alert on HOST-1027, no further action taken.",2026-01-02T22:14:00Z
CASE-000613,SOC-002,,ALT-000613,2026-01-02T09:31:00Z,ANL-2005,CRITICAL,CLOSED,TRUE_POSITIVE,Encoded PowerShell Command — True Positive,Reviewed T1059.001 activity on HOST-2140; correlated with source 10.16.98.179.,2026-01-02T10:19:00Z
CASE-000614,SOC-002,,ALT-000614,2026-01-02T03:17:00Z,ANL-2003,HIGH,CLOSED,TRUE_POSITIVE,Suspicious CMD Execution — True Positive,Investigated T1059.003 indicators on HOST-1595; no further lateral movement observed.,2026-01-02T04:36:00Z
CASE-000615,SOC-002,,ALT-000615,2026-01-02T08:20:00Z,ANL-2022,LOW,CLOSED,TRUE_POSITIVE,Internal Network Port Scan — True Positive,No further action required.,2026-01-02T13:47:00Z
CASE-000616,SOC-002,,ALT-000616,2026-01-02T22:41:00Z,ANL-2005,LOW,CLOSED,TRUE_POSITIVE,Internal Network Port Scan — True Positive,Investigated T1595 indicators on HOST-2682; no further lateral movement observed.,2026-01-03T03:11:00Z
CASE-000617,SOC-002,,ALT-000617,2026-01-02T13:16:00Z,ANL-2006,MEDIUM,CLOSED,TRUE_POSITIVE,Internal Network Port Scan — True Positive,Reviewed escalation criteria for HOST-2338; behaviour consistent with known baseline.,2026-01-02T16:30:00Z
CASE-000618,SOC-002,,ALT-000618,2026-01-02T20:11:00Z,ANL-2014,HIGH,CLOSED,TRUE_POSITIVE,Upload to Unapproved Cloud Storage — True Positive,Manually reviewed HOST-4499 logs; findings documented against case ticket.,2026-01-02T21:43:00Z
CASE-000619,SOC-002,,ALT-000619,2026-01-02T19:04:00Z,ANL-2013,LOW,CLOSED,TRUE_POSITIVE,Ransomware Behaviour Detected — True Positive,Checked process execution history for HOST-2294 following T1486 alert.,2026-01-03T02:49:00Z
CASE-000620,SOC-002,INC-000020,ALT-000620,2026-01-02T00:59:00Z,ANL-2009,CRITICAL,CLOSED,TRUE_POSITIVE,LSASS Memory Access — True Positive,Traced network flow from 10.84.217.20 to determine scope of T1003 activity on HOST-4675.,2026-01-02T01:43:00Z
CASE-000621,SOC-002,,ALT-000621,2026-01-02T21:35:00Z,ANL-2023,LOW,CLOSED,FALSE_POSITIVE,Suspicious Binary Download — False Positive,Confirmed T1105 alert on HOST-1505 against recent change records.,2026-01-04T04:33:00Z
CASE-000622,SOC-002,,ALT-000622,2026-01-02T12:48:00Z,ANL-2007,MEDIUM,CLOSED,TRUE_POSITIVE,Ransomware Behaviour Detected — True Positive,Validated authentication logs tied to HOST-4168 to rule out credential compromise.,2026-01-02T15:09:00Z
CASE-000623,SOC-002,,ALT-000623,2026-01-02T01:24:00Z,ANL-2020,HIGH,CLOSED,FALSE_POSITIVE,Suspicious CMD Execution — False Positive,Checked process execution history for HOST-1796 following T1059.003 alert.,2026-01-02T02:38:00Z
CASE-000624,SOC-002,,ALT-000624,2026-01-02T21:23:00Z,ANL-2009,LOW,CLOSED,TRUE_POSITIVE,Internal Network Port Scan — True Positive,Investigated T1595 indicators on HOST-2041; no further lateral movement observed.,2026-01-03T02:53:00Z
CASE-000625,SOC-002,,ALT-000625,2026-01-02T22:38:00Z,ANL-2002,HIGH,CLOSED,TRUE_POSITIVE,Internal Network Port Scan — True Positive,Analysed endpoint telemetry for HOST-4130 tied to T1595 detection.,2026-01-03T01:25:00Z
CASE-000626,SOC-002,,ALT-000626,2026-01-02T17:41:00Z,ANL-2008,LOW,CLOSED,TRUE_POSITIVE,Large Outbound Data Transfer — True Positive,Reviewed T1041 activity on HOST-1834; correlated with source 10.121.52.39.,2026-01-03T00:54:00Z
CASE-000627,SOC-002,,ALT-000627,2026-01-02T02:44:00Z,ANL-2017,HIGH,CLOSED,TRUE_POSITIVE,Repeated Failed Logins — True Positive,Investigated T1110 indicators on HOST-1066; no further lateral movement observed.,2026-01-02T03:33:00Z
CASE-000628,SOC-002,,ALT-000628,2026-01-02T01:50:00Z,ANL-2016,MEDIUM,CLOSED,TRUE_POSITIVE,Beaconing to Known C2 Domain — True Positive,Analysed endpoint telemetry for HOST-4092 tied to T1071.001 detection.,2026-01-02T16:21:00Z
CASE-000629,SOC-002,,ALT-000629,2026-01-02T01:27:00Z,ANL-2014,LOW,CLOSED,FALSE_POSITIVE,Ransomware Behaviour Detected — False Positive,Investigated T1486 indicators on HOST-3822; no further lateral movement observed.,2026-01-02T05:55:00Z
CASE-000630,SOC-002,,ALT-000630,2026-01-02T06:27:00Z,ANL-2014,LOW,CLOSED,TRUE_POSITIVE,Ransomware Behaviour Detected — True Positive,Reviewed T1486 activity on HOST-3300; correlated with source 10.193.207.41.,2026-01-02T12:46:00Z
CASE-000631,SOC-002,,ALT-000631,2026-01-02T02:36:00Z,ANL-2015,LOW,CLOSED,FALSE_POSITIVE,Suspicious Binary Download — False Positive,Checked process execution history for HOST-4456 following T1105 alert.,2026-01-03T13:39:00Z
CASE-000632,SOC-002,,ALT-000632,2026-01-02T03:29:00Z,ANL-2016,MEDIUM,CLOSED,TRUE_POSITIVE,Ransomware Behaviour Detected — True Positive,Cross-referenced 10.70.249.76 against threat intelligence feeds for HOST-4979.,2026-01-02T07:02:00Z
CASE-000633,SOC-002,,ALT-000633,2026-01-02T22:56:00Z,ANL-2009,MEDIUM,CLOSED,FALSE_POSITIVE,Ransomware Behaviour Detected — False Positive,Reviewed T1486 activity on HOST-4322; correlated with source 10.53.177.175.,2026-01-04T18:16:00Z
CASE-000634,SOC-002,,ALT-000634,2026-01-02T10:26:00Z,ANL-2009,CRITICAL,CLOSED,FALSE_POSITIVE,New Registry Run Key Entry — False Positive,Validated authentication logs tied to HOST-4680 to rule out credential compromise.,2026-01-02T11:05:00Z
CASE-000635,SOC-002,,ALT-000635,2026-01-02T11:00:00Z,ANL-2016,LOW,CLOSED,TRUE_POSITIVE,Unusual Scheduled Task Created — True Positive,"Closed with minimal review — T1053.005 alert on HOST-1027, no further action taken.",2026-01-02T12:09:00Z
CASE-000636,SOC-002,,ALT-000636,2026-01-02T04:12:00Z,ANL-2002,LOW,CLOSED,TRUE_POSITIVE,Beaconing to Known C2 Domain — True Positive,Confirmed T1071.001 alert on HOST-3332 against recent change records.,2026-01-02T08:11:00Z
CASE-000637,SOC-002,,ALT-000637,2026-01-02T08:30:00Z,ANL-2004,LOW,CLOSED,TRUE_POSITIVE,Unusual SMB Admin Share Access — True Positive,Checked process execution history for HOST-2053 following T1021.002 alert.,2026-01-02T16:28:00Z
CASE-000638,SOC-002,,ALT-000638,2026-01-02T11:28:00Z,ANL-2009,CRITICAL,CLOSED,FALSE_POSITIVE,Ransomware Behaviour Detected — False Positive,"Closed with minimal review — T1486 alert on HOST-1027, no further action taken.",2026-01-02T12:08:00Z
CASE-000639,SOC-002,,ALT-000639,2026-01-02T12:58:00Z,ANL-2021,LOW,CLOSED,FALSE_POSITIVE,Unusual SMB Admin Share Access — False Positive,Validated authentication logs tied to HOST-1933 to rule out credential compromise.,2026-01-02T21:00:00Z
CASE-000640,SOC-002,,ALT-000640,2026-01-02T10:06:00Z,ANL-2002,MEDIUM,CLOSED,TRUE_POSITIVE,Repeated Failed Logins — True Positive,Cross-referenced 10.52.119.26 against threat intelligence feeds for HOST-2365.,2026-01-02T13:32:00Z
CASE-000641,SOC-002,,ALT-000641,2026-01-03T08:44:00Z,ANL-2003,LOW,CLOSED,TRUE_POSITIVE,Internal Network Port Scan — True Positive,"Closed with minimal review — T1595 alert on HOST-4767, no further action taken.",2026-01-03T14:12:00Z
CASE-000642,SOC-002,,ALT-000642,2026-01-03T23:59:00Z,ANL-2006,LOW,CLOSED,FALSE_POSITIVE,New Registry Run Key Entry — False Positive,Reviewed escalation criteria for HOST-4534; behaviour consistent with known baseline.,2026-01-04T05:41:00Z
CASE-000643,SOC-002,,ALT-000643,2026-01-03T09:43:00Z,ANL-2020,LOW,CLOSED,TRUE_POSITIVE,Suspicious PowerShell — True Positive,Reviewed escalation criteria for HOST-2608; behaviour consistent with known baseline.,2026-01-03T14:20:00Z
CASE-000644,SOC-002,,ALT-000644,2026-01-03T11:43:00Z,ANL-2019,HIGH,CLOSED,TRUE_POSITIVE,LSASS Memory Access — True Positive,Validated authentication logs tied to HOST-1997 to rule out credential compromise.,2026-01-03T12:33:00Z
CASE-000645,SOC-002,,ALT-000645,2026-01-03T06:42:00Z,ANL-2007,HIGH,CLOSED,TRUE_POSITIVE,Ransomware Behaviour Detected — True Positive,Analysed endpoint telemetry for HOST-4917 tied to T1486 detection.,2026-01-03T07:55:00Z
CASE-000646,SOC-002,,ALT-000646,2026-01-03T09:06:00Z,ANL-2015,HIGH,CLOSED,TRUE_POSITIVE,Suspicious Binary Download — True Positive,Analysed endpoint telemetry for HOST-1752 tied to T1105 detection.,2026-01-03T10:00:00Z
CASE-000647,SOC-002,,ALT-000647,2026-01-03T03:05:00Z,ANL-2013,LOW,CLOSED,TRUE_POSITIVE,Large Outbound Data Transfer — True Positive,Reviewed T1041 activity on HOST-4698; correlated with source 10.3.144.230.,2026-01-04T08:10:00Z
CASE-000648,SOC-002,,ALT-000648,2026-01-03T00:56:00Z,ANL-2023,MEDIUM,CLOSED,TRUE_POSITIVE,Unusual RDP Session — True Positive,"Closed with minimal review — T1021.001 alert on HOST-1022, no further action taken.",2026-01-03T01:45:00Z
CASE-000649,SOC-002,,ALT-000649,2026-01-03T05:06:00Z,ANL-2021,LOW,CLOSED,FALSE_POSITIVE,Unusual RDP Session — False Positive,Manually reviewed HOST-3868 logs; findings documented against case ticket.,2026-01-03T12:38:00Z
CASE-000650,SOC-002,,ALT-000650,2026-01-03T01:45:00Z,ANL-2002,LOW,CLOSED,FALSE_POSITIVE,Ransomware Behaviour Detected — False Positive,"Closed with minimal review — T1486 alert on HOST-3116, no further action taken.",2026-01-03T06:11:00Z
CASE-000651,SOC-002,,ALT-000651,2026-01-03T04:10:00Z,ANL-2024,MEDIUM,CLOSED,FALSE_POSITIVE,Suspicious Binary Download — False Positive,"Closed with minimal review — T1105 alert on HOST-1027, no further action taken.",2026-01-03T04:57:00Z
CASE-000652,SOC-002,INC-000021,ALT-000652,2026-01-03T16:47:00Z,ANL-2004,CRITICAL,CLOSED,TRUE_POSITIVE,Large Outbound Data Transfer — True Positive,Validated authentication logs tied to HOST-4523 to rule out credential compromise.,2026-01-03T17:26:00Z
CASE-000653,SOC-002,,ALT-000653,2026-01-03T13:16:00Z,ANL-2013,LOW,CLOSED,TRUE_POSITIVE,Password Spraying Detected — True Positive,Checked process execution history for HOST-1192 following T1110 alert.,2026-01-03T22:09:00Z
CASE-000654,SOC-002,,ALT-000654,2026-01-03T05:37:00Z,ANL-2024,HIGH,CLOSED,FALSE_POSITIVE,Ransomware Behaviour Detected — False Positive,Analysed endpoint telemetry for HOST-1167 tied to T1486 detection.,2026-01-03T11:11:00Z
CASE-000655,SOC-002,,ALT-000655,2026-01-03T01:24:00Z,ANL-2008,MEDIUM,CLOSED,FALSE_POSITIVE,Suspicious Binary Download — False Positive,Validated authentication logs tied to HOST-4084 to rule out credential compromise.,2026-01-03T03:45:00Z
CASE-000656,SOC-002,,ALT-000656,2026-01-03T12:10:00Z,ANL-2015,LOW,CLOSED,TRUE_POSITIVE,Internal Network Port Scan — True Positive,"Closed with minimal review — T1595 alert on HOST-3476, no further action taken.",2026-01-03T17:16:00Z
CASE-000657,SOC-002,,ALT-000657,2026-01-03T16:40:00Z,ANL-2002,MEDIUM,CLOSED,TRUE_POSITIVE,Large Outbound Data Transfer — True Positive,Reviewed escalation criteria for HOST-4482; behaviour consistent with known baseline.,2026-01-03T19:45:00Z
CASE-000658,SOC-002,,ALT-000658,2026-01-03T06:52:00Z,ANL-2002,LOW,CLOSED,FALSE_POSITIVE,Suspicious CMD Execution — False Positive,Reviewed escalation criteria for HOST-2067; behaviour consistent with known baseline.,2026-01-03T13:19:00Z
CASE-000659,SOC-002,,ALT-000659,2026-01-03T15:54:00Z,ANL-2009,MEDIUM,CLOSED,TRUE_POSITIVE,Unusual SMB Admin Share Access — True Positive,Cross-referenced 10.106.143.33 against threat intelligence feeds for HOST-3311.,2026-01-03T19:02:00Z
CASE-000660,SOC-002,,ALT-000660,2026-01-03T18:24:00Z,ANL-2013,HIGH,CLOSED,TRUE_POSITIVE,Internal Network Port Scan — True Positive,"Closed with minimal review — T1595 alert on HOST-2520, no further action taken.",2026-01-03T19:20:00Z
CASE-000661,SOC-002,,ALT-000661,2026-01-03T08:41:00Z,ANL-2018,CRITICAL,CLOSED,TRUE_POSITIVE,New Registry Run Key Entry — True Positive,Manually reviewed HOST-4906 logs; findings documented against case ticket.,2026-01-03T12:22:00Z
CASE-000662,SOC-002,,ALT-000662,2026-01-03T11:46:00Z,ANL-2018,CRITICAL,CLOSED,TRUE_POSITIVE,Beaconing to Known C2 Domain — True Positive,Analysed endpoint telemetry for HOST-1325 tied to T1071.001 detection.,2026-01-03T12:25:00Z
CASE-000663,SOC-002,,ALT-000663,2026-01-03T18:27:00Z,ANL-2013,MEDIUM,CLOSED,TRUE_POSITIVE,Password Spraying Detected — True Positive,Manually reviewed HOST-1540 logs; findings documented against case ticket.,2026-01-03T20:49:00Z
CASE-000664,SOC-002,,ALT-000664,2026-01-03T14:42:00Z,ANL-2007,LOW,CLOSED,TRUE_POSITIVE,Repeated Failed Logins — True Positive,Traced network flow from 10.116.63.197 to determine scope of T1110 activity on HOST-2309.,2026-01-03T21:27:00Z
CASE-000665,SOC-002,,ALT-000665,2026-01-03T18:46:00Z,ANL-2021,MEDIUM,CLOSED,FALSE_POSITIVE,Internal Network Port Scan — False Positive,"Closed with minimal review — T1595 alert on HOST-1763, no further action taken.",2026-01-03T20:53:00Z
CASE-000666,SOC-002,,ALT-000666,2026-01-03T22:44:00Z,ANL-2008,LOW,CLOSED,FALSE_POSITIVE,Password Spraying Detected — False Positive,"Closed with minimal review — T1110 alert on HOST-2940, no further action taken.",2026-01-04T02:43:00Z
CASE-000667,SOC-002,,ALT-000667,2026-01-03T03:48:00Z,ANL-2017,MEDIUM,CLOSED,FALSE_POSITIVE,Encoded PowerShell Command — False Positive,Analysed endpoint telemetry for HOST-4227 tied to T1059.001 detection.,2026-01-03T06:53:00Z
CASE-000668,SOC-002,,ALT-000668,2026-01-03T04:09:00Z,ANL-2007,MEDIUM,CLOSED,FALSE_POSITIVE,Ransomware Behaviour Detected — False Positive,Analysed endpoint telemetry for HOST-2075 tied to T1486 detection.,2026-01-03T23:44:00Z
CASE-000669,SOC-002,,ALT-000669,2026-01-03T12:15:00Z,ANL-2021,LOW,CLOSED,FALSE_POSITIVE,LSASS Memory Access — False Positive,Checked process execution history for HOST-1201 following T1003 alert.,2026-01-03T21:04:00Z
CASE-000670,SOC-002,,ALT-000670,2026-01-03T16:50:00Z,ANL-2010,MEDIUM,CLOSED,TRUE_POSITIVE,Unusual SMB Admin Share Access — True Positive,Investigated T1021.002 indicators on HOST-1234; no further lateral movement observed.,2026-01-03T20:42:00Z
CASE-000671,SOC-002,,ALT-000671,2026-01-03T00:36:00Z,ANL-2022,LOW,CLOSED,TRUE_POSITIVE,Unusual Scheduled Task Created — True Positive,No further action required.,2026-01-03T08:09:00Z
CASE-000672,SOC-002,,ALT-000672,2026-01-03T04:19:00Z,ANL-2003,HIGH,CLOSED,FALSE_POSITIVE,Ransomware Behaviour Detected — False Positive,Cross-referenced 10.206.236.137 against threat intelligence feeds for HOST-1367.,2026-01-03T05:46:00Z
CASE-000673,SOC-002,,ALT-000673,2026-01-03T22:36:00Z,ANL-2017,MEDIUM,CLOSED,TRUE_POSITIVE,Ransomware Behaviour Detected — True Positive,Cross-referenced 10.215.180.61 against threat intelligence feeds for HOST-2389.,2026-01-04T02:14:00Z
CASE-000674,SOC-002,,ALT-000674,2026-01-03T00:49:00Z,ANL-2012,MEDIUM,CLOSED,TRUE_POSITIVE,Suspicious PowerShell — True Positive,Confirmed T1059.001 alert on HOST-2441 against recent change records.,2026-01-03T04:01:00Z
CASE-000675,SOC-002,,ALT-000675,2026-01-03T12:56:00Z,ANL-2012,MEDIUM,CLOSED,TRUE_POSITIVE,Ransomware Behaviour Detected — True Positive,Manually reviewed HOST-1824 logs; findings documented against case ticket.,2026-01-04T04:59:00Z
CASE-000676,SOC-002,,ALT-000676,2026-01-03T12:14:00Z,ANL-2011,LOW,CLOSED,TRUE_POSITIVE,Unusual Scheduled Task Created — True Positive,"Closed with minimal review — T1053.005 alert on HOST-1027, no further action taken.",2026-01-03T13:16:00Z
CASE-000677,SOC-002,,ALT-000677,2026-01-03T09:26:00Z,ANL-2022,MEDIUM,CLOSED,TRUE_POSITIVE,Suspicious Binary Download — True Positive,No further action required.,2026-01-03T12:30:00Z
CASE-000678,SOC-002,,ALT-000678,2026-01-03T21:53:00Z,ANL-2022,LOW,CLOSED,TRUE_POSITIVE,Unusual SMB Admin Share Access — True Positive,No further action required.,2026-01-04T03:33:00Z
CASE-000679,SOC-002,,ALT-000679,2026-01-03T16:22:00Z,ANL-2007,LOW,CLOSED,TRUE_POSITIVE,Ransomware Behaviour Detected — True Positive,Reviewed T1486 activity on HOST-4683; correlated with source 10.241.67.220.,2026-01-03T20:34:00Z
CASE-000680,SOC-002,,ALT-000680,2026-01-03T03:13:00Z,ANL-2024,LOW,CLOSED,FALSE_POSITIVE,Encoded PowerShell Command — False Positive,Analysed endpoint telemetry for HOST-4189 tied to T1059.001 detection.,2026-01-03T10:28:00Z
CASE-000681,SOC-002,,ALT-000681,2026-01-04T11:03:00Z,ANL-2007,CRITICAL,CLOSED,TRUE_POSITIVE,Unusual Scheduled Task Created — True Positive,Manually reviewed HOST-3255 logs; findings documented against case ticket.,2026-01-04T11:52:00Z
CASE-000682,SOC-002,,ALT-000682,2026-01-04T20:20:00Z,ANL-2023,LOW,CLOSED,FALSE_POSITIVE,Internal Network Port Scan — False Positive,Reviewed T1595 activity on HOST-4241; correlated with source 10.143.195.193.,2026-01-05T02:50:00Z
CASE-000683,SOC-002,INC-000022,ALT-000683,2026-01-04T05:52:00Z,ANL-2018,CRITICAL,CLOSED,TRUE_POSITIVE,Password Spraying Detected — True Positive,Validated authentication logs tied to HOST-1669 to rule out credential compromise.,2026-01-04T06:30:00Z
CASE-000684,SOC-002,,ALT-000684,2026-01-04T14:04:00Z,ANL-2024,LOW,CLOSED,FALSE_POSITIVE,Suspicious PowerShell — False Positive,"Closed with minimal review — T1059.001 alert on HOST-1098, no further action taken.",2026-01-04T15:26:00Z
CASE-000685,SOC-002,INC-000023,ALT-000685,2026-01-04T07:47:00Z,ANL-2019,CRITICAL,CLOSED,TRUE_POSITIVE,Unusual RDP Session — True Positive,Reviewed T1021.001 activity on HOST-1708; correlated with source 10.120.14.56.,2026-01-04T16:47:00Z
CASE-000686,SOC-002,,ALT-000686,2026-01-04T15:20:00Z,ANL-2009,MEDIUM,CLOSED,TRUE_POSITIVE,Ransomware Behaviour Detected — True Positive,Analysed endpoint telemetry for HOST-3830 tied to T1486 detection.,2026-01-04T19:22:00Z
CASE-000687,SOC-002,,ALT-000687,2026-01-04T23:09:00Z,ANL-2008,CRITICAL,CLOSED,TRUE_POSITIVE,Internal Network Port Scan — True Positive,Reviewed T1595 activity on HOST-3968; correlated with source 10.39.95.26.,2026-01-04T23:44:00Z
CASE-000688,SOC-002,,ALT-000688,2026-01-04T07:38:00Z,ANL-2005,HIGH,CLOSED,TRUE_POSITIVE,Ransomware Behaviour Detected — True Positive,Investigated T1486 indicators on HOST-4819; no further lateral movement observed.,2026-01-04T08:20:00Z
CASE-000689,SOC-002,,ALT-000689,2026-01-04T21:20:00Z,ANL-2022,LOW,CLOSED,FALSE_POSITIVE,Repeated Failed Logins — False Positive,No further action required.,2026-01-05T05:15:00Z
CASE-000690,SOC-002,,ALT-000690,2026-01-04T10:12:00Z,ANL-2022,LOW,CLOSED,TRUE_POSITIVE,Suspicious Binary Download — True Positive,No further action required.,2026-01-04T14:25:00Z
CASE-000691,SOC-002,,ALT-000691,2026-01-04T12:22:00Z,ANL-2018,MEDIUM,CLOSED,TRUE_POSITIVE,Beaconing to Known C2 Domain — True Positive,Manually reviewed HOST-4628 logs; findings documented against case ticket.,2026-01-04T15:37:00Z
CASE-000692,SOC-002,,ALT-000692,2026-01-04T09:42:00Z,ANL-2006,HIGH,CLOSED,TRUE_POSITIVE,LSASS Memory Access — True Positive,"Closed with minimal review — T1003 alert on HOST-3960, no further action taken.",2026-01-04T10:21:00Z
CASE-000693,SOC-002,,ALT-000693,2026-01-04T05:50:00Z,ANL-2003,LOW,CLOSED,TRUE_POSITIVE,Unusual Scheduled Task Created — True Positive,Traced network flow from 10.57.190.138 to determine scope of T1053.005 activity on HOST-4394.,2026-01-04T14:30:00Z
CASE-000694,SOC-002,INC-000024,ALT-000694,2026-01-04T04:53:00Z,ANL-2022,CRITICAL,CLOSED,TRUE_POSITIVE,Suspicious CMD Execution — True Positive,No further action required.,2026-01-04T05:38:00Z
CASE-000695,SOC-002,,ALT-000695,2026-01-04T09:44:00Z,ANL-2003,LOW,CLOSED,TRUE_POSITIVE,Repeated Failed Logins — True Positive,Checked process execution history for HOST-1070 following T1110 alert.,2026-01-04T17:23:00Z
CASE-000696,SOC-002,,ALT-000696,2026-01-04T13:01:00Z,ANL-2024,HIGH,CLOSED,TRUE_POSITIVE,Suspicious PowerShell — True Positive,Traced network flow from 10.2.178.240 to determine scope of T1059.001 activity on HOST-2729.,2026-01-04T14:37:00Z
CASE-000697,SOC-002,,ALT-000697,2026-01-04T13:53:00Z,ANL-2020,MEDIUM,CLOSED,TRUE_POSITIVE,Unusual RDP Session — True Positive,"Closed with minimal review — T1021.001 alert on HOST-1022, no further action taken.",2026-01-04T14:47:00Z
CASE-000698,SOC-002,,ALT-000698,2026-01-04T20:34:00Z,ANL-2013,MEDIUM,CLOSED,TRUE_POSITIVE,Internal Network Port Scan — True Positive,Traced network flow from 10.222.156.248 to determine scope of T1595 activity on HOST-4617.,2026-01-04T23:55:00Z
CASE-000699,SOC-002,,ALT-000699,2026-01-04T23:54:00Z,ANL-2003,MEDIUM,CLOSED,TRUE_POSITIVE,Unusual SMB Admin Share Access — True Positive,Manually reviewed HOST-3457 logs; findings documented against case ticket.,2026-01-05T04:04:00Z
CASE-000700,SOC-002,,ALT-000700,2026-01-04T22:07:00Z,ANL-2012,MEDIUM,CLOSED,FALSE_POSITIVE,Ransomware Behaviour Detected — False Positive,"Closed with minimal review — T1486 alert on HOST-3060, no further action taken.",2026-01-05T01:50:00Z
CASE-000701,SOC-002,,ALT-000701,2026-01-04T18:53:00Z,ANL-2004,MEDIUM,CLOSED,TRUE_POSITIVE,Internal Network Port Scan — True Positive,Analysed endpoint telemetry for HOST-2449 tied to T1595 detection.,2026-01-04T20:46:00Z
CASE-000702,SOC-002,,ALT-000702,2026-01-04T19:25:00Z,ANL-2016,HIGH,CLOSED,TRUE_POSITIVE,Internal Network Port Scan — True Positive,Investigated T1595 indicators on HOST-3351; no further lateral movement observed.,2026-01-04T20:37:00Z
CASE-000703,SOC-002,,ALT-000703,2026-01-04T17:51:00Z,ANL-2018,LOW,CLOSED,TRUE_POSITIVE,Ransomware Behaviour Detected — True Positive,Reviewed T1486 activity on HOST-3381; correlated with source 10.14.135.75.,2026-01-05T01:35:00Z
CASE-000704,SOC-002,,ALT-000704,2026-01-04T01:01:00Z,ANL-2018,MEDIUM,CLOSED,TRUE_POSITIVE,Internal Network Port Scan — True Positive,Reviewed T1595 activity on HOST-4693; correlated with source 10.53.113.1.,2026-01-04T05:21:00Z
CASE-000705,SOC-002,,ALT-000705,2026-01-04T00:13:00Z,ANL-2002,CRITICAL,CLOSED,TRUE_POSITIVE,LSASS Memory Access — True Positive,Manually reviewed HOST-1193 logs; findings documented against case ticket.,2026-01-04T00:58:00Z
CASE-000706,SOC-002,,ALT-000706,2026-01-04T20:51:00Z,ANL-2002,LOW,CLOSED,TRUE_POSITIVE,Encoded PowerShell Command — True Positive,Reviewed T1059.001 activity on HOST-4597; correlated with source 10.62.24.60.,2026-01-05T03:19:00Z
CASE-000707,SOC-002,,ALT-000707,2026-01-04T11:39:00Z,ANL-2020,LOW,CLOSED,TRUE_POSITIVE,Internal Network Port Scan — True Positive,Investigated T1595 indicators on HOST-4728; no further lateral movement observed.,2026-01-04T19:45:00Z
CASE-000708,SOC-002,,ALT-000708,2026-01-04T13:20:00Z,ANL-2006,MEDIUM,CLOSED,TRUE_POSITIVE,Upload to Unapproved Cloud Storage — True Positive,Cross-referenced 10.160.3.126 against threat intelligence feeds for HOST-3460.,2026-01-04T17:46:00Z
CASE-000709,SOC-002,,ALT-000709,2026-01-04T20:09:00Z,ANL-2021,LOW,CLOSED,FALSE_POSITIVE,Unusual Scheduled Task Created — False Positive,Checked process execution history for HOST-4189 following T1053.005 alert.,2026-01-05T00:25:00Z
CASE-000710,SOC-002,,ALT-000710,2026-01-04T02:28:00Z,ANL-2003,MEDIUM,CLOSED,TRUE_POSITIVE,Internal Network Port Scan — True Positive,Investigated T1595 indicators on HOST-3518; no further lateral movement observed.,2026-01-04T04:58:00Z
CASE-000711,SOC-002,,ALT-000711,2026-01-04T22:51:00Z,ANL-2019,LOW,CLOSED,FALSE_POSITIVE,New Registry Run Key Entry — False Positive,"Closed with minimal review — T1547.001 alert on HOST-1098, no further action taken.",2026-01-05T00:22:00Z
CASE-000712,SOC-002,,ALT-000712,2026-01-04T19:11:00Z,ANL-2014,HIGH,CLOSED,FALSE_POSITIVE,Unusual Scheduled Task Created — False Positive,Investigated T1053.005 indicators on HOST-3134; no further lateral movement observed.,2026-01-04T20:47:00Z
CASE-000713,SOC-002,,ALT-000713,2026-01-04T07:30:00Z,ANL-2017,CRITICAL,CLOSED,TRUE_POSITIVE,Internal Network Port Scan — True Positive,Cross-referenced 10.244.96.75 against threat intelligence feeds for HOST-3985.,2026-01-04T11:21:00Z
CASE-000714,SOC-002,,ALT-000714,2026-01-04T10:03:00Z,ANL-2020,LOW,CLOSED,TRUE_POSITIVE,Upload to Unapproved Cloud Storage — True Positive,Cross-referenced 10.57.24.137 against threat intelligence feeds for HOST-4711.,2026-01-04T16:06:00Z
CASE-000715,SOC-002,,ALT-000715,2026-01-04T16:19:00Z,ANL-2020,HIGH,CLOSED,FALSE_POSITIVE,Upload to Unapproved Cloud Storage — False Positive,Confirmed T1567 alert on HOST-3107 against recent change records.,2026-01-04T17:07:00Z
CASE-000716,SOC-002,,ALT-000716,2026-01-04T20:38:00Z,ANL-2015,MEDIUM,CLOSED,FALSE_POSITIVE,Unusual Scheduled Task Created — False Positive,Reviewed T1053.005 activity on HOST-1768; correlated with source 10.153.134.237.,2026-01-05T14:41:00Z
CASE-000717,SOC-002,,ALT-000717,2026-01-04T02:36:00Z,ANL-2008,HIGH,CLOSED,TRUE_POSITIVE,Unusual SMB Admin Share Access — True Positive,Confirmed T1021.002 alert on HOST-1467 against recent change records.,2026-01-04T04:11:00Z
CASE-000718,SOC-002,,ALT-000718,2026-01-04T21:20:00Z,ANL-2024,LOW,CLOSED,TRUE_POSITIVE,Unusual RDP Session — True Positive,Cross-referenced 10.6.163.50 against threat intelligence feeds for HOST-4395.,2026-01-05T04:20:00Z
CASE-000719,SOC-002,,ALT-000719,2026-01-04T01:36:00Z,ANL-2002,LOW,CLOSED,TRUE_POSITIVE,Suspicious Binary Download — True Positive,Cross-referenced 10.51.62.11 against threat intelligence feeds for HOST-2747.,2026-01-04T08:31:00Z
CASE-000720,SOC-002,,ALT-000720,2026-01-04T23:38:00Z,ANL-2013,MEDIUM,CLOSED,TRUE_POSITIVE,Ransomware Behaviour Detected — True Positive,"Closed with minimal review — T1486 alert on HOST-3087, no further action taken.",2026-01-05T00:17:00Z
CASE-000721,SOC-002,,ALT-000721,2026-01-05T03:06:00Z,ANL-2013,LOW,CLOSED,TRUE_POSITIVE,Ransomware Behaviour Detected — True Positive,"Closed with minimal review — T1486 alert on HOST-4593, no further action taken.",2026-01-05T09:51:00Z
CASE-000722,SOC-002,,ALT-000722,2026-01-05T09:11:00Z,ANL-2017,LOW,CLOSED,TRUE_POSITIVE,Internal Network Port Scan — True Positive,Traced network flow from 10.211.39.9 to determine scope of T1595 activity on HOST-2021.,2026-01-05T17:13:00Z
CASE-000723,SOC-002,INC-000025,ALT-000723,2026-01-05T08:09:00Z,ANL-2016,CRITICAL,CLOSED,TRUE_POSITIVE,Encoded PowerShell Command — True Positive,Analysed endpoint telemetry for HOST-1033 tied to T1059.001 detection.,2026-01-05T08:58:00Z
CASE-000724,SOC-002,,ALT-000724,2026-01-05T14:48:00Z,ANL-2009,CRITICAL,CLOSED,FALSE_POSITIVE,Password Spraying Detected — False Positive,Reviewed T1110 activity on HOST-3085; correlated with source 10.121.168.138.,2026-01-05T15:29:00Z
CASE-000725,SOC-002,,ALT-000725,2026-01-05T16:57:00Z,ANL-2003,MEDIUM,CLOSED,TRUE_POSITIVE,Unusual SMB Admin Share Access — True Positive,Checked process execution history for HOST-4112 following T1021.002 alert.,2026-01-05T20:06:00Z
CASE-000726,SOC-002,,ALT-000726,2026-01-05T17:08:00Z,ANL-2013,CRITICAL,CLOSED,TRUE_POSITIVE,Beaconing to Known C2 Domain — True Positive,Manually reviewed HOST-1763 logs; findings documented against case ticket.,2026-01-05T20:59:00Z
CASE-000727,SOC-002,,ALT-000727,2026-01-05T07:53:00Z,ANL-2018,LOW,CLOSED,TRUE_POSITIVE,Large Outbound Data Transfer — True Positive,Reviewed escalation criteria for HOST-2520; behaviour consistent with known baseline.,2026-01-05T13:55:00Z
CASE-000728,SOC-002,,ALT-000728,2026-01-05T09:00:00Z,ANL-2009,HIGH,CLOSED,FALSE_POSITIVE,New Registry Run Key Entry — False Positive,"Closed with minimal review — T1547.001 alert on HOST-1759, no further action taken.",2026-01-05T09:38:00Z
CASE-000729,SOC-002,,ALT-000729,2026-01-05T04:49:00Z,ANL-2002,LOW,CLOSED,TRUE_POSITIVE,Internal Network Port Scan — True Positive,Manually reviewed HOST-4809 logs; findings documented against case ticket.,2026-01-05T11:02:00Z
CASE-000730,SOC-002,,ALT-000730,2026-01-05T00:01:00Z,ANL-2015,CRITICAL,CLOSED,TRUE_POSITIVE,Unusual RDP Session — True Positive,Reviewed T1021.001 activity on HOST-3306; correlated with source 10.17.231.44.,2026-01-05T00:52:00Z
CASE-000731,SOC-002,,ALT-000731,2026-01-05T03:31:00Z,ANL-2004,HIGH,CLOSED,TRUE_POSITIVE,Upload to Unapproved Cloud Storage — True Positive,Cross-referenced 10.3.232.66 against threat intelligence feeds for HOST-4245.,2026-01-05T04:48:00Z
CASE-000732,SOC-002,,ALT-000732,2026-01-05T02:09:00Z,ANL-2024,CRITICAL,CLOSED,FALSE_POSITIVE,Beaconing to Known C2 Domain — False Positive,"Closed with minimal review — T1071.001 alert on HOST-2105, no further action taken.",2026-01-05T02:44:00Z
CASE-000733,SOC-002,,ALT-000733,2026-01-05T13:05:00Z,ANL-2021,CRITICAL,CLOSED,TRUE_POSITIVE,Beaconing to Known C2 Domain — True Positive,Cross-referenced 10.68.138.243 against threat intelligence feeds for HOST-2926.,2026-01-05T13:41:00Z
CASE-000734,SOC-002,,ALT-000734,2026-01-05T13:50:00Z,ANL-2017,LOW,CLOSED,TRUE_POSITIVE,Internal Network Port Scan — True Positive,Investigated T1595 indicators on HOST-3277; no further lateral movement observed.,2026-01-05T19:59:00Z
CASE-000735,SOC-002,,ALT-000735,2026-01-05T12:36:00Z,ANL-2024,LOW,CLOSED,FALSE_POSITIVE,Password Spraying Detected — False Positive,"Closed with minimal review — T1110 alert on HOST-1206, no further action taken.",2026-01-05T13:19:00Z
CASE-000736,SOC-002,,ALT-000736,2026-01-05T22:54:00Z,ANL-2001,MEDIUM,CLOSED,TRUE_POSITIVE,Internal Network Port Scan — True Positive,Analysed endpoint telemetry for HOST-1606 tied to T1595 detection.,2026-01-06T02:00:00Z
CASE-000737,SOC-002,,ALT-000737,2026-01-05T16:33:00Z,ANL-2019,MEDIUM,CLOSED,FALSE_POSITIVE,Ransomware Behaviour Detected — False Positive,Reviewed T1486 activity on HOST-1013; correlated with source 10.60.207.205.,2026-01-05T19:31:00Z
CASE-000738,SOC-002,,ALT-000738,2026-01-05T17:27:00Z,ANL-2016,CRITICAL,CLOSED,FALSE_POSITIVE,Suspicious Binary Download — False Positive,Traced network flow from 10.25.11.236 to determine scope of T1105 activity on HOST-4549.,2026-01-05T18:05:00Z
CASE-000739,SOC-002,,ALT-000739,2026-01-05T18:51:00Z,ANL-2010,MEDIUM,CLOSED,TRUE_POSITIVE,Suspicious Binary Download — True Positive,Analysed endpoint telemetry for HOST-4109 tied to T1105 detection.,2026-01-06T09:53:00Z
CASE-000740,SOC-002,,ALT-000740,2026-01-05T01:35:00Z,ANL-2005,HIGH,CLOSED,TRUE_POSITIVE,Internal Network Port Scan — True Positive,"Closed with minimal review — T1595 alert on HOST-1391, no further action taken.",2026-01-05T02:05:00Z
CASE-000741,SOC-002,,ALT-000741,2026-01-05T07:50:00Z,ANL-2012,CRITICAL,CLOSED,TRUE_POSITIVE,Ransomware Behaviour Detected — True Positive,Cross-referenced 10.81.113.89 against threat intelligence feeds for HOST-2915.,2026-01-05T08:37:00Z
CASE-000742,SOC-002,,ALT-000742,2026-01-05T12:07:00Z,ANL-2002,LOW,CLOSED,TRUE_POSITIVE,Suspicious Binary Download — True Positive,Confirmed T1105 alert on HOST-4548 against recent change records.,2026-01-05T20:24:00Z
CASE-000743,SOC-002,,ALT-000743,2026-01-05T20:57:00Z,ANL-2009,LOW,CLOSED,FALSE_POSITIVE,Internal Network Port Scan — False Positive,Investigated T1595 indicators on HOST-1120; no further lateral movement observed.,2026-01-06T02:52:00Z
CASE-000744,SOC-002,,ALT-000744,2026-01-05T07:00:00Z,ANL-2012,MEDIUM,CLOSED,TRUE_POSITIVE,Internal Network Port Scan — True Positive,Traced network flow from 10.76.132.61 to determine scope of T1595 activity on HOST-2363.,2026-01-05T09:16:00Z
CASE-000745,SOC-002,,ALT-000745,2026-01-05T22:50:00Z,ANL-2013,CRITICAL,CLOSED,FALSE_POSITIVE,Internal Network Port Scan — False Positive,Traced network flow from 10.226.209.219 to determine scope of T1595 activity on HOST-4816.,2026-01-07T12:43:00Z
CASE-000746,SOC-002,,ALT-000746,2026-01-05T08:51:00Z,ANL-2007,LOW,CLOSED,TRUE_POSITIVE,Ransomware Behaviour Detected — True Positive,Investigated T1486 indicators on HOST-2282; no further lateral movement observed.,2026-01-05T13:00:00Z
CASE-000747,SOC-002,,ALT-000747,2026-01-05T19:31:00Z,ANL-2007,LOW,CLOSED,TRUE_POSITIVE,Large Outbound Data Transfer — True Positive,Reviewed T1041 activity on HOST-3909; correlated with source 10.237.127.1.,2026-01-07T08:33:00Z
CASE-000748,SOC-002,INC-000026,ALT-000748,2026-01-05T02:10:00Z,ANL-2012,CRITICAL,CLOSED,TRUE_POSITIVE,Beaconing to Known C2 Domain — True Positive,Validated authentication logs tied to HOST-1744 to rule out credential compromise.,2026-01-05T10:20:00Z
CASE-000749,SOC-002,,ALT-000749,2026-01-05T01:00:00Z,ANL-2007,LOW,CLOSED,TRUE_POSITIVE,Ransomware Behaviour Detected — True Positive,"Closed with minimal review — T1486 alert on HOST-1098, no further action taken.",2026-01-05T02:19:00Z
CASE-000750,SOC-002,,ALT-000750,2026-01-05T14:52:00Z,ANL-2017,HIGH,CLOSED,TRUE_POSITIVE,Large Outbound Data Transfer — True Positive,Cross-referenced 10.61.39.53 against threat intelligence feeds for HOST-3605.,2026-01-05T16:01:00Z
CASE-000751,SOC-002,,ALT-000751,2026-01-05T13:06:00Z,ANL-2014,MEDIUM,CLOSED,TRUE_POSITIVE,Ransomware Behaviour Detected — True Positive,Cross-referenced 10.79.66.229 against threat intelligence feeds for HOST-4872.,2026-01-06T02:33:00Z
CASE-000752,SOC-002,,ALT-000752,2026-01-05T16:02:00Z,ANL-2001,HIGH,CLOSED,TRUE_POSITIVE,Large Outbound Data Transfer — True Positive,Analysed endpoint telemetry for HOST-2906 tied to T1041 detection.,2026-01-05T17:05:00Z
CASE-000753,SOC-002,,ALT-000753,2026-01-05T21:22:00Z,ANL-2003,HIGH,CLOSED,TRUE_POSITIVE,Ransomware Behaviour Detected — True Positive,Traced network flow from 10.186.72.23 to determine scope of T1486 activity on HOST-3794.,2026-01-05T22:44:00Z
CASE-000754,SOC-002,,ALT-000754,2026-01-05T23:44:00Z,ANL-2004,HIGH,CLOSED,TRUE_POSITIVE,Large Outbound Data Transfer — True Positive,Analysed endpoint telemetry for HOST-3878 tied to T1041 detection.,2026-01-06T00:44:00Z
CASE-000755,SOC-002,,ALT-000755,2026-01-05T22:50:00Z,ANL-2008,MEDIUM,CLOSED,TRUE_POSITIVE,Ransomware Behaviour Detected — True Positive,"Closed with minimal review — T1486 alert on HOST-2655, no further action taken.",2026-01-06T01:51:00Z
CASE-000756,SOC-002,,ALT-000756,2026-01-05T10:30:00Z,ANL-2008,HIGH,CLOSED,TRUE_POSITIVE,LSASS Memory Access — True Positive,Analysed endpoint telemetry for HOST-1500 tied to T1003 detection.,2026-01-05T11:30:00Z
CASE-000757,SOC-002,,ALT-000757,2026-01-05T00:09:00Z,ANL-2010,LOW,CLOSED,FALSE_POSITIVE,Suspicious CMD Execution — False Positive,Reviewed escalation criteria for HOST-2570; behaviour consistent with known baseline.,2026-01-05T06:03:00Z
CASE-000758,SOC-002,,ALT-000758,2026-01-05T07:30:00Z,ANL-2022,MEDIUM,CLOSED,FALSE_POSITIVE,Internal Network Port Scan — False Positive,No further action required.,2026-01-05T08:04:00Z
CASE-000759,SOC-002,,ALT-000759,2026-01-05T21:33:00Z,ANL-2013,HIGH,CLOSED,FALSE_POSITIVE,LSASS Memory Access — False Positive,Manually reviewed HOST-2615 logs; findings documented against case ticket.,2026-01-05T22:36:00Z
CASE-000760,SOC-002,,ALT-000760,2026-01-05T16:27:00Z,ANL-2024,MEDIUM,CLOSED,TRUE_POSITIVE,Internal Network Port Scan — True Positive,Confirmed T1595 alert on HOST-1892 against recent change records.,2026-01-05T20:16:00Z
CASE-000761,SOC-002,,ALT-000761,2026-01-06T10:38:00Z,ANL-2015,HIGH,CLOSED,TRUE_POSITIVE,Ransomware Behaviour Detected — True Positive,"Closed with minimal review — T1486 alert on HOST-4919, no further action taken.",2026-01-06T11:47:00Z
CASE-000762,SOC-002,,ALT-000762,2026-01-06T22:55:00Z,ANL-2001,HIGH,CLOSED,TRUE_POSITIVE,Large Outbound Data Transfer — True Positive,Manually reviewed HOST-3403 logs; findings documented against case ticket.,2026-01-06T23:50:00Z
CASE-000763,SOC-002,,ALT-000763,2026-01-06T01:49:00Z,ANL-2010,LOW,CLOSED,TRUE_POSITIVE,Internal Network Port Scan — True Positive,Confirmed T1595 alert on HOST-1673 against recent change records.,2026-01-06T09:16:00Z
CASE-000764,SOC-002,,ALT-000764,2026-01-06T08:31:00Z,ANL-2003,LOW,CLOSED,TRUE_POSITIVE,Encoded PowerShell Command — True Positive,Manually reviewed HOST-2628 logs; findings documented against case ticket.,2026-01-06T12:04:00Z
CASE-000765,SOC-002,,ALT-000765,2026-01-06T03:55:00Z,ANL-2015,LOW,CLOSED,TRUE_POSITIVE,LSASS Memory Access — True Positive,Manually reviewed HOST-1916 logs; findings documented against case ticket.,2026-01-06T11:15:00Z
CASE-000766,SOC-002,,ALT-000766,2026-01-06T05:57:00Z,ANL-2019,MEDIUM,CLOSED,TRUE_POSITIVE,LSASS Memory Access — True Positive,Manually reviewed HOST-1356 logs; findings documented against case ticket.,2026-01-06T09:05:00Z
CASE-000767,SOC-002,,ALT-000767,2026-01-06T16:54:00Z,ANL-2018,MEDIUM,CLOSED,TRUE_POSITIVE,Upload to Unapproved Cloud Storage — True Positive,Validated authentication logs tied to HOST-1002 to rule out credential compromise.,2026-01-06T18:52:00Z
CASE-000768,SOC-002,,ALT-000768,2026-01-06T01:37:00Z,ANL-2008,MEDIUM,CLOSED,TRUE_POSITIVE,Suspicious CMD Execution — True Positive,Reviewed escalation criteria for HOST-4743; behaviour consistent with known baseline.,2026-01-06T04:28:00Z
CASE-000769,SOC-002,,ALT-000769,2026-01-06T18:32:00Z,ANL-2018,LOW,CLOSED,FALSE_POSITIVE,Upload to Unapproved Cloud Storage — False Positive,Confirmed T1567 alert on HOST-2658 against recent change records.,2026-01-07T01:52:00Z
CASE-000770,SOC-002,,ALT-000770,2026-01-06T08:48:00Z,ANL-2009,HIGH,CLOSED,TRUE_POSITIVE,Unusual RDP Session — True Positive,Checked process execution history for HOST-4230 following T1021.001 alert.,2026-01-06T10:16:00Z
CASE-000771,SOC-002,,ALT-000771,2026-01-06T08:41:00Z,ANL-2003,MEDIUM,CLOSED,TRUE_POSITIVE,Suspicious CMD Execution — True Positive,Traced network flow from 10.50.67.47 to determine scope of T1059.003 activity on HOST-4551.,2026-01-06T12:07:00Z
CASE-000772,SOC-002,,ALT-000772,2026-01-06T04:44:00Z,ANL-2001,LOW,CLOSED,FALSE_POSITIVE,Internal Network Port Scan — False Positive,"Closed with minimal review — T1595 alert on HOST-4709, no further action taken.",2026-01-06T05:51:00Z
CASE-000773,SOC-002,,ALT-000773,2026-01-06T06:46:00Z,ANL-2005,LOW,CLOSED,TRUE_POSITIVE,Suspicious Binary Download — True Positive,Reviewed escalation criteria for HOST-2109; behaviour consistent with known baseline.,2026-01-06T14:15:00Z
CASE-000774,SOC-002,,ALT-000774,2026-01-06T15:31:00Z,ANL-2002,LOW,CLOSED,TRUE_POSITIVE,Unusual Scheduled Task Created — True Positive,Traced network flow from 10.106.120.194 to determine scope of T1053.005 activity on HOST-3223.,2026-01-06T22:43:00Z
CASE-000775,SOC-002,,ALT-000775,2026-01-06T22:27:00Z,ANL-2023,CRITICAL,CLOSED,FALSE_POSITIVE,Beaconing to Known C2 Domain — False Positive,Cross-referenced 10.88.9.190 against threat intelligence feeds for HOST-2313.,2026-01-06T23:11:00Z
CASE-000776,SOC-002,,ALT-000776,2026-01-06T17:11:00Z,ANL-2012,LOW,CLOSED,FALSE_POSITIVE,Password Spraying Detected — False Positive,Cross-referenced 10.153.228.45 against threat intelligence feeds for HOST-1435.,2026-01-06T23:09:00Z
CASE-000777,SOC-002,,ALT-000777,2026-01-06T22:28:00Z,ANL-2002,LOW,CLOSED,TRUE_POSITIVE,Encoded PowerShell Command — True Positive,Confirmed T1059.001 alert on HOST-4405 against recent change records.,2026-01-07T03:07:00Z
CASE-000778,SOC-002,,ALT-000778,2026-01-06T19:11:00Z,ANL-2005,HIGH,CLOSED,TRUE_POSITIVE,Unusual RDP Session — True Positive,Reviewed T1021.001 activity on HOST-3206; correlated with source 10.113.195.219.,2026-01-06T20:42:00Z
CASE-000779,SOC-002,,ALT-000779,2026-01-06T22:33:00Z,ANL-2023,LOW,CLOSED,FALSE_POSITIVE,Ransomware Behaviour Detected — False Positive,Confirmed T1486 alert on HOST-1894 against recent change records.,2026-01-07T07:36:00Z
CASE-000780,SOC-002,INC-000027,ALT-000780,2026-01-06T04:12:00Z,ANL-2023,CRITICAL,CLOSED,TRUE_POSITIVE,Upload to Unapproved Cloud Storage — True Positive,Investigated T1567 indicators on HOST-2227; no further lateral movement observed.,2026-01-06T04:59:00Z
CASE-000781,SOC-002,,ALT-000781,2026-01-06T03:32:00Z,ANL-2018,LOW,CLOSED,TRUE_POSITIVE,Internal Network Port Scan — True Positive,Reviewed escalation criteria for HOST-2393; behaviour consistent with known baseline.,2026-01-06T08:37:00Z
CASE-000782,SOC-002,,ALT-000782,2026-01-06T18:16:00Z,ANL-2015,MEDIUM,CLOSED,TRUE_POSITIVE,Internal Network Port Scan — True Positive,Reviewed T1595 activity on HOST-2592; correlated with source 10.150.189.191.,2026-01-06T22:35:00Z
CASE-000783,SOC-002,,ALT-000783,2026-01-06T20:56:00Z,ANL-2011,MEDIUM,CLOSED,TRUE_POSITIVE,Suspicious CMD Execution — True Positive,Analysed endpoint telemetry for HOST-2381 tied to T1059.003 detection.,2026-01-06T23:47:00Z
CASE-000784,SOC-002,,ALT-000784,2026-01-06T16:16:00Z,ANL-2009,MEDIUM,CLOSED,TRUE_POSITIVE,New Registry Run Key Entry — True Positive,"Closed with minimal review — T1547.001 alert on HOST-4916, no further action taken.",2026-01-06T17:06:00Z
CASE-000785,SOC-002,,ALT-000785,2026-01-06T19:36:00Z,ANL-2002,HIGH,CLOSED,FALSE_POSITIVE,Large Outbound Data Transfer — False Positive,Validated authentication logs tied to HOST-4057 to rule out credential compromise.,2026-01-06T20:46:00Z
CASE-000786,SOC-002,,ALT-000786,2026-01-06T06:01:00Z,ANL-2013,MEDIUM,CLOSED,TRUE_POSITIVE,Ransomware Behaviour Detected — True Positive,Analysed endpoint telemetry for HOST-2006 tied to T1486 detection.,2026-01-06T09:49:00Z
CASE-000787,SOC-002,,ALT-000787,2026-01-06T01:24:00Z,ANL-2016,MEDIUM,CLOSED,FALSE_POSITIVE,Beaconing to Known C2 Domain — False Positive,Analysed endpoint telemetry for HOST-4310 tied to T1071.001 detection.,2026-01-06T05:19:00Z
CASE-000788,SOC-002,,ALT-000788,2026-01-06T06:11:00Z,ANL-2002,LOW,CLOSED,FALSE_POSITIVE,New Registry Run Key Entry — False Positive,Manually reviewed HOST-2600 logs; findings documented against case ticket.,2026-01-07T12:16:00Z
CASE-000789,SOC-002,,ALT-000789,2026-01-06T09:39:00Z,ANL-2009,MEDIUM,CLOSED,TRUE_POSITIVE,New Registry Run Key Entry — True Positive,"Closed with minimal review — T1547.001 alert on HOST-4368, no further action taken.",2026-01-06T12:37:00Z
CASE-000790,SOC-002,,ALT-000790,2026-01-06T19:11:00Z,ANL-2003,LOW,CLOSED,TRUE_POSITIVE,Suspicious Binary Download — True Positive,Reviewed T1105 activity on HOST-2558; correlated with source 10.188.132.156.,2026-01-07T02:07:00Z
CASE-000791,SOC-002,,ALT-000791,2026-01-06T03:21:00Z,ANL-2021,MEDIUM,CLOSED,TRUE_POSITIVE,Internal Network Port Scan — True Positive,Validated authentication logs tied to HOST-3776 to rule out credential compromise.,2026-01-06T07:20:00Z
CASE-000792,SOC-002,,ALT-000792,2026-01-06T04:33:00Z,ANL-2006,MEDIUM,CLOSED,FALSE_POSITIVE,Suspicious PowerShell — False Positive,"Closed with minimal review — T1059.001 alert on HOST-1098, no further action taken.",2026-01-06T05:40:00Z
CASE-000793,SOC-002,,ALT-000793,2026-01-06T21:07:00Z,ANL-2024,MEDIUM,CLOSED,FALSE_POSITIVE,New Registry Run Key Entry — False Positive,"Closed with minimal review — T1547.001 alert on HOST-1027, no further action taken.",2026-01-06T21:54:00Z
CASE-000794,SOC-002,,ALT-000794,2026-01-06T10:51:00Z,ANL-2020,LOW,CLOSED,TRUE_POSITIVE,Internal Network Port Scan — True Positive,Validated authentication logs tied to HOST-1894 to rule out credential compromise.,2026-01-06T15:25:00Z
CASE-000795,SOC-002,,ALT-000795,2026-01-06T08:36:00Z,ANL-2015,LOW,CLOSED,TRUE_POSITIVE,Ransomware Behaviour Detected — True Positive,Traced network flow from 10.192.229.1 to determine scope of T1486 activity on HOST-3258.,2026-01-06T16:14:00Z
CASE-000796,SOC-002,,ALT-000796,2026-01-06T07:55:00Z,ANL-2013,MEDIUM,CLOSED,FALSE_POSITIVE,Ransomware Behaviour Detected — False Positive,Analysed endpoint telemetry for HOST-4976 tied to T1486 detection.,2026-01-06T11:42:00Z
CASE-000797,SOC-002,,ALT-000797,2026-01-06T11:37:00Z,ANL-2010,MEDIUM,CLOSED,TRUE_POSITIVE,Ransomware Behaviour Detected — True Positive,Manually reviewed HOST-1529 logs; findings documented against case ticket.,2026-01-06T15:24:00Z
CASE-000798,SOC-002,,ALT-000798,2026-01-06T19:37:00Z,ANL-2020,HIGH,CLOSED,TRUE_POSITIVE,Internal Network Port Scan — True Positive,Cross-referenced 10.126.110.83 against threat intelligence feeds for HOST-2544.,2026-01-06T21:11:00Z
CASE-000799,SOC-002,,ALT-000799,2026-01-06T19:33:00Z,ANL-2024,LOW,CLOSED,TRUE_POSITIVE,Suspicious CMD Execution — True Positive,Validated authentication logs tied to HOST-1819 to rule out credential compromise.,2026-01-08T18:34:00Z
CASE-000800,SOC-002,,ALT-000800,2026-01-06T18:31:00Z,ANL-2011,LOW,CLOSED,TRUE_POSITIVE,Large Outbound Data Transfer — True Positive,Manually reviewed HOST-4324 logs; findings documented against case ticket.,2026-01-07T01:41:00Z
CASE-000801,SOC-002,,ALT-000801,2026-01-07T12:08:00Z,ANL-2019,MEDIUM,CLOSED,FALSE_POSITIVE,Internal Network Port Scan — False Positive,Reviewed escalation criteria for HOST-3541; behaviour consistent with known baseline.,2026-01-07T15:09:00Z
CASE-000802,SOC-002,,ALT-000802,2026-01-07T09:15:00Z,ANL-2010,HIGH,CLOSED,TRUE_POSITIVE,Ransomware Behaviour Detected — True Positive,"Closed with minimal review — T1486 alert on HOST-1027, no further action taken.",2026-01-07T10:10:00Z
CASE-000803,SOC-002,,ALT-000803,2026-01-07T02:31:00Z,ANL-2012,LOW,CLOSED,TRUE_POSITIVE,Ransomware Behaviour Detected — True Positive,"Closed with minimal review — T1486 alert on HOST-1022, no further action taken.",2026-01-07T03:51:00Z
CASE-000804,SOC-002,,ALT-000804,2026-01-07T09:35:00Z,ANL-2020,LOW,CLOSED,TRUE_POSITIVE,LSASS Memory Access — True Positive,Traced network flow from 10.13.227.192 to determine scope of T1003 activity on HOST-2837.,2026-01-07T15:11:00Z
CASE-000805,SOC-002,,ALT-000805,2026-01-07T21:10:00Z,ANL-2018,MEDIUM,CLOSED,TRUE_POSITIVE,Beaconing to Known C2 Domain — True Positive,Investigated T1071.001 indicators on HOST-4936; no further lateral movement observed.,2026-01-07T23:38:00Z
CASE-000806,SOC-002,,ALT-000806,2026-01-07T03:58:00Z,ANL-2013,LOW,CLOSED,TRUE_POSITIVE,Upload to Unapproved Cloud Storage — True Positive,Reviewed T1567 activity on HOST-3729; correlated with source 10.25.145.3.,2026-01-07T09:10:00Z
CASE-000807,SOC-002,,ALT-000807,2026-01-07T23:46:00Z,ANL-2002,HIGH,CLOSED,TRUE_POSITIVE,Unusual SMB Admin Share Access — True Positive,Validated authentication logs tied to HOST-4142 to rule out credential compromise.,2026-01-08T01:04:00Z
CASE-000808,SOC-002,,ALT-000808,2026-01-07T06:03:00Z,ANL-2007,HIGH,CLOSED,TRUE_POSITIVE,Unusual RDP Session — True Positive,Validated authentication logs tied to HOST-1541 to rule out credential compromise.,2026-01-07T10:08:00Z
CASE-000809,SOC-002,,ALT-000809,2026-01-07T04:51:00Z,ANL-2013,MEDIUM,CLOSED,TRUE_POSITIVE,Unusual Scheduled Task Created — True Positive,Cross-referenced 10.141.173.144 against threat intelligence feeds for HOST-4729.,2026-01-07T06:59:00Z
CASE-000810,SOC-002,,ALT-000810,2026-01-07T15:43:00Z,ANL-2001,LOW,CLOSED,TRUE_POSITIVE,Password Spraying Detected — True Positive,Analysed endpoint telemetry for HOST-4706 tied to T1110 detection.,2026-01-07T20:05:00Z
CASE-000811,SOC-002,,ALT-000811,2026-01-07T05:15:00Z,ANL-2011,LOW,CLOSED,FALSE_POSITIVE,Ransomware Behaviour Detected — False Positive,Reviewed T1486 activity on HOST-2668; correlated with source 10.118.6.36.,2026-01-07T12:00:00Z
CASE-000812,SOC-002,,ALT-000812,2026-01-07T12:15:00Z,ANL-2014,LOW,CLOSED,FALSE_POSITIVE,Beaconing to Known C2 Domain — False Positive,Reviewed T1071.001 activity on HOST-2622; correlated with source 10.44.219.69.,2026-01-07T17:55:00Z
CASE-000813,SOC-002,,ALT-000813,2026-01-07T14:48:00Z,ANL-2012,MEDIUM,CLOSED,TRUE_POSITIVE,Upload to Unapproved Cloud Storage — True Positive,Confirmed T1567 alert on HOST-4143 against recent change records.,2026-01-07T17:08:00Z
CASE-000814,SOC-002,,ALT-000814,2026-01-07T19:18:00Z,ANL-2023,LOW,CLOSED,TRUE_POSITIVE,Password Spraying Detected — True Positive,Cross-referenced 10.46.63.143 against threat intelligence feeds for HOST-3280.,2026-01-08T00:53:00Z
CASE-000815,SOC-002,,ALT-000815,2026-01-07T15:03:00Z,ANL-2011,LOW,CLOSED,TRUE_POSITIVE,LSASS Memory Access — True Positive,"Closed with minimal review — T1003 alert on HOST-3525, no further action taken.",2026-01-07T21:50:00Z
CASE-000816,SOC-002,,ALT-000816,2026-01-07T12:01:00Z,ANL-2005,HIGH,CLOSED,TRUE_POSITIVE,Upload to Unapproved Cloud Storage — True Positive,Manually reviewed HOST-4693 logs; findings documented against case ticket.,2026-01-07T13:34:00Z
CASE-000817,SOC-002,,ALT-000817,2026-01-07T02:13:00Z,ANL-2008,LOW,CLOSED,TRUE_POSITIVE,Suspicious CMD Execution — True Positive,"Closed with minimal review — T1059.003 alert on HOST-2237, no further action taken.",2026-01-07T08:18:00Z
CASE-000818,SOC-002,,ALT-000818,2026-01-07T23:05:00Z,ANL-2021,LOW,CLOSED,FALSE_POSITIVE,Suspicious CMD Execution — False Positive,Manually reviewed HOST-4823 logs; findings documented against case ticket.,2026-01-09T12:27:00Z
CASE-000819,SOC-002,,ALT-000819,2026-01-07T15:54:00Z,ANL-2016,CRITICAL,CLOSED,FALSE_POSITIVE,Suspicious PowerShell — False Positive,Validated authentication logs tied to HOST-3842 to rule out credential compromise.,2026-01-07T16:32:00Z
CASE-000820,SOC-002,,ALT-000820,2026-01-07T17:58:00Z,ANL-2005,LOW,CLOSED,TRUE_POSITIVE,Internal Network Port Scan — True Positive,Cross-referenced 10.235.192.159 against threat intelligence feeds for HOST-4557.,2026-01-07T23:21:00Z
CASE-000821,SOC-002,,ALT-000821,2026-01-07T02:27:00Z,ANL-2020,MEDIUM,CLOSED,TRUE_POSITIVE,Encoded PowerShell Command — True Positive,Reviewed escalation criteria for HOST-1000; behaviour consistent with known baseline.,2026-01-07T13:28:00Z
CASE-000822,SOC-002,,ALT-000822,2026-01-07T10:27:00Z,ANL-2019,CRITICAL,CLOSED,FALSE_POSITIVE,LSASS Memory Access — False Positive,"Closed with minimal review — T1003 alert on HOST-1098, no further action taken.",2026-01-07T10:58:00Z
CASE-000823,SOC-002,,ALT-000823,2026-01-07T23:32:00Z,ANL-2023,CRITICAL,CLOSED,FALSE_POSITIVE,Ransomware Behaviour Detected — False Positive,Cross-referenced 10.244.14.237 against threat intelligence feeds for HOST-2696.,2026-01-08T00:15:00Z
CASE-000824,SOC-002,,ALT-000824,2026-01-07T22:19:00Z,ANL-2024,MEDIUM,CLOSED,TRUE_POSITIVE,Large Outbound Data Transfer — True Positive,Validated authentication logs tied to HOST-4240 to rule out credential compromise.,2026-01-08T00:59:00Z
CASE-000825,SOC-002,INC-000028,ALT-000825,2026-01-07T02:18:00Z,ANL-2019,CRITICAL,CLOSED,TRUE_POSITIVE,Suspicious Binary Download — True Positive,Validated authentication logs tied to HOST-3985 to rule out credential compromise.,2026-01-07T03:04:00Z
CASE-000826,SOC-002,,ALT-000826,2026-01-07T18:16:00Z,ANL-2013,LOW,CLOSED,TRUE_POSITIVE,Large Outbound Data Transfer — True Positive,"Closed with minimal review — T1041 alert on HOST-1911, no further action taken.",2026-01-07T23:04:00Z
CASE-000827,SOC-002,,ALT-000827,2026-01-07T18:33:00Z,ANL-2023,LOW,CLOSED,FALSE_POSITIVE,Ransomware Behaviour Detected — False Positive,Checked process execution history for HOST-1790 following T1486 alert.,2026-01-07T23:18:00Z
CASE-000828,SOC-002,,ALT-000828,2026-01-07T06:44:00Z,ANL-2024,MEDIUM,CLOSED,TRUE_POSITIVE,Internal Network Port Scan — True Positive,Checked process execution history for HOST-3995 following T1595 alert.,2026-01-07T11:00:00Z
CASE-000829,SOC-002,,ALT-000829,2026-01-07T12:08:00Z,ANL-2001,MEDIUM,CLOSED,TRUE_POSITIVE,Suspicious PowerShell — True Positive,Investigated T1059.001 indicators on HOST-2573; no further lateral movement observed.,2026-01-07T15:04:00Z
CASE-000830,SOC-002,,ALT-000830,2026-01-07T10:33:00Z,ANL-2014,LOW,CLOSED,FALSE_POSITIVE,Suspicious PowerShell — False Positive,Manually reviewed HOST-2828 logs; findings documented against case ticket.,2026-01-07T14:50:00Z
CASE-000831,SOC-002,,ALT-000831,2026-01-07T06:12:00Z,ANL-2017,HIGH,CLOSED,TRUE_POSITIVE,Large Outbound Data Transfer — True Positive,Analysed endpoint telemetry for HOST-4412 tied to T1041 detection.,2026-01-07T07:26:00Z
CASE-000832,SOC-002,,ALT-000832,2026-01-07T23:03:00Z,ANL-2018,HIGH,CLOSED,TRUE_POSITIVE,Suspicious PowerShell — True Positive,Checked process execution history for HOST-2363 following T1059.001 alert.,2026-01-08T00:48:00Z
CASE-000833,SOC-002,,ALT-000833,2026-01-07T00:19:00Z,ANL-2011,MEDIUM,CLOSED,FALSE_POSITIVE,Unusual SMB Admin Share Access — False Positive,Investigated T1021.002 indicators on HOST-3157; no further lateral movement observed.,2026-01-07T03:42:00Z
CASE-000834,SOC-002,,ALT-000834,2026-01-07T02:22:00Z,ANL-2017,HIGH,CLOSED,TRUE_POSITIVE,Large Outbound Data Transfer — True Positive,Checked process execution history for HOST-4970 following T1041 alert.,2026-01-07T06:08:00Z
CASE-000835,SOC-002,,ALT-000835,2026-01-07T21:33:00Z,ANL-2024,HIGH,CLOSED,TRUE_POSITIVE,Large Outbound Data Transfer — True Positive,Investigated T1041 indicators on HOST-4723; no further lateral movement observed.,2026-01-07T23:10:00Z
CASE-000836,SOC-002,,ALT-000836,2026-01-07T16:13:00Z,ANL-2004,HIGH,CLOSED,FALSE_POSITIVE,LSASS Memory Access — False Positive,Confirmed T1003 alert on HOST-2198 against recent change records.,2026-01-07T21:44:00Z
CASE-000837,SOC-002,INC-000029,ALT-000837,2026-01-07T04:15:00Z,ANL-2005,CRITICAL,CLOSED,TRUE_POSITIVE,Upload to Unapproved Cloud Storage — True Positive,Traced network flow from 10.242.60.116 to determine scope of T1567 activity on HOST-4800.,2026-01-07T04:48:00Z
CASE-000838,SOC-002,,ALT-000838,2026-01-07T13:31:00Z,ANL-2011,MEDIUM,CLOSED,TRUE_POSITIVE,Suspicious Binary Download — True Positive,Analysed endpoint telemetry for HOST-2823 tied to T1105 detection.,2026-01-07T16:02:00Z
CASE-000839,SOC-002,,ALT-000839,2026-01-07T16:28:00Z,ANL-2014,MEDIUM,CLOSED,TRUE_POSITIVE,LSASS Memory Access — True Positive,"Closed with minimal review — T1003 alert on HOST-3254, no further action taken.",2026-01-07T17:18:00Z
CASE-000840,SOC-002,,ALT-000840,2026-01-07T20:52:00Z,ANL-2016,HIGH,CLOSED,TRUE_POSITIVE,Internal Network Port Scan — True Positive,"Closed with minimal review — T1595 alert on HOST-1108, no further action taken.",2026-01-07T21:34:00Z
CASE-000841,SOC-002,,ALT-000841,2026-01-08T10:29:00Z,ANL-2017,LOW,CLOSED,TRUE_POSITIVE,Encoded PowerShell Command — True Positive,Reviewed escalation criteria for HOST-3010; behaviour consistent with known baseline.,2026-01-08T16:27:00Z
CASE-000842,SOC-002,,ALT-000842,2026-01-08T23:14:00Z,ANL-2017,MEDIUM,CLOSED,TRUE_POSITIVE,Password Spraying Detected — True Positive,Validated authentication logs tied to HOST-3766 to rule out credential compromise.,2026-01-09T02:40:00Z
CASE-000843,SOC-002,,ALT-000843,2026-01-08T12:52:00Z,ANL-2018,LOW,CLOSED,TRUE_POSITIVE,Internal Network Port Scan — True Positive,Reviewed T1595 activity on HOST-4072; correlated with source 10.224.230.159.,2026-01-08T20:52:00Z
CASE-000844,SOC-002,,ALT-000844,2026-01-08T00:04:00Z,ANL-2014,CRITICAL,CLOSED,TRUE_POSITIVE,Unusual SMB Admin Share Access — True Positive,Confirmed T1021.002 alert on HOST-4335 against recent change records.,2026-01-08T07:29:00Z
CASE-000845,SOC-002,,ALT-000845,2026-01-08T07:14:00Z,ANL-2006,MEDIUM,CLOSED,TRUE_POSITIVE,Suspicious Binary Download — True Positive,Reviewed escalation criteria for HOST-4365; behaviour consistent with known baseline.,2026-01-08T11:18:00Z
CASE-000846,SOC-002,,ALT-000846,2026-01-08T08:47:00Z,ANL-2020,CRITICAL,CLOSED,TRUE_POSITIVE,Suspicious Binary Download — True Positive,Reviewed T1105 activity on HOST-2994; correlated with source 10.172.6.243.,2026-01-08T09:26:00Z
CASE-000847,SOC-002,,ALT-000847,2026-01-08T00:47:00Z,ANL-2005,HIGH,CLOSED,TRUE_POSITIVE,Large Outbound Data Transfer — True Positive,Checked process execution history for HOST-2178 following T1041 alert.,2026-01-08T01:34:00Z
CASE-000848,SOC-002,,ALT-000848,2026-01-08T00:08:00Z,ANL-2011,MEDIUM,CLOSED,FALSE_POSITIVE,Internal Network Port Scan — False Positive,Confirmed T1595 alert on HOST-1319 against recent change records.,2026-01-08T02:31:00Z
CASE-000849,SOC-002,,ALT-000849,2026-01-08T02:20:00Z,ANL-2005,HIGH,CLOSED,TRUE_POSITIVE,Encoded PowerShell Command — True Positive,Traced network flow from 10.140.150.7 to determine scope of T1059.001 activity on HOST-3516.,2026-01-08T03:45:00Z
CASE-000850,SOC-002,,ALT-000850,2026-01-08T06:04:00Z,ANL-2019,HIGH,CLOSED,TRUE_POSITIVE,Internal Network Port Scan — True Positive,Reviewed escalation criteria for HOST-2554; behaviour consistent with known baseline.,2026-01-08T07:09:00Z
CASE-000851,SOC-002,,ALT-000851,2026-01-08T08:49:00Z,ANL-2010,HIGH,CLOSED,FALSE_POSITIVE,Beaconing to Known C2 Domain — False Positive,Confirmed T1071.001 alert on HOST-4202 against recent change records.,2026-01-08T09:49:00Z
CASE-000852,SOC-002,,ALT-000852,2026-01-08T22:50:00Z,ANL-2019,LOW,CLOSED,TRUE_POSITIVE,Unusual RDP Session — True Positive,Reviewed T1021.001 activity on HOST-2067; correlated with source 10.162.109.17.,2026-01-09T05:02:00Z
CASE-000853,SOC-002,,ALT-000853,2026-01-08T17:30:00Z,ANL-2008,LOW,CLOSED,TRUE_POSITIVE,Beaconing to Known C2 Domain — True Positive,Reviewed T1071.001 activity on HOST-3853; correlated with source 10.166.47.241.,2026-01-09T00:20:00Z
CASE-000854,SOC-002,,ALT-000854,2026-01-08T14:53:00Z,ANL-2002,LOW,CLOSED,TRUE_POSITIVE,Internal Network Port Scan — True Positive,Analysed endpoint telemetry for HOST-2354 tied to T1595 detection.,2026-01-08T23:11:00Z
CASE-000855,SOC-002,,ALT-000855,2026-01-08T05:18:00Z,ANL-2024,MEDIUM,CLOSED,TRUE_POSITIVE,Suspicious Binary Download — True Positive,"Closed with minimal review — T1105 alert on HOST-1022, no further action taken.",2026-01-08T06:04:00Z
CASE-000856,SOC-002,,ALT-000856,2026-01-08T04:17:00Z,ANL-2002,LOW,CLOSED,TRUE_POSITIVE,Unusual RDP Session — True Positive,Validated authentication logs tied to HOST-4493 to rule out credential compromise.,2026-01-08T11:20:00Z
CASE-000857,SOC-002,,ALT-000857,2026-01-08T05:33:00Z,ANL-2013,MEDIUM,CLOSED,FALSE_POSITIVE,Unusual Scheduled Task Created — False Positive,Cross-referenced 10.124.130.86 against threat intelligence feeds for HOST-2489.,2026-01-08T09:54:00Z
CASE-000858,SOC-002,,ALT-000858,2026-01-08T23:03:00Z,ANL-2024,LOW,CLOSED,FALSE_POSITIVE,Upload to Unapproved Cloud Storage — False Positive,Analysed endpoint telemetry for HOST-1712 tied to T1567 detection.,2026-01-09T07:56:00Z
CASE-000859,SOC-002,,ALT-000859,2026-01-08T08:31:00Z,ANL-2013,MEDIUM,CLOSED,FALSE_POSITIVE,Internal Network Port Scan — False Positive,"Closed with minimal review — T1595 alert on HOST-1022, no further action taken.",2026-01-08T09:01:00Z
CASE-000860,SOC-002,,ALT-000860,2026-01-08T21:14:00Z,ANL-2011,MEDIUM,CLOSED,TRUE_POSITIVE,Ransomware Behaviour Detected — True Positive,Analysed endpoint telemetry for HOST-2301 tied to T1486 detection.,2026-01-08T23:41:00Z
CASE-000861,SOC-002,,ALT-000861,2026-01-08T21:18:00Z,ANL-2014,LOW,CLOSED,TRUE_POSITIVE,Unusual RDP Session — True Positive,Validated authentication logs tied to HOST-4851 to rule out credential compromise.,2026-01-09T01:42:00Z
CASE-000862,SOC-002,,ALT-000862,2026-01-08T20:12:00Z,ANL-2023,HIGH,CLOSED,TRUE_POSITIVE,Unusual Scheduled Task Created — True Positive,Investigated T1053.005 indicators on HOST-3110; no further lateral movement observed.,2026-01-08T21:07:00Z
CASE-000863,SOC-002,INC-000030,ALT-000863,2026-01-08T12:50:00Z,ANL-2007,CRITICAL,CLOSED,TRUE_POSITIVE,Unusual RDP Session — True Positive,"Closed with minimal review — T1021.001 alert on HOST-2169, no further action taken.",2026-01-08T13:19:00Z
CASE-000864,SOC-002,,ALT-000864,2026-01-08T18:40:00Z,ANL-2010,HIGH,CLOSED,TRUE_POSITIVE,New Registry Run Key Entry — True Positive,"Closed with minimal review — T1547.001 alert on HOST-3396, no further action taken.",2026-01-08T19:13:00Z
CASE-000865,SOC-002,,ALT-000865,2026-01-08T03:10:00Z,ANL-2012,LOW,CLOSED,FALSE_POSITIVE,Unusual RDP Session — False Positive,Investigated T1021.001 indicators on HOST-2595; no further lateral movement observed.,2026-01-08T11:11:00Z
CASE-000866,SOC-002,,ALT-000866,2026-01-08T02:55:00Z,ANL-2014,HIGH,CLOSED,TRUE_POSITIVE,Suspicious CMD Execution — True Positive,Checked process execution history for HOST-4911 following T1059.003 alert.,2026-01-08T10:43:00Z
CASE-000867,SOC-002,,ALT-000867,2026-01-08T01:15:00Z,ANL-2010,HIGH,CLOSED,TRUE_POSITIVE,Internal Network Port Scan — True Positive,Validated authentication logs tied to HOST-3466 to rule out credential compromise.,2026-01-08T02:27:00Z
CASE-000868,SOC-002,,ALT-000868,2026-01-08T03:54:00Z,ANL-2023,LOW,CLOSED,FALSE_POSITIVE,Internal Network Port Scan — False Positive,Investigated T1595 indicators on HOST-2968; no further lateral movement observed.,2026-01-08T04:56:00Z
CASE-000869,SOC-002,INC-000031,ALT-000869,2026-01-08T19:13:00Z,ANL-2014,CRITICAL,CLOSED,TRUE_POSITIVE,Beaconing to Known C2 Domain — True Positive,"Closed with minimal review — T1071.001 alert on HOST-1307, no further action taken.",2026-01-08T20:04:00Z
CASE-000870,SOC-002,,ALT-000870,2026-01-08T01:04:00Z,ANL-2023,LOW,CLOSED,TRUE_POSITIVE,Unusual RDP Session — True Positive,"Closed with minimal review — T1021.001 alert on HOST-4592, no further action taken.",2026-01-08T07:11:00Z
CASE-000871,SOC-002,,ALT-000871,2026-01-08T23:19:00Z,ANL-2003,HIGH,CLOSED,TRUE_POSITIVE,LSASS Memory Access — True Positive,Manually reviewed HOST-3035 logs; findings documented against case ticket.,2026-01-09T00:42:00Z
CASE-000872,SOC-002,,ALT-000872,2026-01-08T16:18:00Z,ANL-2005,LOW,CLOSED,FALSE_POSITIVE,Suspicious Binary Download — False Positive,Investigated T1105 indicators on HOST-4187; no further lateral movement observed.,2026-01-08T22:12:00Z
CASE-000873,SOC-002,,ALT-000873,2026-01-08T16:41:00Z,ANL-2014,CRITICAL,CLOSED,FALSE_POSITIVE,Unusual Scheduled Task Created — False Positive,Validated authentication logs tied to HOST-2548 to rule out credential compromise.,2026-01-08T17:19:00Z
CASE-000874,SOC-002,,ALT-000874,2026-01-08T05:08:00Z,ANL-2008,HIGH,CLOSED,TRUE_POSITIVE,Unusual Scheduled Task Created — True Positive,"Closed with minimal review — T1053.005 alert on HOST-3701, no further action taken.",2026-01-08T07:07:00Z
CASE-000875,SOC-002,,ALT-000875,2026-01-08T17:17:00Z,ANL-2015,LOW,CLOSED,TRUE_POSITIVE,Suspicious CMD Execution — True Positive,Investigated T1059.003 indicators on HOST-4077; no further lateral movement observed.,2026-01-08T21:55:00Z
CASE-000876,SOC-002,,ALT-000876,2026-01-08T19:48:00Z,ANL-2015,MEDIUM,CLOSED,TRUE_POSITIVE,New Registry Run Key Entry — True Positive,Traced network flow from 10.8.37.7 to determine scope of T1547.001 activity on HOST-1167.,2026-01-09T09:21:00Z
CASE-000877,SOC-002,,ALT-000877,2026-01-08T04:35:00Z,ANL-2002,HIGH,CLOSED,TRUE_POSITIVE,Internal Network Port Scan — True Positive,Reviewed escalation criteria for HOST-3575; behaviour consistent with known baseline.,2026-01-08T05:55:00Z
CASE-000878,SOC-002,INC-000032,ALT-000878,2026-01-08T11:37:00Z,ANL-2019,CRITICAL,CLOSED,TRUE_POSITIVE,Suspicious Binary Download — True Positive,Reviewed escalation criteria for HOST-4212; behaviour consistent with known baseline.,2026-01-08T12:22:00Z
CASE-000879,SOC-002,,ALT-000879,2026-01-08T02:25:00Z,ANL-2011,MEDIUM,CLOSED,TRUE_POSITIVE,Ransomware Behaviour Detected — True Positive,Manually reviewed HOST-1177 logs; findings documented against case ticket.,2026-01-08T06:10:00Z
CASE-000880,SOC-002,,ALT-000880,2026-01-08T00:34:00Z,ANL-2010,HIGH,CLOSED,TRUE_POSITIVE,Ransomware Behaviour Detected — True Positive,Reviewed escalation criteria for HOST-4324; behaviour consistent with known baseline.,2026-01-08T07:20:00Z
CASE-000881,SOC-002,,ALT-000881,2026-01-09T18:51:00Z,ANL-2013,LOW,CLOSED,TRUE_POSITIVE,Large Outbound Data Transfer — True Positive,Analysed endpoint telemetry for HOST-3043 tied to T1041 detection.,2026-01-10T13:45:00Z
CASE-000882,SOC-002,,ALT-000882,2026-01-09T04:38:00Z,ANL-2014,LOW,CLOSED,TRUE_POSITIVE,Unusual RDP Session — True Positive,Confirmed T1021.001 alert on HOST-4392 against recent change records.,2026-01-10T18:58:00Z
CASE-000883,SOC-002,,ALT-000883,2026-01-09T11:48:00Z,ANL-2002,LOW,CLOSED,FALSE_POSITIVE,Unusual SMB Admin Share Access — False Positive,Manually reviewed HOST-1516 logs; findings documented against case ticket.,2026-01-09T16:40:00Z
CASE-000884,SOC-002,,ALT-000884,2026-01-09T00:11:00Z,ANL-2023,LOW,CLOSED,TRUE_POSITIVE,Ransomware Behaviour Detected — True Positive,"Closed with minimal review — T1486 alert on HOST-3646, no further action taken.",2026-01-09T01:01:00Z
CASE-000885,SOC-002,,ALT-000885,2026-01-09T11:46:00Z,ANL-2007,LOW,CLOSED,TRUE_POSITIVE,Repeated Failed Logins — True Positive,Confirmed T1110 alert on HOST-4193 against recent change records.,2026-01-09T18:43:00Z
CASE-000886,SOC-002,INC-000033,ALT-000886,2026-01-09T13:45:00Z,ANL-2014,CRITICAL,CLOSED,TRUE_POSITIVE,Unusual Scheduled Task Created — True Positive,Validated authentication logs tied to HOST-2752 to rule out credential compromise.,2026-01-09T14:30:00Z
CASE-000887,SOC-002,,ALT-000887,2026-01-09T15:40:00Z,ANL-2014,LOW,CLOSED,TRUE_POSITIVE,Ransomware Behaviour Detected — True Positive,Confirmed T1486 alert on HOST-4382 against recent change records.,2026-01-09T23:10:00Z
CASE-000888,SOC-002,,ALT-000888,2026-01-09T23:15:00Z,ANL-2015,LOW,CLOSED,FALSE_POSITIVE,Large Outbound Data Transfer — False Positive,"Closed with minimal review — T1041 alert on HOST-4845, no further action taken.",2026-01-10T06:53:00Z
CASE-000889,SOC-002,,ALT-000889,2026-01-09T17:45:00Z,ANL-2009,CRITICAL,CLOSED,TRUE_POSITIVE,Internal Network Port Scan — True Positive,"Closed with minimal review — T1595 alert on HOST-4092, no further action taken.",2026-01-09T18:24:00Z
CASE-000890,SOC-002,,ALT-000890,2026-01-09T12:18:00Z,ANL-2006,LOW,CLOSED,TRUE_POSITIVE,Suspicious CMD Execution — True Positive,Manually reviewed HOST-2752 logs; findings documented against case ticket.,2026-01-09T17:32:00Z
CASE-000891,SOC-002,,ALT-000891,2026-01-09T18:18:00Z,ANL-2023,LOW,CLOSED,TRUE_POSITIVE,Upload to Unapproved Cloud Storage — True Positive,Cross-referenced 10.208.70.81 against threat intelligence feeds for HOST-4334.,2026-01-09T22:57:00Z
CASE-000892,SOC-002,,ALT-000892,2026-01-09T07:47:00Z,ANL-2011,LOW,CLOSED,FALSE_POSITIVE,Ransomware Behaviour Detected — False Positive,Manually reviewed HOST-4869 logs; findings documented against case ticket.,2026-01-09T11:51:00Z
CASE-000893,SOC-002,,ALT-000893,2026-01-09T18:29:00Z,ANL-2005,CRITICAL,CLOSED,TRUE_POSITIVE,Suspicious CMD Execution — True Positive,Confirmed T1059.003 alert on HOST-3961 against recent change records.,2026-01-09T19:22:00Z
CASE-000894,SOC-002,,ALT-000894,2026-01-09T15:25:00Z,ANL-2024,HIGH,CLOSED,TRUE_POSITIVE,Upload to Unapproved Cloud Storage — True Positive,Validated authentication logs tied to HOST-2616 to rule out credential compromise.,2026-01-09T17:01:00Z
CASE-000895,SOC-002,,ALT-000895,2026-01-09T18:24:00Z,ANL-2001,HIGH,CLOSED,FALSE_POSITIVE,Unusual RDP Session — False Positive,Checked process execution history for HOST-3767 following T1021.001 alert.,2026-01-09T22:40:00Z
CASE-000896,SOC-002,,ALT-000896,2026-01-09T02:58:00Z,ANL-2019,MEDIUM,CLOSED,FALSE_POSITIVE,Unusual RDP Session — False Positive,Checked process execution history for HOST-4127 following T1021.001 alert.,2026-01-09T13:59:00Z
CASE-000897,SOC-002,,ALT-000897,2026-01-09T11:25:00Z,ANL-2013,LOW,CLOSED,FALSE_POSITIVE,Suspicious CMD Execution — False Positive,Checked process execution history for HOST-1261 following T1059.003 alert.,2026-01-09T18:45:00Z
CASE-000898,SOC-002,,ALT-000898,2026-01-09T15:53:00Z,ANL-2015,LOW,CLOSED,TRUE_POSITIVE,Internal Network Port Scan — True Positive,Traced network flow from 10.19.79.228 to determine scope of T1595 activity on HOST-1450.,2026-01-09T23:02:00Z
CASE-000899,SOC-002,,ALT-000899,2026-01-09T12:28:00Z,ANL-2012,MEDIUM,CLOSED,TRUE_POSITIVE,Internal Network Port Scan — True Positive,Reviewed escalation criteria for HOST-2925; behaviour consistent with known baseline.,2026-01-09T15:42:00Z
CASE-000900,SOC-002,,ALT-000900,2026-01-09T11:15:00Z,ANL-2012,HIGH,CLOSED,FALSE_POSITIVE,Internal Network Port Scan — False Positive,Analysed endpoint telemetry for HOST-3234 tied to T1595 detection.,2026-01-09T12:09:00Z
CASE-000901,SOC-002,,ALT-000901,2026-01-09T06:00:00Z,ANL-2005,LOW,CLOSED,FALSE_POSITIVE,Internal Network Port Scan — False Positive,Reviewed escalation criteria for HOST-4583; behaviour consistent with known baseline.,2026-01-09T12:41:00Z
CASE-000902,SOC-002,,ALT-000902,2026-01-09T17:29:00Z,ANL-2007,CRITICAL,CLOSED,FALSE_POSITIVE,Upload to Unapproved Cloud Storage — False Positive,"Closed with minimal review — T1567 alert on HOST-1018, no further action taken.",2026-01-09T18:06:00Z
CASE-000903,SOC-002,,ALT-000903,2026-01-09T20:32:00Z,ANL-2013,MEDIUM,CLOSED,TRUE_POSITIVE,LSASS Memory Access — True Positive,Manually reviewed HOST-2969 logs; findings documented against case ticket.,2026-01-09T22:15:00Z
CASE-000904,SOC-002,INC-000034,ALT-000904,2026-01-09T18:37:00Z,ANL-2021,CRITICAL,CLOSED,TRUE_POSITIVE,Ransomware Behaviour Detected — True Positive,Reviewed escalation criteria for HOST-3776; behaviour consistent with known baseline.,2026-01-09T19:18:00Z
CASE-000905,SOC-002,,ALT-000905,2026-01-09T06:44:00Z,ANL-2006,HIGH,CLOSED,TRUE_POSITIVE,Internal Network Port Scan — True Positive,Reviewed escalation criteria for HOST-3556; behaviour consistent with known baseline.,2026-01-09T07:33:00Z
CASE-000906,SOC-002,,ALT-000906,2026-01-09T04:26:00Z,ANL-2001,LOW,CLOSED,TRUE_POSITIVE,Suspicious PowerShell — True Positive,Confirmed T1059.001 alert on HOST-3903 against recent change records.,2026-01-09T11:58:00Z
CASE-000907,SOC-002,,ALT-000907,2026-01-09T18:05:00Z,ANL-2009,MEDIUM,CLOSED,TRUE_POSITIVE,Password Spraying Detected — True Positive,Reviewed escalation criteria for HOST-2933; behaviour consistent with known baseline.,2026-01-09T21:44:00Z
CASE-000908,SOC-002,,ALT-000908,2026-01-09T00:02:00Z,ANL-2002,MEDIUM,CLOSED,TRUE_POSITIVE,Large Outbound Data Transfer — True Positive,Analysed endpoint telemetry for HOST-2188 tied to T1041 detection.,2026-01-09T03:12:00Z
CASE-000909,SOC-002,,ALT-000909,2026-01-09T13:54:00Z,ANL-2021,CRITICAL,CLOSED,FALSE_POSITIVE,Unusual RDP Session — False Positive,Reviewed T1021.001 activity on HOST-2311; correlated with source 10.102.6.23.,2026-01-09T14:42:00Z
CASE-000910,SOC-002,,ALT-000910,2026-01-09T02:21:00Z,ANL-2018,MEDIUM,CLOSED,FALSE_POSITIVE,Password Spraying Detected — False Positive,Cross-referenced 10.25.117.13 against threat intelligence feeds for HOST-2141.,2026-01-09T06:07:00Z
CASE-000911,SOC-002,,ALT-000911,2026-01-09T18:19:00Z,ANL-2015,LOW,CLOSED,FALSE_POSITIVE,LSASS Memory Access — False Positive,Manually reviewed HOST-4543 logs; findings documented against case ticket.,2026-01-10T01:17:00Z
CASE-000912,SOC-002,,ALT-000912,2026-01-09T23:19:00Z,ANL-2005,MEDIUM,CLOSED,TRUE_POSITIVE,Large Outbound Data Transfer — True Positive,Traced network flow from 10.182.14.194 to determine scope of T1041 activity on HOST-1511.,2026-01-10T03:46:00Z
CASE-000913,SOC-002,,ALT-000913,2026-01-09T20:10:00Z,ANL-2015,HIGH,CLOSED,FALSE_POSITIVE,Beaconing to Known C2 Domain — False Positive,Confirmed T1071.001 alert on HOST-2624 against recent change records.,2026-01-11T22:09:00Z
CASE-000914,SOC-002,,ALT-000914,2026-01-09T10:36:00Z,ANL-2018,MEDIUM,CLOSED,TRUE_POSITIVE,Suspicious CMD Execution — True Positive,Reviewed T1059.003 activity on HOST-1990; correlated with source 10.244.245.120.,2026-01-09T14:16:00Z
CASE-000915,SOC-002,,ALT-000915,2026-01-09T12:21:00Z,ANL-2016,HIGH,CLOSED,TRUE_POSITIVE,New Registry Run Key Entry — True Positive,Confirmed T1547.001 alert on HOST-1447 against recent change records.,2026-01-09T13:22:00Z
CASE-000916,SOC-002,,ALT-000916,2026-01-09T05:33:00Z,ANL-2015,MEDIUM,CLOSED,TRUE_POSITIVE,LSASS Memory Access — True Positive,Analysed endpoint telemetry for HOST-3615 tied to T1003 detection.,2026-01-09T07:32:00Z
CASE-000917,SOC-002,,ALT-000917,2026-01-09T00:25:00Z,ANL-2022,LOW,CLOSED,TRUE_POSITIVE,Suspicious CMD Execution — True Positive,No further action required.,2026-01-09T07:32:00Z
CASE-000918,SOC-002,,ALT-000918,2026-01-09T18:28:00Z,ANL-2012,LOW,CLOSED,TRUE_POSITIVE,Internal Network Port Scan — True Positive,Investigated T1595 indicators on HOST-4296; no further lateral movement observed.,2026-01-09T23:14:00Z
CASE-000919,SOC-002,,ALT-000919,2026-01-09T02:17:00Z,ANL-2013,LOW,CLOSED,TRUE_POSITIVE,Upload to Unapproved Cloud Storage — True Positive,Validated authentication logs tied to HOST-3967 to rule out credential compromise.,2026-01-09T10:00:00Z
CASE-000920,SOC-002,,ALT-000920,2026-01-09T15:00:00Z,ANL-2017,MEDIUM,CLOSED,FALSE_POSITIVE,Password Spraying Detected — False Positive,Confirmed T1110 alert on HOST-3148 against recent change records.,2026-01-09T18:44:00Z
CASE-000921,SOC-002,,ALT-000921,2026-01-10T00:03:00Z,ANL-2015,LOW,CLOSED,TRUE_POSITIVE,Upload to Unapproved Cloud Storage — True Positive,Reviewed escalation criteria for HOST-4369; behaviour consistent with known baseline.,2026-01-10T03:42:00Z
CASE-000922,SOC-002,,ALT-000922,2026-01-10T22:44:00Z,ANL-2021,LOW,CLOSED,TRUE_POSITIVE,Beaconing to Known C2 Domain — True Positive,"Closed with minimal review — T1071.001 alert on HOST-1543, no further action taken.",2026-01-11T09:11:00Z
CASE-000923,SOC-002,,ALT-000923,2026-01-10T10:12:00Z,ANL-2003,MEDIUM,CLOSED,FALSE_POSITIVE,Unusual RDP Session — False Positive,Reviewed escalation criteria for HOST-4409; behaviour consistent with known baseline.,2026-01-10T12:51:00Z
CASE-000924,SOC-002,,ALT-000924,2026-01-10T06:35:00Z,ANL-2023,MEDIUM,CLOSED,TRUE_POSITIVE,Unusual Scheduled Task Created — True Positive,Validated authentication logs tied to HOST-3164 to rule out credential compromise.,2026-01-10T09:27:00Z
CASE-000925,SOC-002,,ALT-000925,2026-01-10T17:54:00Z,ANL-2004,LOW,CLOSED,TRUE_POSITIVE,Ransomware Behaviour Detected — True Positive,Investigated T1486 indicators on HOST-1763; no further lateral movement observed.,2026-01-11T00:44:00Z
CASE-000926,SOC-002,,ALT-000926,2026-01-10T19:59:00Z,ANL-2002,LOW,CLOSED,FALSE_POSITIVE,New Registry Run Key Entry — False Positive,"Closed with minimal review — T1547.001 alert on HOST-1027, no further action taken.",2026-01-10T21:07:00Z
CASE-000927,SOC-002,,ALT-000927,2026-01-10T05:48:00Z,ANL-2007,LOW,CLOSED,TRUE_POSITIVE,LSASS Memory Access — True Positive,"Closed with minimal review — T1003 alert on HOST-1022, no further action taken.",2026-01-10T07:30:00Z
CASE-000928,SOC-002,,ALT-000928,2026-01-10T23:15:00Z,ANL-2004,MEDIUM,CLOSED,TRUE_POSITIVE,Beaconing to Known C2 Domain — True Positive,Validated authentication logs tied to HOST-4217 to rule out credential compromise.,2026-01-11T02:45:00Z
CASE-000929,SOC-002,,ALT-000929,2026-01-10T07:58:00Z,ANL-2003,HIGH,CLOSED,FALSE_POSITIVE,Large Outbound Data Transfer — False Positive,Checked process execution history for HOST-2525 following T1041 alert.,2026-01-10T09:29:00Z
CASE-000930,SOC-002,,ALT-000930,2026-01-10T16:31:00Z,ANL-2008,HIGH,CLOSED,FALSE_POSITIVE,Internal Network Port Scan — False Positive,Reviewed escalation criteria for HOST-3994; behaviour consistent with known baseline.,2026-01-10T17:29:00Z
CASE-000931,SOC-002,,ALT-000931,2026-01-10T10:03:00Z,ANL-2001,LOW,CLOSED,FALSE_POSITIVE,New Registry Run Key Entry — False Positive,"Closed with minimal review — T1547.001 alert on HOST-2122, no further action taken.",2026-01-10T11:10:00Z
CASE-000932,SOC-002,,ALT-000932,2026-01-10T08:00:00Z,ANL-2020,MEDIUM,CLOSED,FALSE_POSITIVE,Internal Network Port Scan — False Positive,Checked process execution history for HOST-1194 following T1595 alert.,2026-01-10T10:56:00Z
CASE-000933,SOC-002,,ALT-000933,2026-01-10T17:19:00Z,ANL-2006,LOW,CLOSED,TRUE_POSITIVE,Unusual RDP Session — True Positive,Checked process execution history for HOST-1411 following T1021.001 alert.,2026-01-10T21:30:00Z
CASE-000934,SOC-002,,ALT-000934,2026-01-10T23:32:00Z,ANL-2019,MEDIUM,CLOSED,FALSE_POSITIVE,Ransomware Behaviour Detected — False Positive,"Closed with minimal review — T1486 alert on HOST-2908, no further action taken.",2026-01-11T03:19:00Z
CASE-000935,SOC-002,,ALT-000935,2026-01-10T17:23:00Z,ANL-2001,MEDIUM,CLOSED,FALSE_POSITIVE,Suspicious CMD Execution — False Positive,Cross-referenced 10.110.234.2 against threat intelligence feeds for HOST-2101.,2026-01-11T07:24:00Z
CASE-000936,SOC-002,,ALT-000936,2026-01-10T19:11:00Z,ANL-2015,LOW,CLOSED,TRUE_POSITIVE,Internal Network Port Scan — True Positive,Reviewed escalation criteria for HOST-1470; behaviour consistent with known baseline.,2026-01-11T17:15:00Z
CASE-000937,SOC-002,,ALT-000937,2026-01-10T17:54:00Z,ANL-2017,MEDIUM,CLOSED,TRUE_POSITIVE,Suspicious Binary Download — True Positive,Checked process execution history for HOST-1801 following T1105 alert.,2026-01-10T21:53:00Z
CASE-000938,SOC-002,,ALT-000938,2026-01-10T09:11:00Z,ANL-2021,HIGH,CLOSED,TRUE_POSITIVE,New Registry Run Key Entry — True Positive,Validated authentication logs tied to HOST-3802 to rule out credential compromise.,2026-01-10T10:32:00Z
CASE-000939,SOC-002,,ALT-000939,2026-01-10T07:31:00Z,ANL-2022,LOW,CLOSED,TRUE_POSITIVE,Internal Network Port Scan — True Positive,Reviewed T1595 activity on HOST-3217; correlated with source 10.116.40.196.,2026-01-10T15:15:00Z
CASE-000940,SOC-002,,ALT-000940,2026-01-10T05:08:00Z,ANL-2017,LOW,CLOSED,TRUE_POSITIVE,Internal Network Port Scan — True Positive,Manually reviewed HOST-2850 logs; findings documented against case ticket.,2026-01-10T12:20:00Z
CASE-000941,SOC-002,,ALT-000941,2026-01-10T03:31:00Z,ANL-2004,CRITICAL,CLOSED,TRUE_POSITIVE,Suspicious CMD Execution — True Positive,"Closed with minimal review — T1059.003 alert on HOST-1552, no further action taken.",2026-01-10T04:07:00Z
CASE-000942,SOC-002,,ALT-000942,2026-01-10T13:06:00Z,ANL-2014,HIGH,CLOSED,TRUE_POSITIVE,Suspicious Binary Download — True Positive,Checked process execution history for HOST-4050 following T1105 alert.,2026-01-10T14:15:00Z
CASE-000943,SOC-002,,ALT-000943,2026-01-10T07:04:00Z,ANL-2016,MEDIUM,CLOSED,TRUE_POSITIVE,Internal Network Port Scan — True Positive,Validated authentication logs tied to HOST-1493 to rule out credential compromise.,2026-01-11T03:06:00Z
CASE-000944,SOC-002,,ALT-000944,2026-01-10T06:38:00Z,ANL-2021,HIGH,CLOSED,TRUE_POSITIVE,Unusual Scheduled Task Created — True Positive,Validated authentication logs tied to HOST-4000 to rule out credential compromise.,2026-01-10T08:09:00Z
CASE-000945,SOC-002,,ALT-000945,2026-01-10T23:49:00Z,ANL-2018,LOW,CLOSED,TRUE_POSITIVE,Upload to Unapproved Cloud Storage — True Positive,Traced network flow from 10.199.111.199 to determine scope of T1567 activity on HOST-1851.,2026-01-11T21:53:00Z
CASE-000946,SOC-002,,ALT-000946,2026-01-10T17:47:00Z,ANL-2020,CRITICAL,CLOSED,TRUE_POSITIVE,Ransomware Behaviour Detected — True Positive,Manually reviewed HOST-1131 logs; findings documented against case ticket.,2026-01-10T18:18:00Z
CASE-000947,SOC-002,,ALT-000947,2026-01-10T00:45:00Z,ANL-2006,HIGH,CLOSED,TRUE_POSITIVE,New Registry Run Key Entry — True Positive,Investigated T1547.001 indicators on HOST-4992; no further lateral movement observed.,2026-01-10T02:07:00Z
CASE-000948,SOC-002,,ALT-000948,2026-01-10T07:51:00Z,ANL-2012,LOW,CLOSED,TRUE_POSITIVE,Large Outbound Data Transfer — True Positive,Confirmed T1041 alert on HOST-2144 against recent change records.,2026-01-10T13:36:00Z
CASE-000949,SOC-002,,ALT-000949,2026-01-10T20:08:00Z,ANL-2010,LOW,CLOSED,FALSE_POSITIVE,Unusual Scheduled Task Created — False Positive,Analysed endpoint telemetry for HOST-2274 tied to T1053.005 detection.,2026-01-11T03:45:00Z
CASE-000950,SOC-002,,ALT-000950,2026-01-10T11:14:00Z,ANL-2008,HIGH,CLOSED,TRUE_POSITIVE,Internal Network Port Scan — True Positive,Traced network flow from 10.47.33.161 to determine scope of T1595 activity on HOST-3334.,2026-01-10T12:49:00Z
CASE-000951,SOC-002,,ALT-000951,2026-01-10T09:43:00Z,ANL-2017,LOW,CLOSED,TRUE_POSITIVE,Unusual SMB Admin Share Access — True Positive,Cross-referenced 10.106.241.95 against threat intelligence feeds for HOST-4301.,2026-01-10T13:35:00Z
CASE-000952,SOC-002,,ALT-000952,2026-01-10T08:13:00Z,ANL-2011,LOW,CLOSED,FALSE_POSITIVE,Internal Network Port Scan — False Positive,Checked process execution history for HOST-2842 following T1595 alert.,2026-01-10T15:20:00Z
CASE-000953,SOC-002,,ALT-000953,2026-01-10T03:51:00Z,ANL-2018,LOW,CLOSED,TRUE_POSITIVE,Ransomware Behaviour Detected — True Positive,Traced network flow from 10.174.140.35 to determine scope of T1486 activity on HOST-2875.,2026-01-10T11:05:00Z
CASE-000954,SOC-002,,ALT-000954,2026-01-10T14:44:00Z,ANL-2021,MEDIUM,CLOSED,TRUE_POSITIVE,Upload to Unapproved Cloud Storage — True Positive,Reviewed T1567 activity on HOST-1436; correlated with source 10.43.133.160.,2026-01-10T17:39:00Z
CASE-000955,SOC-002,INC-000035,ALT-000955,2026-01-10T03:24:00Z,ANL-2016,CRITICAL,CLOSED,TRUE_POSITIVE,Beaconing to Known C2 Domain — True Positive,Manually reviewed HOST-3810 logs; findings documented against case ticket.,2026-01-10T04:07:00Z
CASE-000956,SOC-002,,ALT-000956,2026-01-10T22:34:00Z,ANL-2019,LOW,CLOSED,TRUE_POSITIVE,Large Outbound Data Transfer — True Positive,Traced network flow from 10.153.17.217 to determine scope of T1041 activity on HOST-4405.,2026-01-11T06:26:00Z
CASE-000957,SOC-002,,ALT-000957,2026-01-10T01:42:00Z,ANL-2013,HIGH,CLOSED,TRUE_POSITIVE,Large Outbound Data Transfer — True Positive,Manually reviewed HOST-4556 logs; findings documented against case ticket.,2026-01-10T02:30:00Z
CASE-000958,SOC-002,,ALT-000958,2026-01-10T06:24:00Z,ANL-2011,HIGH,CLOSED,TRUE_POSITIVE,Ransomware Behaviour Detected — True Positive,"Closed with minimal review — T1486 alert on HOST-1199, no further action taken.",2026-01-10T07:08:00Z
CASE-000959,SOC-002,,ALT-000959,2026-01-10T06:14:00Z,ANL-2012,MEDIUM,CLOSED,TRUE_POSITIVE,Unusual RDP Session — True Positive,"Closed with minimal review — T1021.001 alert on HOST-1616, no further action taken.",2026-01-10T08:42:00Z
CASE-000960,SOC-002,,ALT-000960,2026-01-10T04:24:00Z,ANL-2008,MEDIUM,CLOSED,FALSE_POSITIVE,Ransomware Behaviour Detected — False Positive,Investigated T1486 indicators on HOST-4646; no further lateral movement observed.,2026-01-10T15:58:00Z
CASE-000961,SOC-002,,ALT-000961,2026-01-11T17:30:00Z,ANL-2010,LOW,CLOSED,TRUE_POSITIVE,Encoded PowerShell Command — True Positive,Reviewed T1059.001 activity on HOST-2719; correlated with source 10.245.215.120.,2026-01-12T01:55:00Z
CASE-000962,SOC-002,,ALT-000962,2026-01-11T23:02:00Z,ANL-2014,MEDIUM,CLOSED,TRUE_POSITIVE,Suspicious PowerShell — True Positive,Reviewed T1059.001 activity on HOST-2137; correlated with source 10.123.148.185.,2026-01-12T01:57:00Z
CASE-000963,SOC-002,,ALT-000963,2026-01-11T23:05:00Z,ANL-2003,LOW,CLOSED,TRUE_POSITIVE,Suspicious CMD Execution — True Positive,Investigated T1059.003 indicators on HOST-3337; no further lateral movement observed.,2026-01-12T04:35:00Z
CASE-000964,SOC-002,,ALT-000964,2026-01-11T16:41:00Z,ANL-2021,MEDIUM,CLOSED,TRUE_POSITIVE,Upload to Unapproved Cloud Storage — True Positive,Reviewed escalation criteria for HOST-1380; behaviour consistent with known baseline.,2026-01-11T20:33:00Z
CASE-000965,SOC-002,,ALT-000965,2026-01-11T07:44:00Z,ANL-2008,HIGH,CLOSED,TRUE_POSITIVE,Encoded PowerShell Command — True Positive,Checked process execution history for HOST-3872 following T1059.001 alert.,2026-01-11T09:14:00Z
CASE-000966,SOC-002,,ALT-000966,2026-01-11T14:55:00Z,ANL-2008,LOW,CLOSED,TRUE_POSITIVE,Internal Network Port Scan — True Positive,Traced network flow from 10.173.85.67 to determine scope of T1595 activity on HOST-2259.,2026-01-12T13:16:00Z
CASE-000967,SOC-002,,ALT-000967,2026-01-11T23:43:00Z,ANL-2023,CRITICAL,CLOSED,FALSE_POSITIVE,Ransomware Behaviour Detected — False Positive,Checked process execution history for HOST-3200 following T1486 alert.,2026-01-12T00:16:00Z
CASE-000968,SOC-002,,ALT-000968,2026-01-11T03:31:00Z,ANL-2018,MEDIUM,CLOSED,TRUE_POSITIVE,Beaconing to Known C2 Domain — True Positive,Checked process execution history for HOST-3841 following T1071.001 alert.,2026-01-11T05:51:00Z
CASE-000969,SOC-002,,ALT-000969,2026-01-11T01:46:00Z,ANL-2002,MEDIUM,CLOSED,FALSE_POSITIVE,Unusual SMB Admin Share Access — False Positive,Reviewed escalation criteria for HOST-3934; behaviour consistent with known baseline.,2026-01-11T06:07:00Z
CASE-000970,SOC-002,,ALT-000970,2026-01-11T09:46:00Z,ANL-2013,LOW,CLOSED,TRUE_POSITIVE,LSASS Memory Access — True Positive,Checked process execution history for HOST-1356 following T1003 alert.,2026-01-11T15:01:00Z
CASE-000971,SOC-002,,ALT-000971,2026-01-11T21:49:00Z,ANL-2011,MEDIUM,CLOSED,TRUE_POSITIVE,Suspicious CMD Execution — True Positive,Checked process execution history for HOST-2241 following T1059.003 alert.,2026-01-12T01:44:00Z
CASE-000972,SOC-002,,ALT-000972,2026-01-11T22:47:00Z,ANL-2013,CRITICAL,CLOSED,FALSE_POSITIVE,Unusual Scheduled Task Created — False Positive,Cross-referenced 10.47.8.16 against threat intelligence feeds for HOST-4758.,2026-01-11T23:33:00Z
CASE-000973,SOC-002,,ALT-000973,2026-01-11T20:17:00Z,ANL-2016,LOW,CLOSED,TRUE_POSITIVE,Internal Network Port Scan — True Positive,Traced network flow from 10.176.117.36 to determine scope of T1595 activity on HOST-1792.,2026-01-12T00:55:00Z
CASE-000974,SOC-002,,ALT-000974,2026-01-11T17:29:00Z,ANL-2004,LOW,CLOSED,TRUE_POSITIVE,Suspicious Binary Download — True Positive,Cross-referenced 10.171.95.231 against threat intelligence feeds for HOST-1783.,2026-01-12T01:35:00Z
CASE-000975,SOC-002,,ALT-000975,2026-01-11T09:56:00Z,ANL-2016,HIGH,CLOSED,TRUE_POSITIVE,Large Outbound Data Transfer — True Positive,Analysed endpoint telemetry for HOST-4470 tied to T1041 detection.,2026-01-11T16:27:00Z
CASE-000976,SOC-002,,ALT-000976,2026-01-11T16:28:00Z,ANL-2024,MEDIUM,CLOSED,FALSE_POSITIVE,Password Spraying Detected — False Positive,Manually reviewed HOST-4795 logs; findings documented against case ticket.,2026-01-12T17:41:00Z
CASE-000977,SOC-002,,ALT-000977,2026-01-11T10:07:00Z,ANL-2024,MEDIUM,CLOSED,FALSE_POSITIVE,Unusual Scheduled Task Created — False Positive,Analysed endpoint telemetry for HOST-1849 tied to T1053.005 detection.,2026-01-12T00:11:00Z
CASE-000978,SOC-002,,ALT-000978,2026-01-11T23:14:00Z,ANL-2005,HIGH,CLOSED,TRUE_POSITIVE,Ransomware Behaviour Detected — True Positive,Validated authentication logs tied to HOST-2357 to rule out credential compromise.,2026-01-12T00:42:00Z
CASE-000979,SOC-002,,ALT-000979,2026-01-11T16:21:00Z,ANL-2014,MEDIUM,CLOSED,TRUE_POSITIVE,Beaconing to Known C2 Domain — True Positive,Confirmed T1071.001 alert on HOST-3088 against recent change records.,2026-01-11T19:58:00Z
CASE-000980,SOC-002,,ALT-000980,2026-01-11T20:12:00Z,ANL-2003,LOW,CLOSED,FALSE_POSITIVE,Ransomware Behaviour Detected — False Positive,Checked process execution history for HOST-2463 following T1486 alert.,2026-01-12T03:21:00Z
CASE-000981,SOC-002,,ALT-000981,2026-01-11T19:26:00Z,ANL-2012,LOW,CLOSED,FALSE_POSITIVE,Ransomware Behaviour Detected — False Positive,Analysed endpoint telemetry for HOST-2098 tied to T1486 detection.,2026-01-12T03:50:00Z
CASE-000982,SOC-002,,ALT-000982,2026-01-11T18:30:00Z,ANL-2021,HIGH,CLOSED,TRUE_POSITIVE,Unusual RDP Session — True Positive,"Closed with minimal review — T1021.001 alert on HOST-2340, no further action taken.",2026-01-11T19:19:00Z
CASE-000983,SOC-002,,ALT-000983,2026-01-11T06:58:00Z,ANL-2010,LOW,CLOSED,TRUE_POSITIVE,Unusual Scheduled Task Created — True Positive,Validated authentication logs tied to HOST-1835 to rule out credential compromise.,2026-01-11T11:59:00Z
CASE-000984,SOC-002,,ALT-000984,2026-01-11T15:54:00Z,ANL-2009,MEDIUM,CLOSED,FALSE_POSITIVE,LSASS Memory Access — False Positive,Cross-referenced 10.70.253.35 against threat intelligence feeds for HOST-2791.,2026-01-11T18:00:00Z
CASE-000985,SOC-002,,ALT-000985,2026-01-11T11:20:00Z,ANL-2024,CRITICAL,CLOSED,FALSE_POSITIVE,Beaconing to Known C2 Domain — False Positive,"Closed with minimal review — T1071.001 alert on HOST-4602, no further action taken.",2026-01-11T11:56:00Z
CASE-000986,SOC-002,,ALT-000986,2026-01-11T16:17:00Z,ANL-2010,LOW,CLOSED,FALSE_POSITIVE,Large Outbound Data Transfer — False Positive,Investigated T1041 indicators on HOST-3626; no further lateral movement observed.,2026-01-11T23:43:00Z
CASE-000987,SOC-002,,ALT-000987,2026-01-11T10:13:00Z,ANL-2022,MEDIUM,CLOSED,TRUE_POSITIVE,Large Outbound Data Transfer — True Positive,No further action required.,2026-01-11T11:05:00Z
CASE-000988,SOC-002,,ALT-000988,2026-01-11T13:34:00Z,ANL-2016,LOW,CLOSED,TRUE_POSITIVE,Large Outbound Data Transfer — True Positive,Manually reviewed HOST-4136 logs; findings documented against case ticket.,2026-01-11T20:55:00Z
CASE-000989,SOC-002,,ALT-000989,2026-01-11T03:21:00Z,ANL-2021,MEDIUM,CLOSED,TRUE_POSITIVE,Ransomware Behaviour Detected — True Positive,Reviewed escalation criteria for HOST-1449; behaviour consistent with known baseline.,2026-01-11T04:13:00Z
CASE-000990,SOC-002,,ALT-000990,2026-01-11T10:56:00Z,ANL-2021,LOW,CLOSED,TRUE_POSITIVE,Upload to Unapproved Cloud Storage — True Positive,Analysed endpoint telemetry for HOST-3187 tied to T1567 detection.,2026-01-11T16:54:00Z
CASE-000991,SOC-002,,ALT-000991,2026-01-11T16:49:00Z,ANL-2009,HIGH,CLOSED,TRUE_POSITIVE,Internal Network Port Scan — True Positive,Validated authentication logs tied to HOST-4727 to rule out credential compromise.,2026-01-11T17:47:00Z
CASE-000992,SOC-002,,ALT-000992,2026-01-11T10:02:00Z,ANL-2017,HIGH,CLOSED,FALSE_POSITIVE,Large Outbound Data Transfer — False Positive,Reviewed T1041 activity on HOST-3342; correlated with source 10.206.18.32.,2026-01-11T11:35:00Z
CASE-000993,SOC-002,,ALT-000993,2026-01-11T17:27:00Z,ANL-2023,MEDIUM,CLOSED,TRUE_POSITIVE,Internal Network Port Scan — True Positive,Manually reviewed HOST-3002 logs; findings documented against case ticket.,2026-01-11T21:36:00Z
CASE-000994,SOC-002,,ALT-000994,2026-01-11T13:02:00Z,ANL-2016,HIGH,CLOSED,TRUE_POSITIVE,Unusual SMB Admin Share Access — True Positive,Manually reviewed HOST-3434 logs; findings documented against case ticket.,2026-01-11T14:19:00Z
CASE-000995,SOC-002,,ALT-000995,2026-01-11T07:20:00Z,ANL-2016,MEDIUM,CLOSED,FALSE_POSITIVE,Large Outbound Data Transfer — False Positive,Traced network flow from 10.32.137.134 to determine scope of T1041 activity on HOST-3754.,2026-01-11T11:41:00Z
CASE-000996,SOC-002,,ALT-000996,2026-01-11T13:15:00Z,ANL-2024,CRITICAL,CLOSED,TRUE_POSITIVE,LSASS Memory Access — True Positive,"Closed with minimal review — T1003 alert on HOST-3741, no further action taken.",2026-01-11T13:58:00Z
CASE-000997,SOC-002,,ALT-000997,2026-01-11T03:37:00Z,ANL-2016,HIGH,CLOSED,FALSE_POSITIVE,LSASS Memory Access — False Positive,"Closed with minimal review — T1003 alert on HOST-1338, no further action taken.",2026-01-11T05:05:00Z
CASE-000998,SOC-002,,ALT-000998,2026-01-11T03:33:00Z,ANL-2004,LOW,CLOSED,FALSE_POSITIVE,Suspicious Binary Download — False Positive,"Closed with minimal review — T1105 alert on HOST-1312, no further action taken.",2026-01-11T04:41:00Z
CASE-000999,SOC-002,,ALT-000999,2026-01-11T04:10:00Z,ANL-2001,LOW,CLOSED,FALSE_POSITIVE,Upload to Unapproved Cloud Storage — False Positive,Manually reviewed HOST-3747 logs; findings documented against case ticket.,2026-01-11T10:23:00Z
CASE-001000,SOC-002,,ALT-001000,2026-01-11T23:36:00Z,ANL-2001,CRITICAL,CLOSED,FALSE_POSITIVE,Internal Network Port Scan — False Positive,Traced network flow from 10.121.238.97 to determine scope of T1595 activity on HOST-1189.,2026-01-12T00:13:00Z
CASE-001001,SOC-002,,ALT-001001,2026-01-12T18:14:00Z,ANL-2002,MEDIUM,CLOSED,TRUE_POSITIVE,Suspicious CMD Execution — True Positive,Analysed endpoint telemetry for HOST-4333 tied to T1059.003 detection.,2026-01-12T20:44:00Z
CASE-001002,SOC-002,,ALT-001002,2026-01-12T09:08:00Z,ANL-2011,MEDIUM,CLOSED,FALSE_POSITIVE,Large Outbound Data Transfer — False Positive,Checked process execution history for HOST-1939 following T1041 alert.,2026-01-12T11:53:00Z
CASE-001003,SOC-002,,ALT-001003,2026-01-12T12:46:00Z,ANL-2005,MEDIUM,CLOSED,FALSE_POSITIVE,Beaconing to Known C2 Domain — False Positive,Traced network flow from 10.1.71.45 to determine scope of T1071.001 activity on HOST-3611.,2026-01-12T16:16:00Z
CASE-001004,SOC-002,,ALT-001004,2026-01-12T20:05:00Z,ANL-2001,MEDIUM,CLOSED,TRUE_POSITIVE,Unusual SMB Admin Share Access — True Positive,"Closed with minimal review — T1021.002 alert on HOST-3545, no further action taken.",2026-01-12T23:53:00Z
CASE-001005,SOC-002,,ALT-001005,2026-01-12T02:09:00Z,ANL-2018,LOW,CLOSED,TRUE_POSITIVE,Suspicious PowerShell — True Positive,Traced network flow from 10.188.246.145 to determine scope of T1059.001 activity on HOST-4716.,2026-01-12T07:20:00Z
CASE-001006,SOC-002,,ALT-001006,2026-01-12T22:24:00Z,ANL-2001,LOW,CLOSED,TRUE_POSITIVE,Ransomware Behaviour Detected — True Positive,"Closed with minimal review — T1486 alert on HOST-2038, no further action taken.",2026-01-13T03:03:00Z
CASE-001007,SOC-002,,ALT-001007,2026-01-12T01:00:00Z,ANL-2013,HIGH,CLOSED,TRUE_POSITIVE,Internal Network Port Scan — True Positive,Reviewed T1595 activity on HOST-2784; correlated with source 10.232.119.216.,2026-01-12T02:04:00Z
CASE-001008,SOC-002,,ALT-001008,2026-01-12T14:46:00Z,ANL-2007,MEDIUM,CLOSED,FALSE_POSITIVE,Upload to Unapproved Cloud Storage — False Positive,Confirmed T1567 alert on HOST-3870 against recent change records.,2026-01-12T17:51:00Z
CASE-001009,SOC-002,,ALT-001009,2026-01-12T09:43:00Z,ANL-2024,HIGH,CLOSED,FALSE_POSITIVE,Ransomware Behaviour Detected — False Positive,"Closed with minimal review — T1486 alert on HOST-1098, no further action taken.",2026-01-12T10:24:00Z
CASE-001010,SOC-002,,ALT-001010,2026-01-12T23:37:00Z,ANL-2024,HIGH,CLOSED,TRUE_POSITIVE,Suspicious Binary Download — True Positive,Manually reviewed HOST-2552 logs; findings documented against case ticket.,2026-01-13T01:03:00Z
CASE-001011,SOC-002,,ALT-001011,2026-01-12T01:28:00Z,ANL-2008,MEDIUM,CLOSED,FALSE_POSITIVE,LSASS Memory Access — False Positive,"Closed with minimal review — T1003 alert on HOST-1022, no further action taken.",2026-01-12T02:16:00Z
CASE-001012,SOC-002,,ALT-001012,2026-01-12T12:52:00Z,ANL-2023,LOW,CLOSED,FALSE_POSITIVE,Unusual RDP Session — False Positive,Manually reviewed HOST-1092 logs; findings documented against case ticket.,2026-01-12T20:26:00Z
CASE-001013,SOC-002,,ALT-001013,2026-01-12T08:33:00Z,ANL-2018,HIGH,CLOSED,TRUE_POSITIVE,Encoded PowerShell Command — True Positive,Traced network flow from 10.54.59.247 to determine scope of T1059.001 activity on HOST-2085.,2026-01-12T16:29:00Z
CASE-001014,SOC-002,,ALT-001014,2026-01-12T01:14:00Z,ANL-2024,LOW,CLOSED,TRUE_POSITIVE,Internal Network Port Scan — True Positive,Confirmed T1595 alert on HOST-1739 against recent change records.,2026-01-12T06:30:00Z
CASE-001015,SOC-002,,ALT-001015,2026-01-12T22:04:00Z,ANL-2009,LOW,CLOSED,FALSE_POSITIVE,Ransomware Behaviour Detected — False Positive,Traced network flow from 10.209.88.148 to determine scope of T1486 activity on HOST-4266.,2026-01-13T04:51:00Z
CASE-001016,SOC-002,,ALT-001016,2026-01-12T22:02:00Z,ANL-2006,LOW,CLOSED,TRUE_POSITIVE,Suspicious CMD Execution — True Positive,"Closed with minimal review — T1059.003 alert on HOST-1321, no further action taken.",2026-01-13T05:26:00Z
CASE-001017,SOC-002,,ALT-001017,2026-01-12T16:31:00Z,ANL-2020,LOW,CLOSED,TRUE_POSITIVE,Upload to Unapproved Cloud Storage — True Positive,Validated authentication logs tied to HOST-2128 to rule out credential compromise.,2026-01-12T22:38:00Z
CASE-001018,SOC-002,,ALT-001018,2026-01-12T10:18:00Z,ANL-2024,MEDIUM,CLOSED,TRUE_POSITIVE,Internal Network Port Scan — True Positive,Manually reviewed HOST-4141 logs; findings documented against case ticket.,2026-01-13T03:53:00Z
CASE-001019,SOC-002,,ALT-001019,2026-01-12T19:40:00Z,ANL-2015,MEDIUM,CLOSED,TRUE_POSITIVE,New Registry Run Key Entry — True Positive,Cross-referenced 10.54.221.128 against threat intelligence feeds for HOST-1408.,2026-01-12T22:09:00Z
CASE-001020,SOC-002,,ALT-001020,2026-01-12T00:53:00Z,ANL-2009,CRITICAL,CLOSED,TRUE_POSITIVE,Unusual RDP Session — True Positive,Reviewed escalation criteria for HOST-2843; behaviour consistent with known baseline.,2026-01-12T01:41:00Z
CASE-001021,SOC-002,,ALT-001021,2026-01-12T09:58:00Z,ANL-2006,CRITICAL,CLOSED,TRUE_POSITIVE,Ransomware Behaviour Detected — True Positive,Cross-referenced 10.210.81.99 against threat intelligence feeds for HOST-4945.,2026-01-12T10:37:00Z
CASE-001022,SOC-002,,ALT-001022,2026-01-12T20:56:00Z,ANL-2011,MEDIUM,CLOSED,FALSE_POSITIVE,Upload to Unapproved Cloud Storage — False Positive,Investigated T1567 indicators on HOST-1809; no further lateral movement observed.,2026-01-12T22:47:00Z
CASE-001023,SOC-002,,ALT-001023,2026-01-12T01:40:00Z,ANL-2001,MEDIUM,CLOSED,FALSE_POSITIVE,LSASS Memory Access — False Positive,"Closed with minimal review — T1003 alert on HOST-2715, no further action taken.",2026-01-12T04:11:00Z
CASE-001024,SOC-002,,ALT-001024,2026-01-12T19:09:00Z,ANL-2002,LOW,CLOSED,TRUE_POSITIVE,Internal Network Port Scan — True Positive,"Closed with minimal review — T1595 alert on HOST-2071, no further action taken.",2026-01-12T20:06:00Z
CASE-001025,SOC-002,,ALT-001025,2026-01-12T10:26:00Z,ANL-2019,LOW,CLOSED,FALSE_POSITIVE,Internal Network Port Scan — False Positive,Analysed endpoint telemetry for HOST-4932 tied to T1595 detection.,2026-01-12T15:58:00Z
CASE-001026,SOC-002,,ALT-001026,2026-01-12T19:01:00Z,ANL-2006,CRITICAL,CLOSED,TRUE_POSITIVE,Ransomware Behaviour Detected — True Positive,"Closed with minimal review — T1486 alert on HOST-1022, no further action taken.",2026-01-12T19:30:00Z
CASE-001027,SOC-002,,ALT-001027,2026-01-12T07:53:00Z,ANL-2024,MEDIUM,CLOSED,FALSE_POSITIVE,Upload to Unapproved Cloud Storage — False Positive,Validated authentication logs tied to HOST-3002 to rule out credential compromise.,2026-01-12T11:13:00Z
CASE-001028,SOC-002,,ALT-001028,2026-01-12T23:49:00Z,ANL-2022,LOW,CLOSED,TRUE_POSITIVE,Internal Network Port Scan — True Positive,Validated authentication logs tied to HOST-1868 to rule out credential compromise.,2026-01-13T04:46:00Z
CASE-001029,SOC-002,,ALT-001029,2026-01-12T05:09:00Z,ANL-2010,MEDIUM,CLOSED,FALSE_POSITIVE,Suspicious PowerShell — False Positive,Reviewed escalation criteria for HOST-1415; behaviour consistent with known baseline.,2026-01-12T08:30:00Z
CASE-001030,SOC-002,,ALT-001030,2026-01-12T11:20:00Z,ANL-2018,HIGH,CLOSED,FALSE_POSITIVE,Unusual Scheduled Task Created — False Positive,Manually reviewed HOST-2497 logs; findings documented against case ticket.,2026-01-14T00:49:00Z
CASE-001031,SOC-002,,ALT-001031,2026-01-12T11:57:00Z,ANL-2001,HIGH,CLOSED,TRUE_POSITIVE,Unusual Scheduled Task Created — True Positive,Investigated T1053.005 indicators on HOST-4001; no further lateral movement observed.,2026-01-12T13:38:00Z
CASE-001032,SOC-002,,ALT-001032,2026-01-12T03:47:00Z,ANL-2014,HIGH,CLOSED,TRUE_POSITIVE,Internal Network Port Scan — True Positive,"Closed with minimal review — T1595 alert on HOST-2763, no further action taken.",2026-01-12T04:32:00Z
CASE-001033,SOC-002,,ALT-001033,2026-01-12T21:24:00Z,ANL-2017,LOW,CLOSED,FALSE_POSITIVE,Large Outbound Data Transfer — False Positive,Reviewed T1041 activity on HOST-3303; correlated with source 10.235.39.79.,2026-01-13T04:36:00Z
CASE-001034,SOC-002,,ALT-001034,2026-01-12T16:35:00Z,ANL-2004,HIGH,CLOSED,TRUE_POSITIVE,Unusual RDP Session — True Positive,Traced network flow from 10.200.58.99 to determine scope of T1021.001 activity on HOST-3148.,2026-01-12T17:35:00Z
CASE-001035,SOC-002,,ALT-001035,2026-01-12T00:30:00Z,ANL-2005,LOW,CLOSED,FALSE_POSITIVE,LSASS Memory Access — False Positive,"Closed with minimal review — T1003 alert on HOST-1022, no further action taken.",2026-01-12T02:19:00Z
CASE-001036,SOC-002,,ALT-001036,2026-01-12T19:37:00Z,ANL-2021,CRITICAL,CLOSED,FALSE_POSITIVE,Suspicious CMD Execution — False Positive,Reviewed escalation criteria for HOST-3131; behaviour consistent with known baseline.,2026-01-13T05:57:00Z
CASE-001037,SOC-002,,ALT-001037,2026-01-12T13:02:00Z,ANL-2012,MEDIUM,CLOSED,TRUE_POSITIVE,Ransomware Behaviour Detected — True Positive,Manually reviewed HOST-2451 logs; findings documented against case ticket.,2026-01-13T12:51:00Z
CASE-001038,SOC-002,,ALT-001038,2026-01-12T12:31:00Z,ANL-2023,MEDIUM,CLOSED,TRUE_POSITIVE,Ransomware Behaviour Detected — True Positive,Reviewed T1486 activity on HOST-1407; correlated with source 10.82.212.28.,2026-01-12T15:27:00Z
CASE-001039,SOC-002,,ALT-001039,2026-01-12T16:47:00Z,ANL-2024,MEDIUM,CLOSED,TRUE_POSITIVE,Suspicious CMD Execution — True Positive,Validated authentication logs tied to HOST-1128 to rule out credential compromise.,2026-01-12T19:32:00Z
CASE-001040,SOC-002,,ALT-001040,2026-01-12T09:14:00Z,ANL-2011,LOW,CLOSED,TRUE_POSITIVE,Unusual RDP Session — True Positive,Traced network flow from 10.9.251.178 to determine scope of T1021.001 activity on HOST-1325.,2026-01-12T15:48:00Z
CASE-001041,SOC-002,,ALT-001041,2026-01-13T10:40:00Z,ANL-2013,LOW,CLOSED,TRUE_POSITIVE,Internal Network Port Scan — True Positive,"Closed with minimal review — T1595 alert on HOST-2852, no further action taken.",2026-01-13T11:57:00Z
CASE-001042,SOC-002,,ALT-001042,2026-01-13T00:21:00Z,ANL-2003,HIGH,CLOSED,TRUE_POSITIVE,Large Outbound Data Transfer — True Positive,Analysed endpoint telemetry for HOST-3076 tied to T1041 detection.,2026-01-13T01:04:00Z
CASE-001043,SOC-002,,ALT-001043,2026-01-13T04:10:00Z,ANL-2009,LOW,CLOSED,TRUE_POSITIVE,Suspicious Binary Download — True Positive,Cross-referenced 10.201.97.186 against threat intelligence feeds for HOST-1060.,2026-01-13T08:38:00Z
CASE-001044,SOC-002,,ALT-001044,2026-01-13T03:38:00Z,ANL-2008,CRITICAL,CLOSED,TRUE_POSITIVE,Internal Network Port Scan — True Positive,Traced network flow from 10.43.12.68 to determine scope of T1595 activity on HOST-4227.,2026-01-13T04:31:00Z
CASE-001045,SOC-002,INC-000036,ALT-001045,2026-01-13T08:05:00Z,ANL-2009,CRITICAL,CLOSED,TRUE_POSITIVE,Unusual SMB Admin Share Access — True Positive,Analysed endpoint telemetry for HOST-1902 tied to T1021.002 detection.,2026-01-13T08:47:00Z
CASE-001046,SOC-002,,ALT-001046,2026-01-13T16:29:00Z,ANL-2017,LOW,CLOSED,TRUE_POSITIVE,Internal Network Port Scan — True Positive,Validated authentication logs tied to HOST-4348 to rule out credential compromise.,2026-01-13T23:29:00Z
CASE-001047,SOC-002,,ALT-001047,2026-01-13T19:58:00Z,ANL-2017,MEDIUM,CLOSED,TRUE_POSITIVE,Ransomware Behaviour Detected — True Positive,"Closed with minimal review — T1486 alert on HOST-3378, no further action taken.",2026-01-13T20:30:00Z
CASE-001048,SOC-002,INC-000037,ALT-001048,2026-01-13T20:35:00Z,ANL-2002,CRITICAL,CLOSED,TRUE_POSITIVE,Ransomware Behaviour Detected — True Positive,Traced network flow from 10.18.41.7 to determine scope of T1486 activity on HOST-3878.,2026-01-13T21:08:00Z
CASE-001049,SOC-002,,ALT-001049,2026-01-13T00:57:00Z,ANL-2021,MEDIUM,CLOSED,TRUE_POSITIVE,Internal Network Port Scan — True Positive,Checked process execution history for HOST-2914 following T1595 alert.,2026-01-13T04:20:00Z
CASE-001050,SOC-002,,ALT-001050,2026-01-13T13:53:00Z,ANL-2002,MEDIUM,CLOSED,FALSE_POSITIVE,New Registry Run Key Entry — False Positive,Reviewed escalation criteria for HOST-4108; behaviour consistent with known baseline.,2026-01-13T16:31:00Z
CASE-001051,SOC-002,,ALT-001051,2026-01-13T15:49:00Z,ANL-2022,MEDIUM,CLOSED,TRUE_POSITIVE,Beaconing to Known C2 Domain — True Positive,Validated authentication logs tied to HOST-1446 to rule out credential compromise.,2026-01-14T09:24:00Z
CASE-001052,SOC-002,,ALT-001052,2026-01-13T09:48:00Z,ANL-2014,CRITICAL,CLOSED,TRUE_POSITIVE,New Registry Run Key Entry — True Positive,Investigated T1547.001 indicators on HOST-4559; no further lateral movement observed.,2026-01-13T10:41:00Z
CASE-001053,SOC-002,,ALT-001053,2026-01-13T13:00:00Z,ANL-2012,MEDIUM,CLOSED,TRUE_POSITIVE,New Registry Run Key Entry — True Positive,Validated authentication logs tied to HOST-1136 to rule out credential compromise.,2026-01-13T15:43:00Z
CASE-001054,SOC-002,,ALT-001054,2026-01-13T20:41:00Z,ANL-2011,CRITICAL,CLOSED,TRUE_POSITIVE,Ransomware Behaviour Detected — True Positive,Analysed endpoint telemetry for HOST-3714 tied to T1486 detection.,2026-01-14T00:52:00Z
CASE-001055,SOC-002,,ALT-001055,2026-01-13T03:42:00Z,ANL-2024,HIGH,CLOSED,TRUE_POSITIVE,Suspicious PowerShell — True Positive,Confirmed T1059.001 alert on HOST-4261 against recent change records.,2026-01-13T04:30:00Z
CASE-001056,SOC-002,,ALT-001056,2026-01-13T06:04:00Z,ANL-2002,LOW,CLOSED,TRUE_POSITIVE,Suspicious CMD Execution — True Positive,Traced network flow from 10.252.238.243 to determine scope of T1059.003 activity on HOST-3760.,2026-01-14T04:11:00Z
CASE-001057,SOC-002,,ALT-001057,2026-01-13T20:40:00Z,ANL-2021,MEDIUM,CLOSED,FALSE_POSITIVE,Internal Network Port Scan — False Positive,Cross-referenced 10.97.211.68 against threat intelligence feeds for HOST-1258.,2026-01-14T00:00:00Z
CASE-001058,SOC-002,,ALT-001058,2026-01-13T04:50:00Z,ANL-2018,MEDIUM,CLOSED,TRUE_POSITIVE,Unusual RDP Session — True Positive,"Closed with minimal review — T1021.001 alert on HOST-1098, no further action taken.",2026-01-13T05:36:00Z
CASE-001059,SOC-002,,ALT-001059,2026-01-13T23:40:00Z,ANL-2014,HIGH,CLOSED,FALSE_POSITIVE,Upload to Unapproved Cloud Storage — False Positive,Reviewed T1567 activity on HOST-2017; correlated with source 10.59.38.80.,2026-01-14T00:36:00Z
CASE-001060,SOC-002,,ALT-001060,2026-01-13T19:03:00Z,ANL-2006,MEDIUM,CLOSED,FALSE_POSITIVE,Internal Network Port Scan — False Positive,Investigated T1595 indicators on HOST-4805; no further lateral movement observed.,2026-01-13T22:13:00Z
CASE-001061,SOC-002,,ALT-001061,2026-01-13T21:39:00Z,ANL-2019,MEDIUM,CLOSED,TRUE_POSITIVE,Unusual Scheduled Task Created — True Positive,Checked process execution history for HOST-2411 following T1053.005 alert.,2026-01-13T23:48:00Z
CASE-001062,SOC-002,,ALT-001062,2026-01-13T14:00:00Z,ANL-2007,CRITICAL,CLOSED,FALSE_POSITIVE,New Registry Run Key Entry — False Positive,"Closed with minimal review — T1547.001 alert on HOST-4945, no further action taken.",2026-01-13T14:31:00Z
CASE-001063,SOC-002,,ALT-001063,2026-01-13T07:02:00Z,ANL-2024,LOW,CLOSED,FALSE_POSITIVE,Suspicious PowerShell — False Positive,Traced network flow from 10.129.71.131 to determine scope of T1059.001 activity on HOST-4916.,2026-01-13T12:25:00Z
CASE-001064,SOC-002,,ALT-001064,2026-01-13T00:04:00Z,ANL-2020,LOW,CLOSED,TRUE_POSITIVE,Beaconing to Known C2 Domain — True Positive,"Closed with minimal review — T1071.001 alert on HOST-1547, no further action taken.",2026-01-13T00:49:00Z
CASE-001065,SOC-002,,ALT-001065,2026-01-13T00:23:00Z,ANL-2003,MEDIUM,CLOSED,TRUE_POSITIVE,Suspicious Binary Download — True Positive,Traced network flow from 10.131.65.33 to determine scope of T1105 activity on HOST-1079.,2026-01-13T04:14:00Z
CASE-001066,SOC-002,,ALT-001066,2026-01-13T04:56:00Z,ANL-2021,MEDIUM,CLOSED,TRUE_POSITIVE,Unusual RDP Session — True Positive,Manually reviewed HOST-3796 logs; findings documented against case ticket.,2026-01-13T08:52:00Z
CASE-001067,SOC-002,,ALT-001067,2026-01-13T08:23:00Z,ANL-2009,LOW,CLOSED,FALSE_POSITIVE,Large Outbound Data Transfer — False Positive,Investigated T1041 indicators on HOST-1005; no further lateral movement observed.,2026-01-14T11:24:00Z
CASE-001068,SOC-002,,ALT-001068,2026-01-13T04:18:00Z,ANL-2004,MEDIUM,CLOSED,TRUE_POSITIVE,LSASS Memory Access — True Positive,Cross-referenced 10.9.208.158 against threat intelligence feeds for HOST-3401.,2026-01-13T10:05:00Z
CASE-001069,SOC-002,,ALT-001069,2026-01-13T06:29:00Z,ANL-2021,MEDIUM,CLOSED,TRUE_POSITIVE,Password Spraying Detected — True Positive,"Closed with minimal review — T1110 alert on HOST-3245, no further action taken.",2026-01-13T07:18:00Z
CASE-001070,SOC-002,,ALT-001070,2026-01-13T05:29:00Z,ANL-2015,MEDIUM,CLOSED,FALSE_POSITIVE,LSASS Memory Access — False Positive,Analysed endpoint telemetry for HOST-2783 tied to T1003 detection.,2026-01-13T07:28:00Z
CASE-001071,SOC-002,,ALT-001071,2026-01-13T07:23:00Z,ANL-2023,LOW,CLOSED,TRUE_POSITIVE,New Registry Run Key Entry — True Positive,Validated authentication logs tied to HOST-4657 to rule out credential compromise.,2026-01-13T11:13:00Z
CASE-001072,SOC-002,,ALT-001072,2026-01-13T04:28:00Z,ANL-2009,MEDIUM,CLOSED,TRUE_POSITIVE,Suspicious CMD Execution — True Positive,"Closed with minimal review — T1059.003 alert on HOST-4979, no further action taken.",2026-01-13T09:46:00Z
CASE-001073,SOC-002,,ALT-001073,2026-01-13T12:03:00Z,ANL-2001,HIGH,CLOSED,FALSE_POSITIVE,Unusual RDP Session — False Positive,Analysed endpoint telemetry for HOST-3437 tied to T1021.001 detection.,2026-01-13T13:17:00Z
CASE-001074,SOC-002,,ALT-001074,2026-01-13T23:34:00Z,ANL-2017,MEDIUM,CLOSED,TRUE_POSITIVE,Suspicious PowerShell — True Positive,"Closed with minimal review — T1059.001 alert on HOST-2989, no further action taken.",2026-01-14T00:07:00Z
CASE-001075,SOC-002,,ALT-001075,2026-01-13T14:43:00Z,ANL-2021,HIGH,CLOSED,TRUE_POSITIVE,Ransomware Behaviour Detected — True Positive,Reviewed escalation criteria for HOST-2280; behaviour consistent with known baseline.,2026-01-13T15:44:00Z
CASE-001076,SOC-002,,ALT-001076,2026-01-13T22:50:00Z,ANL-2019,MEDIUM,CLOSED,FALSE_POSITIVE,Unusual SMB Admin Share Access — False Positive,Reviewed T1021.002 activity on HOST-3482; correlated with source 10.160.230.130.,2026-01-14T01:52:00Z
CASE-001077,SOC-002,,ALT-001077,2026-01-13T03:56:00Z,ANL-2022,MEDIUM,CLOSED,FALSE_POSITIVE,Ransomware Behaviour Detected — False Positive,No further action required.,2026-01-13T04:27:00Z
CASE-001078,SOC-002,,ALT-001078,2026-01-13T23:11:00Z,ANL-2008,MEDIUM,CLOSED,TRUE_POSITIVE,Beaconing to Known C2 Domain — True Positive,Validated authentication logs tied to HOST-1177 to rule out credential compromise.,2026-01-14T01:25:00Z
CASE-001079,SOC-002,,ALT-001079,2026-01-13T19:21:00Z,ANL-2002,LOW,CLOSED,TRUE_POSITIVE,Upload to Unapproved Cloud Storage — True Positive,Confirmed T1567 alert on HOST-2736 against recent change records.,2026-01-14T01:04:00Z
CASE-001080,SOC-002,,ALT-001080,2026-01-13T03:35:00Z,ANL-2019,LOW,CLOSED,TRUE_POSITIVE,Upload to Unapproved Cloud Storage — True Positive,Analysed endpoint telemetry for HOST-1655 tied to T1567 detection.,2026-01-13T10:39:00Z
CASE-001081,SOC-002,,ALT-001081,2026-01-14T11:20:00Z,ANL-2011,CRITICAL,CLOSED,TRUE_POSITIVE,Beaconing to Known C2 Domain — True Positive,Investigated T1071.001 indicators on HOST-2519; no further lateral movement observed.,2026-01-14T12:11:00Z
CASE-001082,SOC-002,,ALT-001082,2026-01-14T23:52:00Z,ANL-2008,MEDIUM,CLOSED,TRUE_POSITIVE,Internal Network Port Scan — True Positive,Reviewed T1595 activity on HOST-3843; correlated with source 10.72.217.228.,2026-01-15T02:36:00Z
CASE-001083,SOC-002,,ALT-001083,2026-01-14T10:43:00Z,ANL-2004,CRITICAL,CLOSED,TRUE_POSITIVE,Internal Network Port Scan — True Positive,Confirmed T1595 alert on HOST-1274 against recent change records.,2026-01-14T11:31:00Z
CASE-001084,SOC-002,,ALT-001084,2026-01-14T04:07:00Z,ANL-2001,HIGH,CLOSED,FALSE_POSITIVE,Unusual Scheduled Task Created — False Positive,Investigated T1053.005 indicators on HOST-3496; no further lateral movement observed.,2026-01-14T05:14:00Z
CASE-001085,SOC-002,,ALT-001085,2026-01-14T17:59:00Z,ANL-2005,HIGH,CLOSED,TRUE_POSITIVE,Suspicious Binary Download — True Positive,Analysed endpoint telemetry for HOST-4648 tied to T1105 detection.,2026-01-14T19:45:00Z
CASE-001086,SOC-002,,ALT-001086,2026-01-14T08:28:00Z,ANL-2005,MEDIUM,CLOSED,TRUE_POSITIVE,Suspicious CMD Execution — True Positive,Manually reviewed HOST-4629 logs; findings documented against case ticket.,2026-01-14T09:04:00Z
CASE-001087,SOC-002,,ALT-001087,2026-01-14T16:32:00Z,ANL-2020,LOW,CLOSED,TRUE_POSITIVE,Suspicious CMD Execution — True Positive,Checked process execution history for HOST-3518 following T1059.003 alert.,2026-01-14T21:04:00Z
CASE-001088,SOC-002,,ALT-001088,2026-01-14T12:34:00Z,ANL-2017,LOW,CLOSED,TRUE_POSITIVE,Internal Network Port Scan — True Positive,Validated authentication logs tied to HOST-3937 to rule out credential compromise.,2026-01-14T18:40:00Z
CASE-001089,SOC-002,,ALT-001089,2026-01-14T00:05:00Z,ANL-2019,HIGH,CLOSED,TRUE_POSITIVE,Suspicious Binary Download — True Positive,Manually reviewed HOST-4243 logs; findings documented against case ticket.,2026-01-14T01:24:00Z
CASE-001090,SOC-002,,ALT-001090,2026-01-14T17:37:00Z,ANL-2012,LOW,CLOSED,FALSE_POSITIVE,Large Outbound Data Transfer — False Positive,Reviewed T1041 activity on HOST-2739; correlated with source 10.77.150.106.,2026-01-14T22:15:00Z
CASE-001091,SOC-002,,ALT-001091,2026-01-14T21:18:00Z,ANL-2019,LOW,CLOSED,TRUE_POSITIVE,Password Spraying Detected — True Positive,Investigated T1110 indicators on HOST-2425; no further lateral movement observed.,2026-01-15T04:11:00Z
CASE-001092,SOC-002,,ALT-001092,2026-01-14T21:43:00Z,ANL-2020,LOW,CLOSED,FALSE_POSITIVE,Large Outbound Data Transfer — False Positive,Validated authentication logs tied to HOST-3716 to rule out credential compromise.,2026-01-15T03:16:00Z
CASE-001093,SOC-002,,ALT-001093,2026-01-14T21:38:00Z,ANL-2015,HIGH,CLOSED,TRUE_POSITIVE,Ransomware Behaviour Detected — True Positive,Reviewed T1486 activity on HOST-4159; correlated with source 10.2.163.88.,2026-01-14T23:12:00Z
CASE-001094,SOC-002,,ALT-001094,2026-01-14T09:47:00Z,ANL-2002,MEDIUM,CLOSED,TRUE_POSITIVE,Encoded PowerShell Command — True Positive,Traced network flow from 10.169.13.145 to determine scope of T1059.001 activity on HOST-1700.,2026-01-14T12:14:00Z
CASE-001095,SOC-002,,ALT-001095,2026-01-14T16:39:00Z,ANL-2018,MEDIUM,CLOSED,TRUE_POSITIVE,Beaconing to Known C2 Domain — True Positive,Investigated T1071.001 indicators on HOST-2737; no further lateral movement observed.,2026-01-14T18:37:00Z
CASE-001096,SOC-002,,ALT-001096,2026-01-14T00:21:00Z,ANL-2011,MEDIUM,CLOSED,TRUE_POSITIVE,LSASS Memory Access — True Positive,Validated authentication logs tied to HOST-1549 to rule out credential compromise.,2026-01-14T02:31:00Z
CASE-001097,SOC-002,,ALT-001097,2026-01-14T08:43:00Z,ANL-2016,HIGH,CLOSED,FALSE_POSITIVE,Ransomware Behaviour Detected — False Positive,Confirmed T1486 alert on HOST-4763 against recent change records.,2026-01-14T09:55:00Z
CASE-001098,SOC-002,,ALT-001098,2026-01-14T10:32:00Z,ANL-2009,LOW,CLOSED,FALSE_POSITIVE,Ransomware Behaviour Detected — False Positive,Traced network flow from 10.142.2.30 to determine scope of T1486 activity on HOST-2141.,2026-01-14T15:26:00Z
CASE-001099,SOC-002,,ALT-001099,2026-01-14T16:18:00Z,ANL-2010,HIGH,CLOSED,TRUE_POSITIVE,Suspicious PowerShell — True Positive,Reviewed T1059.001 activity on HOST-4446; correlated with source 10.178.208.31.,2026-01-14T17:15:00Z
CASE-001100,SOC-002,,ALT-001100,2026-01-14T22:08:00Z,ANL-2015,LOW,CLOSED,TRUE_POSITIVE,Beaconing to Known C2 Domain — True Positive,Checked process execution history for HOST-1537 following T1071.001 alert.,2026-01-15T05:57:00Z
CASE-001101,SOC-002,,ALT-001101,2026-01-14T15:34:00Z,ANL-2006,MEDIUM,CLOSED,TRUE_POSITIVE,Repeated Failed Logins — True Positive,Checked process execution history for HOST-1058 following T1110 alert.,2026-01-14T19:07:00Z
CASE-001102,SOC-002,,ALT-001102,2026-01-14T05:58:00Z,ANL-2022,LOW,CLOSED,TRUE_POSITIVE,Suspicious PowerShell — True Positive,No further action required.,2026-01-15T07:34:00Z
CASE-001103,SOC-002,,ALT-001103,2026-01-14T05:13:00Z,ANL-2024,HIGH,CLOSED,TRUE_POSITIVE,LSASS Memory Access — True Positive,"Closed with minimal review — T1003 alert on HOST-4090, no further action taken.",2026-01-14T06:26:00Z
CASE-001104,SOC-002,,ALT-001104,2026-01-14T23:24:00Z,ANL-2001,LOW,CLOSED,FALSE_POSITIVE,Beaconing to Known C2 Domain — False Positive,Analysed endpoint telemetry for HOST-2895 tied to T1071.001 detection.,2026-01-15T03:47:00Z
CASE-001105,SOC-002,,ALT-001105,2026-01-14T14:31:00Z,ANL-2021,HIGH,CLOSED,FALSE_POSITIVE,Repeated Failed Logins — False Positive,Reviewed T1110 activity on HOST-4487; correlated with source 10.169.109.87.,2026-01-14T15:54:00Z
CASE-001106,SOC-002,,ALT-001106,2026-01-14T16:38:00Z,ANL-2024,LOW,CLOSED,FALSE_POSITIVE,LSASS Memory Access — False Positive,"Closed with minimal review — T1003 alert on HOST-1098, no further action taken.",2026-01-14T17:53:00Z
CASE-001107,SOC-002,,ALT-001107,2026-01-14T10:24:00Z,ANL-2020,HIGH,CLOSED,TRUE_POSITIVE,Ransomware Behaviour Detected — True Positive,Confirmed T1486 alert on HOST-4578 against recent change records.,2026-01-15T02:34:00Z
CASE-001108,SOC-002,INC-000038,ALT-001108,2026-01-14T08:02:00Z,ANL-2016,CRITICAL,CLOSED,TRUE_POSITIVE,Upload to Unapproved Cloud Storage — True Positive,Validated authentication logs tied to HOST-2727 to rule out credential compromise.,2026-01-14T08:37:00Z
CASE-001109,SOC-002,INC-000039,ALT-001109,2026-01-14T06:13:00Z,ANL-2015,CRITICAL,CLOSED,TRUE_POSITIVE,Unusual Scheduled Task Created — True Positive,Manually reviewed HOST-2499 logs; findings documented against case ticket.,2026-01-14T07:03:00Z
CASE-001110,SOC-002,,ALT-001110,2026-01-14T20:15:00Z,ANL-2023,HIGH,CLOSED,TRUE_POSITIVE,Suspicious Binary Download — True Positive,Traced network flow from 10.42.226.30 to determine scope of T1105 activity on HOST-2327.,2026-01-14T21:35:00Z
CASE-001111,SOC-002,,ALT-001111,2026-01-14T02:39:00Z,ANL-2021,MEDIUM,CLOSED,FALSE_POSITIVE,Password Spraying Detected — False Positive,Cross-referenced 10.191.251.76 against threat intelligence feeds for HOST-1394.,2026-01-14T05:42:00Z
CASE-001112,SOC-002,,ALT-001112,2026-01-14T21:54:00Z,ANL-2008,HIGH,CLOSED,TRUE_POSITIVE,Large Outbound Data Transfer — True Positive,Reviewed escalation criteria for HOST-2484; behaviour consistent with known baseline.,2026-01-14T23:15:00Z
CASE-001113,SOC-002,,ALT-001113,2026-01-14T15:38:00Z,ANL-2009,HIGH,CLOSED,TRUE_POSITIVE,Ransomware Behaviour Detected — True Positive,"Closed with minimal review — T1486 alert on HOST-1098, no further action taken.",2026-01-14T16:19:00Z
CASE-001114,SOC-002,,ALT-001114,2026-01-14T02:11:00Z,ANL-2016,MEDIUM,CLOSED,TRUE_POSITIVE,Internal Network Port Scan — True Positive,Traced network flow from 10.59.77.7 to determine scope of T1595 activity on HOST-2703.,2026-01-14T03:06:00Z
CASE-001115,SOC-002,,ALT-001115,2026-01-14T11:10:00Z,ANL-2007,MEDIUM,CLOSED,TRUE_POSITIVE,Encoded PowerShell Command — True Positive,Checked process execution history for HOST-2237 following T1059.001 alert.,2026-01-14T13:50:00Z
CASE-001116,SOC-002,,ALT-001116,2026-01-14T22:35:00Z,ANL-2019,HIGH,CLOSED,TRUE_POSITIVE,Ransomware Behaviour Detected — True Positive,Investigated T1486 indicators on HOST-1891; no further lateral movement observed.,2026-01-15T00:17:00Z
CASE-001117,SOC-002,,ALT-001117,2026-01-14T15:29:00Z,ANL-2012,LOW,CLOSED,FALSE_POSITIVE,Ransomware Behaviour Detected — False Positive,Reviewed T1486 activity on HOST-3930; correlated with source 10.235.77.58.,2026-01-14T15:56:00Z
CASE-001118,SOC-002,,ALT-001118,2026-01-14T14:01:00Z,ANL-2001,LOW,CLOSED,TRUE_POSITIVE,Unusual SMB Admin Share Access — True Positive,Checked process execution history for HOST-2634 following T1021.002 alert.,2026-01-15T09:03:00Z
CASE-001119,SOC-002,,ALT-001119,2026-01-14T06:19:00Z,ANL-2007,LOW,CLOSED,FALSE_POSITIVE,Large Outbound Data Transfer — False Positive,Reviewed escalation criteria for HOST-1747; behaviour consistent with known baseline.,2026-01-14T13:25:00Z
CASE-001120,SOC-002,,ALT-001120,2026-01-14T03:13:00Z,ANL-2020,LOW,CLOSED,FALSE_POSITIVE,Suspicious Binary Download — False Positive,Reviewed T1105 activity on HOST-4564; correlated with source 10.159.84.200.,2026-01-14T07:46:00Z
CASE-001121,SOC-003,,ALT-001121,2026-01-01T13:57:00Z,ANL-3005,MEDIUM,CLOSED,TRUE_POSITIVE,Upload to Unapproved Cloud Storage — True Positive,"Closed with minimal review — T1567 alert on HOST-2692, no further action taken.",2026-01-01T14:36:00Z
CASE-001122,SOC-003,,ALT-001122,2026-01-01T09:00:00Z,ANL-3009,LOW,CLOSED,TRUE_POSITIVE,Internal Network Port Scan — True Positive,Checked process execution history for HOST-3102 following T1595 alert.,2026-01-02T09:38:00Z
CASE-001123,SOC-003,,ALT-001123,2026-01-01T10:21:00Z,ANL-3006,HIGH,CLOSED,FALSE_POSITIVE,Unusual Scheduled Task Created — False Positive,"Closed with minimal review — T1053.005 alert on HOST-1090, no further action taken.",2026-01-01T10:51:00Z
CASE-001124,SOC-003,,ALT-001124,2026-01-01T21:26:00Z,ANL-3007,HIGH,CLOSED,TRUE_POSITIVE,Suspicious Binary Download — True Positive,Analysed endpoint telemetry for HOST-2450 tied to T1105 detection.,2026-01-01T22:40:00Z
CASE-001125,SOC-003,INC-000040,ALT-001125,2026-01-01T21:40:00Z,ANL-3008,CRITICAL,CLOSED,TRUE_POSITIVE,Unusual SMB Admin Share Access — True Positive,Reviewed T1021.002 activity on HOST-2330; correlated with source 10.43.208.175.,2026-01-01T22:12:00Z
CASE-001126,SOC-003,,ALT-001126,2026-01-01T09:51:00Z,ANL-3003,HIGH,CLOSED,TRUE_POSITIVE,Ransomware Behaviour Detected — True Positive,Manually reviewed HOST-1508 logs; findings documented against case ticket.,2026-01-01T10:56:00Z
CASE-001127,SOC-003,,ALT-001127,2026-01-01T09:44:00Z,ANL-3006,MEDIUM,CLOSED,TRUE_POSITIVE,Unusual SMB Admin Share Access — True Positive,Traced network flow from 10.60.209.183 to determine scope of T1021.002 activity on HOST-3712.,2026-01-02T00:16:00Z
CASE-001128,SOC-003,,ALT-001128,2026-01-01T14:25:00Z,ANL-3002,MEDIUM,CLOSED,FALSE_POSITIVE,Unusual Scheduled Task Created — False Positive,"Closed with minimal review — T1053.005 alert on HOST-2383, no further action taken.",2026-01-01T18:14:00Z
CASE-001129,SOC-003,,ALT-001129,2026-01-01T17:51:00Z,ANL-3008,MEDIUM,CLOSED,FALSE_POSITIVE,Repeated Failed Logins — False Positive,"Closed with minimal review — T1110 alert on HOST-3762, no further action taken.",2026-01-01T18:42:00Z
CASE-001130,SOC-003,,ALT-001130,2026-01-01T00:31:00Z,ANL-3002,LOW,CLOSED,TRUE_POSITIVE,Ransomware Behaviour Detected — True Positive,Traced network flow from 10.153.205.66 to determine scope of T1486 activity on HOST-3955.,2026-01-01T05:32:00Z
CASE-001131,SOC-003,,ALT-001131,2026-01-01T21:30:00Z,ANL-3005,MEDIUM,CLOSED,TRUE_POSITIVE,Beaconing to Known C2 Domain — True Positive,Confirmed T1071.001 alert on HOST-3955 against recent change records.,2026-01-02T00:00:00Z
CASE-001132,SOC-003,,ALT-001132,2026-01-01T04:34:00Z,ANL-3007,MEDIUM,CLOSED,TRUE_POSITIVE,Suspicious CMD Execution — True Positive,Manually reviewed HOST-1079 logs; findings documented against case ticket.,2026-01-01T08:16:00Z
CASE-001133,SOC-003,,ALT-001133,2026-01-01T18:14:00Z,ANL-3003,HIGH,CLOSED,TRUE_POSITIVE,Suspicious CMD Execution — True Positive,Investigated T1059.003 indicators on HOST-4847; no further lateral movement observed.,2026-01-01T19:08:00Z
CASE-001134,SOC-003,,ALT-001134,2026-01-01T15:25:00Z,ANL-3006,MEDIUM,CLOSED,TRUE_POSITIVE,Suspicious Binary Download — True Positive,Cross-referenced 10.82.52.115 against threat intelligence feeds for HOST-2749.,2026-01-01T18:24:00Z
CASE-001135,SOC-003,,ALT-001135,2026-01-01T23:24:00Z,ANL-3005,LOW,CLOSED,TRUE_POSITIVE,Internal Network Port Scan — True Positive,Investigated T1595 indicators on HOST-4461; no further lateral movement observed.,2026-01-02T05:24:00Z
CASE-001136,SOC-003,,ALT-001136,2026-01-01T10:45:00Z,ANL-3009,LOW,CLOSED,TRUE_POSITIVE,Ransomware Behaviour Detected — True Positive,"Closed with minimal review — T1486 alert on HOST-1512, no further action taken.",2026-01-01T15:25:00Z
CASE-001137,SOC-003,,ALT-001137,2026-01-01T22:25:00Z,ANL-3003,MEDIUM,CLOSED,FALSE_POSITIVE,Large Outbound Data Transfer — False Positive,Investigated T1041 indicators on HOST-2453; no further lateral movement observed.,2026-01-02T00:26:00Z
CASE-001138,SOC-003,,ALT-001138,2026-01-01T06:47:00Z,ANL-3008,CRITICAL,CLOSED,TRUE_POSITIVE,Password Spraying Detected — True Positive,Reviewed escalation criteria for HOST-1139; behaviour consistent with known baseline.,2026-01-01T07:26:00Z
CASE-001139,SOC-003,,ALT-001139,2026-01-01T17:01:00Z,ANL-3007,MEDIUM,CLOSED,TRUE_POSITIVE,New Registry Run Key Entry — True Positive,Analysed endpoint telemetry for HOST-2579 tied to T1547.001 detection.,2026-01-01T20:21:00Z
CASE-001140,SOC-003,,ALT-001140,2026-01-01T16:35:00Z,ANL-3004,HIGH,CLOSED,TRUE_POSITIVE,Beaconing to Known C2 Domain — True Positive,Reviewed T1071.001 activity on HOST-1543; correlated with source 10.233.239.234.,2026-01-01T17:58:00Z
CASE-001141,SOC-003,,ALT-001141,2026-01-01T23:41:00Z,ANL-3009,LOW,CLOSED,TRUE_POSITIVE,LSASS Memory Access — True Positive,Validated authentication logs tied to HOST-2779 to rule out credential compromise.,2026-01-02T05:19:00Z
CASE-001142,SOC-003,,ALT-001142,2026-01-01T12:10:00Z,ANL-3003,LOW,CLOSED,TRUE_POSITIVE,Beaconing to Known C2 Domain — True Positive,Confirmed T1071.001 alert on HOST-2923 against recent change records.,2026-01-01T19:44:00Z
CASE-001143,SOC-003,,ALT-001143,2026-01-01T21:41:00Z,ANL-3006,MEDIUM,CLOSED,TRUE_POSITIVE,Suspicious Binary Download — True Positive,Manually reviewed HOST-2783 logs; findings documented against case ticket.,2026-01-02T00:39:00Z
CASE-001144,SOC-003,,ALT-001144,2026-01-01T09:58:00Z,ANL-3009,CRITICAL,CLOSED,TRUE_POSITIVE,Unusual RDP Session — True Positive,Manually reviewed HOST-1837 logs; findings documented against case ticket.,2026-01-01T10:48:00Z
CASE-001145,SOC-003,,ALT-001145,2026-01-01T08:05:00Z,ANL-3008,MEDIUM,CLOSED,FALSE_POSITIVE,Unusual SMB Admin Share Access — False Positive,Investigated T1021.002 indicators on HOST-3580; no further lateral movement observed.,2026-01-01T09:51:00Z
CASE-001146,SOC-003,,ALT-001146,2026-01-01T07:34:00Z,ANL-3008,MEDIUM,CLOSED,FALSE_POSITIVE,Upload to Unapproved Cloud Storage — False Positive,Investigated T1567 indicators on HOST-4967; no further lateral movement observed.,2026-01-01T10:32:00Z
CASE-001147,SOC-003,,ALT-001147,2026-01-01T06:32:00Z,ANL-3001,MEDIUM,CLOSED,TRUE_POSITIVE,Beaconing to Known C2 Domain — True Positive,Checked process execution history for HOST-3535 following T1071.001 alert.,2026-01-01T10:22:00Z
CASE-001148,SOC-003,,ALT-001148,2026-01-01T07:32:00Z,ANL-3008,LOW,CLOSED,TRUE_POSITIVE,Password Spraying Detected — True Positive,Checked process execution history for HOST-4369 following T1110 alert.,2026-01-01T12:09:00Z
CASE-001149,SOC-003,,ALT-001149,2026-01-01T10:02:00Z,ANL-3004,LOW,CLOSED,FALSE_POSITIVE,New Registry Run Key Entry — False Positive,Analysed endpoint telemetry for HOST-1474 tied to T1547.001 detection.,2026-01-01T14:12:00Z
CASE-001150,SOC-003,,ALT-001150,2026-01-01T23:00:00Z,ANL-3001,MEDIUM,CLOSED,TRUE_POSITIVE,Suspicious PowerShell — True Positive,Confirmed T1059.001 alert on HOST-2292 against recent change records.,2026-01-02T01:32:00Z
CASE-001151,SOC-003,,ALT-001151,2026-01-01T11:02:00Z,ANL-3006,MEDIUM,CLOSED,TRUE_POSITIVE,Unusual Scheduled Task Created — True Positive,Reviewed escalation criteria for HOST-3965; behaviour consistent with known baseline.,2026-01-02T05:10:00Z
CASE-001152,SOC-003,,ALT-001152,2026-01-01T04:37:00Z,ANL-3004,MEDIUM,CLOSED,TRUE_POSITIVE,Suspicious CMD Execution — True Positive,Traced network flow from 10.99.143.148 to determine scope of T1059.003 activity on HOST-1342.,2026-01-01T08:07:00Z
CASE-001153,SOC-003,,ALT-001153,2026-01-01T17:00:00Z,ANL-3007,HIGH,CLOSED,TRUE_POSITIVE,Suspicious Binary Download — True Positive,Reviewed T1105 activity on HOST-2044; correlated with source 10.212.67.185.,2026-01-01T17:48:00Z
CASE-001154,SOC-003,,ALT-001154,2026-01-01T21:45:00Z,ANL-3004,MEDIUM,CLOSED,FALSE_POSITIVE,Unusual Scheduled Task Created — False Positive,Checked process execution history for HOST-1539 following T1053.005 alert.,2026-01-02T01:34:00Z
CASE-001155,SOC-003,,ALT-001155,2026-01-01T05:05:00Z,ANL-3002,LOW,CLOSED,TRUE_POSITIVE,Internal Network Port Scan — True Positive,"Closed with minimal review — T1595 alert on HOST-2408, no further action taken.",2026-01-01T13:00:00Z
CASE-001156,SOC-003,,ALT-001156,2026-01-01T03:16:00Z,ANL-3001,MEDIUM,CLOSED,FALSE_POSITIVE,Internal Network Port Scan — False Positive,Confirmed T1595 alert on HOST-3046 against recent change records.,2026-01-01T07:07:00Z
CASE-001157,SOC-003,,ALT-001157,2026-01-01T19:17:00Z,ANL-3002,MEDIUM,CLOSED,TRUE_POSITIVE,Unusual SMB Admin Share Access — True Positive,Analysed endpoint telemetry for HOST-1580 tied to T1021.002 detection.,2026-01-01T21:50:00Z
CASE-001158,SOC-003,,ALT-001158,2026-01-01T12:07:00Z,ANL-3008,MEDIUM,CLOSED,FALSE_POSITIVE,Upload to Unapproved Cloud Storage — False Positive,Investigated T1567 indicators on HOST-3580; no further lateral movement observed.,2026-01-01T14:40:00Z
CASE-001159,SOC-003,,ALT-001159,2026-01-01T20:50:00Z,ANL-3007,HIGH,CLOSED,TRUE_POSITIVE,LSASS Memory Access — True Positive,Cross-referenced 10.189.193.41 against threat intelligence feeds for HOST-3435.,2026-01-01T22:18:00Z
CASE-001160,SOC-003,,ALT-001160,2026-01-01T12:53:00Z,ANL-3001,LOW,CLOSED,TRUE_POSITIVE,Unusual SMB Admin Share Access — True Positive,Validated authentication logs tied to HOST-4042 to rule out credential compromise.,2026-01-01T20:40:00Z
CASE-001161,SOC-003,,ALT-001161,2026-01-02T19:14:00Z,ANL-3005,LOW,CLOSED,TRUE_POSITIVE,Upload to Unapproved Cloud Storage — True Positive,Traced network flow from 10.63.3.155 to determine scope of T1567 activity on HOST-3509.,2026-01-03T03:12:00Z
CASE-001162,SOC-003,,ALT-001162,2026-01-02T14:56:00Z,ANL-3008,MEDIUM,CLOSED,TRUE_POSITIVE,Unusual SMB Admin Share Access — True Positive,Reviewed T1021.002 activity on HOST-3601; correlated with source 10.155.23.194.,2026-01-02T18:20:00Z
CASE-001163,SOC-003,,ALT-001163,2026-01-02T13:22:00Z,ANL-3008,HIGH,CLOSED,TRUE_POSITIVE,Suspicious CMD Execution — True Positive,Cross-referenced 10.170.185.130 against threat intelligence feeds for HOST-1666.,2026-01-02T14:46:00Z
CASE-001164,SOC-003,,ALT-001164,2026-01-02T14:33:00Z,ANL-3009,LOW,CLOSED,FALSE_POSITIVE,LSASS Memory Access — False Positive,Cross-referenced 10.127.128.87 against threat intelligence feeds for HOST-1276.,2026-01-03T04:09:00Z
CASE-001165,SOC-003,,ALT-001165,2026-01-02T16:28:00Z,ANL-3002,HIGH,CLOSED,FALSE_POSITIVE,Ransomware Behaviour Detected — False Positive,Manually reviewed HOST-4390 logs; findings documented against case ticket.,2026-01-02T21:47:00Z
CASE-001166,SOC-003,,ALT-001166,2026-01-02T07:00:00Z,ANL-3002,HIGH,CLOSED,TRUE_POSITIVE,Large Outbound Data Transfer — True Positive,Validated authentication logs tied to HOST-2078 to rule out credential compromise.,2026-01-02T08:16:00Z
CASE-001167,SOC-003,,ALT-001167,2026-01-02T19:29:00Z,ANL-3001,MEDIUM,CLOSED,TRUE_POSITIVE,Upload to Unapproved Cloud Storage — True Positive,Confirmed T1567 alert on HOST-4448 against recent change records.,2026-01-02T22:54:00Z
CASE-001168,SOC-003,,ALT-001168,2026-01-02T07:32:00Z,ANL-3003,LOW,CLOSED,TRUE_POSITIVE,LSASS Memory Access — True Positive,Validated authentication logs tied to HOST-2790 to rule out credential compromise.,2026-01-03T14:40:00Z
CASE-001169,SOC-003,,ALT-001169,2026-01-02T15:16:00Z,ANL-3001,MEDIUM,CLOSED,TRUE_POSITIVE,Internal Network Port Scan — True Positive,Traced network flow from 10.210.180.103 to determine scope of T1595 activity on HOST-3961.,2026-01-02T17:08:00Z
CASE-001170,SOC-003,,ALT-001170,2026-01-02T14:08:00Z,ANL-3007,MEDIUM,CLOSED,TRUE_POSITIVE,Internal Network Port Scan — True Positive,Checked process execution history for HOST-2071 following T1595 alert.,2026-01-02T16:04:00Z
CASE-001171,SOC-003,,ALT-001171,2026-01-02T06:21:00Z,ANL-3009,MEDIUM,CLOSED,FALSE_POSITIVE,Password Spraying Detected — False Positive,Reviewed T1110 activity on HOST-2083; correlated with source 10.46.57.248.,2026-01-03T21:34:00Z
CASE-001172,SOC-003,,ALT-001172,2026-01-02T16:06:00Z,ANL-3002,LOW,CLOSED,TRUE_POSITIVE,Large Outbound Data Transfer — True Positive,Manually reviewed HOST-4889 logs; findings documented against case ticket.,2026-01-03T00:25:00Z
CASE-001173,SOC-003,,ALT-001173,2026-01-02T15:30:00Z,ANL-3008,MEDIUM,CLOSED,TRUE_POSITIVE,LSASS Memory Access — True Positive,Cross-referenced 10.217.36.54 against threat intelligence feeds for HOST-3128.,2026-01-02T18:27:00Z
CASE-001174,SOC-003,,ALT-001174,2026-01-02T12:07:00Z,ANL-3006,MEDIUM,CLOSED,FALSE_POSITIVE,Unusual RDP Session — False Positive,"Closed with minimal review — T1021.001 alert on HOST-1033, no further action taken.",2026-01-02T12:40:00Z
CASE-001175,SOC-003,,ALT-001175,2026-01-02T00:05:00Z,ANL-3001,CRITICAL,CLOSED,FALSE_POSITIVE,Password Spraying Detected — False Positive,Validated authentication logs tied to HOST-3472 to rule out credential compromise.,2026-01-02T03:00:00Z
CASE-001176,SOC-003,INC-000041,ALT-001176,2026-01-02T21:25:00Z,ANL-3002,CRITICAL,CLOSED,TRUE_POSITIVE,Internal Network Port Scan — True Positive,Reviewed escalation criteria for HOST-3392; behaviour consistent with known baseline.,2026-01-02T22:08:00Z
CASE-001177,SOC-003,,ALT-001177,2026-01-02T03:43:00Z,ANL-3006,MEDIUM,CLOSED,TRUE_POSITIVE,Unusual RDP Session — True Positive,"Closed with minimal review — T1021.001 alert on HOST-1485, no further action taken.",2026-01-02T07:29:00Z
CASE-001178,SOC-003,,ALT-001178,2026-01-02T06:22:00Z,ANL-3009,MEDIUM,CLOSED,TRUE_POSITIVE,Unusual Scheduled Task Created — True Positive,Confirmed T1053.005 alert on HOST-2942 against recent change records.,2026-01-02T09:13:00Z
CASE-001179,SOC-003,,ALT-001179,2026-01-02T23:24:00Z,ANL-3007,MEDIUM,CLOSED,TRUE_POSITIVE,Internal Network Port Scan — True Positive,Confirmed T1595 alert on HOST-3686 against recent change records.,2026-01-03T02:44:00Z
CASE-001180,SOC-003,,ALT-001180,2026-01-02T20:39:00Z,ANL-3005,LOW,CLOSED,TRUE_POSITIVE,Suspicious CMD Execution — True Positive,Checked process execution history for HOST-1929 following T1059.003 alert.,2026-01-03T03:40:00Z
CASE-001181,SOC-003,,ALT-001181,2026-01-02T16:02:00Z,ANL-3005,LOW,CLOSED,FALSE_POSITIVE,Unusual SMB Admin Share Access — False Positive,Traced network flow from 10.234.107.15 to determine scope of T1021.002 activity on HOST-4032.,2026-01-04T12:16:00Z
CASE-001182,SOC-003,,ALT-001182,2026-01-02T12:29:00Z,ANL-3005,LOW,CLOSED,TRUE_POSITIVE,Ransomware Behaviour Detected — True Positive,Investigated T1486 indicators on HOST-2193; no further lateral movement observed.,2026-01-02T17:32:00Z
CASE-001183,SOC-003,,ALT-001183,2026-01-02T15:27:00Z,ANL-3001,LOW,CLOSED,TRUE_POSITIVE,Unusual Scheduled Task Created — True Positive,Reviewed escalation criteria for HOST-3573; behaviour consistent with known baseline.,2026-01-02T23:08:00Z
CASE-001184,SOC-003,,ALT-001184,2026-01-02T16:37:00Z,ANL-3004,HIGH,CLOSED,FALSE_POSITIVE,Ransomware Behaviour Detected — False Positive,Confirmed T1486 alert on HOST-2937 against recent change records.,2026-01-02T17:51:00Z
CASE-001185,SOC-003,INC-000042,ALT-001185,2026-01-02T06:36:00Z,ANL-3002,CRITICAL,CLOSED,TRUE_POSITIVE,Password Spraying Detected — True Positive,Reviewed escalation criteria for HOST-4533; behaviour consistent with known baseline.,2026-01-02T07:11:00Z
CASE-001186,SOC-003,,ALT-001186,2026-01-02T16:13:00Z,ANL-3009,LOW,CLOSED,TRUE_POSITIVE,Large Outbound Data Transfer — True Positive,Manually reviewed HOST-2863 logs; findings documented against case ticket.,2026-01-03T14:18:00Z
CASE-001187,SOC-003,,ALT-001187,2026-01-02T14:35:00Z,ANL-3009,LOW,CLOSED,TRUE_POSITIVE,Repeated Failed Logins — True Positive,Manually reviewed HOST-4550 logs; findings documented against case ticket.,2026-01-02T20:13:00Z
CASE-001188,SOC-003,,ALT-001188,2026-01-02T10:09:00Z,ANL-3007,HIGH,CLOSED,TRUE_POSITIVE,Suspicious Binary Download — True Positive,Reviewed escalation criteria for HOST-4378; behaviour consistent with known baseline.,2026-01-02T11:41:00Z
CASE-001189,SOC-003,,ALT-001189,2026-01-02T20:37:00Z,ANL-3002,LOW,CLOSED,FALSE_POSITIVE,Large Outbound Data Transfer — False Positive,Checked process execution history for HOST-3446 following T1041 alert.,2026-01-03T03:28:00Z
CASE-001190,SOC-003,,ALT-001190,2026-01-02T01:19:00Z,ANL-3009,CRITICAL,CLOSED,FALSE_POSITIVE,Password Spraying Detected — False Positive,Reviewed escalation criteria for HOST-1517; behaviour consistent with known baseline.,2026-01-02T02:03:00Z
CASE-001191,SOC-003,,ALT-001191,2026-01-02T06:48:00Z,ANL-3009,LOW,CLOSED,FALSE_POSITIVE,Unusual Scheduled Task Created — False Positive,"Closed with minimal review — T1053.005 alert on HOST-3779, no further action taken.",2026-01-02T07:32:00Z
CASE-001192,SOC-003,,ALT-001192,2026-01-02T19:21:00Z,ANL-3005,HIGH,CLOSED,TRUE_POSITIVE,Encoded PowerShell Command — True Positive,"Closed with minimal review — T1059.001 alert on HOST-4491, no further action taken.",2026-01-02T20:23:00Z
CASE-001193,SOC-003,,ALT-001193,2026-01-02T10:01:00Z,ANL-3008,LOW,CLOSED,FALSE_POSITIVE,Upload to Unapproved Cloud Storage — False Positive,"Closed with minimal review — T1567 alert on HOST-4757, no further action taken.",2026-01-02T11:11:00Z
CASE-001194,SOC-003,,ALT-001194,2026-01-02T15:17:00Z,ANL-3006,MEDIUM,CLOSED,TRUE_POSITIVE,Upload to Unapproved Cloud Storage — True Positive,Reviewed escalation criteria for HOST-4824; behaviour consistent with known baseline.,2026-01-02T17:41:00Z
CASE-001195,SOC-003,,ALT-001195,2026-01-02T13:29:00Z,ANL-3005,MEDIUM,CLOSED,FALSE_POSITIVE,Suspicious Binary Download — False Positive,"Closed with minimal review — T1105 alert on HOST-1088, no further action taken.",2026-01-02T14:23:00Z
CASE-001196,SOC-003,,ALT-001196,2026-01-02T00:24:00Z,ANL-3005,LOW,CLOSED,TRUE_POSITIVE,Ransomware Behaviour Detected — True Positive,Reviewed escalation criteria for HOST-4007; behaviour consistent with known baseline.,2026-01-02T06:51:00Z
CASE-001197,SOC-003,,ALT-001197,2026-01-02T10:56:00Z,ANL-3006,LOW,CLOSED,FALSE_POSITIVE,Beaconing to Known C2 Domain — False Positive,Checked process execution history for HOST-3549 following T1071.001 alert.,2026-01-02T17:51:00Z
CASE-001198,SOC-003,,ALT-001198,2026-01-02T15:35:00Z,ANL-3006,CRITICAL,CLOSED,FALSE_POSITIVE,Ransomware Behaviour Detected — False Positive,Validated authentication logs tied to HOST-3787 to rule out credential compromise.,2026-01-02T16:30:00Z
CASE-001199,SOC-003,,ALT-001199,2026-01-02T05:02:00Z,ANL-3003,LOW,CLOSED,TRUE_POSITIVE,Unusual Scheduled Task Created — True Positive,Confirmed T1053.005 alert on HOST-1838 against recent change records.,2026-01-02T11:08:00Z
CASE-001200,SOC-003,,ALT-001200,2026-01-02T16:06:00Z,ANL-3007,CRITICAL,CLOSED,FALSE_POSITIVE,Unusual SMB Admin Share Access — False Positive,Investigated T1021.002 indicators on HOST-2842; no further lateral movement observed.,2026-01-02T16:52:00Z
CASE-001201,SOC-003,,ALT-001201,2026-01-03T05:48:00Z,ANL-3008,HIGH,CLOSED,TRUE_POSITIVE,Upload to Unapproved Cloud Storage — True Positive,Investigated T1567 indicators on HOST-4133; no further lateral movement observed.,2026-01-03T07:51:00Z
CASE-001202,SOC-003,,ALT-001202,2026-01-03T19:45:00Z,ANL-3006,CRITICAL,CLOSED,TRUE_POSITIVE,Upload to Unapproved Cloud Storage — True Positive,Checked process execution history for HOST-3330 following T1567 alert.,2026-01-03T20:29:00Z
CASE-001203,SOC-003,,ALT-001203,2026-01-03T20:40:00Z,ANL-3003,LOW,CLOSED,TRUE_POSITIVE,Repeated Failed Logins — True Positive,Traced network flow from 10.26.115.120 to determine scope of T1110 activity on HOST-4162.,2026-01-05T00:45:00Z
CASE-001204,SOC-003,,ALT-001204,2026-01-03T18:24:00Z,ANL-3006,HIGH,CLOSED,TRUE_POSITIVE,Unusual RDP Session — True Positive,"Closed with minimal review — T1021.001 alert on HOST-2342, no further action taken.",2026-01-03T18:58:00Z
CASE-001205,SOC-003,,ALT-001205,2026-01-03T11:26:00Z,ANL-3002,LOW,CLOSED,TRUE_POSITIVE,Unusual SMB Admin Share Access — True Positive,Checked process execution history for HOST-1149 following T1021.002 alert.,2026-01-03T16:22:00Z
CASE-001206,SOC-003,,ALT-001206,2026-01-03T11:40:00Z,ANL-3002,HIGH,CLOSED,TRUE_POSITIVE,New Registry Run Key Entry — True Positive,"Closed with minimal review — T1547.001 alert on HOST-2674, no further action taken.",2026-01-03T13:09:00Z
CASE-001207,SOC-003,,ALT-001207,2026-01-03T06:13:00Z,ANL-3009,HIGH,CLOSED,TRUE_POSITIVE,LSASS Memory Access — True Positive,Cross-referenced 10.39.251.12 against threat intelligence feeds for HOST-1527.,2026-01-03T06:55:00Z
CASE-001208,SOC-003,,ALT-001208,2026-01-03T13:06:00Z,ANL-3002,LOW,CLOSED,FALSE_POSITIVE,Ransomware Behaviour Detected — False Positive,Traced network flow from 10.99.22.80 to determine scope of T1486 activity on HOST-3541.,2026-01-03T17:40:00Z
CASE-001209,SOC-003,,ALT-001209,2026-01-03T14:07:00Z,ANL-3005,HIGH,CLOSED,FALSE_POSITIVE,Ransomware Behaviour Detected — False Positive,Checked process execution history for HOST-1823 following T1486 alert.,2026-01-03T15:04:00Z
CASE-001210,SOC-003,,ALT-001210,2026-01-03T04:16:00Z,ANL-3008,MEDIUM,CLOSED,TRUE_POSITIVE,Internal Network Port Scan — True Positive,"Closed with minimal review — T1595 alert on HOST-2714, no further action taken.",2026-01-03T04:38:00Z
CASE-001211,SOC-003,,ALT-001211,2026-01-03T14:04:00Z,ANL-3002,MEDIUM,CLOSED,FALSE_POSITIVE,Ransomware Behaviour Detected — False Positive,Reviewed escalation criteria for HOST-2307; behaviour consistent with known baseline.,2026-01-03T17:33:00Z
CASE-001212,SOC-003,,ALT-001212,2026-01-03T14:37:00Z,ANL-3005,MEDIUM,CLOSED,TRUE_POSITIVE,New Registry Run Key Entry — True Positive,Checked process execution history for HOST-1229 following T1547.001 alert.,2026-01-03T17:58:00Z
CASE-001213,SOC-003,,ALT-001213,2026-01-03T01:38:00Z,ANL-3004,HIGH,CLOSED,TRUE_POSITIVE,Suspicious Binary Download — True Positive,Checked process execution history for HOST-1403 following T1105 alert.,2026-01-03T03:11:00Z
CASE-001214,SOC-003,,ALT-001214,2026-01-03T01:40:00Z,ANL-3003,MEDIUM,CLOSED,TRUE_POSITIVE,Internal Network Port Scan — True Positive,Manually reviewed HOST-2838 logs; findings documented against case ticket.,2026-01-03T04:46:00Z
CASE-001215,SOC-003,,ALT-001215,2026-01-03T03:31:00Z,ANL-3004,LOW,CLOSED,FALSE_POSITIVE,Internal Network Port Scan — False Positive,Manually reviewed HOST-3475 logs; findings documented against case ticket.,2026-01-03T07:10:00Z
CASE-001216,SOC-003,,ALT-001216,2026-01-03T22:45:00Z,ANL-3005,LOW,CLOSED,FALSE_POSITIVE,Suspicious CMD Execution — False Positive,Analysed endpoint telemetry for HOST-2435 tied to T1059.003 detection.,2026-01-04T04:35:00Z
CASE-001217,SOC-003,,ALT-001217,2026-01-03T05:26:00Z,ANL-3001,LOW,CLOSED,FALSE_POSITIVE,Password Spraying Detected — False Positive,"Closed with minimal review — T1110 alert on HOST-3710, no further action taken.",2026-01-03T14:38:00Z
CASE-001218,SOC-003,,ALT-001218,2026-01-03T01:55:00Z,ANL-3004,MEDIUM,CLOSED,FALSE_POSITIVE,Large Outbound Data Transfer — False Positive,Checked process execution history for HOST-1200 following T1041 alert.,2026-01-03T05:58:00Z
CASE-001219,SOC-003,,ALT-001219,2026-01-03T15:28:00Z,ANL-3004,LOW,CLOSED,TRUE_POSITIVE,Suspicious Binary Download — True Positive,Manually reviewed HOST-1115 logs; findings documented against case ticket.,2026-01-03T21:40:00Z
CASE-001220,SOC-003,,ALT-001220,2026-01-03T23:33:00Z,ANL-3007,MEDIUM,CLOSED,TRUE_POSITIVE,Beaconing to Known C2 Domain — True Positive,Traced network flow from 10.61.66.188 to determine scope of T1071.001 activity on HOST-2088.,2026-01-04T03:36:00Z
CASE-001221,SOC-003,,ALT-001221,2026-01-03T15:48:00Z,ANL-3002,MEDIUM,CLOSED,TRUE_POSITIVE,Unusual SMB Admin Share Access — True Positive,"Closed with minimal review — T1021.002 alert on HOST-3417, no further action taken.",2026-01-03T16:33:00Z
CASE-001222,SOC-003,,ALT-001222,2026-01-03T06:40:00Z,ANL-3002,LOW,CLOSED,TRUE_POSITIVE,Unusual RDP Session — True Positive,Investigated T1021.001 indicators on HOST-1153; no further lateral movement observed.,2026-01-03T10:51:00Z
CASE-001223,SOC-003,,ALT-001223,2026-01-03T05:35:00Z,ANL-3003,MEDIUM,CLOSED,TRUE_POSITIVE,Ransomware Behaviour Detected — True Positive,Investigated T1486 indicators on HOST-1465; no further lateral movement observed.,2026-01-03T09:04:00Z
CASE-001224,SOC-003,,ALT-001224,2026-01-03T15:44:00Z,ANL-3008,LOW,CLOSED,FALSE_POSITIVE,Ransomware Behaviour Detected — False Positive,"Closed with minimal review — T1486 alert on HOST-4954, no further action taken.",2026-01-03T16:58:00Z
CASE-001225,SOC-003,,ALT-001225,2026-01-03T14:10:00Z,ANL-3001,HIGH,CLOSED,TRUE_POSITIVE,Ransomware Behaviour Detected — True Positive,Reviewed T1486 activity on HOST-1576; correlated with source 10.191.230.165.,2026-01-03T15:01:00Z
CASE-001226,SOC-003,,ALT-001226,2026-01-03T20:58:00Z,ANL-3005,HIGH,CLOSED,TRUE_POSITIVE,Internal Network Port Scan — True Positive,Checked process execution history for HOST-3372 following T1595 alert.,2026-01-03T22:24:00Z
CASE-001227,SOC-003,INC-000043,ALT-001227,2026-01-03T20:37:00Z,ANL-3004,CRITICAL,CLOSED,TRUE_POSITIVE,Internal Network Port Scan — True Positive,"Closed with minimal review — T1595 alert on HOST-4123, no further action taken.",2026-01-03T21:03:00Z
CASE-001228,SOC-003,,ALT-001228,2026-01-03T10:58:00Z,ANL-3006,LOW,CLOSED,TRUE_POSITIVE,Large Outbound Data Transfer — True Positive,Validated authentication logs tied to HOST-4408 to rule out credential compromise.,2026-01-03T15:24:00Z
CASE-001229,SOC-003,,ALT-001229,2026-01-03T19:59:00Z,ANL-3006,CRITICAL,CLOSED,FALSE_POSITIVE,Upload to Unapproved Cloud Storage — False Positive,Investigated T1567 indicators on HOST-4761; no further lateral movement observed.,2026-01-03T20:47:00Z
CASE-001230,SOC-003,,ALT-001230,2026-01-03T09:40:00Z,ANL-3002,CRITICAL,CLOSED,TRUE_POSITIVE,Unusual Scheduled Task Created — True Positive,Confirmed T1053.005 alert on HOST-1677 against recent change records.,2026-01-03T10:08:00Z
CASE-001231,SOC-003,,ALT-001231,2026-01-03T10:35:00Z,ANL-3002,MEDIUM,CLOSED,TRUE_POSITIVE,New Registry Run Key Entry — True Positive,Confirmed T1547.001 alert on HOST-4601 against recent change records.,2026-01-03T12:44:00Z
CASE-001232,SOC-003,,ALT-001232,2026-01-03T02:13:00Z,ANL-3009,LOW,CLOSED,FALSE_POSITIVE,Large Outbound Data Transfer — False Positive,Traced network flow from 10.97.61.73 to determine scope of T1041 activity on HOST-1028.,2026-01-03T08:12:00Z
CASE-001233,SOC-003,,ALT-001233,2026-01-03T16:33:00Z,ANL-3007,MEDIUM,CLOSED,TRUE_POSITIVE,Upload to Unapproved Cloud Storage — True Positive,Checked process execution history for HOST-3061 following T1567 alert.,2026-01-03T20:34:00Z
CASE-001234,SOC-003,,ALT-001234,2026-01-03T10:56:00Z,ANL-3003,LOW,CLOSED,TRUE_POSITIVE,Suspicious PowerShell — True Positive,Reviewed escalation criteria for HOST-3119; behaviour consistent with known baseline.,2026-01-03T19:59:00Z
CASE-001235,SOC-003,,ALT-001235,2026-01-03T14:51:00Z,ANL-3001,LOW,CLOSED,FALSE_POSITIVE,Unusual SMB Admin Share Access — False Positive,Reviewed escalation criteria for HOST-2736; behaviour consistent with known baseline.,2026-01-04T19:55:00Z
CASE-001236,SOC-003,,ALT-001236,2026-01-03T06:44:00Z,ANL-3001,LOW,CLOSED,FALSE_POSITIVE,LSASS Memory Access — False Positive,Analysed endpoint telemetry for HOST-4410 tied to T1003 detection.,2026-01-03T10:50:00Z
CASE-001237,SOC-003,,ALT-001237,2026-01-03T03:51:00Z,ANL-3009,LOW,CLOSED,TRUE_POSITIVE,Unusual SMB Admin Share Access — True Positive,Confirmed T1021.002 alert on HOST-3693 against recent change records.,2026-01-03T09:48:00Z
CASE-001238,SOC-003,,ALT-001238,2026-01-03T13:43:00Z,ANL-3003,HIGH,CLOSED,TRUE_POSITIVE,Beaconing to Known C2 Domain — True Positive,Validated authentication logs tied to HOST-3971 to rule out credential compromise.,2026-01-03T15:04:00Z
CASE-001239,SOC-003,,ALT-001239,2026-01-03T13:08:00Z,ANL-3002,MEDIUM,CLOSED,TRUE_POSITIVE,Suspicious Binary Download — True Positive,Reviewed T1105 activity on HOST-3885; correlated with source 10.183.37.157.,2026-01-03T15:36:00Z
CASE-001240,SOC-003,,ALT-001240,2026-01-03T13:13:00Z,ANL-3006,LOW,CLOSED,TRUE_POSITIVE,Beaconing to Known C2 Domain — True Positive,Validated authentication logs tied to HOST-3383 to rule out credential compromise.,2026-01-03T21:27:00Z
CASE-001241,SOC-003,,ALT-001241,2026-01-04T22:31:00Z,ANL-3009,LOW,CLOSED,FALSE_POSITIVE,Repeated Failed Logins — False Positive,Checked process execution history for HOST-2719 following T1110 alert.,2026-01-05T04:29:00Z
CASE-001242,SOC-003,,ALT-001242,2026-01-04T07:48:00Z,ANL-3008,CRITICAL,CLOSED,FALSE_POSITIVE,LSASS Memory Access — False Positive,Checked process execution history for HOST-2733 following T1003 alert.,2026-01-04T08:44:00Z
CASE-001243,SOC-003,,ALT-001243,2026-01-04T11:45:00Z,ANL-3002,LOW,CLOSED,TRUE_POSITIVE,Encoded PowerShell Command — True Positive,Validated authentication logs tied to HOST-4898 to rule out credential compromise.,2026-01-04T19:36:00Z
CASE-001244,SOC-003,,ALT-001244,2026-01-04T15:55:00Z,ANL-3001,MEDIUM,CLOSED,TRUE_POSITIVE,Password Spraying Detected — True Positive,Investigated T1110 indicators on HOST-3350; no further lateral movement observed.,2026-01-04T19:42:00Z
CASE-001245,SOC-003,,ALT-001245,2026-01-04T03:12:00Z,ANL-3002,LOW,CLOSED,TRUE_POSITIVE,Internal Network Port Scan — True Positive,Traced network flow from 10.233.155.35 to determine scope of T1595 activity on HOST-2197.,2026-01-04T07:09:00Z
CASE-001246,SOC-003,,ALT-001246,2026-01-04T14:58:00Z,ANL-3006,MEDIUM,CLOSED,FALSE_POSITIVE,Ransomware Behaviour Detected — False Positive,Confirmed T1486 alert on HOST-4012 against recent change records.,2026-01-04T19:20:00Z
CASE-001247,SOC-003,,ALT-001247,2026-01-04T16:51:00Z,ANL-3002,HIGH,CLOSED,TRUE_POSITIVE,Upload to Unapproved Cloud Storage — True Positive,Reviewed escalation criteria for HOST-2678; behaviour consistent with known baseline.,2026-01-04T18:18:00Z
CASE-001248,SOC-003,,ALT-001248,2026-01-04T08:52:00Z,ANL-3005,LOW,CLOSED,TRUE_POSITIVE,Unusual SMB Admin Share Access — True Positive,Validated authentication logs tied to HOST-4688 to rule out credential compromise.,2026-01-04T16:46:00Z
CASE-001249,SOC-003,,ALT-001249,2026-01-04T11:22:00Z,ANL-3006,LOW,CLOSED,FALSE_POSITIVE,Ransomware Behaviour Detected — False Positive,Manually reviewed HOST-4667 logs; findings documented against case ticket.,2026-01-04T16:38:00Z
CASE-001250,SOC-003,,ALT-001250,2026-01-04T19:19:00Z,ANL-3008,LOW,CLOSED,FALSE_POSITIVE,Password Spraying Detected — False Positive,Traced network flow from 10.88.151.104 to determine scope of T1110 activity on HOST-4096.,2026-01-04T23:05:00Z
CASE-001251,SOC-003,,ALT-001251,2026-01-04T04:49:00Z,ANL-3005,LOW,CLOSED,TRUE_POSITIVE,Internal Network Port Scan — True Positive,Investigated T1595 indicators on HOST-2775; no further lateral movement observed.,2026-01-04T12:28:00Z
CASE-001252,SOC-003,,ALT-001252,2026-01-04T09:53:00Z,ANL-3007,MEDIUM,CLOSED,TRUE_POSITIVE,Large Outbound Data Transfer — True Positive,Manually reviewed HOST-1551 logs; findings documented against case ticket.,2026-01-04T12:35:00Z
CASE-001253,SOC-003,,ALT-001253,2026-01-04T21:12:00Z,ANL-3001,LOW,CLOSED,TRUE_POSITIVE,Suspicious CMD Execution — True Positive,"Closed with minimal review — T1059.003 alert on HOST-4829, no further action taken.",2026-01-05T03:28:00Z
CASE-001254,SOC-003,,ALT-001254,2026-01-04T15:03:00Z,ANL-3001,MEDIUM,CLOSED,TRUE_POSITIVE,LSASS Memory Access — True Positive,Checked process execution history for HOST-4676 following T1003 alert.,2026-01-05T14:10:00Z
CASE-001255,SOC-003,,ALT-001255,2026-01-04T15:06:00Z,ANL-3004,LOW,CLOSED,FALSE_POSITIVE,Unusual Scheduled Task Created — False Positive,Checked process execution history for HOST-1047 following T1053.005 alert.,2026-01-04T22:20:00Z
CASE-001256,SOC-003,,ALT-001256,2026-01-04T21:48:00Z,ANL-3005,CRITICAL,CLOSED,TRUE_POSITIVE,New Registry Run Key Entry — True Positive,Investigated T1547.001 indicators on HOST-2280; no further lateral movement observed.,2026-01-04T22:31:00Z
CASE-001257,SOC-003,,ALT-001257,2026-01-04T11:37:00Z,ANL-3004,LOW,CLOSED,FALSE_POSITIVE,Repeated Failed Logins — False Positive,Cross-referenced 10.170.87.131 against threat intelligence feeds for HOST-3273.,2026-01-04T15:55:00Z
CASE-001258,SOC-003,,ALT-001258,2026-01-04T15:31:00Z,ANL-3008,HIGH,CLOSED,TRUE_POSITIVE,Beaconing to Known C2 Domain — True Positive,Manually reviewed HOST-2938 logs; findings documented against case ticket.,2026-01-04T16:55:00Z
CASE-001259,SOC-003,,ALT-001259,2026-01-04T07:50:00Z,ANL-3009,MEDIUM,CLOSED,TRUE_POSITIVE,Suspicious Binary Download — True Positive,Checked process execution history for HOST-3431 following T1105 alert.,2026-01-04T10:09:00Z
CASE-001260,SOC-003,,ALT-001260,2026-01-04T23:16:00Z,ANL-3008,LOW,CLOSED,TRUE_POSITIVE,Internal Network Port Scan — True Positive,Confirmed T1595 alert on HOST-3589 against recent change records.,2026-01-05T03:30:00Z
CASE-001261,SOC-003,,ALT-001261,2026-01-04T11:09:00Z,ANL-3004,MEDIUM,CLOSED,TRUE_POSITIVE,Upload to Unapproved Cloud Storage — True Positive,Cross-referenced 10.212.134.87 against threat intelligence feeds for HOST-3347.,2026-01-04T13:34:00Z
CASE-001262,SOC-003,,ALT-001262,2026-01-04T21:17:00Z,ANL-3001,LOW,CLOSED,TRUE_POSITIVE,Ransomware Behaviour Detected — True Positive,Analysed endpoint telemetry for HOST-1594 tied to T1486 detection.,2026-01-05T06:02:00Z
CASE-001263,SOC-003,INC-000044,ALT-001263,2026-01-04T00:08:00Z,ANL-3003,CRITICAL,CLOSED,TRUE_POSITIVE,Unusual RDP Session — True Positive,Manually reviewed HOST-2434 logs; findings documented against case ticket.,2026-01-04T20:40:00Z
CASE-001264,SOC-003,,ALT-001264,2026-01-04T11:07:00Z,ANL-3001,LOW,CLOSED,TRUE_POSITIVE,Unusual SMB Admin Share Access — True Positive,Validated authentication logs tied to HOST-4926 to rule out credential compromise.,2026-01-04T18:56:00Z
CASE-001265,SOC-003,,ALT-001265,2026-01-04T18:35:00Z,ANL-3004,LOW,CLOSED,TRUE_POSITIVE,Unusual Scheduled Task Created — True Positive,Cross-referenced 10.185.26.122 against threat intelligence feeds for HOST-3295.,2026-01-05T01:35:00Z
CASE-001266,SOC-003,,ALT-001266,2026-01-04T17:45:00Z,ANL-3001,MEDIUM,CLOSED,TRUE_POSITIVE,Ransomware Behaviour Detected — True Positive,Validated authentication logs tied to HOST-2687 to rule out credential compromise.,2026-01-04T21:25:00Z
CASE-001267,SOC-003,,ALT-001267,2026-01-04T14:23:00Z,ANL-3008,CRITICAL,CLOSED,FALSE_POSITIVE,New Registry Run Key Entry — False Positive,Manually reviewed HOST-1470 logs; findings documented against case ticket.,2026-01-04T15:10:00Z
CASE-001268,SOC-003,,ALT-001268,2026-01-04T15:20:00Z,ANL-3006,MEDIUM,CLOSED,TRUE_POSITIVE,Internal Network Port Scan — True Positive,Analysed endpoint telemetry for HOST-4200 tied to T1595 detection.,2026-01-04T19:26:00Z
CASE-001269,SOC-003,,ALT-001269,2026-01-04T04:02:00Z,ANL-3005,LOW,CLOSED,FALSE_POSITIVE,Beaconing to Known C2 Domain — False Positive,Investigated T1071.001 indicators on HOST-3825; no further lateral movement observed.,2026-01-04T12:28:00Z
CASE-001270,SOC-003,,ALT-001270,2026-01-04T22:48:00Z,ANL-3007,MEDIUM,CLOSED,TRUE_POSITIVE,Unusual SMB Admin Share Access — True Positive,Manually reviewed HOST-4599 logs; findings documented against case ticket.,2026-01-05T01:50:00Z
CASE-001271,SOC-003,,ALT-001271,2026-01-04T01:04:00Z,ANL-3003,LOW,CLOSED,TRUE_POSITIVE,Unusual SMB Admin Share Access — True Positive,"Closed with minimal review — T1021.002 alert on HOST-2936, no further action taken.",2026-01-04T06:03:00Z
CASE-001272,SOC-003,,ALT-001272,2026-01-04T06:24:00Z,ANL-3006,MEDIUM,CLOSED,TRUE_POSITIVE,Suspicious CMD Execution — True Positive,"Closed with minimal review — T1059.003 alert on HOST-1088, no further action taken.",2026-01-04T06:58:00Z
CASE-001273,SOC-003,,ALT-001273,2026-01-04T07:00:00Z,ANL-3001,CRITICAL,CLOSED,TRUE_POSITIVE,Internal Network Port Scan — True Positive,Analysed endpoint telemetry for HOST-1632 tied to T1595 detection.,2026-01-04T07:53:00Z
CASE-001274,SOC-003,,ALT-001274,2026-01-04T08:04:00Z,ANL-3004,LOW,CLOSED,FALSE_POSITIVE,Suspicious PowerShell — False Positive,"Closed with minimal review — T1059.001 alert on HOST-4727, no further action taken.",2026-01-04T15:12:00Z
CASE-001275,SOC-003,,ALT-001275,2026-01-04T08:24:00Z,ANL-3002,LOW,CLOSED,FALSE_POSITIVE,Ransomware Behaviour Detected — False Positive,Analysed endpoint telemetry for HOST-3042 tied to T1486 detection.,2026-01-05T06:28:00Z
CASE-001276,SOC-003,,ALT-001276,2026-01-04T15:51:00Z,ANL-3005,HIGH,CLOSED,FALSE_POSITIVE,Password Spraying Detected — False Positive,Traced network flow from 10.223.219.32 to determine scope of T1110 activity on HOST-3899.,2026-01-05T05:13:00Z
CASE-001277,SOC-003,,ALT-001277,2026-01-04T21:36:00Z,ANL-3003,LOW,CLOSED,TRUE_POSITIVE,Ransomware Behaviour Detected — True Positive,Manually reviewed HOST-2057 logs; findings documented against case ticket.,2026-01-05T04:37:00Z
CASE-001278,SOC-003,,ALT-001278,2026-01-04T14:41:00Z,ANL-3007,LOW,CLOSED,TRUE_POSITIVE,New Registry Run Key Entry — True Positive,"Closed with minimal review — T1547.001 alert on HOST-4893, no further action taken.",2026-01-04T19:50:00Z
CASE-001279,SOC-003,,ALT-001279,2026-01-04T13:24:00Z,ANL-3007,HIGH,CLOSED,FALSE_POSITIVE,Ransomware Behaviour Detected — False Positive,Traced network flow from 10.180.64.3 to determine scope of T1486 activity on HOST-3947.,2026-01-04T14:48:00Z
CASE-001280,SOC-003,INC-000045,ALT-001280,2026-01-04T11:19:00Z,ANL-3005,CRITICAL,CLOSED,TRUE_POSITIVE,Ransomware Behaviour Detected — True Positive,Confirmed T1486 alert on HOST-2917 against recent change records.,2026-01-04T12:06:00Z
CASE-001281,SOC-003,,ALT-001281,2026-01-05T18:52:00Z,ANL-3004,MEDIUM,CLOSED,TRUE_POSITIVE,Suspicious PowerShell — True Positive,Analysed endpoint telemetry for HOST-1777 tied to T1059.001 detection.,2026-01-05T21:29:00Z
CASE-001282,SOC-003,,ALT-001282,2026-01-05T19:29:00Z,ANL-3005,LOW,CLOSED,TRUE_POSITIVE,New Registry Run Key Entry — True Positive,"Closed with minimal review — T1547.001 alert on HOST-2687, no further action taken.",2026-01-05T23:15:00Z
CASE-001283,SOC-003,,ALT-001283,2026-01-05T22:51:00Z,ANL-3006,HIGH,CLOSED,FALSE_POSITIVE,Internal Network Port Scan — False Positive,Analysed endpoint telemetry for HOST-3222 tied to T1595 detection.,2026-01-06T00:09:00Z
CASE-001284,SOC-003,,ALT-001284,2026-01-05T17:18:00Z,ANL-3003,HIGH,CLOSED,TRUE_POSITIVE,Password Spraying Detected — True Positive,"Closed with minimal review — T1110 alert on HOST-3801, no further action taken.",2026-01-05T17:44:00Z
CASE-001285,SOC-003,,ALT-001285,2026-01-05T11:40:00Z,ANL-3002,CRITICAL,CLOSED,TRUE_POSITIVE,Ransomware Behaviour Detected — True Positive,Reviewed T1486 activity on HOST-1508; correlated with source 10.195.87.212.,2026-01-05T12:23:00Z
CASE-001286,SOC-003,,ALT-001286,2026-01-05T07:43:00Z,ANL-3009,LOW,CLOSED,TRUE_POSITIVE,Large Outbound Data Transfer — True Positive,Reviewed escalation criteria for HOST-2323; behaviour consistent with known baseline.,2026-01-05T15:32:00Z
CASE-001287,SOC-003,INC-000046,ALT-001287,2026-01-05T01:54:00Z,ANL-3008,CRITICAL,CLOSED,TRUE_POSITIVE,Suspicious PowerShell — True Positive,Reviewed escalation criteria for HOST-3111; behaviour consistent with known baseline.,2026-01-05T02:46:00Z
CASE-001288,SOC-003,,ALT-001288,2026-01-05T07:21:00Z,ANL-3006,LOW,CLOSED,TRUE_POSITIVE,Ransomware Behaviour Detected — True Positive,Cross-referenced 10.49.92.233 against threat intelligence feeds for HOST-4878.,2026-01-05T14:09:00Z
CASE-001289,SOC-003,,ALT-001289,2026-01-05T06:56:00Z,ANL-3005,CRITICAL,CLOSED,FALSE_POSITIVE,New Registry Run Key Entry — False Positive,Checked process execution history for HOST-1402 following T1547.001 alert.,2026-01-05T07:44:00Z
CASE-001290,SOC-003,,ALT-001290,2026-01-05T22:50:00Z,ANL-3006,MEDIUM,CLOSED,TRUE_POSITIVE,LSASS Memory Access — True Positive,"Closed with minimal review — T1003 alert on HOST-3323, no further action taken.",2026-01-06T01:43:00Z
CASE-001291,SOC-003,,ALT-001291,2026-01-05T08:12:00Z,ANL-3007,HIGH,CLOSED,TRUE_POSITIVE,Unusual Scheduled Task Created — True Positive,Reviewed escalation criteria for HOST-4416; behaviour consistent with known baseline.,2026-01-05T09:00:00Z
CASE-001292,SOC-003,,ALT-001292,2026-01-05T14:58:00Z,ANL-3009,HIGH,CLOSED,TRUE_POSITIVE,LSASS Memory Access — True Positive,"Closed with minimal review — T1003 alert on HOST-3077, no further action taken.",2026-01-05T16:01:00Z
CASE-001293,SOC-003,,ALT-001293,2026-01-05T14:56:00Z,ANL-3006,MEDIUM,CLOSED,TRUE_POSITIVE,LSASS Memory Access — True Positive,"Closed with minimal review — T1003 alert on HOST-2949, no further action taken.",2026-01-05T17:51:00Z
CASE-001294,SOC-003,,ALT-001294,2026-01-05T12:22:00Z,ANL-3007,HIGH,CLOSED,FALSE_POSITIVE,Unusual RDP Session — False Positive,Reviewed escalation criteria for HOST-4358; behaviour consistent with known baseline.,2026-01-05T19:56:00Z
CASE-001295,SOC-003,,ALT-001295,2026-01-05T01:50:00Z,ANL-3004,HIGH,CLOSED,FALSE_POSITIVE,Suspicious Binary Download — False Positive,Confirmed T1105 alert on HOST-1051 against recent change records.,2026-01-05T03:30:00Z
CASE-001296,SOC-003,,ALT-001296,2026-01-05T15:25:00Z,ANL-3007,MEDIUM,CLOSED,TRUE_POSITIVE,Beaconing to Known C2 Domain — True Positive,"Closed with minimal review — T1071.001 alert on HOST-1941, no further action taken.",2026-01-05T16:04:00Z
CASE-001297,SOC-003,,ALT-001297,2026-01-05T09:57:00Z,ANL-3004,MEDIUM,CLOSED,TRUE_POSITIVE,Encoded PowerShell Command — True Positive,Validated authentication logs tied to HOST-1608 to rule out credential compromise.,2026-01-06T04:29:00Z
CASE-001298,SOC-003,,ALT-001298,2026-01-05T00:03:00Z,ANL-3008,MEDIUM,CLOSED,TRUE_POSITIVE,Upload to Unapproved Cloud Storage — True Positive,Confirmed T1567 alert on HOST-3554 against recent change records.,2026-01-05T03:00:00Z
CASE-001299,SOC-003,,ALT-001299,2026-01-05T05:24:00Z,ANL-3007,LOW,CLOSED,TRUE_POSITIVE,LSASS Memory Access — True Positive,Investigated T1003 indicators on HOST-2952; no further lateral movement observed.,2026-01-05T12:02:00Z
CASE-001300,SOC-003,,ALT-001300,2026-01-05T03:59:00Z,ANL-3005,LOW,CLOSED,TRUE_POSITIVE,Internal Network Port Scan — True Positive,Confirmed T1595 alert on HOST-2447 against recent change records.,2026-01-05T11:28:00Z
CASE-001301,SOC-003,,ALT-001301,2026-01-05T13:51:00Z,ANL-3002,MEDIUM,CLOSED,TRUE_POSITIVE,Beaconing to Known C2 Domain — True Positive,Manually reviewed HOST-2327 logs; findings documented against case ticket.,2026-01-05T17:26:00Z
CASE-001302,SOC-003,,ALT-001302,2026-01-05T05:10:00Z,ANL-3001,LOW,CLOSED,TRUE_POSITIVE,Ransomware Behaviour Detected — True Positive,Investigated T1486 indicators on HOST-3758; no further lateral movement observed.,2026-01-05T12:49:00Z
CASE-001303,SOC-003,,ALT-001303,2026-01-05T05:15:00Z,ANL-3002,LOW,CLOSED,FALSE_POSITIVE,Suspicious PowerShell — False Positive,"Closed with minimal review — T1059.001 alert on HOST-1004, no further action taken.",2026-01-05T06:59:00Z
CASE-001304,SOC-003,,ALT-001304,2026-01-05T06:52:00Z,ANL-3003,LOW,CLOSED,FALSE_POSITIVE,Unusual Scheduled Task Created — False Positive,Manually reviewed HOST-2403 logs; findings documented against case ticket.,2026-01-05T13:08:00Z
CASE-001305,SOC-003,,ALT-001305,2026-01-05T05:57:00Z,ANL-3001,LOW,CLOSED,FALSE_POSITIVE,Encoded PowerShell Command — False Positive,Validated authentication logs tied to HOST-4962 to rule out credential compromise.,2026-01-05T13:27:00Z
CASE-001306,SOC-003,,ALT-001306,2026-01-05T21:47:00Z,ANL-3006,MEDIUM,CLOSED,TRUE_POSITIVE,LSASS Memory Access — True Positive,Cross-referenced 10.184.75.168 against threat intelligence feeds for HOST-1568.,2026-01-06T00:57:00Z
CASE-001307,SOC-003,,ALT-001307,2026-01-05T02:25:00Z,ANL-3008,LOW,CLOSED,TRUE_POSITIVE,Internal Network Port Scan — True Positive,"Closed with minimal review — T1595 alert on HOST-4102, no further action taken.",2026-01-05T08:27:00Z
CASE-001308,SOC-003,,ALT-001308,2026-01-05T00:10:00Z,ANL-3003,MEDIUM,CLOSED,TRUE_POSITIVE,Large Outbound Data Transfer — True Positive,Reviewed T1041 activity on HOST-4193; correlated with source 10.173.106.165.,2026-01-05T03:05:00Z
CASE-001309,SOC-003,,ALT-001309,2026-01-05T15:28:00Z,ANL-3001,MEDIUM,CLOSED,TRUE_POSITIVE,Upload to Unapproved Cloud Storage — True Positive,Reviewed T1567 activity on HOST-2691; correlated with source 10.223.231.157.,2026-01-06T20:25:00Z
CASE-001310,SOC-003,,ALT-001310,2026-01-05T20:38:00Z,ANL-3008,MEDIUM,CLOSED,TRUE_POSITIVE,New Registry Run Key Entry — True Positive,Traced network flow from 10.13.60.217 to determine scope of T1547.001 activity on HOST-2861.,2026-01-06T08:41:00Z
CASE-001311,SOC-003,,ALT-001311,2026-01-05T09:02:00Z,ANL-3007,LOW,CLOSED,TRUE_POSITIVE,Suspicious PowerShell — True Positive,Checked process execution history for HOST-1732 following T1059.001 alert.,2026-01-06T15:03:00Z
CASE-001312,SOC-003,,ALT-001312,2026-01-05T19:01:00Z,ANL-3005,MEDIUM,CLOSED,TRUE_POSITIVE,LSASS Memory Access — True Positive,Cross-referenced 10.61.31.234 against threat intelligence feeds for HOST-3704.,2026-01-05T21:30:00Z
CASE-001313,SOC-003,,ALT-001313,2026-01-05T18:09:00Z,ANL-3002,LOW,CLOSED,TRUE_POSITIVE,Upload to Unapproved Cloud Storage — True Positive,Cross-referenced 10.247.238.195 against threat intelligence feeds for HOST-1159.,2026-01-06T00:02:00Z
CASE-001314,SOC-003,,ALT-001314,2026-01-05T11:40:00Z,ANL-3003,LOW,CLOSED,TRUE_POSITIVE,Beaconing to Known C2 Domain — True Positive,"Closed with minimal review — T1071.001 alert on HOST-4757, no further action taken.",2026-01-05T12:50:00Z
CASE-001315,SOC-003,,ALT-001315,2026-01-05T16:19:00Z,ANL-3007,LOW,CLOSED,TRUE_POSITIVE,Unusual SMB Admin Share Access — True Positive,Manually reviewed HOST-3483 logs; findings documented against case ticket.,2026-01-07T04:23:00Z
CASE-001316,SOC-003,,ALT-001316,2026-01-05T09:57:00Z,ANL-3001,HIGH,CLOSED,FALSE_POSITIVE,Unusual SMB Admin Share Access — False Positive,Traced network flow from 10.53.210.109 to determine scope of T1021.002 activity on HOST-4509.,2026-01-06T16:46:00Z
CASE-001317,SOC-003,,ALT-001317,2026-01-05T01:18:00Z,ANL-3005,LOW,CLOSED,TRUE_POSITIVE,Internal Network Port Scan — True Positive,Cross-referenced 10.156.104.70 against threat intelligence feeds for HOST-2881.,2026-01-05T06:52:00Z
CASE-001318,SOC-003,,ALT-001318,2026-01-05T09:24:00Z,ANL-3004,HIGH,CLOSED,TRUE_POSITIVE,New Registry Run Key Entry — True Positive,"Closed with minimal review — T1547.001 alert on HOST-4146, no further action taken.",2026-01-05T10:09:00Z
CASE-001319,SOC-003,,ALT-001319,2026-01-05T19:39:00Z,ANL-3009,LOW,CLOSED,FALSE_POSITIVE,Ransomware Behaviour Detected — False Positive,Reviewed T1486 activity on HOST-4716; correlated with source 10.60.184.62.,2026-01-06T02:43:00Z
CASE-001320,SOC-003,,ALT-001320,2026-01-05T06:04:00Z,ANL-3001,LOW,CLOSED,FALSE_POSITIVE,Suspicious Binary Download — False Positive,Analysed endpoint telemetry for HOST-4031 tied to T1105 detection.,2026-01-06T18:08:00Z
CASE-001321,SOC-003,,ALT-001321,2026-01-06T09:38:00Z,ANL-3002,LOW,CLOSED,FALSE_POSITIVE,Suspicious CMD Execution — False Positive,Checked process execution history for HOST-2826 following T1059.003 alert.,2026-01-07T05:01:00Z
CASE-001322,SOC-003,,ALT-001322,2026-01-06T01:11:00Z,ANL-3008,CRITICAL,CLOSED,TRUE_POSITIVE,Internal Network Port Scan — True Positive,Confirmed T1595 alert on HOST-4119 against recent change records.,2026-01-06T01:52:00Z
CASE-001323,SOC-003,,ALT-001323,2026-01-06T20:04:00Z,ANL-3005,LOW,CLOSED,TRUE_POSITIVE,Ransomware Behaviour Detected — True Positive,Confirmed T1486 alert on HOST-1252 against recent change records.,2026-01-07T03:28:00Z
CASE-001324,SOC-003,,ALT-001324,2026-01-06T13:13:00Z,ANL-3008,MEDIUM,CLOSED,FALSE_POSITIVE,Upload to Unapproved Cloud Storage — False Positive,Confirmed T1567 alert on HOST-3857 against recent change records.,2026-01-06T15:32:00Z
CASE-001325,SOC-003,,ALT-001325,2026-01-06T08:52:00Z,ANL-3004,LOW,CLOSED,TRUE_POSITIVE,Unusual SMB Admin Share Access — True Positive,Analysed endpoint telemetry for HOST-4161 tied to T1021.002 detection.,2026-01-06T16:38:00Z
CASE-001326,SOC-003,,ALT-001326,2026-01-06T05:05:00Z,ANL-3001,HIGH,CLOSED,TRUE_POSITIVE,Suspicious CMD Execution — True Positive,Analysed endpoint telemetry for HOST-4265 tied to T1059.003 detection.,2026-01-06T06:17:00Z
CASE-001327,SOC-003,,ALT-001327,2026-01-06T20:15:00Z,ANL-3008,LOW,CLOSED,FALSE_POSITIVE,Beaconing to Known C2 Domain — False Positive,Investigated T1071.001 indicators on HOST-2132; no further lateral movement observed.,2026-01-07T00:23:00Z
CASE-001328,SOC-003,,ALT-001328,2026-01-06T10:49:00Z,ANL-3003,LOW,CLOSED,FALSE_POSITIVE,Internal Network Port Scan — False Positive,Reviewed T1595 activity on HOST-3014; correlated with source 10.89.140.145.,2026-01-07T17:27:00Z
CASE-001329,SOC-003,,ALT-001329,2026-01-06T10:36:00Z,ANL-3002,MEDIUM,CLOSED,FALSE_POSITIVE,Ransomware Behaviour Detected — False Positive,"Closed with minimal review — T1486 alert on HOST-1004, no further action taken.",2026-01-06T11:16:00Z
CASE-001330,SOC-003,,ALT-001330,2026-01-06T13:47:00Z,ANL-3003,LOW,CLOSED,TRUE_POSITIVE,Upload to Unapproved Cloud Storage — True Positive,"Closed with minimal review — T1567 alert on HOST-1088, no further action taken.",2026-01-06T15:37:00Z
CASE-001331,SOC-003,,ALT-001331,2026-01-06T06:42:00Z,ANL-3004,CRITICAL,CLOSED,TRUE_POSITIVE,Password Spraying Detected — True Positive,Reviewed T1110 activity on HOST-3470; correlated with source 10.33.246.22.,2026-01-06T07:29:00Z
CASE-001332,SOC-003,,ALT-001332,2026-01-06T17:34:00Z,ANL-3001,LOW,CLOSED,FALSE_POSITIVE,Suspicious PowerShell — False Positive,Reviewed escalation criteria for HOST-4729; behaviour consistent with known baseline.,2026-01-06T22:42:00Z
CASE-001333,SOC-003,,ALT-001333,2026-01-06T03:39:00Z,ANL-3006,HIGH,CLOSED,FALSE_POSITIVE,Encoded PowerShell Command — False Positive,Checked process execution history for HOST-3065 following T1059.001 alert.,2026-01-06T04:21:00Z
CASE-001334,SOC-003,,ALT-001334,2026-01-06T16:20:00Z,ANL-3006,LOW,CLOSED,FALSE_POSITIVE,Unusual SMB Admin Share Access — False Positive,Manually reviewed HOST-3682 logs; findings documented against case ticket.,2026-01-06T21:16:00Z
CASE-001335,SOC-003,,ALT-001335,2026-01-06T13:18:00Z,ANL-3009,CRITICAL,CLOSED,FALSE_POSITIVE,Internal Network Port Scan — False Positive,Traced network flow from 10.232.232.64 to determine scope of T1595 activity on HOST-4704.,2026-01-06T13:57:00Z
CASE-001336,SOC-003,,ALT-001336,2026-01-06T11:34:00Z,ANL-3003,HIGH,CLOSED,TRUE_POSITIVE,Unusual SMB Admin Share Access — True Positive,Cross-referenced 10.153.183.244 against threat intelligence feeds for HOST-1658.,2026-01-06T12:31:00Z
CASE-001337,SOC-003,,ALT-001337,2026-01-06T11:10:00Z,ANL-3005,LOW,CLOSED,FALSE_POSITIVE,Unusual RDP Session — False Positive,Validated authentication logs tied to HOST-4967 to rule out credential compromise.,2026-01-06T18:30:00Z
CASE-001338,SOC-003,,ALT-001338,2026-01-06T10:57:00Z,ANL-3001,HIGH,CLOSED,FALSE_POSITIVE,Internal Network Port Scan — False Positive,Manually reviewed HOST-4903 logs; findings documented against case ticket.,2026-01-06T12:09:00Z
CASE-001339,SOC-003,,ALT-001339,2026-01-06T15:20:00Z,ANL-3003,HIGH,CLOSED,TRUE_POSITIVE,Password Spraying Detected — True Positive,Reviewed escalation criteria for HOST-2433; behaviour consistent with known baseline.,2026-01-06T16:22:00Z
CASE-001340,SOC-003,,ALT-001340,2026-01-06T13:35:00Z,ANL-3005,LOW,CLOSED,FALSE_POSITIVE,Suspicious Binary Download — False Positive,"Closed with minimal review — T1105 alert on HOST-2725, no further action taken.",2026-01-06T14:05:00Z
CASE-001341,SOC-003,,ALT-001341,2026-01-06T11:59:00Z,ANL-3002,LOW,CLOSED,TRUE_POSITIVE,Suspicious Binary Download — True Positive,Traced network flow from 10.206.34.152 to determine scope of T1105 activity on HOST-2068.,2026-01-06T15:17:00Z
CASE-001342,SOC-003,,ALT-001342,2026-01-06T07:03:00Z,ANL-3006,MEDIUM,CLOSED,TRUE_POSITIVE,Internal Network Port Scan — True Positive,Analysed endpoint telemetry for HOST-4808 tied to T1595 detection.,2026-01-06T23:06:00Z
CASE-001343,SOC-003,,ALT-001343,2026-01-06T03:48:00Z,ANL-3002,LOW,CLOSED,TRUE_POSITIVE,Encoded PowerShell Command — True Positive,Validated authentication logs tied to HOST-4985 to rule out credential compromise.,2026-01-06T10:27:00Z
CASE-001344,SOC-003,,ALT-001344,2026-01-06T23:18:00Z,ANL-3003,LOW,CLOSED,FALSE_POSITIVE,Suspicious Binary Download — False Positive,Validated authentication logs tied to HOST-3540 to rule out credential compromise.,2026-01-07T04:17:00Z
CASE-001345,SOC-003,,ALT-001345,2026-01-06T13:05:00Z,ANL-3002,HIGH,CLOSED,TRUE_POSITIVE,Beaconing to Known C2 Domain — True Positive,Validated authentication logs tied to HOST-4436 to rule out credential compromise.,2026-01-06T14:03:00Z
CASE-001346,SOC-003,,ALT-001346,2026-01-06T20:46:00Z,ANL-3005,LOW,CLOSED,TRUE_POSITIVE,Internal Network Port Scan — True Positive,Reviewed escalation criteria for HOST-2606; behaviour consistent with known baseline.,2026-01-07T04:55:00Z
CASE-001347,SOC-003,,ALT-001347,2026-01-06T23:21:00Z,ANL-3003,LOW,CLOSED,FALSE_POSITIVE,Unusual RDP Session — False Positive,Reviewed escalation criteria for HOST-2027; behaviour consistent with known baseline.,2026-01-07T06:39:00Z
CASE-001348,SOC-003,,ALT-001348,2026-01-06T02:32:00Z,ANL-3006,HIGH,CLOSED,TRUE_POSITIVE,LSASS Memory Access — True Positive,Analysed endpoint telemetry for HOST-3472 tied to T1003 detection.,2026-01-07T07:01:00Z
CASE-001349,SOC-003,,ALT-001349,2026-01-06T12:06:00Z,ANL-3006,CRITICAL,CLOSED,FALSE_POSITIVE,Beaconing to Known C2 Domain — False Positive,"Closed with minimal review — T1071.001 alert on HOST-1088, no further action taken.",2026-01-06T12:45:00Z
CASE-001350,SOC-003,,ALT-001350,2026-01-06T11:46:00Z,ANL-3007,MEDIUM,CLOSED,FALSE_POSITIVE,Suspicious PowerShell — False Positive,Traced network flow from 10.186.96.99 to determine scope of T1059.001 activity on HOST-3434.,2026-01-06T15:14:00Z
CASE-001351,SOC-003,,ALT-001351,2026-01-06T04:01:00Z,ANL-3004,LOW,CLOSED,FALSE_POSITIVE,Ransomware Behaviour Detected — False Positive,Traced network flow from 10.51.34.41 to determine scope of T1486 activity on HOST-3739.,2026-01-06T08:39:00Z
CASE-001352,SOC-003,,ALT-001352,2026-01-06T14:40:00Z,ANL-3002,MEDIUM,CLOSED,TRUE_POSITIVE,Unusual SMB Admin Share Access — True Positive,Analysed endpoint telemetry for HOST-1003 tied to T1021.002 detection.,2026-01-06T18:30:00Z
CASE-001353,SOC-003,,ALT-001353,2026-01-06T17:41:00Z,ANL-3009,LOW,CLOSED,TRUE_POSITIVE,Large Outbound Data Transfer — True Positive,Manually reviewed HOST-2743 logs; findings documented against case ticket.,2026-01-06T21:38:00Z
CASE-001354,SOC-003,,ALT-001354,2026-01-06T00:54:00Z,ANL-3002,MEDIUM,CLOSED,FALSE_POSITIVE,Encoded PowerShell Command — False Positive,Investigated T1059.001 indicators on HOST-2252; no further lateral movement observed.,2026-01-06T03:57:00Z
CASE-001355,SOC-003,,ALT-001355,2026-01-06T18:14:00Z,ANL-3001,HIGH,CLOSED,TRUE_POSITIVE,Ransomware Behaviour Detected — True Positive,Cross-referenced 10.54.162.243 against threat intelligence feeds for HOST-4085.,2026-01-06T19:08:00Z
CASE-001356,SOC-003,,ALT-001356,2026-01-06T18:41:00Z,ANL-3001,LOW,CLOSED,TRUE_POSITIVE,Beaconing to Known C2 Domain — True Positive,Analysed endpoint telemetry for HOST-4698 tied to T1071.001 detection.,2026-01-06T22:54:00Z
CASE-001357,SOC-003,,ALT-001357,2026-01-06T18:20:00Z,ANL-3002,HIGH,CLOSED,FALSE_POSITIVE,Suspicious CMD Execution — False Positive,Confirmed T1059.003 alert on HOST-3144 against recent change records.,2026-01-06T23:23:00Z
CASE-001358,SOC-003,,ALT-001358,2026-01-06T07:32:00Z,ANL-3003,LOW,CLOSED,FALSE_POSITIVE,Ransomware Behaviour Detected — False Positive,Manually reviewed HOST-2564 logs; findings documented against case ticket.,2026-01-06T12:14:00Z
CASE-001359,SOC-003,,ALT-001359,2026-01-06T07:03:00Z,ANL-3003,HIGH,CLOSED,TRUE_POSITIVE,Unusual Scheduled Task Created — True Positive,Investigated T1053.005 indicators on HOST-4582; no further lateral movement observed.,2026-01-06T08:32:00Z
CASE-001360,SOC-003,,ALT-001360,2026-01-06T14:04:00Z,ANL-3004,LOW,CLOSED,FALSE_POSITIVE,Ransomware Behaviour Detected — False Positive,Traced network flow from 10.212.244.243 to determine scope of T1486 activity on HOST-4074.,2026-01-06T18:08:00Z
CASE-001361,SOC-003,,ALT-001361,2026-01-07T19:36:00Z,ANL-3001,MEDIUM,CLOSED,FALSE_POSITIVE,Beaconing to Known C2 Domain — False Positive,Reviewed escalation criteria for HOST-4883; behaviour consistent with known baseline.,2026-01-07T22:01:00Z
CASE-001362,SOC-003,,ALT-001362,2026-01-07T06:32:00Z,ANL-3004,CRITICAL,CLOSED,FALSE_POSITIVE,Suspicious CMD Execution — False Positive,Investigated T1059.003 indicators on HOST-3230; no further lateral movement observed.,2026-01-07T10:46:00Z
CASE-001363,SOC-003,,ALT-001363,2026-01-07T01:21:00Z,ANL-3002,HIGH,CLOSED,TRUE_POSITIVE,Beaconing to Known C2 Domain — True Positive,Confirmed T1071.001 alert on HOST-2851 against recent change records.,2026-01-07T02:19:00Z
CASE-001364,SOC-003,,ALT-001364,2026-01-07T05:57:00Z,ANL-3004,MEDIUM,CLOSED,TRUE_POSITIVE,Ransomware Behaviour Detected — True Positive,Reviewed T1486 activity on HOST-4299; correlated with source 10.176.142.121.,2026-01-07T08:28:00Z
CASE-001365,SOC-003,,ALT-001365,2026-01-07T08:55:00Z,ANL-3002,LOW,CLOSED,FALSE_POSITIVE,Internal Network Port Scan — False Positive,Cross-referenced 10.188.142.17 against threat intelligence feeds for HOST-3374.,2026-01-07T13:57:00Z
CASE-001366,SOC-003,,ALT-001366,2026-01-07T09:55:00Z,ANL-3001,LOW,CLOSED,TRUE_POSITIVE,LSASS Memory Access — True Positive,Traced network flow from 10.194.184.114 to determine scope of T1003 activity on HOST-3735.,2026-01-07T15:33:00Z
CASE-001367,SOC-003,,ALT-001367,2026-01-07T06:19:00Z,ANL-3008,LOW,CLOSED,TRUE_POSITIVE,Internal Network Port Scan — True Positive,Traced network flow from 10.87.185.140 to determine scope of T1595 activity on HOST-3560.,2026-01-07T14:57:00Z
CASE-001368,SOC-003,,ALT-001368,2026-01-07T23:25:00Z,ANL-3003,LOW,CLOSED,FALSE_POSITIVE,Upload to Unapproved Cloud Storage — False Positive,"Closed with minimal review — T1567 alert on HOST-1004, no further action taken.",2026-01-08T00:40:00Z
CASE-001369,SOC-003,,ALT-001369,2026-01-07T03:24:00Z,ANL-3007,HIGH,CLOSED,TRUE_POSITIVE,Unusual RDP Session — True Positive,Traced network flow from 10.73.140.93 to determine scope of T1021.001 activity on HOST-3824.,2026-01-07T04:39:00Z
CASE-001370,SOC-003,,ALT-001370,2026-01-07T13:47:00Z,ANL-3001,LOW,CLOSED,FALSE_POSITIVE,Upload to Unapproved Cloud Storage — False Positive,Reviewed T1567 activity on HOST-3994; correlated with source 10.199.3.76.,2026-01-07T21:20:00Z
CASE-001371,SOC-003,,ALT-001371,2026-01-07T10:30:00Z,ANL-3004,MEDIUM,CLOSED,FALSE_POSITIVE,Internal Network Port Scan — False Positive,Manually reviewed HOST-2179 logs; findings documented against case ticket.,2026-01-07T12:12:00Z
CASE-001372,SOC-003,,ALT-001372,2026-01-07T21:01:00Z,ANL-3006,LOW,CLOSED,TRUE_POSITIVE,LSASS Memory Access — True Positive,Cross-referenced 10.227.48.65 against threat intelligence feeds for HOST-3708.,2026-01-09T12:03:00Z
CASE-001373,SOC-003,,ALT-001373,2026-01-07T05:32:00Z,ANL-3009,LOW,CLOSED,TRUE_POSITIVE,LSASS Memory Access — True Positive,Cross-referenced 10.181.71.29 against threat intelligence feeds for HOST-4361.,2026-01-07T13:12:00Z
CASE-001374,SOC-003,,ALT-001374,2026-01-07T07:03:00Z,ANL-3004,HIGH,CLOSED,FALSE_POSITIVE,Large Outbound Data Transfer — False Positive,Confirmed T1041 alert on HOST-2209 against recent change records.,2026-01-07T07:59:00Z
CASE-001375,SOC-003,,ALT-001375,2026-01-07T06:14:00Z,ANL-3001,HIGH,CLOSED,TRUE_POSITIVE,Large Outbound Data Transfer — True Positive,Validated authentication logs tied to HOST-1078 to rule out credential compromise.,2026-01-08T23:04:00Z
CASE-001376,SOC-003,,ALT-001376,2026-01-07T01:30:00Z,ANL-3005,LOW,CLOSED,TRUE_POSITIVE,Ransomware Behaviour Detected — True Positive,Manually reviewed HOST-3516 logs; findings documented against case ticket.,2026-01-07T07:20:00Z
CASE-001377,SOC-003,,ALT-001377,2026-01-07T12:25:00Z,ANL-3007,HIGH,CLOSED,FALSE_POSITIVE,Unusual SMB Admin Share Access — False Positive,Validated authentication logs tied to HOST-3452 to rule out credential compromise.,2026-01-07T13:59:00Z
CASE-001378,SOC-003,,ALT-001378,2026-01-07T18:40:00Z,ANL-3005,HIGH,CLOSED,TRUE_POSITIVE,LSASS Memory Access — True Positive,Analysed endpoint telemetry for HOST-3778 tied to T1003 detection.,2026-01-07T20:16:00Z
CASE-001379,SOC-003,,ALT-001379,2026-01-07T10:09:00Z,ANL-3005,MEDIUM,CLOSED,FALSE_POSITIVE,Unusual SMB Admin Share Access — False Positive,Reviewed T1021.002 activity on HOST-2883; correlated with source 10.124.249.99.,2026-01-07T13:36:00Z
CASE-001380,SOC-003,,ALT-001380,2026-01-07T14:56:00Z,ANL-3004,MEDIUM,CLOSED,TRUE_POSITIVE,Beaconing to Known C2 Domain — True Positive,Traced network flow from 10.130.250.214 to determine scope of T1071.001 activity on HOST-3289.,2026-01-07T17:03:00Z
CASE-001381,SOC-003,,ALT-001381,2026-01-07T10:36:00Z,ANL-3008,HIGH,CLOSED,FALSE_POSITIVE,New Registry Run Key Entry — False Positive,"Closed with minimal review — T1547.001 alert on HOST-2594, no further action taken.",2026-01-07T11:32:00Z
CASE-001382,SOC-003,,ALT-001382,2026-01-07T10:27:00Z,ANL-3005,HIGH,CLOSED,FALSE_POSITIVE,Suspicious CMD Execution — False Positive,Checked process execution history for HOST-3035 following T1059.003 alert.,2026-01-07T11:49:00Z
CASE-001383,SOC-003,,ALT-001383,2026-01-07T22:26:00Z,ANL-3008,MEDIUM,CLOSED,FALSE_POSITIVE,Suspicious CMD Execution — False Positive,Checked process execution history for HOST-3277 following T1059.003 alert.,2026-01-08T17:28:00Z
CASE-001384,SOC-003,,ALT-001384,2026-01-07T11:43:00Z,ANL-3009,LOW,CLOSED,FALSE_POSITIVE,Internal Network Port Scan — False Positive,Analysed endpoint telemetry for HOST-3849 tied to T1595 detection.,2026-01-07T16:33:00Z
CASE-001385,SOC-003,,ALT-001385,2026-01-07T00:00:00Z,ANL-3001,LOW,CLOSED,FALSE_POSITIVE,Upload to Unapproved Cloud Storage — False Positive,Cross-referenced 10.227.189.106 against threat intelligence feeds for HOST-2251.,2026-01-07T05:08:00Z
CASE-001386,SOC-003,,ALT-001386,2026-01-07T23:17:00Z,ANL-3005,MEDIUM,CLOSED,FALSE_POSITIVE,Suspicious Binary Download — False Positive,Reviewed escalation criteria for HOST-1844; behaviour consistent with known baseline.,2026-01-08T03:06:00Z
CASE-001387,SOC-003,,ALT-001387,2026-01-07T01:50:00Z,ANL-3007,MEDIUM,CLOSED,TRUE_POSITIVE,Unusual RDP Session — True Positive,Reviewed T1021.001 activity on HOST-3417; correlated with source 10.165.99.183.,2026-01-07T05:42:00Z
CASE-001388,SOC-003,,ALT-001388,2026-01-07T21:25:00Z,ANL-3008,CRITICAL,CLOSED,TRUE_POSITIVE,Large Outbound Data Transfer — True Positive,Confirmed T1041 alert on HOST-2675 against recent change records.,2026-01-07T21:58:00Z
CASE-001389,SOC-003,,ALT-001389,2026-01-07T03:31:00Z,ANL-3007,MEDIUM,CLOSED,TRUE_POSITIVE,Suspicious CMD Execution — True Positive,Analysed endpoint telemetry for HOST-3576 tied to T1059.003 detection.,2026-01-07T05:47:00Z
CASE-001390,SOC-003,,ALT-001390,2026-01-07T05:41:00Z,ANL-3001,HIGH,CLOSED,FALSE_POSITIVE,Suspicious CMD Execution — False Positive,"Closed with minimal review — T1059.003 alert on HOST-1088, no further action taken.",2026-01-07T06:15:00Z
CASE-001391,SOC-003,,ALT-001391,2026-01-07T10:18:00Z,ANL-3001,MEDIUM,CLOSED,TRUE_POSITIVE,Suspicious CMD Execution — True Positive,Reviewed escalation criteria for HOST-2662; behaviour consistent with known baseline.,2026-01-07T14:29:00Z
CASE-001392,SOC-003,,ALT-001392,2026-01-07T14:54:00Z,ANL-3009,LOW,CLOSED,FALSE_POSITIVE,Ransomware Behaviour Detected — False Positive,Reviewed T1486 activity on HOST-2548; correlated with source 10.170.190.35.,2026-01-07T22:35:00Z
CASE-001393,SOC-003,,ALT-001393,2026-01-07T06:21:00Z,ANL-3009,LOW,CLOSED,TRUE_POSITIVE,Internal Network Port Scan — True Positive,Manually reviewed HOST-1518 logs; findings documented against case ticket.,2026-01-07T13:05:00Z
CASE-001394,SOC-003,,ALT-001394,2026-01-07T08:37:00Z,ANL-3006,MEDIUM,CLOSED,TRUE_POSITIVE,Beaconing to Known C2 Domain — True Positive,Analysed endpoint telemetry for HOST-3133 tied to T1071.001 detection.,2026-01-07T23:38:00Z
CASE-001395,SOC-003,,ALT-001395,2026-01-07T13:49:00Z,ANL-3006,CRITICAL,CLOSED,TRUE_POSITIVE,New Registry Run Key Entry — True Positive,Checked process execution history for HOST-4295 following T1547.001 alert.,2026-01-07T14:31:00Z
CASE-001396,SOC-003,,ALT-001396,2026-01-07T07:00:00Z,ANL-3001,HIGH,CLOSED,TRUE_POSITIVE,Internal Network Port Scan — True Positive,Reviewed escalation criteria for HOST-3463; behaviour consistent with known baseline.,2026-01-07T08:23:00Z
CASE-001397,SOC-003,INC-000047,ALT-001397,2026-01-07T07:04:00Z,ANL-3002,CRITICAL,CLOSED,TRUE_POSITIVE,Internal Network Port Scan — True Positive,Cross-referenced 10.214.11.228 against threat intelligence feeds for HOST-4186.,2026-01-07T07:58:00Z
CASE-001398,SOC-003,,ALT-001398,2026-01-07T00:55:00Z,ANL-3003,HIGH,CLOSED,TRUE_POSITIVE,Upload to Unapproved Cloud Storage — True Positive,"Closed with minimal review — T1567 alert on HOST-2592, no further action taken.",2026-01-07T01:37:00Z
CASE-001399,SOC-003,,ALT-001399,2026-01-07T18:43:00Z,ANL-3007,LOW,CLOSED,TRUE_POSITIVE,Beaconing to Known C2 Domain — True Positive,Manually reviewed HOST-3053 logs; findings documented against case ticket.,2026-01-08T01:49:00Z
CASE-001400,SOC-003,,ALT-001400,2026-01-07T03:57:00Z,ANL-3004,CRITICAL,CLOSED,TRUE_POSITIVE,Internal Network Port Scan — True Positive,Manually reviewed HOST-2692 logs; findings documented against case ticket.,2026-01-07T04:44:00Z
CASE-001401,SOC-003,,ALT-001401,2026-01-08T11:24:00Z,ANL-3004,MEDIUM,CLOSED,TRUE_POSITIVE,Unusual Scheduled Task Created — True Positive,Reviewed escalation criteria for HOST-2569; behaviour consistent with known baseline.,2026-01-08T14:29:00Z
CASE-001402,SOC-003,,ALT-001402,2026-01-08T04:57:00Z,ANL-3009,LOW,CLOSED,TRUE_POSITIVE,Suspicious Binary Download — True Positive,Investigated T1105 indicators on HOST-4939; no further lateral movement observed.,2026-01-08T12:10:00Z
CASE-001403,SOC-003,,ALT-001403,2026-01-08T07:47:00Z,ANL-3002,HIGH,CLOSED,FALSE_POSITIVE,Unusual RDP Session — False Positive,Traced network flow from 10.218.239.220 to determine scope of T1021.001 activity on HOST-1762.,2026-01-08T09:16:00Z
CASE-001404,SOC-003,,ALT-001404,2026-01-08T12:01:00Z,ANL-3002,HIGH,CLOSED,TRUE_POSITIVE,Large Outbound Data Transfer — True Positive,Manually reviewed HOST-1710 logs; findings documented against case ticket.,2026-01-10T01:24:00Z
CASE-001405,SOC-003,,ALT-001405,2026-01-08T21:21:00Z,ANL-3001,LOW,CLOSED,TRUE_POSITIVE,LSASS Memory Access — True Positive,Traced network flow from 10.176.95.24 to determine scope of T1003 activity on HOST-2826.,2026-01-09T02:56:00Z
CASE-001406,SOC-003,,ALT-001406,2026-01-08T21:18:00Z,ANL-3008,HIGH,CLOSED,TRUE_POSITIVE,Large Outbound Data Transfer — True Positive,Analysed endpoint telemetry for HOST-4259 tied to T1041 detection.,2026-01-08T23:00:00Z
CASE-001407,SOC-003,,ALT-001407,2026-01-08T13:47:00Z,ANL-3008,MEDIUM,CLOSED,TRUE_POSITIVE,New Registry Run Key Entry — True Positive,Cross-referenced 10.222.110.184 against threat intelligence feeds for HOST-2187.,2026-01-08T15:50:00Z
CASE-001408,SOC-003,,ALT-001408,2026-01-08T14:13:00Z,ANL-3008,LOW,CLOSED,TRUE_POSITIVE,Unusual SMB Admin Share Access — True Positive,Checked process execution history for HOST-2150 following T1021.002 alert.,2026-01-08T19:54:00Z
CASE-001409,SOC-003,,ALT-001409,2026-01-08T16:52:00Z,ANL-3007,HIGH,CLOSED,TRUE_POSITIVE,Suspicious PowerShell — True Positive,Reviewed T1059.001 activity on HOST-1728; correlated with source 10.163.43.83.,2026-01-08T17:39:00Z
CASE-001410,SOC-003,,ALT-001410,2026-01-08T05:42:00Z,ANL-3003,CRITICAL,CLOSED,TRUE_POSITIVE,Upload to Unapproved Cloud Storage — True Positive,Cross-referenced 10.201.216.90 against threat intelligence feeds for HOST-2117.,2026-01-08T06:34:00Z
CASE-001411,SOC-003,,ALT-001411,2026-01-08T13:29:00Z,ANL-3006,LOW,CLOSED,TRUE_POSITIVE,Large Outbound Data Transfer — True Positive,Checked process execution history for HOST-4868 following T1041 alert.,2026-01-08T19:37:00Z
CASE-001412,SOC-003,,ALT-001412,2026-01-08T20:57:00Z,ANL-3003,CRITICAL,CLOSED,FALSE_POSITIVE,Large Outbound Data Transfer — False Positive,Analysed endpoint telemetry for HOST-1307 tied to T1041 detection.,2026-01-08T21:52:00Z
CASE-001413,SOC-003,,ALT-001413,2026-01-08T06:24:00Z,ANL-3006,LOW,CLOSED,FALSE_POSITIVE,Internal Network Port Scan — False Positive,Investigated T1595 indicators on HOST-2426; no further lateral movement observed.,2026-01-08T13:58:00Z
CASE-001414,SOC-003,,ALT-001414,2026-01-08T08:39:00Z,ANL-3004,MEDIUM,CLOSED,TRUE_POSITIVE,Internal Network Port Scan — True Positive,Reviewed T1595 activity on HOST-1361; correlated with source 10.202.90.221.,2026-01-08T12:29:00Z
CASE-001415,SOC-003,,ALT-001415,2026-01-08T03:50:00Z,ANL-3001,LOW,CLOSED,TRUE_POSITIVE,Suspicious CMD Execution — True Positive,"Closed with minimal review — T1059.003 alert on HOST-3912, no further action taken.",2026-01-08T04:25:00Z
CASE-001416,SOC-003,,ALT-001416,2026-01-08T05:48:00Z,ANL-3006,MEDIUM,CLOSED,TRUE_POSITIVE,Internal Network Port Scan — True Positive,Cross-referenced 10.240.31.86 against threat intelligence feeds for HOST-3574.,2026-01-08T07:47:00Z
CASE-001417,SOC-003,,ALT-001417,2026-01-08T07:13:00Z,ANL-3002,MEDIUM,CLOSED,TRUE_POSITIVE,Ransomware Behaviour Detected — True Positive,"Closed with minimal review — T1486 alert on HOST-3350, no further action taken.",2026-01-08T10:34:00Z
CASE-001418,SOC-003,,ALT-001418,2026-01-08T04:47:00Z,ANL-3002,MEDIUM,CLOSED,TRUE_POSITIVE,New Registry Run Key Entry — True Positive,Reviewed escalation criteria for HOST-3839; behaviour consistent with known baseline.,2026-01-10T09:13:00Z
CASE-001419,SOC-003,,ALT-001419,2026-01-08T21:09:00Z,ANL-3003,LOW,CLOSED,TRUE_POSITIVE,Ransomware Behaviour Detected — True Positive,Investigated T1486 indicators on HOST-4210; no further lateral movement observed.,2026-01-09T18:14:00Z
CASE-001420,SOC-003,,ALT-001420,2026-01-08T10:02:00Z,ANL-3008,LOW,CLOSED,TRUE_POSITIVE,Ransomware Behaviour Detected — True Positive,"Closed with minimal review — T1486 alert on HOST-2474, no further action taken.",2026-01-08T18:06:00Z
CASE-001421,SOC-003,,ALT-001421,2026-01-08T17:07:00Z,ANL-3001,HIGH,CLOSED,TRUE_POSITIVE,Upload to Unapproved Cloud Storage — True Positive,Analysed endpoint telemetry for HOST-2386 tied to T1567 detection.,2026-01-08T18:39:00Z
CASE-001422,SOC-003,,ALT-001422,2026-01-08T14:28:00Z,ANL-3005,LOW,CLOSED,FALSE_POSITIVE,Beaconing to Known C2 Domain — False Positive,Manually reviewed HOST-4347 logs; findings documented against case ticket.,2026-01-08T21:33:00Z
CASE-001423,SOC-003,,ALT-001423,2026-01-08T05:07:00Z,ANL-3005,LOW,CLOSED,TRUE_POSITIVE,Unusual SMB Admin Share Access — True Positive,"Closed with minimal review — T1021.002 alert on HOST-4947, no further action taken.",2026-01-08T05:44:00Z
CASE-001424,SOC-003,,ALT-001424,2026-01-08T14:48:00Z,ANL-3005,MEDIUM,CLOSED,TRUE_POSITIVE,Suspicious CMD Execution — True Positive,Analysed endpoint telemetry for HOST-1381 tied to T1059.003 detection.,2026-01-08T18:09:00Z
CASE-001425,SOC-003,,ALT-001425,2026-01-08T05:21:00Z,ANL-3008,HIGH,CLOSED,TRUE_POSITIVE,New Registry Run Key Entry — True Positive,"Closed with minimal review — T1547.001 alert on HOST-2311, no further action taken.",2026-01-08T06:30:00Z
CASE-001426,SOC-003,,ALT-001426,2026-01-08T19:05:00Z,ANL-3009,HIGH,CLOSED,FALSE_POSITIVE,Suspicious Binary Download — False Positive,Traced network flow from 10.252.113.33 to determine scope of T1105 activity on HOST-4757.,2026-01-08T20:32:00Z
CASE-001427,SOC-003,,ALT-001427,2026-01-08T02:36:00Z,ANL-3004,LOW,CLOSED,TRUE_POSITIVE,Suspicious Binary Download — True Positive,Reviewed escalation criteria for HOST-3323; behaviour consistent with known baseline.,2026-01-08T08:12:00Z
CASE-001428,SOC-003,,ALT-001428,2026-01-08T22:07:00Z,ANL-3007,MEDIUM,CLOSED,FALSE_POSITIVE,Suspicious CMD Execution — False Positive,Validated authentication logs tied to HOST-3991 to rule out credential compromise.,2026-01-09T01:56:00Z
CASE-001429,SOC-003,,ALT-001429,2026-01-08T21:36:00Z,ANL-3008,LOW,CLOSED,TRUE_POSITIVE,Internal Network Port Scan — True Positive,Analysed endpoint telemetry for HOST-3046 tied to T1595 detection.,2026-01-09T03:10:00Z
CASE-001430,SOC-003,,ALT-001430,2026-01-08T09:24:00Z,ANL-3004,MEDIUM,CLOSED,TRUE_POSITIVE,Beaconing to Known C2 Domain — True Positive,Manually reviewed HOST-2415 logs; findings documented against case ticket.,2026-01-08T13:14:00Z
CASE-001431,SOC-003,,ALT-001431,2026-01-08T10:48:00Z,ANL-3004,MEDIUM,CLOSED,TRUE_POSITIVE,Suspicious CMD Execution — True Positive,Analysed endpoint telemetry for HOST-3915 tied to T1059.003 detection.,2026-01-08T13:44:00Z
CASE-001432,SOC-003,,ALT-001432,2026-01-08T03:20:00Z,ANL-3007,HIGH,CLOSED,TRUE_POSITIVE,Ransomware Behaviour Detected — True Positive,"Closed with minimal review — T1486 alert on HOST-3190, no further action taken.",2026-01-08T03:55:00Z
CASE-001433,SOC-003,,ALT-001433,2026-01-08T13:44:00Z,ANL-3004,LOW,CLOSED,TRUE_POSITIVE,New Registry Run Key Entry — True Positive,Analysed endpoint telemetry for HOST-4630 tied to T1547.001 detection.,2026-01-08T18:57:00Z
CASE-001434,SOC-003,,ALT-001434,2026-01-08T11:36:00Z,ANL-3006,MEDIUM,CLOSED,TRUE_POSITIVE,Suspicious CMD Execution — True Positive,Reviewed escalation criteria for HOST-4825; behaviour consistent with known baseline.,2026-01-08T15:26:00Z
CASE-001435,SOC-003,,ALT-001435,2026-01-08T16:18:00Z,ANL-3006,LOW,CLOSED,FALSE_POSITIVE,Suspicious Binary Download — False Positive,Checked process execution history for HOST-2984 following T1105 alert.,2026-01-09T14:21:00Z
CASE-001436,SOC-003,,ALT-001436,2026-01-08T20:24:00Z,ANL-3007,LOW,CLOSED,TRUE_POSITIVE,Internal Network Port Scan — True Positive,Confirmed T1595 alert on HOST-2502 against recent change records.,2026-01-09T04:24:00Z
CASE-001437,SOC-003,,ALT-001437,2026-01-08T19:15:00Z,ANL-3006,MEDIUM,CLOSED,TRUE_POSITIVE,Suspicious CMD Execution — True Positive,Manually reviewed HOST-2260 logs; findings documented against case ticket.,2026-01-08T23:23:00Z
CASE-001438,SOC-003,,ALT-001438,2026-01-08T09:55:00Z,ANL-3003,LOW,CLOSED,TRUE_POSITIVE,Suspicious PowerShell — True Positive,Analysed endpoint telemetry for HOST-4204 tied to T1059.001 detection.,2026-01-08T15:30:00Z
CASE-001439,SOC-003,,ALT-001439,2026-01-08T14:13:00Z,ANL-3002,MEDIUM,CLOSED,TRUE_POSITIVE,New Registry Run Key Entry — True Positive,Investigated T1547.001 indicators on HOST-3056; no further lateral movement observed.,2026-01-08T14:44:00Z
CASE-001440,SOC-003,,ALT-001440,2026-01-08T03:09:00Z,ANL-3006,LOW,CLOSED,TRUE_POSITIVE,Internal Network Port Scan — True Positive,Confirmed T1595 alert on HOST-1948 against recent change records.,2026-01-09T10:14:00Z
CASE-001441,SOC-003,,ALT-001441,2026-01-09T07:05:00Z,ANL-3006,CRITICAL,CLOSED,FALSE_POSITIVE,Ransomware Behaviour Detected — False Positive,Investigated T1486 indicators on HOST-3670; no further lateral movement observed.,2026-01-09T07:58:00Z
CASE-001442,SOC-003,,ALT-001442,2026-01-09T23:23:00Z,ANL-3005,HIGH,CLOSED,TRUE_POSITIVE,Beaconing to Known C2 Domain — True Positive,Investigated T1071.001 indicators on HOST-2170; no further lateral movement observed.,2026-01-10T00:30:00Z
CASE-001443,SOC-003,,ALT-001443,2026-01-09T09:42:00Z,ANL-3002,LOW,CLOSED,FALSE_POSITIVE,LSASS Memory Access — False Positive,"Closed with minimal review — T1003 alert on HOST-1033, no further action taken.",2026-01-09T10:51:00Z
CASE-001444,SOC-003,,ALT-001444,2026-01-09T17:16:00Z,ANL-3002,HIGH,CLOSED,FALSE_POSITIVE,LSASS Memory Access — False Positive,Manually reviewed HOST-1851 logs; findings documented against case ticket.,2026-01-09T18:23:00Z
CASE-001445,SOC-003,,ALT-001445,2026-01-09T06:19:00Z,ANL-3001,LOW,CLOSED,TRUE_POSITIVE,LSASS Memory Access — True Positive,Manually reviewed HOST-1770 logs; findings documented against case ticket.,2026-01-10T19:23:00Z
CASE-001446,SOC-003,INC-000048,ALT-001446,2026-01-09T16:55:00Z,ANL-3002,CRITICAL,CLOSED,TRUE_POSITIVE,Upload to Unapproved Cloud Storage — True Positive,Analysed endpoint telemetry for HOST-4250 tied to T1567 detection.,2026-01-09T17:46:00Z
CASE-001447,SOC-003,,ALT-001447,2026-01-09T14:41:00Z,ANL-3009,MEDIUM,CLOSED,TRUE_POSITIVE,Suspicious CMD Execution — True Positive,"Closed with minimal review — T1059.003 alert on HOST-2731, no further action taken.",2026-01-09T15:30:00Z
CASE-001448,SOC-003,,ALT-001448,2026-01-09T23:06:00Z,ANL-3009,HIGH,CLOSED,TRUE_POSITIVE,Unusual RDP Session — True Positive,Confirmed T1021.001 alert on HOST-3722 against recent change records.,2026-01-10T06:22:00Z
CASE-001449,SOC-003,,ALT-001449,2026-01-09T02:55:00Z,ANL-3006,MEDIUM,CLOSED,TRUE_POSITIVE,Ransomware Behaviour Detected — True Positive,Traced network flow from 10.193.218.4 to determine scope of T1486 activity on HOST-2065.,2026-01-09T05:43:00Z
CASE-001450,SOC-003,,ALT-001450,2026-01-09T17:44:00Z,ANL-3003,LOW,CLOSED,FALSE_POSITIVE,Password Spraying Detected — False Positive,Confirmed T1110 alert on HOST-4202 against recent change records.,2026-01-10T00:27:00Z
CASE-001451,SOC-003,,ALT-001451,2026-01-09T13:33:00Z,ANL-3007,MEDIUM,CLOSED,TRUE_POSITIVE,Unusual Scheduled Task Created — True Positive,"Closed with minimal review — T1053.005 alert on HOST-1753, no further action taken.",2026-01-09T14:12:00Z
CASE-001452,SOC-003,,ALT-001452,2026-01-09T00:12:00Z,ANL-3001,HIGH,CLOSED,TRUE_POSITIVE,Ransomware Behaviour Detected — True Positive,Validated authentication logs tied to HOST-3369 to rule out credential compromise.,2026-01-09T01:45:00Z
CASE-001453,SOC-003,,ALT-001453,2026-01-09T06:11:00Z,ANL-3003,LOW,CLOSED,TRUE_POSITIVE,New Registry Run Key Entry — True Positive,Reviewed T1547.001 activity on HOST-4214; correlated with source 10.19.57.76.,2026-01-09T14:47:00Z
CASE-001454,SOC-003,,ALT-001454,2026-01-09T12:26:00Z,ANL-3009,HIGH,CLOSED,TRUE_POSITIVE,Ransomware Behaviour Detected — True Positive,Checked process execution history for HOST-1887 following T1486 alert.,2026-01-09T13:47:00Z
CASE-001455,SOC-003,,ALT-001455,2026-01-09T16:00:00Z,ANL-3005,CRITICAL,CLOSED,TRUE_POSITIVE,Unusual Scheduled Task Created — True Positive,Reviewed T1053.005 activity on HOST-3894; correlated with source 10.191.215.149.,2026-01-09T16:31:00Z
CASE-001456,SOC-003,,ALT-001456,2026-01-09T01:43:00Z,ANL-3004,HIGH,CLOSED,TRUE_POSITIVE,Internal Network Port Scan — True Positive,Confirmed T1595 alert on HOST-2569 against recent change records.,2026-01-09T02:29:00Z
CASE-001457,SOC-003,INC-000049,ALT-001457,2026-01-09T01:21:00Z,ANL-3002,CRITICAL,CLOSED,TRUE_POSITIVE,Upload to Unapproved Cloud Storage — True Positive,Reviewed escalation criteria for HOST-2024; behaviour consistent with known baseline.,2026-01-09T04:20:00Z
CASE-001458,SOC-003,,ALT-001458,2026-01-09T16:50:00Z,ANL-3007,HIGH,CLOSED,TRUE_POSITIVE,Suspicious PowerShell — True Positive,Reviewed escalation criteria for HOST-4983; behaviour consistent with known baseline.,2026-01-09T17:32:00Z
CASE-001459,SOC-003,,ALT-001459,2026-01-09T04:45:00Z,ANL-3008,LOW,CLOSED,FALSE_POSITIVE,Ransomware Behaviour Detected — False Positive,Investigated T1486 indicators on HOST-1619; no further lateral movement observed.,2026-01-09T12:52:00Z
CASE-001460,SOC-003,,ALT-001460,2026-01-09T16:19:00Z,ANL-3006,LOW,CLOSED,FALSE_POSITIVE,LSASS Memory Access — False Positive,Manually reviewed HOST-3874 logs; findings documented against case ticket.,2026-01-10T00:18:00Z
CASE-001461,SOC-003,,ALT-001461,2026-01-09T20:50:00Z,ANL-3002,LOW,CLOSED,FALSE_POSITIVE,Encoded PowerShell Command — False Positive,Manually reviewed HOST-1500 logs; findings documented against case ticket.,2026-01-10T05:46:00Z
CASE-001462,SOC-003,,ALT-001462,2026-01-09T02:36:00Z,ANL-3002,LOW,CLOSED,TRUE_POSITIVE,Internal Network Port Scan — True Positive,"Closed with minimal review — T1595 alert on HOST-1125, no further action taken.",2026-01-09T11:25:00Z
CASE-001463,SOC-003,,ALT-001463,2026-01-09T09:42:00Z,ANL-3002,HIGH,CLOSED,FALSE_POSITIVE,Large Outbound Data Transfer — False Positive,Analysed endpoint telemetry for HOST-1706 tied to T1041 detection.,2026-01-09T11:22:00Z
CASE-001464,SOC-003,,ALT-001464,2026-01-09T10:39:00Z,ANL-3003,LOW,CLOSED,TRUE_POSITIVE,Encoded PowerShell Command — True Positive,Reviewed escalation criteria for HOST-3874; behaviour consistent with known baseline.,2026-01-09T17:06:00Z
CASE-001465,SOC-003,,ALT-001465,2026-01-09T15:59:00Z,ANL-3002,MEDIUM,CLOSED,FALSE_POSITIVE,Large Outbound Data Transfer — False Positive,"Closed with minimal review — T1041 alert on HOST-1873, no further action taken.",2026-01-09T16:35:00Z
CASE-001466,SOC-003,,ALT-001466,2026-01-09T21:20:00Z,ANL-3005,LOW,CLOSED,TRUE_POSITIVE,Unusual Scheduled Task Created — True Positive,Validated authentication logs tied to HOST-3848 to rule out credential compromise.,2026-01-10T04:01:00Z
CASE-001467,SOC-003,,ALT-001467,2026-01-09T18:13:00Z,ANL-3008,LOW,CLOSED,TRUE_POSITIVE,New Registry Run Key Entry — True Positive,"Closed with minimal review — T1547.001 alert on HOST-1004, no further action taken.",2026-01-09T19:10:00Z
CASE-001468,SOC-003,,ALT-001468,2026-01-09T12:32:00Z,ANL-3001,HIGH,CLOSED,TRUE_POSITIVE,New Registry Run Key Entry — True Positive,"Closed with minimal review — T1547.001 alert on HOST-2599, no further action taken.",2026-01-09T13:05:00Z
CASE-001469,SOC-003,,ALT-001469,2026-01-09T04:42:00Z,ANL-3002,LOW,CLOSED,TRUE_POSITIVE,Suspicious CMD Execution — True Positive,"Closed with minimal review — T1059.003 alert on HOST-1502, no further action taken.",2026-01-09T10:21:00Z
CASE-001470,SOC-003,,ALT-001470,2026-01-09T13:07:00Z,ANL-3007,MEDIUM,CLOSED,TRUE_POSITIVE,Beaconing to Known C2 Domain — True Positive,Cross-referenced 10.133.47.49 against threat intelligence feeds for HOST-2409.,2026-01-11T16:53:00Z
CASE-001471,SOC-003,,ALT-001471,2026-01-09T07:57:00Z,ANL-3008,LOW,CLOSED,TRUE_POSITIVE,Suspicious CMD Execution — True Positive,Validated authentication logs tied to HOST-3432 to rule out credential compromise.,2026-01-09T13:25:00Z
CASE-001472,SOC-003,,ALT-001472,2026-01-09T18:22:00Z,ANL-3008,MEDIUM,CLOSED,TRUE_POSITIVE,Internal Network Port Scan — True Positive,Reviewed escalation criteria for HOST-2885; behaviour consistent with known baseline.,2026-01-09T21:23:00Z
CASE-001473,SOC-003,,ALT-001473,2026-01-09T08:33:00Z,ANL-3005,MEDIUM,CLOSED,FALSE_POSITIVE,Encoded PowerShell Command — False Positive,Validated authentication logs tied to HOST-3362 to rule out credential compromise.,2026-01-09T10:51:00Z
CASE-001474,SOC-003,,ALT-001474,2026-01-09T16:13:00Z,ANL-3008,MEDIUM,CLOSED,TRUE_POSITIVE,Ransomware Behaviour Detected — True Positive,Investigated T1486 indicators on HOST-2800; no further lateral movement observed.,2026-01-09T20:07:00Z
CASE-001475,SOC-003,,ALT-001475,2026-01-09T08:41:00Z,ANL-3008,LOW,CLOSED,FALSE_POSITIVE,Large Outbound Data Transfer — False Positive,Reviewed T1041 activity on HOST-3613; correlated with source 10.49.114.204.,2026-01-09T15:38:00Z
CASE-001476,SOC-003,,ALT-001476,2026-01-09T20:32:00Z,ANL-3009,CRITICAL,CLOSED,TRUE_POSITIVE,Suspicious CMD Execution — True Positive,Manually reviewed HOST-2318 logs; findings documented against case ticket.,2026-01-09T21:14:00Z
CASE-001477,SOC-003,,ALT-001477,2026-01-09T09:06:00Z,ANL-3006,CRITICAL,CLOSED,FALSE_POSITIVE,Unusual SMB Admin Share Access — False Positive,Reviewed escalation criteria for HOST-2745; behaviour consistent with known baseline.,2026-01-09T09:41:00Z
CASE-001478,SOC-003,,ALT-001478,2026-01-09T06:46:00Z,ANL-3002,MEDIUM,CLOSED,FALSE_POSITIVE,Beaconing to Known C2 Domain — False Positive,Cross-referenced 10.117.249.127 against threat intelligence feeds for HOST-3007.,2026-01-09T09:26:00Z
CASE-001479,SOC-003,,ALT-001479,2026-01-09T05:53:00Z,ANL-3005,HIGH,CLOSED,TRUE_POSITIVE,Suspicious CMD Execution — True Positive,Checked process execution history for HOST-2602 following T1059.003 alert.,2026-01-09T07:07:00Z
CASE-001480,SOC-003,INC-000050,ALT-001480,2026-01-09T23:46:00Z,ANL-3001,CRITICAL,CLOSED,TRUE_POSITIVE,Password Spraying Detected — True Positive,Manually reviewed HOST-4713 logs; findings documented against case ticket.,2026-01-10T00:45:00Z
CASE-001481,SOC-003,INC-000051,ALT-001481,2026-01-10T11:59:00Z,ANL-3006,CRITICAL,CLOSED,TRUE_POSITIVE,Large Outbound Data Transfer — True Positive,Traced network flow from 10.89.24.30 to determine scope of T1041 activity on HOST-4988.,2026-01-10T16:12:00Z
CASE-001482,SOC-003,,ALT-001482,2026-01-10T09:33:00Z,ANL-3005,CRITICAL,CLOSED,TRUE_POSITIVE,New Registry Run Key Entry — True Positive,Traced network flow from 10.150.19.6 to determine scope of T1547.001 activity on HOST-2471.,2026-01-10T10:16:00Z
CASE-001483,SOC-003,,ALT-001483,2026-01-10T14:27:00Z,ANL-3001,MEDIUM,CLOSED,TRUE_POSITIVE,LSASS Memory Access — True Positive,Reviewed escalation criteria for HOST-2295; behaviour consistent with known baseline.,2026-01-10T18:27:00Z
CASE-001484,SOC-003,,ALT-001484,2026-01-10T00:28:00Z,ANL-3002,LOW,CLOSED,FALSE_POSITIVE,Beaconing to Known C2 Domain — False Positive,Cross-referenced 10.221.140.124 against threat intelligence feeds for HOST-2385.,2026-01-10T05:36:00Z
CASE-001485,SOC-003,,ALT-001485,2026-01-10T08:58:00Z,ANL-3005,LOW,CLOSED,TRUE_POSITIVE,Suspicious Binary Download — True Positive,Investigated T1105 indicators on HOST-3088; no further lateral movement observed.,2026-01-10T16:16:00Z
CASE-001486,SOC-003,,ALT-001486,2026-01-10T18:05:00Z,ANL-3005,HIGH,CLOSED,FALSE_POSITIVE,Ransomware Behaviour Detected — False Positive,Validated authentication logs tied to HOST-2329 to rule out credential compromise.,2026-01-10T19:01:00Z
CASE-001487,SOC-003,,ALT-001487,2026-01-10T18:30:00Z,ANL-3004,MEDIUM,CLOSED,TRUE_POSITIVE,Ransomware Behaviour Detected — True Positive,Analysed endpoint telemetry for HOST-2043 tied to T1486 detection.,2026-01-11T05:05:00Z
CASE-001488,SOC-003,,ALT-001488,2026-01-10T18:07:00Z,ANL-3004,MEDIUM,CLOSED,FALSE_POSITIVE,Internal Network Port Scan — False Positive,Analysed endpoint telemetry for HOST-1334 tied to T1595 detection.,2026-01-10T22:22:00Z
CASE-001489,SOC-003,,ALT-001489,2026-01-10T08:50:00Z,ANL-3008,LOW,CLOSED,TRUE_POSITIVE,Unusual SMB Admin Share Access — True Positive,Confirmed T1021.002 alert on HOST-2241 against recent change records.,2026-01-10T12:43:00Z
CASE-001490,SOC-003,,ALT-001490,2026-01-10T20:13:00Z,ANL-3008,LOW,CLOSED,TRUE_POSITIVE,Suspicious Binary Download — True Positive,Reviewed T1105 activity on HOST-2595; correlated with source 10.182.172.188.,2026-01-11T03:40:00Z
CASE-001491,SOC-003,INC-000052,ALT-001491,2026-01-10T04:33:00Z,ANL-3003,CRITICAL,CLOSED,TRUE_POSITIVE,Ransomware Behaviour Detected — True Positive,Traced network flow from 10.254.30.243 to determine scope of T1486 activity on HOST-2925.,2026-01-10T05:24:00Z
CASE-001492,SOC-003,INC-000053,ALT-001492,2026-01-10T12:51:00Z,ANL-3002,CRITICAL,CLOSED,TRUE_POSITIVE,Beaconing to Known C2 Domain — True Positive,Cross-referenced 10.239.131.36 against threat intelligence feeds for HOST-3470.,2026-01-10T13:35:00Z
CASE-001493,SOC-003,,ALT-001493,2026-01-10T13:39:00Z,ANL-3008,MEDIUM,CLOSED,TRUE_POSITIVE,Encoded PowerShell Command — True Positive,Confirmed T1059.001 alert on HOST-2428 against recent change records.,2026-01-11T08:27:00Z
CASE-001494,SOC-003,,ALT-001494,2026-01-10T02:44:00Z,ANL-3007,LOW,CLOSED,TRUE_POSITIVE,LSASS Memory Access — True Positive,Analysed endpoint telemetry for HOST-1015 tied to T1003 detection.,2026-01-10T08:58:00Z
CASE-001495,SOC-003,,ALT-001495,2026-01-10T04:01:00Z,ANL-3004,CRITICAL,CLOSED,FALSE_POSITIVE,Suspicious Binary Download — False Positive,Validated authentication logs tied to HOST-3676 to rule out credential compromise.,2026-01-10T04:56:00Z
CASE-001496,SOC-003,,ALT-001496,2026-01-10T20:49:00Z,ANL-3006,LOW,CLOSED,TRUE_POSITIVE,Ransomware Behaviour Detected — True Positive,Manually reviewed HOST-3252 logs; findings documented against case ticket.,2026-01-11T04:59:00Z
CASE-001497,SOC-003,,ALT-001497,2026-01-10T16:15:00Z,ANL-3008,MEDIUM,CLOSED,TRUE_POSITIVE,LSASS Memory Access — True Positive,Investigated T1003 indicators on HOST-3879; no further lateral movement observed.,2026-01-10T19:13:00Z
CASE-001498,SOC-003,,ALT-001498,2026-01-10T05:38:00Z,ANL-3007,HIGH,CLOSED,FALSE_POSITIVE,Suspicious CMD Execution — False Positive,Confirmed T1059.003 alert on HOST-4509 against recent change records.,2026-01-10T15:26:00Z
CASE-001499,SOC-003,,ALT-001499,2026-01-10T05:27:00Z,ANL-3006,MEDIUM,CLOSED,TRUE_POSITIVE,Large Outbound Data Transfer — True Positive,Reviewed escalation criteria for HOST-4792; behaviour consistent with known baseline.,2026-01-10T07:50:00Z
CASE-001500,SOC-003,,ALT-001500,2026-01-10T07:30:00Z,ANL-3001,CRITICAL,CLOSED,FALSE_POSITIVE,Internal Network Port Scan — False Positive,"Closed with minimal review — T1595 alert on HOST-1004, no further action taken.",2026-01-10T08:01:00Z
CASE-001501,SOC-003,,ALT-001501,2026-01-10T20:42:00Z,ANL-3001,HIGH,CLOSED,TRUE_POSITIVE,Ransomware Behaviour Detected — True Positive,Investigated T1486 indicators on HOST-2970; no further lateral movement observed.,2026-01-10T21:38:00Z
CASE-001502,SOC-003,,ALT-001502,2026-01-10T10:54:00Z,ANL-3002,LOW,CLOSED,FALSE_POSITIVE,Internal Network Port Scan — False Positive,Confirmed T1595 alert on HOST-3663 against recent change records.,2026-01-11T18:59:00Z
CASE-001503,SOC-003,,ALT-001503,2026-01-10T15:25:00Z,ANL-3004,HIGH,CLOSED,FALSE_POSITIVE,Suspicious Binary Download — False Positive,"Closed with minimal review — T1105 alert on HOST-1618, no further action taken.",2026-01-10T16:44:00Z
CASE-001504,SOC-003,,ALT-001504,2026-01-10T12:55:00Z,ANL-3005,LOW,CLOSED,FALSE_POSITIVE,Beaconing to Known C2 Domain — False Positive,"Closed with minimal review — T1071.001 alert on HOST-2268, no further action taken.",2026-01-10T20:49:00Z
CASE-001505,SOC-003,,ALT-001505,2026-01-10T03:24:00Z,ANL-3001,MEDIUM,CLOSED,TRUE_POSITIVE,Unusual Scheduled Task Created — True Positive,Investigated T1053.005 indicators on HOST-4388; no further lateral movement observed.,2026-01-10T16:56:00Z
CASE-001506,SOC-003,,ALT-001506,2026-01-10T20:01:00Z,ANL-3009,HIGH,CLOSED,TRUE_POSITIVE,LSASS Memory Access — True Positive,Investigated T1003 indicators on HOST-3022; no further lateral movement observed.,2026-01-10T20:31:00Z
CASE-001507,SOC-003,INC-000054,ALT-001507,2026-01-10T17:05:00Z,ANL-3008,CRITICAL,CLOSED,TRUE_POSITIVE,Password Spraying Detected — True Positive,Checked process execution history for HOST-3701 following T1110 alert.,2026-01-10T17:49:00Z
CASE-001508,SOC-003,,ALT-001508,2026-01-10T14:22:00Z,ANL-3002,MEDIUM,CLOSED,FALSE_POSITIVE,Internal Network Port Scan — False Positive,Checked process execution history for HOST-4566 following T1595 alert.,2026-01-10T17:27:00Z
CASE-001509,SOC-003,,ALT-001509,2026-01-10T03:16:00Z,ANL-3004,LOW,CLOSED,TRUE_POSITIVE,Repeated Failed Logins — True Positive,Confirmed T1110 alert on HOST-4539 against recent change records.,2026-01-11T14:02:00Z
CASE-001510,SOC-003,,ALT-001510,2026-01-10T12:37:00Z,ANL-3009,MEDIUM,CLOSED,FALSE_POSITIVE,Upload to Unapproved Cloud Storage — False Positive,Reviewed T1567 activity on HOST-4167; correlated with source 10.84.175.194.,2026-01-10T16:21:00Z
CASE-001511,SOC-003,,ALT-001511,2026-01-10T20:25:00Z,ANL-3004,HIGH,CLOSED,TRUE_POSITIVE,New Registry Run Key Entry — True Positive,Reviewed escalation criteria for HOST-4011; behaviour consistent with known baseline.,2026-01-10T21:55:00Z
CASE-001512,SOC-003,,ALT-001512,2026-01-10T01:39:00Z,ANL-3003,LOW,CLOSED,TRUE_POSITIVE,Unusual SMB Admin Share Access — True Positive,Reviewed T1021.002 activity on HOST-1591; correlated with source 10.10.198.158.,2026-01-10T05:28:00Z
CASE-001513,SOC-003,,ALT-001513,2026-01-10T09:15:00Z,ANL-3004,MEDIUM,CLOSED,FALSE_POSITIVE,Internal Network Port Scan — False Positive,Investigated T1595 indicators on HOST-3110; no further lateral movement observed.,2026-01-10T11:26:00Z
CASE-001514,SOC-003,,ALT-001514,2026-01-10T10:47:00Z,ANL-3009,MEDIUM,CLOSED,FALSE_POSITIVE,Upload to Unapproved Cloud Storage — False Positive,"Closed with minimal review — T1567 alert on HOST-4879, no further action taken.",2026-01-10T11:13:00Z
CASE-001515,SOC-003,,ALT-001515,2026-01-10T06:57:00Z,ANL-3009,LOW,CLOSED,TRUE_POSITIVE,New Registry Run Key Entry — True Positive,Cross-referenced 10.92.248.79 against threat intelligence feeds for HOST-2975.,2026-01-10T13:39:00Z
CASE-001516,SOC-003,,ALT-001516,2026-01-10T01:07:00Z,ANL-3004,HIGH,CLOSED,TRUE_POSITIVE,Beaconing to Known C2 Domain — True Positive,Checked process execution history for HOST-4679 following T1071.001 alert.,2026-01-10T07:10:00Z
CASE-001517,SOC-003,,ALT-001517,2026-01-10T01:17:00Z,ANL-3006,MEDIUM,CLOSED,TRUE_POSITIVE,Repeated Failed Logins — True Positive,Confirmed T1110 alert on HOST-3588 against recent change records.,2026-01-10T03:27:00Z
CASE-001518,SOC-003,,ALT-001518,2026-01-10T01:24:00Z,ANL-3001,HIGH,CLOSED,TRUE_POSITIVE,LSASS Memory Access — True Positive,Validated authentication logs tied to HOST-3468 to rule out credential compromise.,2026-01-10T02:24:00Z
CASE-001519,SOC-003,,ALT-001519,2026-01-10T09:13:00Z,ANL-3007,HIGH,CLOSED,TRUE_POSITIVE,Internal Network Port Scan — True Positive,Traced network flow from 10.156.161.178 to determine scope of T1595 activity on HOST-2764.,2026-01-10T10:50:00Z
CASE-001520,SOC-003,,ALT-001520,2026-01-10T21:48:00Z,ANL-3001,HIGH,CLOSED,TRUE_POSITIVE,Ransomware Behaviour Detected — True Positive,Investigated T1486 indicators on HOST-1982; no further lateral movement observed.,2026-01-10T22:56:00Z
CASE-001521,SOC-003,,ALT-001521,2026-01-11T01:51:00Z,ANL-3008,MEDIUM,CLOSED,FALSE_POSITIVE,Internal Network Port Scan — False Positive,"Closed with minimal review — T1595 alert on HOST-1033, no further action taken.",2026-01-11T02:32:00Z
CASE-001522,SOC-003,,ALT-001522,2026-01-11T01:36:00Z,ANL-3008,LOW,CLOSED,TRUE_POSITIVE,Suspicious PowerShell — True Positive,Cross-referenced 10.255.25.162 against threat intelligence feeds for HOST-4499.,2026-01-12T12:41:00Z
CASE-001523,SOC-003,,ALT-001523,2026-01-11T12:54:00Z,ANL-3009,LOW,CLOSED,TRUE_POSITIVE,New Registry Run Key Entry — True Positive,Confirmed T1547.001 alert on HOST-2549 against recent change records.,2026-01-12T05:19:00Z
CASE-001524,SOC-003,,ALT-001524,2026-01-11T17:03:00Z,ANL-3009,LOW,CLOSED,TRUE_POSITIVE,Ransomware Behaviour Detected — True Positive,Cross-referenced 10.177.132.66 against threat intelligence feeds for HOST-1169.,2026-01-12T00:16:00Z
CASE-001525,SOC-003,,ALT-001525,2026-01-11T21:32:00Z,ANL-3001,LOW,CLOSED,TRUE_POSITIVE,Internal Network Port Scan — True Positive,Manually reviewed HOST-1287 logs; findings documented against case ticket.,2026-01-12T03:27:00Z
CASE-001526,SOC-003,,ALT-001526,2026-01-11T16:33:00Z,ANL-3008,HIGH,CLOSED,TRUE_POSITIVE,Unusual Scheduled Task Created — True Positive,Confirmed T1053.005 alert on HOST-4581 against recent change records.,2026-01-11T18:11:00Z
CASE-001527,SOC-003,,ALT-001527,2026-01-11T15:34:00Z,ANL-3003,LOW,CLOSED,TRUE_POSITIVE,Upload to Unapproved Cloud Storage — True Positive,Investigated T1567 indicators on HOST-1455; no further lateral movement observed.,2026-01-11T23:38:00Z
CASE-001528,SOC-003,,ALT-001528,2026-01-11T22:31:00Z,ANL-3009,LOW,CLOSED,TRUE_POSITIVE,Internal Network Port Scan — True Positive,Analysed endpoint telemetry for HOST-3516 tied to T1595 detection.,2026-01-12T03:51:00Z
CASE-001529,SOC-003,,ALT-001529,2026-01-11T03:20:00Z,ANL-3005,MEDIUM,CLOSED,TRUE_POSITIVE,Ransomware Behaviour Detected — True Positive,Analysed endpoint telemetry for HOST-1096 tied to T1486 detection.,2026-01-11T12:52:00Z
CASE-001530,SOC-003,,ALT-001530,2026-01-11T15:17:00Z,ANL-3009,LOW,CLOSED,TRUE_POSITIVE,Unusual Scheduled Task Created — True Positive,Analysed endpoint telemetry for HOST-2527 tied to T1053.005 detection.,2026-01-12T22:21:00Z
CASE-001531,SOC-003,,ALT-001531,2026-01-11T01:36:00Z,ANL-3002,LOW,CLOSED,TRUE_POSITIVE,Suspicious CMD Execution — True Positive,Cross-referenced 10.182.165.80 against threat intelligence feeds for HOST-4207.,2026-01-12T01:38:00Z
CASE-001532,SOC-003,,ALT-001532,2026-01-11T10:42:00Z,ANL-3009,HIGH,CLOSED,TRUE_POSITIVE,Suspicious CMD Execution — True Positive,Checked process execution history for HOST-1534 following T1059.003 alert.,2026-01-11T12:12:00Z
CASE-001533,SOC-003,,ALT-001533,2026-01-11T01:01:00Z,ANL-3007,MEDIUM,CLOSED,TRUE_POSITIVE,Unusual SMB Admin Share Access — True Positive,Analysed endpoint telemetry for HOST-2464 tied to T1021.002 detection.,2026-01-11T04:21:00Z
CASE-001534,SOC-003,,ALT-001534,2026-01-11T11:12:00Z,ANL-3009,HIGH,CLOSED,TRUE_POSITIVE,Encoded PowerShell Command — True Positive,Validated authentication logs tied to HOST-4593 to rule out credential compromise.,2026-01-11T12:15:00Z
CASE-001535,SOC-003,,ALT-001535,2026-01-11T20:49:00Z,ANL-3005,HIGH,CLOSED,TRUE_POSITIVE,LSASS Memory Access — True Positive,Traced network flow from 10.158.176.174 to determine scope of T1003 activity on HOST-2207.,2026-01-11T21:43:00Z
CASE-001536,SOC-003,,ALT-001536,2026-01-11T13:28:00Z,ANL-3002,MEDIUM,CLOSED,TRUE_POSITIVE,Unusual SMB Admin Share Access — True Positive,Cross-referenced 10.149.88.158 against threat intelligence feeds for HOST-1041.,2026-01-13T03:59:00Z
CASE-001537,SOC-003,,ALT-001537,2026-01-11T15:36:00Z,ANL-3002,LOW,CLOSED,TRUE_POSITIVE,Large Outbound Data Transfer — True Positive,Validated authentication logs tied to HOST-2489 to rule out credential compromise.,2026-01-11T22:06:00Z
CASE-001538,SOC-003,,ALT-001538,2026-01-11T07:20:00Z,ANL-3008,MEDIUM,CLOSED,TRUE_POSITIVE,Unusual Scheduled Task Created — True Positive,"Closed with minimal review — T1053.005 alert on HOST-2197, no further action taken.",2026-01-11T07:46:00Z
CASE-001539,SOC-003,,ALT-001539,2026-01-11T17:32:00Z,ANL-3004,LOW,CLOSED,FALSE_POSITIVE,New Registry Run Key Entry — False Positive,Validated authentication logs tied to HOST-3030 to rule out credential compromise.,2026-01-11T22:43:00Z
CASE-001540,SOC-003,,ALT-001540,2026-01-11T15:38:00Z,ANL-3009,MEDIUM,CLOSED,TRUE_POSITIVE,LSASS Memory Access — True Positive,Investigated T1003 indicators on HOST-1013; no further lateral movement observed.,2026-01-11T18:21:00Z
CASE-001541,SOC-003,,ALT-001541,2026-01-11T11:28:00Z,ANL-3003,CRITICAL,CLOSED,TRUE_POSITIVE,Large Outbound Data Transfer — True Positive,"Closed with minimal review — T1041 alert on HOST-4745, no further action taken.",2026-01-11T12:08:00Z
CASE-001542,SOC-003,,ALT-001542,2026-01-11T14:36:00Z,ANL-3004,LOW,CLOSED,TRUE_POSITIVE,Unusual RDP Session — True Positive,Cross-referenced 10.253.168.230 against threat intelligence feeds for HOST-3652.,2026-01-11T21:28:00Z
CASE-001543,SOC-003,,ALT-001543,2026-01-11T18:22:00Z,ANL-3009,MEDIUM,CLOSED,TRUE_POSITIVE,Ransomware Behaviour Detected — True Positive,Cross-referenced 10.2.179.31 against threat intelligence feeds for HOST-4158.,2026-01-13T17:08:00Z
CASE-001544,SOC-003,,ALT-001544,2026-01-11T12:49:00Z,ANL-3003,LOW,CLOSED,TRUE_POSITIVE,Ransomware Behaviour Detected — True Positive,Investigated T1486 indicators on HOST-4451; no further lateral movement observed.,2026-01-11T20:33:00Z
CASE-001545,SOC-003,,ALT-001545,2026-01-11T12:42:00Z,ANL-3005,MEDIUM,CLOSED,TRUE_POSITIVE,Upload to Unapproved Cloud Storage — True Positive,Manually reviewed HOST-3312 logs; findings documented against case ticket.,2026-01-11T14:49:00Z
CASE-001546,SOC-003,,ALT-001546,2026-01-11T11:05:00Z,ANL-3002,HIGH,CLOSED,FALSE_POSITIVE,Suspicious CMD Execution — False Positive,"Closed with minimal review — T1059.003 alert on HOST-1639, no further action taken.",2026-01-11T12:52:00Z
CASE-001547,SOC-003,,ALT-001547,2026-01-11T14:43:00Z,ANL-3007,HIGH,CLOSED,FALSE_POSITIVE,Internal Network Port Scan — False Positive,Reviewed escalation criteria for HOST-3982; behaviour consistent with known baseline.,2026-01-11T15:42:00Z
CASE-001548,SOC-003,,ALT-001548,2026-01-11T15:19:00Z,ANL-3002,MEDIUM,CLOSED,FALSE_POSITIVE,Ransomware Behaviour Detected — False Positive,Analysed endpoint telemetry for HOST-2952 tied to T1486 detection.,2026-01-11T17:44:00Z
CASE-001549,SOC-003,,ALT-001549,2026-01-11T00:20:00Z,ANL-3004,LOW,CLOSED,FALSE_POSITIVE,Beaconing to Known C2 Domain — False Positive,"Closed with minimal review — T1071.001 alert on HOST-4421, no further action taken.",2026-01-11T01:47:00Z
CASE-001550,SOC-003,,ALT-001550,2026-01-11T19:03:00Z,ANL-3004,LOW,CLOSED,TRUE_POSITIVE,Unusual Scheduled Task Created — True Positive,Confirmed T1053.005 alert on HOST-2627 against recent change records.,2026-01-12T18:08:00Z
CASE-001551,SOC-003,,ALT-001551,2026-01-11T02:55:00Z,ANL-3003,LOW,CLOSED,TRUE_POSITIVE,Internal Network Port Scan — True Positive,Analysed endpoint telemetry for HOST-2721 tied to T1595 detection.,2026-01-13T00:58:00Z
CASE-001552,SOC-003,,ALT-001552,2026-01-11T22:14:00Z,ANL-3001,CRITICAL,CLOSED,FALSE_POSITIVE,LSASS Memory Access — False Positive,Checked process execution history for HOST-1767 following T1003 alert.,2026-01-11T22:59:00Z
CASE-001553,SOC-003,,ALT-001553,2026-01-11T02:17:00Z,ANL-3001,HIGH,CLOSED,TRUE_POSITIVE,Suspicious Binary Download — True Positive,Manually reviewed HOST-3137 logs; findings documented against case ticket.,2026-01-11T06:48:00Z
CASE-001554,SOC-003,,ALT-001554,2026-01-11T19:04:00Z,ANL-3006,HIGH,CLOSED,TRUE_POSITIVE,Unusual Scheduled Task Created — True Positive,Cross-referenced 10.11.13.71 against threat intelligence feeds for HOST-4398.,2026-01-13T16:42:00Z
CASE-001555,SOC-003,,ALT-001555,2026-01-11T05:27:00Z,ANL-3009,MEDIUM,CLOSED,TRUE_POSITIVE,Ransomware Behaviour Detected — True Positive,"Closed with minimal review — T1486 alert on HOST-3808, no further action taken.",2026-01-11T09:09:00Z
CASE-001556,SOC-003,,ALT-001556,2026-01-11T21:09:00Z,ANL-3005,MEDIUM,CLOSED,TRUE_POSITIVE,Internal Network Port Scan — True Positive,Reviewed T1595 activity on HOST-2911; correlated with source 10.240.25.143.,2026-01-12T00:34:00Z
CASE-001557,SOC-003,,ALT-001557,2026-01-11T02:47:00Z,ANL-3009,LOW,CLOSED,FALSE_POSITIVE,Suspicious PowerShell — False Positive,Reviewed escalation criteria for HOST-2497; behaviour consistent with known baseline.,2026-01-11T08:05:00Z
CASE-001558,SOC-003,,ALT-001558,2026-01-11T12:14:00Z,ANL-3004,LOW,CLOSED,TRUE_POSITIVE,Unusual Scheduled Task Created — True Positive,"Closed with minimal review — T1053.005 alert on HOST-4526, no further action taken.",2026-01-11T17:44:00Z
CASE-001559,SOC-003,,ALT-001559,2026-01-11T17:50:00Z,ANL-3003,MEDIUM,CLOSED,TRUE_POSITIVE,Suspicious Binary Download — True Positive,Traced network flow from 10.160.173.123 to determine scope of T1105 activity on HOST-2048.,2026-01-11T21:26:00Z
CASE-001560,SOC-003,,ALT-001560,2026-01-11T05:52:00Z,ANL-3006,LOW,CLOSED,TRUE_POSITIVE,Unusual SMB Admin Share Access — True Positive,Reviewed escalation criteria for HOST-2309; behaviour consistent with known baseline.,2026-01-11T10:57:00Z
CASE-001561,SOC-003,,ALT-001561,2026-01-12T09:50:00Z,ANL-3009,HIGH,CLOSED,TRUE_POSITIVE,Upload to Unapproved Cloud Storage — True Positive,Reviewed escalation criteria for HOST-1181; behaviour consistent with known baseline.,2026-01-12T10:33:00Z
CASE-001562,SOC-003,,ALT-001562,2026-01-12T06:59:00Z,ANL-3002,MEDIUM,CLOSED,FALSE_POSITIVE,Beaconing to Known C2 Domain — False Positive,Traced network flow from 10.10.32.22 to determine scope of T1071.001 activity on HOST-4095.,2026-01-12T09:01:00Z
CASE-001563,SOC-003,,ALT-001563,2026-01-12T18:37:00Z,ANL-3009,LOW,CLOSED,TRUE_POSITIVE,Internal Network Port Scan — True Positive,Investigated T1595 indicators on HOST-2800; no further lateral movement observed.,2026-01-12T22:27:00Z
CASE-001564,SOC-003,,ALT-001564,2026-01-12T12:09:00Z,ANL-3003,LOW,CLOSED,TRUE_POSITIVE,Upload to Unapproved Cloud Storage — True Positive,Confirmed T1567 alert on HOST-2342 against recent change records.,2026-01-13T18:14:00Z
CASE-001565,SOC-003,,ALT-001565,2026-01-12T12:42:00Z,ANL-3009,LOW,CLOSED,TRUE_POSITIVE,Unusual SMB Admin Share Access — True Positive,Analysed endpoint telemetry for HOST-4895 tied to T1021.002 detection.,2026-01-14T12:28:00Z
CASE-001566,SOC-003,,ALT-001566,2026-01-12T19:19:00Z,ANL-3002,MEDIUM,CLOSED,TRUE_POSITIVE,LSASS Memory Access — True Positive,Traced network flow from 10.0.196.196 to determine scope of T1003 activity on HOST-2570.,2026-01-12T22:39:00Z
CASE-001567,SOC-003,,ALT-001567,2026-01-12T06:51:00Z,ANL-3008,HIGH,CLOSED,TRUE_POSITIVE,Suspicious Binary Download — True Positive,Confirmed T1105 alert on HOST-2114 against recent change records.,2026-01-12T08:21:00Z
CASE-001568,SOC-003,INC-000055,ALT-001568,2026-01-12T16:45:00Z,ANL-3005,CRITICAL,CLOSED,TRUE_POSITIVE,Ransomware Behaviour Detected — True Positive,"Closed with minimal review — T1486 alert on HOST-2539, no further action taken.",2026-01-12T17:28:00Z
CASE-001569,SOC-003,,ALT-001569,2026-01-12T04:43:00Z,ANL-3004,LOW,CLOSED,TRUE_POSITIVE,Ransomware Behaviour Detected — True Positive,Reviewed T1486 activity on HOST-1234; correlated with source 10.58.229.202.,2026-01-12T11:21:00Z
CASE-001570,SOC-003,,ALT-001570,2026-01-12T14:10:00Z,ANL-3007,LOW,CLOSED,TRUE_POSITIVE,Large Outbound Data Transfer — True Positive,Reviewed T1041 activity on HOST-4545; correlated with source 10.176.115.25.,2026-01-13T21:11:00Z
CASE-001571,SOC-003,,ALT-001571,2026-01-12T00:54:00Z,ANL-3009,CRITICAL,CLOSED,FALSE_POSITIVE,Unusual Scheduled Task Created — False Positive,Reviewed escalation criteria for HOST-1723; behaviour consistent with known baseline.,2026-01-12T01:36:00Z
CASE-001572,SOC-003,,ALT-001572,2026-01-12T06:44:00Z,ANL-3006,HIGH,CLOSED,TRUE_POSITIVE,Encoded PowerShell Command — True Positive,Reviewed escalation criteria for HOST-4670; behaviour consistent with known baseline.,2026-01-12T07:59:00Z
CASE-001573,SOC-003,,ALT-001573,2026-01-12T18:25:00Z,ANL-3008,MEDIUM,CLOSED,TRUE_POSITIVE,Unusual Scheduled Task Created — True Positive,Reviewed escalation criteria for HOST-1120; behaviour consistent with known baseline.,2026-01-12T20:22:00Z
CASE-001574,SOC-003,,ALT-001574,2026-01-12T18:20:00Z,ANL-3009,LOW,CLOSED,TRUE_POSITIVE,Ransomware Behaviour Detected — True Positive,Reviewed T1486 activity on HOST-1414; correlated with source 10.152.52.101.,2026-01-13T01:29:00Z
CASE-001575,SOC-003,,ALT-001575,2026-01-12T16:45:00Z,ANL-3005,HIGH,CLOSED,TRUE_POSITIVE,Unusual SMB Admin Share Access — True Positive,Checked process execution history for HOST-2477 following T1021.002 alert.,2026-01-12T17:57:00Z
CASE-001576,SOC-003,,ALT-001576,2026-01-12T03:58:00Z,ANL-3003,MEDIUM,CLOSED,TRUE_POSITIVE,Ransomware Behaviour Detected — True Positive,Traced network flow from 10.181.10.72 to determine scope of T1486 activity on HOST-2407.,2026-01-12T14:02:00Z
CASE-001577,SOC-003,,ALT-001577,2026-01-12T08:54:00Z,ANL-3009,LOW,CLOSED,FALSE_POSITIVE,Ransomware Behaviour Detected — False Positive,Reviewed escalation criteria for HOST-1014; behaviour consistent with known baseline.,2026-01-12T13:56:00Z
CASE-001578,SOC-003,,ALT-001578,2026-01-12T11:00:00Z,ANL-3009,LOW,CLOSED,FALSE_POSITIVE,Unusual RDP Session — False Positive,Checked process execution history for HOST-2508 following T1021.001 alert.,2026-01-13T11:02:00Z
CASE-001579,SOC-003,,ALT-001579,2026-01-12T20:33:00Z,ANL-3002,LOW,CLOSED,TRUE_POSITIVE,Suspicious PowerShell — True Positive,Reviewed escalation criteria for HOST-1232; behaviour consistent with known baseline.,2026-01-13T04:25:00Z
CASE-001580,SOC-003,,ALT-001580,2026-01-12T14:26:00Z,ANL-3003,LOW,CLOSED,FALSE_POSITIVE,Unusual RDP Session — False Positive,Checked process execution history for HOST-1382 following T1021.001 alert.,2026-01-12T21:20:00Z
CASE-001581,SOC-003,,ALT-001581,2026-01-12T19:47:00Z,ANL-3007,LOW,CLOSED,TRUE_POSITIVE,Ransomware Behaviour Detected — True Positive,Traced network flow from 10.83.216.167 to determine scope of T1486 activity on HOST-4472.,2026-01-13T00:08:00Z
CASE-001582,SOC-003,,ALT-001582,2026-01-12T17:16:00Z,ANL-3006,LOW,CLOSED,TRUE_POSITIVE,Suspicious Binary Download — True Positive,Investigated T1105 indicators on HOST-1195; no further lateral movement observed.,2026-01-12T21:48:00Z
CASE-001583,SOC-003,,ALT-001583,2026-01-12T00:15:00Z,ANL-3003,MEDIUM,CLOSED,FALSE_POSITIVE,Unusual RDP Session — False Positive,Traced network flow from 10.60.62.221 to determine scope of T1021.001 activity on HOST-1577.,2026-01-12T09:50:00Z
CASE-001584,SOC-003,,ALT-001584,2026-01-12T09:01:00Z,ANL-3002,MEDIUM,CLOSED,FALSE_POSITIVE,Unusual RDP Session — False Positive,Reviewed escalation criteria for HOST-3159; behaviour consistent with known baseline.,2026-01-12T12:56:00Z
CASE-001585,SOC-003,,ALT-001585,2026-01-12T09:15:00Z,ANL-3009,MEDIUM,CLOSED,TRUE_POSITIVE,Large Outbound Data Transfer — True Positive,Validated authentication logs tied to HOST-1476 to rule out credential compromise.,2026-01-12T13:39:00Z
CASE-001586,SOC-003,,ALT-001586,2026-01-12T07:31:00Z,ANL-3001,LOW,CLOSED,TRUE_POSITIVE,LSASS Memory Access — True Positive,Cross-referenced 10.20.167.105 against threat intelligence feeds for HOST-2083.,2026-01-13T02:32:00Z
CASE-001587,SOC-003,,ALT-001587,2026-01-12T13:02:00Z,ANL-3006,MEDIUM,CLOSED,FALSE_POSITIVE,Ransomware Behaviour Detected — False Positive,Traced network flow from 10.241.3.41 to determine scope of T1486 activity on HOST-4066.,2026-01-12T16:59:00Z
CASE-001588,SOC-003,,ALT-001588,2026-01-12T21:30:00Z,ANL-3002,LOW,CLOSED,FALSE_POSITIVE,Large Outbound Data Transfer — False Positive,Reviewed escalation criteria for HOST-2410; behaviour consistent with known baseline.,2026-01-13T05:08:00Z
CASE-001589,SOC-003,,ALT-001589,2026-01-12T06:04:00Z,ANL-3002,MEDIUM,CLOSED,FALSE_POSITIVE,Suspicious Binary Download — False Positive,Analysed endpoint telemetry for HOST-4838 tied to T1105 detection.,2026-01-13T01:39:00Z
CASE-001590,SOC-003,,ALT-001590,2026-01-12T01:56:00Z,ANL-3005,MEDIUM,CLOSED,FALSE_POSITIVE,Suspicious Binary Download — False Positive,Analysed endpoint telemetry for HOST-4964 tied to T1105 detection.,2026-01-12T05:10:00Z
CASE-001591,SOC-003,,ALT-001591,2026-01-12T02:33:00Z,ANL-3002,MEDIUM,CLOSED,TRUE_POSITIVE,Unusual RDP Session — True Positive,Manually reviewed HOST-3824 logs; findings documented against case ticket.,2026-01-12T05:58:00Z
CASE-001592,SOC-003,,ALT-001592,2026-01-12T17:44:00Z,ANL-3007,HIGH,CLOSED,TRUE_POSITIVE,Internal Network Port Scan — True Positive,Validated authentication logs tied to HOST-1809 to rule out credential compromise.,2026-01-12T18:37:00Z
CASE-001593,SOC-003,,ALT-001593,2026-01-12T02:26:00Z,ANL-3001,LOW,CLOSED,TRUE_POSITIVE,Suspicious PowerShell — True Positive,Reviewed T1059.001 activity on HOST-2993; correlated with source 10.37.242.195.,2026-01-12T10:57:00Z
CASE-001594,SOC-003,,ALT-001594,2026-01-12T15:34:00Z,ANL-3002,MEDIUM,CLOSED,TRUE_POSITIVE,Beaconing to Known C2 Domain — True Positive,"Closed with minimal review — T1071.001 alert on HOST-2709, no further action taken.",2026-01-12T16:34:00Z
CASE-001595,SOC-003,,ALT-001595,2026-01-12T04:15:00Z,ANL-3003,MEDIUM,CLOSED,TRUE_POSITIVE,Beaconing to Known C2 Domain — True Positive,Checked process execution history for HOST-3986 following T1071.001 alert.,2026-01-12T06:31:00Z
CASE-001596,SOC-003,,ALT-001596,2026-01-12T08:18:00Z,ANL-3008,MEDIUM,CLOSED,TRUE_POSITIVE,Large Outbound Data Transfer — True Positive,Analysed endpoint telemetry for HOST-1003 tied to T1041 detection.,2026-01-13T21:53:00Z
CASE-001597,SOC-003,,ALT-001597,2026-01-12T21:21:00Z,ANL-3002,MEDIUM,CLOSED,FALSE_POSITIVE,Suspicious CMD Execution — False Positive,Traced network flow from 10.25.218.93 to determine scope of T1059.003 activity on HOST-3663.,2026-01-13T01:07:00Z
CASE-001598,SOC-003,,ALT-001598,2026-01-12T15:45:00Z,ANL-3008,LOW,CLOSED,FALSE_POSITIVE,Upload to Unapproved Cloud Storage — False Positive,Investigated T1567 indicators on HOST-2855; no further lateral movement observed.,2026-01-14T02:50:00Z
CASE-001599,SOC-003,,ALT-001599,2026-01-12T12:31:00Z,ANL-3001,LOW,CLOSED,TRUE_POSITIVE,Upload to Unapproved Cloud Storage — True Positive,Investigated T1567 indicators on HOST-4410; no further lateral movement observed.,2026-01-13T09:32:00Z
CASE-001600,SOC-003,,ALT-001600,2026-01-12T13:39:00Z,ANL-3009,LOW,CLOSED,FALSE_POSITIVE,Unusual SMB Admin Share Access — False Positive,"Closed with minimal review — T1021.002 alert on HOST-1642, no further action taken.",2026-01-12T14:42:00Z
CASE-001601,SOC-003,,ALT-001601,2026-01-12T11:37:00Z,ANL-3005,MEDIUM,CLOSED,TRUE_POSITIVE,Large Outbound Data Transfer — True Positive,Analysed endpoint telemetry for HOST-4253 tied to T1041 detection.,2026-01-12T15:18:00Z
CASE-001602,SOC-003,,ALT-001602,2026-01-12T22:40:00Z,ANL-3005,MEDIUM,CLOSED,TRUE_POSITIVE,Suspicious CMD Execution — True Positive,Analysed endpoint telemetry for HOST-3143 tied to T1059.003 detection.,2026-01-13T01:08:00Z
CASE-001603,SOC-003,,ALT-001603,2026-01-12T22:57:00Z,ANL-3007,LOW,CLOSED,FALSE_POSITIVE,Ransomware Behaviour Detected — False Positive,Investigated T1486 indicators on HOST-1942; no further lateral movement observed.,2026-01-13T06:35:00Z
CASE-001604,SOC-003,,ALT-001604,2026-01-12T22:50:00Z,ANL-3002,HIGH,CLOSED,TRUE_POSITIVE,Internal Network Port Scan — True Positive,Validated authentication logs tied to HOST-3239 to rule out credential compromise.,2026-01-13T00:39:00Z
CASE-001605,SOC-003,,ALT-001605,2026-01-12T19:13:00Z,ANL-3001,LOW,CLOSED,TRUE_POSITIVE,Ransomware Behaviour Detected — True Positive,Manually reviewed HOST-4040 logs; findings documented against case ticket.,2026-01-13T03:45:00Z
CASE-001606,SOC-003,,ALT-001606,2026-01-12T13:22:00Z,ANL-3008,LOW,CLOSED,FALSE_POSITIVE,Repeated Failed Logins — False Positive,Validated authentication logs tied to HOST-1859 to rule out credential compromise.,2026-01-12T16:51:00Z
CASE-001607,SOC-003,,ALT-001607,2026-01-12T15:13:00Z,ANL-3008,HIGH,CLOSED,TRUE_POSITIVE,Password Spraying Detected — True Positive,"Closed with minimal review — T1110 alert on HOST-2568, no further action taken.",2026-01-12T15:54:00Z
CASE-001608,SOC-003,,ALT-001608,2026-01-12T03:15:00Z,ANL-3007,MEDIUM,CLOSED,TRUE_POSITIVE,LSASS Memory Access — True Positive,Reviewed T1003 activity on HOST-2142; correlated with source 10.218.200.155.,2026-01-12T06:32:00Z
CASE-001609,SOC-003,,ALT-001609,2026-01-12T14:03:00Z,ANL-3008,MEDIUM,CLOSED,TRUE_POSITIVE,Upload to Unapproved Cloud Storage — True Positive,Confirmed T1567 alert on HOST-1762 against recent change records.,2026-01-13T05:08:00Z
CASE-001610,SOC-003,,ALT-001610,2026-01-12T07:28:00Z,ANL-3009,LOW,CLOSED,TRUE_POSITIVE,Unusual RDP Session — True Positive,Confirmed T1021.001 alert on HOST-1029 against recent change records.,2026-01-12T13:21:00Z
CASE-001611,SOC-003,,ALT-001611,2026-01-12T14:53:00Z,ANL-3008,LOW,CLOSED,TRUE_POSITIVE,Unusual RDP Session — True Positive,Traced network flow from 10.201.125.24 to determine scope of T1021.001 activity on HOST-4885.,2026-01-12T22:21:00Z
CASE-001612,SOC-003,,ALT-001612,2026-01-12T06:09:00Z,ANL-3007,LOW,CLOSED,TRUE_POSITIVE,Internal Network Port Scan — True Positive,Reviewed escalation criteria for HOST-4843; behaviour consistent with known baseline.,2026-01-12T12:26:00Z
CASE-001613,SOC-003,,ALT-001613,2026-01-12T12:10:00Z,ANL-3001,LOW,CLOSED,FALSE_POSITIVE,Large Outbound Data Transfer — False Positive,"Closed with minimal review — T1041 alert on HOST-1033, no further action taken.",2026-01-12T13:25:00Z
CASE-001614,SOC-003,,ALT-001614,2026-01-12T13:38:00Z,ANL-3001,MEDIUM,CLOSED,TRUE_POSITIVE,Upload to Unapproved Cloud Storage — True Positive,Traced network flow from 10.111.96.23 to determine scope of T1567 activity on HOST-3535.,2026-01-12T18:05:00Z
CASE-001615,SOC-003,,ALT-001615,2026-01-12T23:53:00Z,ANL-3004,MEDIUM,CLOSED,FALSE_POSITIVE,Internal Network Port Scan — False Positive,Cross-referenced 10.168.223.241 against threat intelligence feeds for HOST-4334.,2026-01-13T04:05:00Z
CASE-001616,SOC-003,,ALT-001616,2026-01-12T06:04:00Z,ANL-3009,LOW,CLOSED,TRUE_POSITIVE,Beaconing to Known C2 Domain — True Positive,Manually reviewed HOST-1056 logs; findings documented against case ticket.,2026-01-12T12:14:00Z
CASE-001617,SOC-003,,ALT-001617,2026-01-12T02:55:00Z,ANL-3009,LOW,CLOSED,TRUE_POSITIVE,LSASS Memory Access — True Positive,Traced network flow from 10.107.170.252 to determine scope of T1003 activity on HOST-1212.,2026-01-12T10:23:00Z
CASE-001618,SOC-003,,ALT-001618,2026-01-12T23:48:00Z,ANL-3005,HIGH,CLOSED,FALSE_POSITIVE,Upload to Unapproved Cloud Storage — False Positive,Checked process execution history for HOST-2002 following T1567 alert.,2026-01-13T00:23:00Z
CASE-001619,SOC-003,,ALT-001619,2026-01-12T04:21:00Z,ANL-3004,LOW,CLOSED,FALSE_POSITIVE,New Registry Run Key Entry — False Positive,Reviewed escalation criteria for HOST-2800; behaviour consistent with known baseline.,2026-01-12T09:48:00Z
CASE-001620,SOC-003,,ALT-001620,2026-01-12T10:43:00Z,ANL-3004,LOW,CLOSED,TRUE_POSITIVE,Suspicious CMD Execution — True Positive,Manually reviewed HOST-4606 logs; findings documented against case ticket.,2026-01-12T17:57:00Z
CASE-001621,SOC-003,,ALT-001621,2026-01-12T17:44:00Z,ANL-3004,HIGH,CLOSED,FALSE_POSITIVE,Suspicious Binary Download — False Positive,Cross-referenced 10.148.106.19 against threat intelligence feeds for HOST-2812.,2026-01-12T19:13:00Z
CASE-001622,SOC-003,,ALT-001622,2026-01-12T02:35:00Z,ANL-3009,LOW,CLOSED,TRUE_POSITIVE,Unusual SMB Admin Share Access — True Positive,Traced network flow from 10.149.206.194 to determine scope of T1021.002 activity on HOST-4497.,2026-01-13T06:38:00Z
CASE-001623,SOC-003,,ALT-001623,2026-01-12T18:35:00Z,ANL-3001,HIGH,CLOSED,FALSE_POSITIVE,Ransomware Behaviour Detected — False Positive,"Closed with minimal review — T1486 alert on HOST-1004, no further action taken.",2026-01-12T19:15:00Z
CASE-001624,SOC-003,,ALT-001624,2026-01-12T08:52:00Z,ANL-3005,LOW,CLOSED,TRUE_POSITIVE,Unusual RDP Session — True Positive,Analysed endpoint telemetry for HOST-3576 tied to T1021.001 detection.,2026-01-12T16:17:00Z
CASE-001625,SOC-003,,ALT-001625,2026-01-12T15:44:00Z,ANL-3004,MEDIUM,CLOSED,TRUE_POSITIVE,Internal Network Port Scan — True Positive,Reviewed T1595 activity on HOST-1119; correlated with source 10.187.69.254.,2026-01-12T17:58:00Z
CASE-001626,SOC-003,,ALT-001626,2026-01-12T12:56:00Z,ANL-3007,LOW,CLOSED,FALSE_POSITIVE,Suspicious CMD Execution — False Positive,Checked process execution history for HOST-4024 following T1059.003 alert.,2026-01-12T19:34:00Z
CASE-001627,SOC-003,,ALT-001627,2026-01-12T13:29:00Z,ANL-3004,HIGH,CLOSED,TRUE_POSITIVE,Suspicious CMD Execution — True Positive,Reviewed T1059.003 activity on HOST-1251; correlated with source 10.84.37.66.,2026-01-12T14:53:00Z
CASE-001628,SOC-003,,ALT-001628,2026-01-12T21:27:00Z,ANL-3006,MEDIUM,CLOSED,TRUE_POSITIVE,Suspicious Binary Download — True Positive,Traced network flow from 10.186.230.152 to determine scope of T1105 activity on HOST-4563.,2026-01-13T01:31:00Z
CASE-001629,SOC-003,,ALT-001629,2026-01-12T17:00:00Z,ANL-3005,LOW,CLOSED,TRUE_POSITIVE,Internal Network Port Scan — True Positive,Validated authentication logs tied to HOST-1176 to rule out credential compromise.,2026-01-12T21:24:00Z
CASE-001630,SOC-003,INC-000056,ALT-001630,2026-01-12T16:08:00Z,ANL-3006,CRITICAL,CLOSED,TRUE_POSITIVE,Internal Network Port Scan — True Positive,Checked process execution history for HOST-1863 following T1595 alert.,2026-01-12T16:53:00Z
CASE-001631,SOC-003,,ALT-001631,2026-01-12T01:25:00Z,ANL-3006,HIGH,CLOSED,TRUE_POSITIVE,Suspicious CMD Execution — True Positive,Cross-referenced 10.47.51.35 against threat intelligence feeds for HOST-1948.,2026-01-12T02:18:00Z
CASE-001632,SOC-003,,ALT-001632,2026-01-12T03:04:00Z,ANL-3001,HIGH,CLOSED,TRUE_POSITIVE,Internal Network Port Scan — True Positive,"Closed with minimal review — T1595 alert on HOST-2849, no further action taken.",2026-01-12T04:49:00Z
CASE-001633,SOC-003,,ALT-001633,2026-01-12T10:11:00Z,ANL-3006,LOW,CLOSED,TRUE_POSITIVE,Beaconing to Known C2 Domain — True Positive,Confirmed T1071.001 alert on HOST-1760 against recent change records.,2026-01-12T13:57:00Z
CASE-001634,SOC-003,,ALT-001634,2026-01-12T02:22:00Z,ANL-3002,HIGH,CLOSED,TRUE_POSITIVE,Beaconing to Known C2 Domain — True Positive,Investigated T1071.001 indicators on HOST-4320; no further lateral movement observed.,2026-01-12T03:44:00Z
CASE-001635,SOC-003,INC-000057,ALT-001635,2026-01-12T18:43:00Z,ANL-3001,CRITICAL,CLOSED,TRUE_POSITIVE,New Registry Run Key Entry — True Positive,"Closed with minimal review — T1547.001 alert on HOST-3799, no further action taken.",2026-01-12T19:30:00Z
CASE-001636,SOC-003,,ALT-001636,2026-01-12T07:18:00Z,ANL-3008,MEDIUM,CLOSED,TRUE_POSITIVE,Internal Network Port Scan — True Positive,Validated authentication logs tied to HOST-3576 to rule out credential compromise.,2026-01-12T09:20:00Z
CASE-001637,SOC-003,,ALT-001637,2026-01-12T15:01:00Z,ANL-3003,HIGH,CLOSED,FALSE_POSITIVE,LSASS Memory Access — False Positive,"Closed with minimal review — T1003 alert on HOST-1088, no further action taken.",2026-01-12T15:28:00Z
CASE-001638,SOC-003,,ALT-001638,2026-01-12T07:17:00Z,ANL-3001,LOW,CLOSED,TRUE_POSITIVE,Unusual Scheduled Task Created — True Positive,Manually reviewed HOST-2648 logs; findings documented against case ticket.,2026-01-12T14:16:00Z
CASE-001639,SOC-003,,ALT-001639,2026-01-12T22:42:00Z,ANL-3003,LOW,CLOSED,TRUE_POSITIVE,Beaconing to Known C2 Domain — True Positive,Manually reviewed HOST-2521 logs; findings documented against case ticket.,2026-01-13T06:33:00Z
CASE-001640,SOC-003,,ALT-001640,2026-01-12T03:11:00Z,ANL-3008,MEDIUM,CLOSED,TRUE_POSITIVE,Large Outbound Data Transfer — True Positive,Investigated T1041 indicators on HOST-2022; no further lateral movement observed.,2026-01-12T05:29:00Z
CASE-001641,SOC-003,,ALT-001641,2026-01-12T09:26:00Z,ANL-3002,HIGH,CLOSED,FALSE_POSITIVE,New Registry Run Key Entry — False Positive,Manually reviewed HOST-2445 logs; findings documented against case ticket.,2026-01-12T19:20:00Z
CASE-001642,SOC-003,,ALT-001642,2026-01-12T10:12:00Z,ANL-3001,LOW,CLOSED,FALSE_POSITIVE,Ransomware Behaviour Detected — False Positive,"Closed with minimal review — T1486 alert on HOST-3055, no further action taken.",2026-01-12T11:17:00Z
CASE-001643,SOC-003,,ALT-001643,2026-01-12T01:09:00Z,ANL-3004,MEDIUM,CLOSED,TRUE_POSITIVE,New Registry Run Key Entry — True Positive,"Closed with minimal review — T1547.001 alert on HOST-2210, no further action taken.",2026-01-12T03:43:00Z
CASE-001644,SOC-003,,ALT-001644,2026-01-12T00:35:00Z,ANL-3001,CRITICAL,CLOSED,TRUE_POSITIVE,Suspicious Binary Download — True Positive,Reviewed T1105 activity on HOST-1179; correlated with source 10.61.6.2.,2026-01-12T01:21:00Z
CASE-001645,SOC-003,,ALT-001645,2026-01-12T17:04:00Z,ANL-3007,LOW,CLOSED,TRUE_POSITIVE,Unusual RDP Session — True Positive,Confirmed T1021.001 alert on HOST-4517 against recent change records.,2026-01-12T23:59:00Z
CASE-001646,SOC-003,,ALT-001646,2026-01-12T06:21:00Z,ANL-3009,MEDIUM,CLOSED,FALSE_POSITIVE,LSASS Memory Access — False Positive,Manually reviewed HOST-2674 logs; findings documented against case ticket.,2026-01-12T08:36:00Z
CASE-001647,SOC-003,,ALT-001647,2026-01-12T20:33:00Z,ANL-3002,MEDIUM,CLOSED,FALSE_POSITIVE,Password Spraying Detected — False Positive,Confirmed T1110 alert on HOST-1882 against recent change records.,2026-01-12T22:50:00Z
CASE-001648,SOC-003,,ALT-001648,2026-01-12T16:39:00Z,ANL-3002,LOW,CLOSED,TRUE_POSITIVE,Beaconing to Known C2 Domain — True Positive,Traced network flow from 10.36.61.122 to determine scope of T1071.001 activity on HOST-3440.,2026-01-13T00:48:00Z
CASE-001649,SOC-003,,ALT-001649,2026-01-12T21:11:00Z,ANL-3001,CRITICAL,CLOSED,FALSE_POSITIVE,Internal Network Port Scan — False Positive,"Closed with minimal review — T1595 alert on HOST-3020, no further action taken.",2026-01-12T21:49:00Z
CASE-001650,SOC-003,,ALT-001650,2026-01-12T22:48:00Z,ANL-3006,CRITICAL,CLOSED,FALSE_POSITIVE,LSASS Memory Access — False Positive,"Closed with minimal review — T1003 alert on HOST-4705, no further action taken.",2026-01-12T23:25:00Z
CASE-001651,SOC-003,,ALT-001651,2026-01-12T11:07:00Z,ANL-3001,LOW,CLOSED,TRUE_POSITIVE,Upload to Unapproved Cloud Storage — True Positive,Traced network flow from 10.137.217.13 to determine scope of T1567 activity on HOST-4985.,2026-01-12T18:39:00Z
CASE-001652,SOC-003,,ALT-001652,2026-01-12T19:01:00Z,ANL-3002,LOW,CLOSED,FALSE_POSITIVE,Unusual SMB Admin Share Access — False Positive,"Closed with minimal review — T1021.002 alert on HOST-3197, no further action taken.",2026-01-12T20:24:00Z
CASE-001653,SOC-003,,ALT-001653,2026-01-12T07:13:00Z,ANL-3007,HIGH,CLOSED,FALSE_POSITIVE,Suspicious CMD Execution — False Positive,Investigated T1059.003 indicators on HOST-2870; no further lateral movement observed.,2026-01-12T08:39:00Z
CASE-001654,SOC-003,,ALT-001654,2026-01-12T16:30:00Z,ANL-3002,LOW,CLOSED,TRUE_POSITIVE,Ransomware Behaviour Detected — True Positive,Investigated T1486 indicators on HOST-4986; no further lateral movement observed.,2026-01-12T21:56:00Z
CASE-001655,SOC-003,,ALT-001655,2026-01-12T23:24:00Z,ANL-3004,LOW,CLOSED,FALSE_POSITIVE,New Registry Run Key Entry — False Positive,Traced network flow from 10.171.54.219 to determine scope of T1547.001 activity on HOST-3729.,2026-01-13T06:07:00Z
CASE-001656,SOC-003,,ALT-001656,2026-01-12T04:18:00Z,ANL-3002,HIGH,CLOSED,TRUE_POSITIVE,Unusual Scheduled Task Created — True Positive,Cross-referenced 10.44.41.134 against threat intelligence feeds for HOST-3652.,2026-01-12T05:43:00Z
CASE-001657,SOC-003,,ALT-001657,2026-01-12T18:49:00Z,ANL-3005,LOW,CLOSED,TRUE_POSITIVE,Ransomware Behaviour Detected — True Positive,"Closed with minimal review — T1486 alert on HOST-2702, no further action taken.",2026-01-13T00:48:00Z
CASE-001658,SOC-003,,ALT-001658,2026-01-12T02:50:00Z,ANL-3007,MEDIUM,CLOSED,TRUE_POSITIVE,Upload to Unapproved Cloud Storage — True Positive,Investigated T1567 indicators on HOST-1774; no further lateral movement observed.,2026-01-12T06:16:00Z
CASE-001659,SOC-003,,ALT-001659,2026-01-12T11:36:00Z,ANL-3002,MEDIUM,CLOSED,TRUE_POSITIVE,Suspicious Binary Download — True Positive,Validated authentication logs tied to HOST-2314 to rule out credential compromise.,2026-01-12T14:29:00Z
CASE-001660,SOC-003,,ALT-001660,2026-01-12T09:22:00Z,ANL-3006,CRITICAL,CLOSED,FALSE_POSITIVE,LSASS Memory Access — False Positive,Checked process execution history for HOST-1741 following T1003 alert.,2026-01-12T10:00:00Z
CASE-001661,SOC-003,,ALT-001661,2026-01-12T02:02:00Z,ANL-3007,LOW,CLOSED,TRUE_POSITIVE,Ransomware Behaviour Detected — True Positive,Confirmed T1486 alert on HOST-4045 against recent change records.,2026-01-14T04:01:00Z
CASE-001662,SOC-003,,ALT-001662,2026-01-12T11:46:00Z,ANL-3002,LOW,CLOSED,TRUE_POSITIVE,Ransomware Behaviour Detected — True Positive,Validated authentication logs tied to HOST-1387 to rule out credential compromise.,2026-01-12T17:24:00Z
CASE-001663,SOC-003,,ALT-001663,2026-01-12T08:02:00Z,ANL-3006,LOW,CLOSED,FALSE_POSITIVE,Suspicious Binary Download — False Positive,Manually reviewed HOST-1690 logs; findings documented against case ticket.,2026-01-12T13:28:00Z
CASE-001664,SOC-003,,ALT-001664,2026-01-12T21:14:00Z,ANL-3004,MEDIUM,CLOSED,TRUE_POSITIVE,Suspicious CMD Execution — True Positive,"Closed with minimal review — T1059.003 alert on HOST-4696, no further action taken.",2026-01-12T22:13:00Z
CASE-001665,SOC-003,,ALT-001665,2026-01-12T14:39:00Z,ANL-3003,CRITICAL,CLOSED,TRUE_POSITIVE,Ransomware Behaviour Detected — True Positive,Confirmed T1486 alert on HOST-1013 against recent change records.,2026-01-12T15:30:00Z
CASE-001666,SOC-003,,ALT-001666,2026-01-12T18:31:00Z,ANL-3003,MEDIUM,CLOSED,TRUE_POSITIVE,Suspicious CMD Execution — True Positive,Reviewed escalation criteria for HOST-2625; behaviour consistent with known baseline.,2026-01-13T04:03:00Z
CASE-001667,SOC-003,INC-000058,ALT-001667,2026-01-12T01:53:00Z,ANL-3003,CRITICAL,CLOSED,TRUE_POSITIVE,Unusual Scheduled Task Created — True Positive,Cross-referenced 10.73.110.41 against threat intelligence feeds for HOST-1602.,2026-01-12T05:24:00Z
CASE-001668,SOC-003,,ALT-001668,2026-01-12T16:38:00Z,ANL-3003,LOW,CLOSED,TRUE_POSITIVE,Suspicious PowerShell — True Positive,Traced network flow from 10.120.170.16 to determine scope of T1059.001 activity on HOST-2833.,2026-01-13T00:53:00Z
CASE-001669,SOC-003,,ALT-001669,2026-01-12T01:57:00Z,ANL-3009,HIGH,CLOSED,FALSE_POSITIVE,Upload to Unapproved Cloud Storage — False Positive,Manually reviewed HOST-2170 logs; findings documented against case ticket.,2026-01-12T03:15:00Z
CASE-001670,SOC-003,,ALT-001670,2026-01-12T23:10:00Z,ANL-3007,MEDIUM,CLOSED,TRUE_POSITIVE,Unusual RDP Session — True Positive,Cross-referenced 10.74.149.83 against threat intelligence feeds for HOST-4438.,2026-01-13T17:20:00Z
CASE-001671,SOC-003,,ALT-001671,2026-01-12T02:12:00Z,ANL-3009,MEDIUM,CLOSED,FALSE_POSITIVE,Repeated Failed Logins — False Positive,Cross-referenced 10.83.111.87 against threat intelligence feeds for HOST-4220.,2026-01-12T06:27:00Z
CASE-001672,SOC-003,,ALT-001672,2026-01-12T00:33:00Z,ANL-3004,LOW,CLOSED,TRUE_POSITIVE,LSASS Memory Access — True Positive,Validated authentication logs tied to HOST-3766 to rule out credential compromise.,2026-01-12T05:10:00Z
CASE-001673,SOC-003,,ALT-001673,2026-01-12T19:01:00Z,ANL-3006,HIGH,CLOSED,TRUE_POSITIVE,Ransomware Behaviour Detected — True Positive,Traced network flow from 10.137.174.144 to determine scope of T1486 activity on HOST-4303.,2026-01-12T20:20:00Z
CASE-001674,SOC-003,,ALT-001674,2026-01-12T16:52:00Z,ANL-3005,MEDIUM,CLOSED,TRUE_POSITIVE,Internal Network Port Scan — True Positive,Reviewed T1595 activity on HOST-2243; correlated with source 10.179.86.191.,2026-01-12T18:56:00Z
CASE-001675,SOC-003,,ALT-001675,2026-01-12T20:42:00Z,ANL-3005,MEDIUM,CLOSED,FALSE_POSITIVE,LSASS Memory Access — False Positive,Reviewed T1003 activity on HOST-2511; correlated with source 10.31.188.91.,2026-01-12T23:18:00Z
CASE-001676,SOC-003,,ALT-001676,2026-01-12T06:27:00Z,ANL-3005,MEDIUM,CLOSED,TRUE_POSITIVE,Suspicious Binary Download — True Positive,Cross-referenced 10.101.79.7 against threat intelligence feeds for HOST-2017.,2026-01-12T10:21:00Z
CASE-001677,SOC-003,,ALT-001677,2026-01-12T10:43:00Z,ANL-3007,LOW,CLOSED,TRUE_POSITIVE,Large Outbound Data Transfer — True Positive,Analysed endpoint telemetry for HOST-1266 tied to T1041 detection.,2026-01-12T14:47:00Z
CASE-001678,SOC-003,,ALT-001678,2026-01-12T07:02:00Z,ANL-3008,MEDIUM,CLOSED,FALSE_POSITIVE,Upload to Unapproved Cloud Storage — False Positive,Traced network flow from 10.40.20.188 to determine scope of T1567 activity on HOST-3569.,2026-01-12T10:24:00Z
CASE-001679,SOC-003,,ALT-001679,2026-01-12T18:04:00Z,ANL-3001,LOW,CLOSED,TRUE_POSITIVE,Ransomware Behaviour Detected — True Positive,Manually reviewed HOST-2049 logs; findings documented against case ticket.,2026-01-13T00:45:00Z
CASE-001680,SOC-003,,ALT-001680,2026-01-12T11:23:00Z,ANL-3001,LOW,CLOSED,TRUE_POSITIVE,Suspicious CMD Execution — True Positive,Analysed endpoint telemetry for HOST-4279 tied to T1059.003 detection.,2026-01-13T18:27:00Z
CASE-001681,SOC-003,,ALT-001681,2026-01-12T14:30:00Z,ANL-3001,LOW,CLOSED,TRUE_POSITIVE,Suspicious CMD Execution — True Positive,Checked process execution history for HOST-1538 following T1059.003 alert.,2026-01-12T21:09:00Z
CASE-001682,SOC-003,,ALT-001682,2026-01-12T10:00:00Z,ANL-3005,MEDIUM,CLOSED,FALSE_POSITIVE,Suspicious CMD Execution — False Positive,Reviewed escalation criteria for HOST-2727; behaviour consistent with known baseline.,2026-01-12T13:44:00Z
CASE-001683,SOC-003,,ALT-001683,2026-01-12T23:50:00Z,ANL-3001,MEDIUM,CLOSED,FALSE_POSITIVE,LSASS Memory Access — False Positive,Confirmed T1003 alert on HOST-2789 against recent change records.,2026-01-13T03:25:00Z
CASE-001684,SOC-003,,ALT-001684,2026-01-12T18:08:00Z,ANL-3003,CRITICAL,CLOSED,TRUE_POSITIVE,Unusual Scheduled Task Created — True Positive,Validated authentication logs tied to HOST-1453 to rule out credential compromise.,2026-01-12T18:44:00Z
CASE-001685,SOC-003,,ALT-001685,2026-01-12T02:56:00Z,ANL-3002,HIGH,CLOSED,TRUE_POSITIVE,Internal Network Port Scan — True Positive,Cross-referenced 10.69.239.38 against threat intelligence feeds for HOST-3247.,2026-01-12T03:54:00Z
CASE-001686,SOC-003,,ALT-001686,2026-01-12T22:44:00Z,ANL-3004,MEDIUM,CLOSED,TRUE_POSITIVE,Large Outbound Data Transfer — True Positive,"Closed with minimal review — T1041 alert on HOST-1004, no further action taken.",2026-01-12T23:34:00Z
CASE-001687,SOC-003,,ALT-001687,2026-01-12T12:03:00Z,ANL-3009,LOW,CLOSED,FALSE_POSITIVE,Beaconing to Known C2 Domain — False Positive,"Closed with minimal review — T1071.001 alert on HOST-4451, no further action taken.",2026-01-12T18:22:00Z
CASE-001688,SOC-003,,ALT-001688,2026-01-12T00:49:00Z,ANL-3009,LOW,CLOSED,TRUE_POSITIVE,Ransomware Behaviour Detected — True Positive,Reviewed T1486 activity on HOST-2687; correlated with source 10.177.22.101.,2026-01-12T08:22:00Z
CASE-001689,SOC-003,,ALT-001689,2026-01-12T11:03:00Z,ANL-3009,MEDIUM,CLOSED,FALSE_POSITIVE,Unusual RDP Session — False Positive,"Closed with minimal review — T1021.001 alert on HOST-1765, no further action taken.",2026-01-12T13:24:00Z
CASE-001690,SOC-003,,ALT-001690,2026-01-12T05:38:00Z,ANL-3001,LOW,CLOSED,TRUE_POSITIVE,New Registry Run Key Entry — True Positive,Checked process execution history for HOST-3863 following T1547.001 alert.,2026-01-12T10:59:00Z
CASE-001691,SOC-003,,ALT-001691,2026-01-12T22:42:00Z,ANL-3001,LOW,CLOSED,TRUE_POSITIVE,Ransomware Behaviour Detected — True Positive,Analysed endpoint telemetry for HOST-1095 tied to T1486 detection.,2026-01-13T03:27:00Z
CASE-001692,SOC-003,,ALT-001692,2026-01-12T12:30:00Z,ANL-3006,MEDIUM,CLOSED,FALSE_POSITIVE,Ransomware Behaviour Detected — False Positive,Traced network flow from 10.127.132.170 to determine scope of T1486 activity on HOST-2474.,2026-01-12T16:28:00Z
CASE-001693,SOC-003,,ALT-001693,2026-01-12T04:51:00Z,ANL-3001,LOW,CLOSED,TRUE_POSITIVE,Unusual Scheduled Task Created — True Positive,Investigated T1053.005 indicators on HOST-3596; no further lateral movement observed.,2026-01-12T12:37:00Z
CASE-001694,SOC-003,,ALT-001694,2026-01-12T09:47:00Z,ANL-3007,LOW,CLOSED,FALSE_POSITIVE,Large Outbound Data Transfer — False Positive,Investigated T1041 indicators on HOST-3416; no further lateral movement observed.,2026-01-12T14:03:00Z
CASE-001695,SOC-003,,ALT-001695,2026-01-12T02:45:00Z,ANL-3009,MEDIUM,CLOSED,TRUE_POSITIVE,Internal Network Port Scan — True Positive,Investigated T1595 indicators on HOST-4698; no further lateral movement observed.,2026-01-12T05:30:00Z
CASE-001696,SOC-003,,ALT-001696,2026-01-12T09:16:00Z,ANL-3004,HIGH,CLOSED,FALSE_POSITIVE,Ransomware Behaviour Detected — False Positive,Investigated T1486 indicators on HOST-2244; no further lateral movement observed.,2026-01-12T10:25:00Z
CASE-001697,SOC-003,,ALT-001697,2026-01-12T18:10:00Z,ANL-3008,LOW,CLOSED,TRUE_POSITIVE,Repeated Failed Logins — True Positive,Reviewed escalation criteria for HOST-4819; behaviour consistent with known baseline.,2026-01-12T22:54:00Z
CASE-001698,SOC-003,,ALT-001698,2026-01-12T13:23:00Z,ANL-3009,LOW,CLOSED,TRUE_POSITIVE,Ransomware Behaviour Detected — True Positive,Traced network flow from 10.168.128.180 to determine scope of T1486 activity on HOST-2513.,2026-01-12T19:13:00Z
CASE-001699,SOC-003,,ALT-001699,2026-01-12T01:08:00Z,ANL-3007,MEDIUM,CLOSED,FALSE_POSITIVE,New Registry Run Key Entry — False Positive,Reviewed T1547.001 activity on HOST-2602; correlated with source 10.114.39.89.,2026-01-12T05:25:00Z
CASE-001700,SOC-003,,ALT-001700,2026-01-12T05:38:00Z,ANL-3009,HIGH,CLOSED,TRUE_POSITIVE,Unusual RDP Session — True Positive,"Closed with minimal review — T1021.001 alert on HOST-1288, no further action taken.",2026-01-12T07:10:00Z
CASE-001701,SOC-003,,ALT-001701,2026-01-12T19:22:00Z,ANL-3001,LOW,CLOSED,TRUE_POSITIVE,Large Outbound Data Transfer — True Positive,Analysed endpoint telemetry for HOST-1819 tied to T1041 detection.,2026-01-13T01:00:00Z
CASE-001702,SOC-003,,ALT-001702,2026-01-12T08:05:00Z,ANL-3006,CRITICAL,CLOSED,FALSE_POSITIVE,New Registry Run Key Entry — False Positive,Reviewed escalation criteria for HOST-2932; behaviour consistent with known baseline.,2026-01-12T08:44:00Z
CASE-001703,SOC-003,,ALT-001703,2026-01-12T02:16:00Z,ANL-3007,LOW,CLOSED,TRUE_POSITIVE,Ransomware Behaviour Detected — True Positive,"Closed with minimal review — T1486 alert on HOST-1033, no further action taken.",2026-01-12T03:28:00Z
CASE-001704,SOC-003,,ALT-001704,2026-01-12T08:00:00Z,ANL-3003,MEDIUM,CLOSED,TRUE_POSITIVE,Unusual SMB Admin Share Access — True Positive,Analysed endpoint telemetry for HOST-2345 tied to T1021.002 detection.,2026-01-12T11:58:00Z
CASE-001705,SOC-003,,ALT-001705,2026-01-12T21:52:00Z,ANL-3005,HIGH,CLOSED,TRUE_POSITIVE,LSASS Memory Access — True Positive,Manually reviewed HOST-2396 logs; findings documented against case ticket.,2026-01-12T22:45:00Z
CASE-001706,SOC-003,,ALT-001706,2026-01-12T22:54:00Z,ANL-3001,MEDIUM,CLOSED,TRUE_POSITIVE,Internal Network Port Scan — True Positive,Investigated T1595 indicators on HOST-4142; no further lateral movement observed.,2026-01-13T02:43:00Z
CASE-001707,SOC-003,,ALT-001707,2026-01-12T22:42:00Z,ANL-3008,HIGH,CLOSED,FALSE_POSITIVE,Unusual RDP Session — False Positive,Reviewed T1021.001 activity on HOST-3539; correlated with source 10.159.138.224.,2026-01-13T05:14:00Z
CASE-001708,SOC-003,,ALT-001708,2026-01-12T08:42:00Z,ANL-3003,HIGH,CLOSED,TRUE_POSITIVE,Ransomware Behaviour Detected — True Positive,Analysed endpoint telemetry for HOST-4443 tied to T1486 detection.,2026-01-12T10:08:00Z
CASE-001709,SOC-003,,ALT-001709,2026-01-12T15:12:00Z,ANL-3002,HIGH,CLOSED,TRUE_POSITIVE,Ransomware Behaviour Detected — True Positive,Manually reviewed HOST-3959 logs; findings documented against case ticket.,2026-01-12T16:09:00Z
CASE-001710,SOC-003,,ALT-001710,2026-01-12T17:27:00Z,ANL-3008,MEDIUM,CLOSED,TRUE_POSITIVE,Password Spraying Detected — True Positive,Reviewed T1110 activity on HOST-3671; correlated with source 10.226.47.164.,2026-01-12T20:17:00Z
CASE-001711,SOC-003,,ALT-001711,2026-01-12T07:16:00Z,ANL-3006,LOW,CLOSED,TRUE_POSITIVE,Unusual SMB Admin Share Access — True Positive,Analysed endpoint telemetry for HOST-2808 tied to T1021.002 detection.,2026-01-12T13:41:00Z
CASE-001712,SOC-003,INC-000059,ALT-001712,2026-01-12T06:52:00Z,ANL-3002,CRITICAL,CLOSED,TRUE_POSITIVE,Ransomware Behaviour Detected — True Positive,"Closed with minimal review — T1486 alert on HOST-3481, no further action taken.",2026-01-12T07:23:00Z
CASE-001713,SOC-003,,ALT-001713,2026-01-12T21:38:00Z,ANL-3006,LOW,CLOSED,FALSE_POSITIVE,Ransomware Behaviour Detected — False Positive,Validated authentication logs tied to HOST-3411 to rule out credential compromise.,2026-01-14T09:08:00Z
CASE-001714,SOC-003,,ALT-001714,2026-01-12T07:26:00Z,ANL-3005,MEDIUM,CLOSED,FALSE_POSITIVE,Internal Network Port Scan — False Positive,"Closed with minimal review — T1595 alert on HOST-2775, no further action taken.",2026-01-12T08:00:00Z
CASE-001715,SOC-003,,ALT-001715,2026-01-12T19:53:00Z,ANL-3003,HIGH,CLOSED,TRUE_POSITIVE,Large Outbound Data Transfer — True Positive,Confirmed T1041 alert on HOST-1366 against recent change records.,2026-01-12T20:43:00Z
CASE-001716,SOC-003,,ALT-001716,2026-01-12T21:49:00Z,ANL-3006,LOW,CLOSED,TRUE_POSITIVE,Unusual RDP Session — True Positive,"Closed with minimal review — T1021.001 alert on HOST-1010, no further action taken.",2026-01-12T22:57:00Z
CASE-001717,SOC-003,,ALT-001717,2026-01-12T08:13:00Z,ANL-3004,LOW,CLOSED,TRUE_POSITIVE,Suspicious PowerShell — True Positive,Confirmed T1059.001 alert on HOST-4560 against recent change records.,2026-01-12T09:01:00Z
CASE-001718,SOC-003,,ALT-001718,2026-01-12T20:26:00Z,ANL-3006,LOW,CLOSED,FALSE_POSITIVE,Unusual Scheduled Task Created — False Positive,Analysed endpoint telemetry for HOST-3007 tied to T1053.005 detection.,2026-01-13T03:50:00Z
CASE-001719,SOC-003,,ALT-001719,2026-01-12T06:41:00Z,ANL-3005,LOW,CLOSED,FALSE_POSITIVE,Large Outbound Data Transfer — False Positive,Investigated T1041 indicators on HOST-4459; no further lateral movement observed.,2026-01-12T13:19:00Z
CASE-001720,SOC-003,,ALT-001720,2026-01-12T08:35:00Z,ANL-3006,LOW,CLOSED,TRUE_POSITIVE,Suspicious CMD Execution — True Positive,Reviewed T1059.003 activity on HOST-2686; correlated with source 10.107.83.184.,2026-01-12T12:49:00Z
CASE-001721,SOC-003,,ALT-001721,2026-01-12T15:28:00Z,ANL-3001,HIGH,CLOSED,TRUE_POSITIVE,Unusual RDP Session — True Positive,Traced network flow from 10.170.193.136 to determine scope of T1021.001 activity on HOST-2639.,2026-01-12T16:14:00Z
CASE-001722,SOC-003,,ALT-001722,2026-01-12T15:13:00Z,ANL-3002,LOW,CLOSED,TRUE_POSITIVE,Encoded PowerShell Command — True Positive,Reviewed escalation criteria for HOST-2852; behaviour consistent with known baseline.,2026-01-13T12:14:00Z
CASE-001723,SOC-003,,ALT-001723,2026-01-12T02:35:00Z,ANL-3002,LOW,CLOSED,TRUE_POSITIVE,New Registry Run Key Entry — True Positive,Confirmed T1547.001 alert on HOST-4045 against recent change records.,2026-01-12T09:53:00Z
CASE-001724,SOC-003,,ALT-001724,2026-01-12T02:17:00Z,ANL-3005,HIGH,CLOSED,TRUE_POSITIVE,Internal Network Port Scan — True Positive,Validated authentication logs tied to HOST-2766 to rule out credential compromise.,2026-01-12T06:19:00Z
CASE-001725,SOC-003,,ALT-001725,2026-01-12T10:59:00Z,ANL-3003,MEDIUM,CLOSED,FALSE_POSITIVE,LSASS Memory Access — False Positive,Confirmed T1003 alert on HOST-4069 against recent change records.,2026-01-12T14:11:00Z
CASE-001726,SOC-003,,ALT-001726,2026-01-12T20:29:00Z,ANL-3004,MEDIUM,CLOSED,TRUE_POSITIVE,Internal Network Port Scan — True Positive,"Closed with minimal review — T1595 alert on HOST-2598, no further action taken.",2026-01-13T00:42:00Z
CASE-001727,SOC-003,,ALT-001727,2026-01-12T16:43:00Z,ANL-3001,LOW,CLOSED,TRUE_POSITIVE,Ransomware Behaviour Detected — True Positive,Manually reviewed HOST-1818 logs; findings documented against case ticket.,2026-01-13T00:20:00Z
CASE-001728,SOC-003,,ALT-001728,2026-01-12T18:05:00Z,ANL-3006,HIGH,CLOSED,FALSE_POSITIVE,Large Outbound Data Transfer — False Positive,Investigated T1041 indicators on HOST-2526; no further lateral movement observed.,2026-01-12T19:30:00Z
CASE-001729,SOC-003,INC-000060,ALT-001729,2026-01-12T05:36:00Z,ANL-3009,CRITICAL,CLOSED,TRUE_POSITIVE,LSASS Memory Access — True Positive,Analysed endpoint telemetry for HOST-3744 tied to T1003 detection.,2026-01-12T06:19:00Z
CASE-001730,SOC-003,,ALT-001730,2026-01-12T02:14:00Z,ANL-3001,HIGH,CLOSED,TRUE_POSITIVE,Suspicious PowerShell — True Positive,Cross-referenced 10.144.217.78 against threat intelligence feeds for HOST-2149.,2026-01-12T09:47:00Z
CASE-001731,SOC-003,,ALT-001731,2026-01-12T19:59:00Z,ANL-3008,MEDIUM,CLOSED,TRUE_POSITIVE,Internal Network Port Scan — True Positive,Analysed endpoint telemetry for HOST-2636 tied to T1595 detection.,2026-01-13T10:30:00Z
CASE-001732,SOC-003,,ALT-001732,2026-01-12T01:28:00Z,ANL-3002,MEDIUM,CLOSED,FALSE_POSITIVE,Unusual RDP Session — False Positive,Validated authentication logs tied to HOST-4873 to rule out credential compromise.,2026-01-12T03:53:00Z
CASE-001733,SOC-003,,ALT-001733,2026-01-12T06:07:00Z,ANL-3007,HIGH,CLOSED,FALSE_POSITIVE,Repeated Failed Logins — False Positive,Manually reviewed HOST-1951 logs; findings documented against case ticket.,2026-01-12T07:19:00Z
CASE-001734,SOC-003,,ALT-001734,2026-01-12T03:20:00Z,ANL-3006,CRITICAL,CLOSED,FALSE_POSITIVE,Repeated Failed Logins — False Positive,Reviewed escalation criteria for HOST-3026; behaviour consistent with known baseline.,2026-01-12T04:04:00Z
CASE-001735,SOC-003,,ALT-001735,2026-01-12T20:04:00Z,ANL-3002,MEDIUM,CLOSED,FALSE_POSITIVE,Encoded PowerShell Command — False Positive,Reviewed T1059.001 activity on HOST-2882; correlated with source 10.157.142.13.,2026-01-12T22:45:00Z
CASE-001736,SOC-003,,ALT-001736,2026-01-12T14:07:00Z,ANL-3002,HIGH,CLOSED,TRUE_POSITIVE,Upload to Unapproved Cloud Storage — True Positive,Traced network flow from 10.86.250.184 to determine scope of T1567 activity on HOST-4009.,2026-01-12T15:29:00Z
CASE-001737,SOC-003,,ALT-001737,2026-01-12T09:07:00Z,ANL-3004,MEDIUM,CLOSED,FALSE_POSITIVE,New Registry Run Key Entry — False Positive,Checked process execution history for HOST-4501 following T1547.001 alert.,2026-01-12T13:19:00Z
CASE-001738,SOC-003,,ALT-001738,2026-01-12T03:09:00Z,ANL-3008,HIGH,CLOSED,TRUE_POSITIVE,Ransomware Behaviour Detected — True Positive,"Closed with minimal review — T1486 alert on HOST-2073, no further action taken.",2026-01-12T04:36:00Z
CASE-001739,SOC-003,,ALT-001739,2026-01-12T20:34:00Z,ANL-3006,MEDIUM,CLOSED,TRUE_POSITIVE,LSASS Memory Access — True Positive,Investigated T1003 indicators on HOST-2182; no further lateral movement observed.,2026-01-12T23:32:00Z
CASE-001740,SOC-003,,ALT-001740,2026-01-12T05:45:00Z,ANL-3001,LOW,CLOSED,FALSE_POSITIVE,Internal Network Port Scan — False Positive,Confirmed T1595 alert on HOST-2394 against recent change records.,2026-01-12T12:46:00Z
CASE-001741,SOC-003,,ALT-001741,2026-01-12T13:46:00Z,ANL-3006,LOW,CLOSED,TRUE_POSITIVE,Unusual RDP Session — True Positive,Manually reviewed HOST-1004 logs; findings documented against case ticket.,2026-01-12T22:46:00Z
CASE-001742,SOC-003,,ALT-001742,2026-01-12T13:09:00Z,ANL-3004,LOW,CLOSED,FALSE_POSITIVE,Internal Network Port Scan — False Positive,Validated authentication logs tied to HOST-4233 to rule out credential compromise.,2026-01-12T18:02:00Z
CASE-001743,SOC-003,,ALT-001743,2026-01-12T01:57:00Z,ANL-3005,LOW,CLOSED,TRUE_POSITIVE,Large Outbound Data Transfer — True Positive,"Closed with minimal review — T1041 alert on HOST-4386, no further action taken.",2026-01-12T03:12:00Z
CASE-001744,SOC-003,INC-000061,ALT-001744,2026-01-12T20:30:00Z,ANL-3009,CRITICAL,CLOSED,TRUE_POSITIVE,New Registry Run Key Entry — True Positive,Investigated T1547.001 indicators on HOST-3830; no further lateral movement observed.,2026-01-12T21:06:00Z
CASE-001745,SOC-003,,ALT-001745,2026-01-12T19:25:00Z,ANL-3009,LOW,CLOSED,TRUE_POSITIVE,Unusual RDP Session — True Positive,Investigated T1021.001 indicators on HOST-3790; no further lateral movement observed.,2026-01-14T08:28:00Z
CASE-001746,SOC-003,,ALT-001746,2026-01-12T01:19:00Z,ANL-3008,MEDIUM,CLOSED,TRUE_POSITIVE,Internal Network Port Scan — True Positive,"Closed with minimal review — T1595 alert on HOST-4048, no further action taken.",2026-01-12T02:14:00Z
CASE-001747,SOC-003,,ALT-001747,2026-01-12T05:15:00Z,ANL-3008,LOW,CLOSED,FALSE_POSITIVE,Suspicious CMD Execution — False Positive,"Closed with minimal review — T1059.003 alert on HOST-2693, no further action taken.",2026-01-12T09:53:00Z
CASE-001748,SOC-003,,ALT-001748,2026-01-12T05:43:00Z,ANL-3007,HIGH,CLOSED,TRUE_POSITIVE,Internal Network Port Scan — True Positive,Reviewed escalation criteria for HOST-1720; behaviour consistent with known baseline.,2026-01-12T07:01:00Z
CASE-001749,SOC-003,,ALT-001749,2026-01-12T15:59:00Z,ANL-3007,MEDIUM,CLOSED,TRUE_POSITIVE,Unusual SMB Admin Share Access — True Positive,Reviewed T1021.002 activity on HOST-2353; correlated with source 10.248.82.41.,2026-01-13T06:04:00Z
CASE-001750,SOC-003,,ALT-001750,2026-01-12T20:07:00Z,ANL-3006,MEDIUM,CLOSED,FALSE_POSITIVE,Unusual RDP Session — False Positive,Reviewed T1021.001 activity on HOST-2607; correlated with source 10.207.195.165.,2026-01-13T00:06:00Z
CASE-001751,SOC-003,,ALT-001751,2026-01-12T00:39:00Z,ANL-3003,LOW,CLOSED,TRUE_POSITIVE,Unusual SMB Admin Share Access — True Positive,Traced network flow from 10.44.135.37 to determine scope of T1021.002 activity on HOST-4578.,2026-01-12T06:26:00Z
CASE-001752,SOC-003,,ALT-001752,2026-01-12T13:47:00Z,ANL-3003,LOW,CLOSED,TRUE_POSITIVE,Upload to Unapproved Cloud Storage — True Positive,Traced network flow from 10.109.72.193 to determine scope of T1567 activity on HOST-4371.,2026-01-12T21:33:00Z
CASE-001753,SOC-003,,ALT-001753,2026-01-12T07:25:00Z,ANL-3003,LOW,CLOSED,TRUE_POSITIVE,Encoded PowerShell Command — True Positive,Cross-referenced 10.65.95.124 against threat intelligence feeds for HOST-1851.,2026-01-12T08:08:00Z
CASE-001754,SOC-003,,ALT-001754,2026-01-12T18:12:00Z,ANL-3003,LOW,CLOSED,TRUE_POSITIVE,Beaconing to Known C2 Domain — True Positive,Confirmed T1071.001 alert on HOST-4543 against recent change records.,2026-01-13T01:22:00Z
CASE-001755,SOC-003,INC-000062,ALT-001755,2026-01-12T10:52:00Z,ANL-3008,CRITICAL,CLOSED,TRUE_POSITIVE,Internal Network Port Scan — True Positive,Traced network flow from 10.207.202.191 to determine scope of T1595 activity on HOST-4892.,2026-01-12T11:30:00Z
CASE-001756,SOC-003,,ALT-001756,2026-01-12T18:44:00Z,ANL-3009,CRITICAL,CLOSED,TRUE_POSITIVE,Beaconing to Known C2 Domain — True Positive,Reviewed escalation criteria for HOST-2772; behaviour consistent with known baseline.,2026-01-12T19:17:00Z
CASE-001757,SOC-003,,ALT-001757,2026-01-12T08:12:00Z,ANL-3005,MEDIUM,CLOSED,FALSE_POSITIVE,Large Outbound Data Transfer — False Positive,Checked process execution history for HOST-4022 following T1041 alert.,2026-01-12T10:54:00Z
CASE-001758,SOC-003,,ALT-001758,2026-01-12T21:36:00Z,ANL-3001,MEDIUM,CLOSED,FALSE_POSITIVE,Ransomware Behaviour Detected — False Positive,Checked process execution history for HOST-4579 following T1486 alert.,2026-01-13T01:19:00Z
CASE-001759,SOC-003,,ALT-001759,2026-01-12T10:05:00Z,ANL-3004,LOW,CLOSED,TRUE_POSITIVE,Suspicious CMD Execution — True Positive,Validated authentication logs tied to HOST-4915 to rule out credential compromise.,2026-01-12T15:21:00Z
CASE-001760,SOC-003,,ALT-001760,2026-01-12T13:34:00Z,ANL-3003,LOW,CLOSED,TRUE_POSITIVE,LSASS Memory Access — True Positive,Traced network flow from 10.68.130.88 to determine scope of T1003 activity on HOST-4280.,2026-01-12T19:53:00Z
CASE-001761,SOC-003,,ALT-001761,2026-01-12T19:38:00Z,ANL-3004,LOW,CLOSED,TRUE_POSITIVE,New Registry Run Key Entry — True Positive,"Closed with minimal review — T1547.001 alert on HOST-2201, no further action taken.",2026-01-12T23:55:00Z
CASE-001762,SOC-003,,ALT-001762,2026-01-12T13:52:00Z,ANL-3001,LOW,CLOSED,TRUE_POSITIVE,Ransomware Behaviour Detected — True Positive,Cross-referenced 10.10.247.193 against threat intelligence feeds for HOST-1411.,2026-01-12T20:02:00Z
CASE-001763,SOC-003,,ALT-001763,2026-01-12T21:24:00Z,ANL-3008,HIGH,CLOSED,TRUE_POSITIVE,New Registry Run Key Entry — True Positive,Checked process execution history for HOST-3715 following T1547.001 alert.,2026-01-12T22:25:00Z
CASE-001764,SOC-003,,ALT-001764,2026-01-12T14:21:00Z,ANL-3006,LOW,CLOSED,FALSE_POSITIVE,LSASS Memory Access — False Positive,"Closed with minimal review — T1003 alert on HOST-1494, no further action taken.",2026-01-12T14:51:00Z
CASE-001765,SOC-003,,ALT-001765,2026-01-12T20:03:00Z,ANL-3005,MEDIUM,CLOSED,TRUE_POSITIVE,Upload to Unapproved Cloud Storage — True Positive,Confirmed T1567 alert on HOST-3412 against recent change records.,2026-01-12T22:50:00Z
CASE-001766,SOC-003,,ALT-001766,2026-01-12T09:12:00Z,ANL-3006,HIGH,CLOSED,TRUE_POSITIVE,Internal Network Port Scan — True Positive,Analysed endpoint telemetry for HOST-4521 tied to T1595 detection.,2026-01-12T10:23:00Z
CASE-001767,SOC-003,,ALT-001767,2026-01-12T03:51:00Z,ANL-3007,LOW,CLOSED,TRUE_POSITIVE,Internal Network Port Scan — True Positive,Cross-referenced 10.170.177.251 against threat intelligence feeds for HOST-2890.,2026-01-12T09:27:00Z
CASE-001768,SOC-003,,ALT-001768,2026-01-12T19:36:00Z,ANL-3008,HIGH,CLOSED,FALSE_POSITIVE,Upload to Unapproved Cloud Storage — False Positive,Analysed endpoint telemetry for HOST-1250 tied to T1567 detection.,2026-01-13T02:23:00Z
CASE-001769,SOC-003,,ALT-001769,2026-01-12T17:23:00Z,ANL-3008,LOW,CLOSED,TRUE_POSITIVE,Ransomware Behaviour Detected — True Positive,Manually reviewed HOST-1584 logs; findings documented against case ticket.,2026-01-12T22:44:00Z
CASE-001770,SOC-003,,ALT-001770,2026-01-12T18:01:00Z,ANL-3007,MEDIUM,CLOSED,FALSE_POSITIVE,Ransomware Behaviour Detected — False Positive,Cross-referenced 10.144.11.125 against threat intelligence feeds for HOST-1001.,2026-01-13T08:05:00Z
CASE-001771,SOC-003,,ALT-001771,2026-01-12T22:13:00Z,ANL-3001,HIGH,CLOSED,TRUE_POSITIVE,Repeated Failed Logins — True Positive,Investigated T1110 indicators on HOST-1360; no further lateral movement observed.,2026-01-12T23:51:00Z
CASE-001772,SOC-003,,ALT-001772,2026-01-12T10:24:00Z,ANL-3009,HIGH,CLOSED,TRUE_POSITIVE,Ransomware Behaviour Detected — True Positive,Checked process execution history for HOST-2199 following T1486 alert.,2026-01-12T11:42:00Z
CASE-001773,SOC-003,,ALT-001773,2026-01-12T12:42:00Z,ANL-3005,MEDIUM,CLOSED,TRUE_POSITIVE,Unusual RDP Session — True Positive,Checked process execution history for HOST-1200 following T1021.001 alert.,2026-01-12T15:14:00Z
CASE-001774,SOC-003,,ALT-001774,2026-01-12T13:42:00Z,ANL-3004,MEDIUM,CLOSED,TRUE_POSITIVE,Password Spraying Detected — True Positive,Cross-referenced 10.192.236.254 against threat intelligence feeds for HOST-4623.,2026-01-12T16:25:00Z
CASE-001775,SOC-003,,ALT-001775,2026-01-12T13:19:00Z,ANL-3005,LOW,CLOSED,TRUE_POSITIVE,Suspicious Binary Download — True Positive,Validated authentication logs tied to HOST-2465 to rule out credential compromise.,2026-01-12T19:34:00Z
CASE-001776,SOC-003,,ALT-001776,2026-01-12T10:00:00Z,ANL-3001,MEDIUM,CLOSED,TRUE_POSITIVE,New Registry Run Key Entry — True Positive,Analysed endpoint telemetry for HOST-2070 tied to T1547.001 detection.,2026-01-12T12:19:00Z
CASE-001777,SOC-003,,ALT-001777,2026-01-12T05:44:00Z,ANL-3005,MEDIUM,CLOSED,TRUE_POSITIVE,Beaconing to Known C2 Domain — True Positive,Manually reviewed HOST-1214 logs; findings documented against case ticket.,2026-01-12T08:23:00Z
CASE-001778,SOC-003,,ALT-001778,2026-01-12T03:51:00Z,ANL-3009,LOW,CLOSED,FALSE_POSITIVE,Password Spraying Detected — False Positive,Investigated T1110 indicators on HOST-2500; no further lateral movement observed.,2026-01-12T05:17:00Z
CASE-001779,SOC-003,,ALT-001779,2026-01-12T16:48:00Z,ANL-3002,MEDIUM,CLOSED,TRUE_POSITIVE,Unusual Scheduled Task Created — True Positive,Cross-referenced 10.88.174.210 against threat intelligence feeds for HOST-1537.,2026-01-12T20:11:00Z
CASE-001780,SOC-003,,ALT-001780,2026-01-12T13:53:00Z,ANL-3009,MEDIUM,CLOSED,TRUE_POSITIVE,LSASS Memory Access — True Positive,Cross-referenced 10.250.146.107 against threat intelligence feeds for HOST-2758.,2026-01-12T16:35:00Z
CASE-001781,SOC-003,,ALT-001781,2026-01-12T18:57:00Z,ANL-3005,HIGH,CLOSED,FALSE_POSITIVE,Unusual Scheduled Task Created — False Positive,Confirmed T1053.005 alert on HOST-1134 against recent change records.,2026-01-12T20:04:00Z
CASE-001782,SOC-003,,ALT-001782,2026-01-12T10:07:00Z,ANL-3009,MEDIUM,CLOSED,TRUE_POSITIVE,Suspicious Binary Download — True Positive,"Closed with minimal review — T1105 alert on HOST-1018, no further action taken.",2026-01-12T10:45:00Z
CASE-001783,SOC-003,,ALT-001783,2026-01-12T19:31:00Z,ANL-3006,LOW,CLOSED,TRUE_POSITIVE,Large Outbound Data Transfer — True Positive,Cross-referenced 10.203.208.215 against threat intelligence feeds for HOST-4921.,2026-01-13T03:44:00Z
CASE-001784,SOC-003,,ALT-001784,2026-01-12T05:49:00Z,ANL-3004,LOW,CLOSED,TRUE_POSITIVE,Suspicious PowerShell — True Positive,"Closed with minimal review — T1059.001 alert on HOST-1450, no further action taken.",2026-01-12T06:30:00Z
CASE-001785,SOC-003,,ALT-001785,2026-01-12T10:17:00Z,ANL-3006,LOW,CLOSED,FALSE_POSITIVE,New Registry Run Key Entry — False Positive,Reviewed T1547.001 activity on HOST-3446; correlated with source 10.114.116.85.,2026-01-12T16:24:00Z
CASE-001786,SOC-003,,ALT-001786,2026-01-12T18:29:00Z,ANL-3004,MEDIUM,CLOSED,FALSE_POSITIVE,Suspicious PowerShell — False Positive,"Closed with minimal review — T1059.001 alert on HOST-2236, no further action taken.",2026-01-12T22:51:00Z
CASE-001787,SOC-003,,ALT-001787,2026-01-12T20:54:00Z,ANL-3002,MEDIUM,CLOSED,TRUE_POSITIVE,Suspicious CMD Execution — True Positive,Cross-referenced 10.31.14.217 against threat intelligence feeds for HOST-2595.,2026-01-12T23:31:00Z
CASE-001788,SOC-003,,ALT-001788,2026-01-12T17:40:00Z,ANL-3007,HIGH,CLOSED,TRUE_POSITIVE,Suspicious CMD Execution — True Positive,Reviewed T1059.003 activity on HOST-1765; correlated with source 10.226.89.84.,2026-01-12T18:49:00Z
CASE-001789,SOC-003,,ALT-001789,2026-01-12T12:05:00Z,ANL-3007,CRITICAL,CLOSED,TRUE_POSITIVE,Ransomware Behaviour Detected — True Positive,Cross-referenced 10.186.51.44 against threat intelligence feeds for HOST-3792.,2026-01-12T12:57:00Z
CASE-001790,SOC-003,,ALT-001790,2026-01-12T21:57:00Z,ANL-3005,LOW,CLOSED,TRUE_POSITIVE,Internal Network Port Scan — True Positive,Manually reviewed HOST-3755 logs; findings documented against case ticket.,2026-01-13T04:58:00Z
CASE-001791,SOC-003,,ALT-001791,2026-01-12T11:59:00Z,ANL-3007,HIGH,CLOSED,TRUE_POSITIVE,Unusual SMB Admin Share Access — True Positive,"Closed with minimal review — T1021.002 alert on HOST-3303, no further action taken.",2026-01-12T12:33:00Z
CASE-001792,SOC-003,,ALT-001792,2026-01-12T02:40:00Z,ANL-3008,LOW,CLOSED,TRUE_POSITIVE,Unusual RDP Session — True Positive,Reviewed T1021.001 activity on HOST-2128; correlated with source 10.250.248.198.,2026-01-12T08:39:00Z
CASE-001793,SOC-003,,ALT-001793,2026-01-12T07:55:00Z,ANL-3006,MEDIUM,CLOSED,TRUE_POSITIVE,Upload to Unapproved Cloud Storage — True Positive,Cross-referenced 10.50.212.226 against threat intelligence feeds for HOST-3933.,2026-01-12T11:52:00Z
CASE-001794,SOC-003,,ALT-001794,2026-01-12T17:51:00Z,ANL-3004,LOW,CLOSED,FALSE_POSITIVE,Large Outbound Data Transfer — False Positive,"Closed with minimal review — T1041 alert on HOST-1509, no further action taken.",2026-01-13T01:45:00Z
CASE-001795,SOC-003,,ALT-001795,2026-01-12T11:33:00Z,ANL-3002,LOW,CLOSED,TRUE_POSITIVE,Beaconing to Known C2 Domain — True Positive,Reviewed T1071.001 activity on HOST-2007; correlated with source 10.41.171.220.,2026-01-12T12:51:00Z
CASE-001796,SOC-003,,ALT-001796,2026-01-12T03:52:00Z,ANL-3003,MEDIUM,CLOSED,TRUE_POSITIVE,Internal Network Port Scan — True Positive,Confirmed T1595 alert on HOST-4870 against recent change records.,2026-01-12T07:06:00Z
CASE-001797,SOC-003,,ALT-001797,2026-01-12T18:05:00Z,ANL-3009,MEDIUM,CLOSED,TRUE_POSITIVE,Internal Network Port Scan — True Positive,Confirmed T1595 alert on HOST-4358 against recent change records.,2026-01-12T20:17:00Z
CASE-001798,SOC-003,,ALT-001798,2026-01-12T03:55:00Z,ANL-3005,HIGH,CLOSED,TRUE_POSITIVE,Large Outbound Data Transfer — True Positive,Investigated T1041 indicators on HOST-2333; no further lateral movement observed.,2026-01-12T04:48:00Z
CASE-001799,SOC-003,,ALT-001799,2026-01-12T04:04:00Z,ANL-3004,CRITICAL,CLOSED,FALSE_POSITIVE,Unusual RDP Session — False Positive,Validated authentication logs tied to HOST-2203 to rule out credential compromise.,2026-01-13T05:13:00Z
CASE-001800,SOC-003,,ALT-001800,2026-01-12T04:11:00Z,ANL-3004,LOW,CLOSED,FALSE_POSITIVE,Unusual SMB Admin Share Access — False Positive,Reviewed escalation criteria for HOST-2944; behaviour consistent with known baseline.,2026-01-12T07:48:00Z
CASE-001801,SOC-003,,ALT-001801,2026-01-12T16:12:00Z,ANL-3008,MEDIUM,CLOSED,TRUE_POSITIVE,Repeated Failed Logins — True Positive,Manually reviewed HOST-4752 logs; findings documented against case ticket.,2026-01-12T19:55:00Z
CASE-001802,SOC-003,,ALT-001802,2026-01-12T13:16:00Z,ANL-3004,HIGH,CLOSED,TRUE_POSITIVE,Unusual SMB Admin Share Access — True Positive,Validated authentication logs tied to HOST-1008 to rule out credential compromise.,2026-01-12T21:17:00Z
CASE-001803,SOC-003,,ALT-001803,2026-01-12T14:14:00Z,ANL-3002,MEDIUM,CLOSED,TRUE_POSITIVE,Suspicious PowerShell — True Positive,Confirmed T1059.001 alert on HOST-4955 against recent change records.,2026-01-12T17:01:00Z
CASE-001804,SOC-003,,ALT-001804,2026-01-12T03:36:00Z,ANL-3009,LOW,CLOSED,FALSE_POSITIVE,Internal Network Port Scan — False Positive,Traced network flow from 10.83.143.75 to determine scope of T1595 activity on HOST-4487.,2026-01-13T15:40:00Z
CASE-001805,SOC-003,,ALT-001805,2026-01-12T01:59:00Z,ANL-3002,MEDIUM,CLOSED,FALSE_POSITIVE,Beaconing to Known C2 Domain — False Positive,Reviewed escalation criteria for HOST-4499; behaviour consistent with known baseline.,2026-01-12T04:28:00Z
CASE-001806,SOC-003,,ALT-001806,2026-01-12T13:48:00Z,ANL-3009,LOW,CLOSED,TRUE_POSITIVE,Unusual Scheduled Task Created — True Positive,Checked process execution history for HOST-2580 following T1053.005 alert.,2026-01-12T18:13:00Z
CASE-001807,SOC-003,,ALT-001807,2026-01-12T15:08:00Z,ANL-3006,LOW,CLOSED,FALSE_POSITIVE,Password Spraying Detected — False Positive,Reviewed escalation criteria for HOST-4495; behaviour consistent with known baseline.,2026-01-12T22:44:00Z
CASE-001808,SOC-003,,ALT-001808,2026-01-12T12:21:00Z,ANL-3005,LOW,CLOSED,TRUE_POSITIVE,Repeated Failed Logins — True Positive,"Closed with minimal review — T1110 alert on HOST-4476, no further action taken.",2026-01-12T16:57:00Z
CASE-001809,SOC-003,,ALT-001809,2026-01-12T13:27:00Z,ANL-3008,LOW,CLOSED,FALSE_POSITIVE,Password Spraying Detected — False Positive,"Closed with minimal review — T1110 alert on HOST-2047, no further action taken.",2026-01-12T21:31:00Z
CASE-001810,SOC-003,,ALT-001810,2026-01-12T05:44:00Z,ANL-3001,LOW,CLOSED,TRUE_POSITIVE,Beaconing to Known C2 Domain — True Positive,Analysed endpoint telemetry for HOST-4099 tied to T1071.001 detection.,2026-01-12T11:39:00Z
CASE-001811,SOC-003,,ALT-001811,2026-01-12T07:56:00Z,ANL-3006,LOW,CLOSED,TRUE_POSITIVE,Encoded PowerShell Command — True Positive,Traced network flow from 10.162.143.208 to determine scope of T1059.001 activity on HOST-2405.,2026-01-12T15:48:00Z
CASE-001812,SOC-003,,ALT-001812,2026-01-12T20:14:00Z,ANL-3007,HIGH,CLOSED,TRUE_POSITIVE,Unusual SMB Admin Share Access — True Positive,Investigated T1021.002 indicators on HOST-3058; no further lateral movement observed.,2026-01-12T21:18:00Z
CASE-001813,SOC-003,,ALT-001813,2026-01-12T14:33:00Z,ANL-3007,HIGH,CLOSED,FALSE_POSITIVE,Ransomware Behaviour Detected — False Positive,Manually reviewed HOST-4644 logs; findings documented against case ticket.,2026-01-12T15:26:00Z
CASE-001814,SOC-003,,ALT-001814,2026-01-12T14:57:00Z,ANL-3002,LOW,CLOSED,TRUE_POSITIVE,Unusual Scheduled Task Created — True Positive,Analysed endpoint telemetry for HOST-1886 tied to T1053.005 detection.,2026-01-12T20:01:00Z
CASE-001815,SOC-003,,ALT-001815,2026-01-12T13:17:00Z,ANL-3002,LOW,CLOSED,TRUE_POSITIVE,Unusual Scheduled Task Created — True Positive,Validated authentication logs tied to HOST-2276 to rule out credential compromise.,2026-01-12T20:41:00Z
CASE-001816,SOC-003,,ALT-001816,2026-01-12T03:33:00Z,ANL-3005,LOW,CLOSED,TRUE_POSITIVE,Encoded PowerShell Command — True Positive,"Closed with minimal review — T1059.001 alert on HOST-2883, no further action taken.",2026-01-12T05:01:00Z
CASE-001817,SOC-003,,ALT-001817,2026-01-12T20:38:00Z,ANL-3008,LOW,CLOSED,TRUE_POSITIVE,Suspicious PowerShell — True Positive,Reviewed T1059.001 activity on HOST-2637; correlated with source 10.236.28.17.,2026-01-12T21:37:00Z
CASE-001818,SOC-003,,ALT-001818,2026-01-12T04:48:00Z,ANL-3003,LOW,CLOSED,TRUE_POSITIVE,Ransomware Behaviour Detected — True Positive,Manually reviewed HOST-4765 logs; findings documented against case ticket.,2026-01-12T12:45:00Z
CASE-001819,SOC-003,,ALT-001819,2026-01-12T09:39:00Z,ANL-3005,LOW,CLOSED,TRUE_POSITIVE,Internal Network Port Scan — True Positive,Checked process execution history for HOST-1450 following T1595 alert.,2026-01-12T17:40:00Z
CASE-001820,SOC-003,,ALT-001820,2026-01-12T09:50:00Z,ANL-3007,HIGH,CLOSED,FALSE_POSITIVE,Ransomware Behaviour Detected — False Positive,"Closed with minimal review — T1486 alert on HOST-1033, no further action taken.",2026-01-12T10:22:00Z
CASE-001821,SOC-003,,ALT-001821,2026-01-12T11:11:00Z,ANL-3004,LOW,CLOSED,TRUE_POSITIVE,Large Outbound Data Transfer — True Positive,Analysed endpoint telemetry for HOST-4952 tied to T1041 detection.,2026-01-14T01:13:00Z
CASE-001822,SOC-003,,ALT-001822,2026-01-12T05:32:00Z,ANL-3008,MEDIUM,CLOSED,TRUE_POSITIVE,Ransomware Behaviour Detected — True Positive,"Closed with minimal review — T1486 alert on HOST-1684, no further action taken.",2026-01-12T09:13:00Z
CASE-001823,SOC-003,,ALT-001823,2026-01-12T20:10:00Z,ANL-3007,MEDIUM,CLOSED,FALSE_POSITIVE,Ransomware Behaviour Detected — False Positive,"Closed with minimal review — T1486 alert on HOST-1129, no further action taken.",2026-01-12T23:02:00Z
CASE-001824,SOC-003,,ALT-001824,2026-01-12T22:07:00Z,ANL-3004,LOW,CLOSED,TRUE_POSITIVE,Upload to Unapproved Cloud Storage — True Positive,Investigated T1567 indicators on HOST-2891; no further lateral movement observed.,2026-01-13T04:47:00Z
CASE-001825,SOC-003,,ALT-001825,2026-01-12T09:27:00Z,ANL-3005,HIGH,CLOSED,TRUE_POSITIVE,LSASS Memory Access — True Positive,Validated authentication logs tied to HOST-4155 to rule out credential compromise.,2026-01-12T11:06:00Z
CASE-001826,SOC-003,,ALT-001826,2026-01-12T23:15:00Z,ANL-3004,HIGH,CLOSED,TRUE_POSITIVE,Password Spraying Detected — True Positive,Analysed endpoint telemetry for HOST-2363 tied to T1110 detection.,2026-01-13T00:31:00Z
CASE-001827,SOC-003,,ALT-001827,2026-01-12T00:06:00Z,ANL-3005,MEDIUM,CLOSED,FALSE_POSITIVE,Unusual Scheduled Task Created — False Positive,"Closed with minimal review — T1053.005 alert on HOST-2973, no further action taken.",2026-01-12T03:53:00Z
CASE-001828,SOC-003,,ALT-001828,2026-01-12T12:21:00Z,ANL-3001,HIGH,CLOSED,TRUE_POSITIVE,New Registry Run Key Entry — True Positive,Validated authentication logs tied to HOST-4766 to rule out credential compromise.,2026-01-12T13:36:00Z
CASE-001829,SOC-003,,ALT-001829,2026-01-12T04:48:00Z,ANL-3001,MEDIUM,CLOSED,TRUE_POSITIVE,Suspicious PowerShell — True Positive,Checked process execution history for HOST-1922 following T1059.001 alert.,2026-01-12T07:27:00Z
CASE-001830,SOC-003,,ALT-001830,2026-01-12T14:21:00Z,ANL-3004,LOW,CLOSED,FALSE_POSITIVE,New Registry Run Key Entry — False Positive,"Closed with minimal review — T1547.001 alert on HOST-1251, no further action taken.",2026-01-12T19:59:00Z
CASE-001831,SOC-003,,ALT-001831,2026-01-12T16:46:00Z,ANL-3004,LOW,CLOSED,FALSE_POSITIVE,Upload to Unapproved Cloud Storage — False Positive,Cross-referenced 10.153.68.177 against threat intelligence feeds for HOST-1814.,2026-01-14T19:47:00Z
CASE-001832,SOC-003,,ALT-001832,2026-01-12T18:34:00Z,ANL-3003,CRITICAL,CLOSED,TRUE_POSITIVE,Upload to Unapproved Cloud Storage — True Positive,Validated authentication logs tied to HOST-3276 to rule out credential compromise.,2026-01-12T19:07:00Z
CASE-001833,SOC-003,,ALT-001833,2026-01-12T12:24:00Z,ANL-3003,HIGH,CLOSED,FALSE_POSITIVE,Suspicious CMD Execution — False Positive,Manually reviewed HOST-3238 logs; findings documented against case ticket.,2026-01-12T13:31:00Z
CASE-001834,SOC-003,,ALT-001834,2026-01-12T09:23:00Z,ANL-3009,HIGH,CLOSED,FALSE_POSITIVE,Unusual RDP Session — False Positive,Checked process execution history for HOST-1647 following T1021.001 alert.,2026-01-12T10:30:00Z
CASE-001835,SOC-003,,ALT-001835,2026-01-12T09:14:00Z,ANL-3009,MEDIUM,CLOSED,TRUE_POSITIVE,Beaconing to Known C2 Domain — True Positive,Analysed endpoint telemetry for HOST-2265 tied to T1071.001 detection.,2026-01-13T06:50:00Z
CASE-001836,SOC-003,,ALT-001836,2026-01-12T02:49:00Z,ANL-3003,HIGH,CLOSED,TRUE_POSITIVE,Large Outbound Data Transfer — True Positive,Confirmed T1041 alert on HOST-2763 against recent change records.,2026-01-12T03:36:00Z
CASE-001837,SOC-003,,ALT-001837,2026-01-12T12:33:00Z,ANL-3006,CRITICAL,CLOSED,TRUE_POSITIVE,Unusual Scheduled Task Created — True Positive,Analysed endpoint telemetry for HOST-4023 tied to T1053.005 detection.,2026-01-12T13:08:00Z
CASE-001838,SOC-003,,ALT-001838,2026-01-12T21:23:00Z,ANL-3002,LOW,CLOSED,TRUE_POSITIVE,Encoded PowerShell Command — True Positive,"Closed with minimal review — T1059.001 alert on HOST-1945, no further action taken.",2026-01-12T22:36:00Z
CASE-001839,SOC-003,INC-000063,ALT-001839,2026-01-12T00:00:00Z,ANL-3008,CRITICAL,CLOSED,TRUE_POSITIVE,Suspicious Binary Download — True Positive,Analysed endpoint telemetry for HOST-1814 tied to T1105 detection.,2026-01-12T00:57:00Z
CASE-001840,SOC-003,,ALT-001840,2026-01-12T14:03:00Z,ANL-3003,MEDIUM,CLOSED,FALSE_POSITIVE,Suspicious Binary Download — False Positive,Investigated T1105 indicators on HOST-1228; no further lateral movement observed.,2026-01-13T06:37:00Z
CASE-001841,SOC-003,,ALT-001841,2026-01-13T00:43:00Z,ANL-3005,LOW,CLOSED,TRUE_POSITIVE,New Registry Run Key Entry — True Positive,Confirmed T1547.001 alert on HOST-2114 against recent change records.,2026-01-13T08:03:00Z
CASE-001842,SOC-003,,ALT-001842,2026-01-13T18:36:00Z,ANL-3004,MEDIUM,CLOSED,TRUE_POSITIVE,LSASS Memory Access — True Positive,Analysed endpoint telemetry for HOST-3072 tied to T1003 detection.,2026-01-13T21:40:00Z
CASE-001843,SOC-003,,ALT-001843,2026-01-13T09:38:00Z,ANL-3002,LOW,CLOSED,TRUE_POSITIVE,Ransomware Behaviour Detected — True Positive,Checked process execution history for HOST-1537 following T1486 alert.,2026-01-13T17:26:00Z
CASE-001844,SOC-003,,ALT-001844,2026-01-13T23:31:00Z,ANL-3007,HIGH,CLOSED,FALSE_POSITIVE,Unusual SMB Admin Share Access — False Positive,Manually reviewed HOST-4248 logs; findings documented against case ticket.,2026-01-14T00:33:00Z
CASE-001845,SOC-003,,ALT-001845,2026-01-13T13:11:00Z,ANL-3009,MEDIUM,CLOSED,TRUE_POSITIVE,New Registry Run Key Entry — True Positive,"Closed with minimal review — T1547.001 alert on HOST-1795, no further action taken.",2026-01-13T15:01:00Z
CASE-001846,SOC-003,,ALT-001846,2026-01-13T09:27:00Z,ANL-3006,LOW,CLOSED,TRUE_POSITIVE,Ransomware Behaviour Detected — True Positive,Reviewed escalation criteria for HOST-4051; behaviour consistent with known baseline.,2026-01-14T12:29:00Z
CASE-001847,SOC-003,,ALT-001847,2026-01-13T11:03:00Z,ANL-3009,HIGH,CLOSED,FALSE_POSITIVE,Unusual Scheduled Task Created — False Positive,Validated authentication logs tied to HOST-2553 to rule out credential compromise.,2026-01-13T12:22:00Z
CASE-001848,SOC-003,,ALT-001848,2026-01-13T14:52:00Z,ANL-3003,MEDIUM,CLOSED,TRUE_POSITIVE,Large Outbound Data Transfer — True Positive,Checked process execution history for HOST-4180 following T1041 alert.,2026-01-13T18:51:00Z
CASE-001849,SOC-003,,ALT-001849,2026-01-13T03:47:00Z,ANL-3002,MEDIUM,CLOSED,TRUE_POSITIVE,Suspicious CMD Execution — True Positive,"Closed with minimal review — T1059.003 alert on HOST-4694, no further action taken.",2026-01-13T04:09:00Z
CASE-001850,SOC-003,,ALT-001850,2026-01-13T13:44:00Z,ANL-3006,LOW,CLOSED,TRUE_POSITIVE,Unusual Scheduled Task Created — True Positive,"Closed with minimal review — T1053.005 alert on HOST-1033, no further action taken.",2026-01-13T15:06:00Z
CASE-001851,SOC-003,,ALT-001851,2026-01-13T19:03:00Z,ANL-3007,LOW,CLOSED,TRUE_POSITIVE,Ransomware Behaviour Detected — True Positive,Analysed endpoint telemetry for HOST-4553 tied to T1486 detection.,2026-01-14T01:15:00Z
CASE-001852,SOC-003,INC-000064,ALT-001852,2026-01-13T10:58:00Z,ANL-3003,CRITICAL,CLOSED,TRUE_POSITIVE,Beaconing to Known C2 Domain — True Positive,Confirmed T1071.001 alert on HOST-4597 against recent change records.,2026-01-13T11:38:00Z
CASE-001853,SOC-003,,ALT-001853,2026-01-13T10:13:00Z,ANL-3009,LOW,CLOSED,FALSE_POSITIVE,Large Outbound Data Transfer — False Positive,Traced network flow from 10.73.229.106 to determine scope of T1041 activity on HOST-4165.,2026-01-13T14:22:00Z
CASE-001854,SOC-003,,ALT-001854,2026-01-13T02:11:00Z,ANL-3001,LOW,CLOSED,TRUE_POSITIVE,Unusual SMB Admin Share Access — True Positive,Validated authentication logs tied to HOST-4808 to rule out credential compromise.,2026-01-13T06:24:00Z
CASE-001855,SOC-003,,ALT-001855,2026-01-13T20:28:00Z,ANL-3002,LOW,CLOSED,FALSE_POSITIVE,Large Outbound Data Transfer — False Positive,Checked process execution history for HOST-4622 following T1041 alert.,2026-01-14T01:16:00Z
CASE-001856,SOC-003,,ALT-001856,2026-01-13T23:59:00Z,ANL-3008,HIGH,CLOSED,TRUE_POSITIVE,Beaconing to Known C2 Domain — True Positive,Reviewed escalation criteria for HOST-1081; behaviour consistent with known baseline.,2026-01-14T01:22:00Z
CASE-001857,SOC-003,,ALT-001857,2026-01-13T17:57:00Z,ANL-3007,LOW,CLOSED,FALSE_POSITIVE,Ransomware Behaviour Detected — False Positive,Reviewed T1486 activity on HOST-3826; correlated with source 10.109.226.131.,2026-01-13T23:16:00Z
CASE-001858,SOC-003,,ALT-001858,2026-01-13T14:36:00Z,ANL-3007,LOW,CLOSED,FALSE_POSITIVE,Ransomware Behaviour Detected — False Positive,Checked process execution history for HOST-3648 following T1486 alert.,2026-01-13T23:05:00Z
CASE-001859,SOC-003,,ALT-001859,2026-01-13T22:12:00Z,ANL-3003,MEDIUM,CLOSED,TRUE_POSITIVE,Internal Network Port Scan — True Positive,Investigated T1595 indicators on HOST-3466; no further lateral movement observed.,2026-01-14T01:02:00Z
CASE-001860,SOC-003,,ALT-001860,2026-01-13T03:14:00Z,ANL-3003,LOW,CLOSED,TRUE_POSITIVE,Internal Network Port Scan — True Positive,Investigated T1595 indicators on HOST-3069; no further lateral movement observed.,2026-01-13T07:36:00Z
CASE-001861,SOC-003,,ALT-001861,2026-01-13T21:16:00Z,ANL-3008,LOW,CLOSED,TRUE_POSITIVE,LSASS Memory Access — True Positive,Confirmed T1003 alert on HOST-4309 against recent change records.,2026-01-14T04:33:00Z
CASE-001862,SOC-003,,ALT-001862,2026-01-13T06:15:00Z,ANL-3009,HIGH,CLOSED,TRUE_POSITIVE,Ransomware Behaviour Detected — True Positive,Reviewed escalation criteria for HOST-3510; behaviour consistent with known baseline.,2026-01-13T07:20:00Z
CASE-001863,SOC-003,,ALT-001863,2026-01-13T15:14:00Z,ANL-3006,MEDIUM,CLOSED,TRUE_POSITIVE,Suspicious CMD Execution — True Positive,Checked process execution history for HOST-4993 following T1059.003 alert.,2026-01-13T17:20:00Z
CASE-001864,SOC-003,,ALT-001864,2026-01-13T14:51:00Z,ANL-3009,MEDIUM,CLOSED,FALSE_POSITIVE,Suspicious CMD Execution — False Positive,Analysed endpoint telemetry for HOST-4035 tied to T1059.003 detection.,2026-01-13T18:07:00Z
CASE-001865,SOC-003,,ALT-001865,2026-01-13T22:15:00Z,ANL-3004,LOW,CLOSED,TRUE_POSITIVE,LSASS Memory Access — True Positive,Cross-referenced 10.199.179.28 against threat intelligence feeds for HOST-1226.,2026-01-14T21:20:00Z
CASE-001866,SOC-003,,ALT-001866,2026-01-13T17:22:00Z,ANL-3008,HIGH,CLOSED,FALSE_POSITIVE,Upload to Unapproved Cloud Storage — False Positive,Reviewed escalation criteria for HOST-3455; behaviour consistent with known baseline.,2026-01-13T19:08:00Z
CASE-001867,SOC-003,,ALT-001867,2026-01-13T14:47:00Z,ANL-3004,LOW,CLOSED,TRUE_POSITIVE,New Registry Run Key Entry — True Positive,Cross-referenced 10.115.146.244 against threat intelligence feeds for HOST-4094.,2026-01-13T21:58:00Z
CASE-001868,SOC-003,,ALT-001868,2026-01-13T23:43:00Z,ANL-3002,HIGH,CLOSED,FALSE_POSITIVE,LSASS Memory Access — False Positive,Checked process execution history for HOST-2551 following T1003 alert.,2026-01-14T01:29:00Z
CASE-001869,SOC-003,,ALT-001869,2026-01-13T20:38:00Z,ANL-3001,HIGH,CLOSED,TRUE_POSITIVE,Upload to Unapproved Cloud Storage — True Positive,Cross-referenced 10.36.79.195 against threat intelligence feeds for HOST-2545.,2026-01-13T21:30:00Z
CASE-001870,SOC-003,,ALT-001870,2026-01-13T10:11:00Z,ANL-3004,LOW,CLOSED,TRUE_POSITIVE,Upload to Unapproved Cloud Storage — True Positive,Reviewed escalation criteria for HOST-2786; behaviour consistent with known baseline.,2026-01-13T15:23:00Z
CASE-001871,SOC-003,,ALT-001871,2026-01-13T23:42:00Z,ANL-3007,MEDIUM,CLOSED,TRUE_POSITIVE,Internal Network Port Scan — True Positive,"Closed with minimal review — T1595 alert on HOST-2430, no further action taken.",2026-01-14T03:00:00Z
CASE-001872,SOC-003,,ALT-001872,2026-01-13T21:24:00Z,ANL-3004,HIGH,CLOSED,FALSE_POSITIVE,Unusual Scheduled Task Created — False Positive,Reviewed T1053.005 activity on HOST-1101; correlated with source 10.160.67.140.,2026-01-13T23:08:00Z
CASE-001873,SOC-003,,ALT-001873,2026-01-13T23:06:00Z,ANL-3002,MEDIUM,CLOSED,TRUE_POSITIVE,Suspicious Binary Download — True Positive,Cross-referenced 10.181.215.84 against threat intelligence feeds for HOST-1777.,2026-01-14T03:00:00Z
CASE-001874,SOC-003,,ALT-001874,2026-01-13T09:33:00Z,ANL-3008,LOW,CLOSED,TRUE_POSITIVE,Ransomware Behaviour Detected — True Positive,Validated authentication logs tied to HOST-2873 to rule out credential compromise.,2026-01-13T17:35:00Z
CASE-001875,SOC-003,,ALT-001875,2026-01-13T12:27:00Z,ANL-3001,LOW,CLOSED,FALSE_POSITIVE,Beaconing to Known C2 Domain — False Positive,Manually reviewed HOST-2535 logs; findings documented against case ticket.,2026-01-13T20:44:00Z
CASE-001876,SOC-003,,ALT-001876,2026-01-13T02:44:00Z,ANL-3007,LOW,CLOSED,FALSE_POSITIVE,Repeated Failed Logins — False Positive,Analysed endpoint telemetry for HOST-1624 tied to T1110 detection.,2026-01-13T10:40:00Z
CASE-001877,SOC-003,,ALT-001877,2026-01-13T20:59:00Z,ANL-3009,MEDIUM,CLOSED,TRUE_POSITIVE,Internal Network Port Scan — True Positive,Cross-referenced 10.124.50.68 against threat intelligence feeds for HOST-1787.,2026-01-14T16:03:00Z
CASE-001878,SOC-003,,ALT-001878,2026-01-13T17:25:00Z,ANL-3007,MEDIUM,CLOSED,FALSE_POSITIVE,Suspicious Binary Download — False Positive,Reviewed escalation criteria for HOST-4681; behaviour consistent with known baseline.,2026-01-15T11:29:00Z
CASE-001879,SOC-003,,ALT-001879,2026-01-13T19:58:00Z,ANL-3005,CRITICAL,CLOSED,TRUE_POSITIVE,Ransomware Behaviour Detected — True Positive,Cross-referenced 10.58.177.172 against threat intelligence feeds for HOST-2859.,2026-01-13T20:37:00Z
CASE-001880,SOC-003,,ALT-001880,2026-01-13T10:42:00Z,ANL-3006,LOW,CLOSED,TRUE_POSITIVE,Internal Network Port Scan — True Positive,Analysed endpoint telemetry for HOST-4210 tied to T1595 detection.,2026-01-13T17:02:00Z
CASE-001881,SOC-003,,ALT-001881,2026-01-14T03:19:00Z,ANL-3007,MEDIUM,CLOSED,FALSE_POSITIVE,Upload to Unapproved Cloud Storage — False Positive,Cross-referenced 10.171.30.169 against threat intelligence feeds for HOST-2605.,2026-01-14T05:19:00Z
CASE-001882,SOC-003,,ALT-001882,2026-01-14T14:53:00Z,ANL-3004,LOW,CLOSED,TRUE_POSITIVE,Ransomware Behaviour Detected — True Positive,Reviewed escalation criteria for HOST-2256; behaviour consistent with known baseline.,2026-01-14T21:10:00Z
CASE-001883,SOC-003,,ALT-001883,2026-01-14T14:17:00Z,ANL-3001,MEDIUM,CLOSED,FALSE_POSITIVE,Ransomware Behaviour Detected — False Positive,Reviewed escalation criteria for HOST-2259; behaviour consistent with known baseline.,2026-01-14T23:50:00Z
CASE-001884,SOC-003,,ALT-001884,2026-01-14T10:20:00Z,ANL-3002,MEDIUM,CLOSED,TRUE_POSITIVE,Unusual Scheduled Task Created — True Positive,Investigated T1053.005 indicators on HOST-2067; no further lateral movement observed.,2026-01-14T14:08:00Z
CASE-001885,SOC-003,INC-000065,ALT-001885,2026-01-14T22:22:00Z,ANL-3003,CRITICAL,CLOSED,TRUE_POSITIVE,Upload to Unapproved Cloud Storage — True Positive,Validated authentication logs tied to HOST-3016 to rule out credential compromise.,2026-01-14T23:06:00Z
CASE-001886,SOC-003,,ALT-001886,2026-01-14T11:30:00Z,ANL-3002,MEDIUM,CLOSED,FALSE_POSITIVE,Unusual Scheduled Task Created — False Positive,"Closed with minimal review — T1053.005 alert on HOST-1088, no further action taken.",2026-01-14T12:09:00Z
CASE-001887,SOC-003,,ALT-001887,2026-01-14T01:34:00Z,ANL-3005,HIGH,CLOSED,TRUE_POSITIVE,Internal Network Port Scan — True Positive,Reviewed T1595 activity on HOST-3119; correlated with source 10.159.71.220.,2026-01-14T02:56:00Z
CASE-001888,SOC-003,,ALT-001888,2026-01-14T03:43:00Z,ANL-3001,LOW,CLOSED,TRUE_POSITIVE,Internal Network Port Scan — True Positive,Cross-referenced 10.27.14.46 against threat intelligence feeds for HOST-3964.,2026-01-14T11:26:00Z
CASE-001889,SOC-003,,ALT-001889,2026-01-14T14:14:00Z,ANL-3006,MEDIUM,CLOSED,TRUE_POSITIVE,Internal Network Port Scan — True Positive,"Closed with minimal review — T1595 alert on HOST-1033, no further action taken.",2026-01-14T14:59:00Z
CASE-001890,SOC-003,,ALT-001890,2026-01-14T12:52:00Z,ANL-3001,MEDIUM,CLOSED,FALSE_POSITIVE,Internal Network Port Scan — False Positive,Reviewed T1595 activity on HOST-3594; correlated with source 10.130.5.180.,2026-01-14T17:15:00Z
CASE-001891,SOC-003,,ALT-001891,2026-01-14T13:02:00Z,ANL-3001,HIGH,CLOSED,TRUE_POSITIVE,LSASS Memory Access — True Positive,Cross-referenced 10.132.104.93 against threat intelligence feeds for HOST-1709.,2026-01-14T14:16:00Z
CASE-001892,SOC-003,,ALT-001892,2026-01-14T10:06:00Z,ANL-3003,LOW,CLOSED,TRUE_POSITIVE,Upload to Unapproved Cloud Storage — True Positive,"Closed with minimal review — T1567 alert on HOST-2500, no further action taken.",2026-01-14T10:36:00Z
CASE-001893,SOC-003,,ALT-001893,2026-01-14T20:49:00Z,ANL-3005,LOW,CLOSED,TRUE_POSITIVE,Unusual RDP Session — True Positive,Investigated T1021.001 indicators on HOST-1861; no further lateral movement observed.,2026-01-15T02:26:00Z
CASE-001894,SOC-003,INC-000066,ALT-001894,2026-01-14T07:59:00Z,ANL-3006,CRITICAL,CLOSED,TRUE_POSITIVE,Unusual RDP Session — True Positive,"Closed with minimal review — T1021.001 alert on HOST-1088, no further action taken.",2026-01-14T08:35:00Z
CASE-001895,SOC-003,,ALT-001895,2026-01-14T03:45:00Z,ANL-3003,LOW,CLOSED,TRUE_POSITIVE,Suspicious PowerShell — True Positive,"Closed with minimal review — T1059.001 alert on HOST-4646, no further action taken.",2026-01-14T09:51:00Z
CASE-001896,SOC-003,,ALT-001896,2026-01-14T20:08:00Z,ANL-3007,MEDIUM,CLOSED,FALSE_POSITIVE,Large Outbound Data Transfer — False Positive,Confirmed T1041 alert on HOST-1944 against recent change records.,2026-01-16T19:36:00Z
CASE-001897,SOC-003,,ALT-001897,2026-01-14T05:12:00Z,ANL-3003,MEDIUM,CLOSED,FALSE_POSITIVE,Unusual Scheduled Task Created — False Positive,Confirmed T1053.005 alert on HOST-2222 against recent change records.,2026-01-14T09:19:00Z
CASE-001898,SOC-003,,ALT-001898,2026-01-14T03:22:00Z,ANL-3005,LOW,CLOSED,TRUE_POSITIVE,Ransomware Behaviour Detected — True Positive,Confirmed T1486 alert on HOST-3245 against recent change records.,2026-01-14T07:29:00Z
CASE-001899,SOC-003,,ALT-001899,2026-01-14T15:36:00Z,ANL-3007,MEDIUM,CLOSED,TRUE_POSITIVE,Beaconing to Known C2 Domain — True Positive,"Closed with minimal review — T1071.001 alert on HOST-2788, no further action taken.",2026-01-14T16:17:00Z
CASE-001900,SOC-003,,ALT-001900,2026-01-14T10:33:00Z,ANL-3007,LOW,CLOSED,FALSE_POSITIVE,New Registry Run Key Entry — False Positive,Validated authentication logs tied to HOST-4473 to rule out credential compromise.,2026-01-14T16:57:00Z
CASE-001901,SOC-003,,ALT-001901,2026-01-14T01:45:00Z,ANL-3007,LOW,CLOSED,TRUE_POSITIVE,Unusual Scheduled Task Created — True Positive,Cross-referenced 10.129.236.53 against threat intelligence feeds for HOST-1274.,2026-01-14T18:05:00Z
CASE-001902,SOC-003,,ALT-001902,2026-01-14T20:34:00Z,ANL-3006,LOW,CLOSED,TRUE_POSITIVE,Ransomware Behaviour Detected — True Positive,Reviewed T1486 activity on HOST-4771; correlated with source 10.169.153.53.,2026-01-15T01:11:00Z
CASE-001903,SOC-003,,ALT-001903,2026-01-14T23:46:00Z,ANL-3002,LOW,CLOSED,TRUE_POSITIVE,Unusual Scheduled Task Created — True Positive,Cross-referenced 10.1.183.202 against threat intelligence feeds for HOST-3352.,2026-01-15T05:26:00Z
CASE-001904,SOC-003,,ALT-001904,2026-01-14T08:44:00Z,ANL-3004,LOW,CLOSED,TRUE_POSITIVE,Internal Network Port Scan — True Positive,"Closed with minimal review — T1595 alert on HOST-3834, no further action taken.",2026-01-14T16:45:00Z
CASE-001905,SOC-003,,ALT-001905,2026-01-14T18:44:00Z,ANL-3007,MEDIUM,CLOSED,TRUE_POSITIVE,Large Outbound Data Transfer — True Positive,Manually reviewed HOST-4805 logs; findings documented against case ticket.,2026-01-15T04:59:00Z
CASE-001906,SOC-003,,ALT-001906,2026-01-14T14:37:00Z,ANL-3001,MEDIUM,CLOSED,TRUE_POSITIVE,Suspicious PowerShell — True Positive,Manually reviewed HOST-4449 logs; findings documented against case ticket.,2026-01-15T01:10:00Z
CASE-001907,SOC-003,,ALT-001907,2026-01-14T07:29:00Z,ANL-3008,LOW,CLOSED,FALSE_POSITIVE,Suspicious CMD Execution — False Positive,Confirmed T1059.003 alert on HOST-3650 against recent change records.,2026-01-14T12:29:00Z
CASE-001908,SOC-003,,ALT-001908,2026-01-14T02:12:00Z,ANL-3004,HIGH,CLOSED,TRUE_POSITIVE,Internal Network Port Scan — True Positive,Validated authentication logs tied to HOST-4752 to rule out credential compromise.,2026-01-14T03:13:00Z
CASE-001909,SOC-003,,ALT-001909,2026-01-14T12:40:00Z,ANL-3006,LOW,CLOSED,TRUE_POSITIVE,Large Outbound Data Transfer — True Positive,"Closed with minimal review — T1041 alert on HOST-4362, no further action taken.",2026-01-14T13:55:00Z
CASE-001910,SOC-003,,ALT-001910,2026-01-14T09:32:00Z,ANL-3006,MEDIUM,CLOSED,FALSE_POSITIVE,Unusual RDP Session — False Positive,Analysed endpoint telemetry for HOST-4402 tied to T1021.001 detection.,2026-01-14T12:43:00Z
CASE-001911,SOC-003,,ALT-001911,2026-01-14T06:59:00Z,ANL-3002,LOW,CLOSED,TRUE_POSITIVE,Large Outbound Data Transfer — True Positive,Confirmed T1041 alert on HOST-1588 against recent change records.,2026-01-14T13:35:00Z
CASE-001912,SOC-003,,ALT-001912,2026-01-14T11:08:00Z,ANL-3007,HIGH,CLOSED,FALSE_POSITIVE,New Registry Run Key Entry — False Positive,Confirmed T1547.001 alert on HOST-3767 against recent change records.,2026-01-14T11:55:00Z
CASE-001913,SOC-003,,ALT-001913,2026-01-14T05:24:00Z,ANL-3009,LOW,CLOSED,TRUE_POSITIVE,Internal Network Port Scan — True Positive,Analysed endpoint telemetry for HOST-3578 tied to T1595 detection.,2026-01-14T10:59:00Z
CASE-001914,SOC-003,,ALT-001914,2026-01-14T17:22:00Z,ANL-3002,MEDIUM,CLOSED,TRUE_POSITIVE,New Registry Run Key Entry — True Positive,Confirmed T1547.001 alert on HOST-4510 against recent change records.,2026-01-15T04:55:00Z
CASE-001915,SOC-003,,ALT-001915,2026-01-14T00:36:00Z,ANL-3007,LOW,CLOSED,TRUE_POSITIVE,Suspicious Binary Download — True Positive,Checked process execution history for HOST-1346 following T1105 alert.,2026-01-14T06:58:00Z
CASE-001916,SOC-003,,ALT-001916,2026-01-14T00:53:00Z,ANL-3003,LOW,CLOSED,FALSE_POSITIVE,Unusual Scheduled Task Created — False Positive,Validated authentication logs tied to HOST-1870 to rule out credential compromise.,2026-01-14T09:00:00Z
CASE-001917,SOC-003,,ALT-001917,2026-01-14T07:40:00Z,ANL-3008,MEDIUM,CLOSED,FALSE_POSITIVE,Beaconing to Known C2 Domain — False Positive,Analysed endpoint telemetry for HOST-4921 tied to T1071.001 detection.,2026-01-14T11:48:00Z
CASE-001918,SOC-003,,ALT-001918,2026-01-14T16:24:00Z,ANL-3006,LOW,CLOSED,TRUE_POSITIVE,Beaconing to Known C2 Domain — True Positive,"Closed with minimal review — T1071.001 alert on HOST-2065, no further action taken.",2026-01-14T17:17:00Z
CASE-001919,SOC-003,,ALT-001919,2026-01-14T08:15:00Z,ANL-3004,HIGH,CLOSED,TRUE_POSITIVE,Unusual Scheduled Task Created — True Positive,Checked process execution history for HOST-3120 following T1053.005 alert.,2026-01-14T09:06:00Z
CASE-001920,SOC-003,,ALT-001920,2026-01-14T20:16:00Z,ANL-3002,HIGH,CLOSED,FALSE_POSITIVE,Repeated Failed Logins — False Positive,Manually reviewed HOST-2150 logs; findings documented against case ticket.,2026-01-14T21:20:00Z
CASE-001921,SOC-004,,ALT-001921,2026-01-01T23:21:00Z,ANL-4010,LOW,CLOSED,TRUE_POSITIVE,Ransomware Behaviour Detected — True Positive,"Closed with minimal review — T1486 alert on HOST-4493, no further action taken.",2026-01-02T04:56:00Z
CASE-001922,SOC-004,,ALT-001922,2026-01-01T08:51:00Z,ANL-4008,MEDIUM,CLOSED,TRUE_POSITIVE,Upload to Unapproved Cloud Storage — True Positive,Reviewed T1567 activity on HOST-3049; correlated with source 10.30.51.199.,2026-01-01T11:31:00Z
CASE-001923,SOC-004,,ALT-001923,2026-01-01T23:23:00Z,ANL-4004,LOW,CLOSED,FALSE_POSITIVE,New Registry Run Key Entry — False Positive,"Closed with minimal review — T1547.001 alert on HOST-1783, no further action taken.",2026-01-02T04:11:00Z
CASE-001924,SOC-004,,ALT-001924,2026-01-01T12:03:00Z,ANL-4003,MEDIUM,CLOSED,TRUE_POSITIVE,Unusual RDP Session — True Positive,Reviewed and closed.,2026-01-01T16:03:00Z
CASE-001925,SOC-004,,ALT-001925,2026-01-01T20:35:00Z,ANL-4001,MEDIUM,CLOSED,TRUE_POSITIVE,Unusual Scheduled Task Created — True Positive,Investigated T1053.005 indicators on HOST-1006; no further lateral movement observed.,2026-01-02T00:37:00Z
CASE-001926,SOC-004,,ALT-001926,2026-01-01T00:48:00Z,ANL-4001,LOW,CLOSED,FALSE_POSITIVE,LSASS Memory Access — False Positive,Manually reviewed HOST-3374 logs; findings documented against case ticket.,2026-01-02T12:37:00Z
CASE-001927,SOC-004,,ALT-001927,2026-01-01T12:35:00Z,ANL-4012,LOW,CLOSED,TRUE_POSITIVE,Suspicious CMD Execution — True Positive,"Closed with minimal review — T1059.003 alert on HOST-3962, no further action taken.",2026-01-01T19:43:00Z
CASE-001928,SOC-004,,ALT-001928,2026-01-01T08:57:00Z,ANL-4005,LOW,CLOSED,TRUE_POSITIVE,Internal Network Port Scan — True Positive,"Closed with minimal review — T1595 alert on HOST-2150, no further action taken.",2026-01-01T17:11:00Z
CASE-001929,SOC-004,,ALT-001929,2026-01-01T21:17:00Z,ANL-4010,MEDIUM,CLOSED,TRUE_POSITIVE,Repeated Failed Logins — True Positive,"Closed with minimal review — T1110 alert on HOST-4892, no further action taken.",2026-01-01T22:15:00Z
CASE-001930,SOC-004,,ALT-001930,2026-01-01T23:46:00Z,ANL-4013,MEDIUM,CLOSED,TRUE_POSITIVE,Beaconing to Known C2 Domain — True Positive,"Closed with minimal review — T1071.001 alert on HOST-2024, no further action taken.",2026-01-02T00:46:00Z
CASE-001931,SOC-004,,ALT-001931,2026-01-01T03:05:00Z,ANL-4002,MEDIUM,CLOSED,TRUE_POSITIVE,Ransomware Behaviour Detected — True Positive,Reviewed and closed.,2026-01-01T06:44:00Z
CASE-001932,SOC-004,,ALT-001932,2026-01-01T20:32:00Z,ANL-4011,HIGH,CLOSED,TRUE_POSITIVE,Unusual RDP Session — True Positive,"Closed with minimal review — T1021.001 alert on HOST-1037, no further action taken.",2026-01-01T21:04:00Z
CASE-001933,SOC-004,,ALT-001933,2026-01-01T18:34:00Z,ANL-4010,HIGH,CLOSED,FALSE_POSITIVE,Unusual Scheduled Task Created — False Positive,Reviewed escalation criteria for HOST-1897; behaviour consistent with known baseline.,2026-01-01T22:23:00Z
CASE-001934,SOC-004,,ALT-001934,2026-01-01T19:02:00Z,ANL-4010,MEDIUM,CLOSED,TRUE_POSITIVE,Ransomware Behaviour Detected — True Positive,Confirmed T1486 alert on HOST-4345 against recent change records.,2026-01-02T09:37:00Z
CASE-001935,SOC-004,,ALT-001935,2026-01-01T14:42:00Z,ANL-4008,HIGH,CLOSED,FALSE_POSITIVE,Internal Network Port Scan — False Positive,No further action required.,2026-01-01T16:06:00Z
CASE-001936,SOC-004,,ALT-001936,2026-01-01T17:51:00Z,ANL-4008,LOW,CLOSED,TRUE_POSITIVE,LSASS Memory Access — True Positive,No further action required.,2026-01-02T02:17:00Z
CASE-001937,SOC-004,,ALT-001937,2026-01-01T00:06:00Z,ANL-4004,LOW,CLOSED,TRUE_POSITIVE,Ransomware Behaviour Detected — True Positive,"Closed with minimal review — T1486 alert on HOST-1689, no further action taken.",2026-01-01T09:13:00Z
CASE-001938,SOC-004,INC-000067,ALT-001938,2026-01-01T06:26:00Z,ANL-4011,CRITICAL,CLOSED,TRUE_POSITIVE,Unusual SMB Admin Share Access — True Positive,Analysed endpoint telemetry for HOST-1757 tied to T1021.002 detection.,2026-01-01T07:20:00Z
CASE-001939,SOC-004,,ALT-001939,2026-01-01T22:55:00Z,ANL-4012,MEDIUM,CLOSED,TRUE_POSITIVE,Suspicious CMD Execution — True Positive,"Closed with minimal review — T1059.003 alert on HOST-1311, no further action taken.",2026-01-01T23:29:00Z
CASE-001940,SOC-004,,ALT-001940,2026-01-01T11:29:00Z,ANL-4013,LOW,CLOSED,FALSE_POSITIVE,Unusual Scheduled Task Created — False Positive,Cross-referenced 10.12.28.196 against threat intelligence feeds for HOST-1105.,2026-01-01T16:55:00Z
CASE-001941,SOC-004,,ALT-001941,2026-01-01T17:36:00Z,ANL-4003,LOW,CLOSED,FALSE_POSITIVE,Repeated Failed Logins — False Positive,Reviewed and closed.,2026-01-02T15:52:00Z
CASE-001942,SOC-004,,ALT-001942,2026-01-01T19:59:00Z,ANL-4005,MEDIUM,CLOSED,FALSE_POSITIVE,Ransomware Behaviour Detected — False Positive,Traced network flow from 10.104.95.71 to determine scope of T1486 activity on HOST-2949.,2026-01-02T16:02:00Z
CASE-001943,SOC-004,,ALT-001943,2026-01-01T11:05:00Z,ANL-4013,LOW,CLOSED,TRUE_POSITIVE,Suspicious Binary Download — True Positive,Checked process execution history for HOST-2225 following T1105 alert.,2026-01-01T18:20:00Z
CASE-001944,SOC-004,,ALT-001944,2026-01-01T02:17:00Z,ANL-4005,LOW,CLOSED,TRUE_POSITIVE,Ransomware Behaviour Detected — True Positive,Analysed endpoint telemetry for HOST-3568 tied to T1486 detection.,2026-01-01T10:07:00Z
CASE-001945,SOC-004,,ALT-001945,2026-01-01T09:46:00Z,ANL-4003,MEDIUM,CLOSED,FALSE_POSITIVE,Suspicious CMD Execution — False Positive,Reviewed and closed.,2026-01-01T13:58:00Z
CASE-001946,SOC-004,,ALT-001946,2026-01-01T21:54:00Z,ANL-4004,LOW,CLOSED,FALSE_POSITIVE,Unusual Scheduled Task Created — False Positive,Analysed endpoint telemetry for HOST-1293 tied to T1053.005 detection.,2026-01-02T04:31:00Z
CASE-001947,SOC-004,,ALT-001947,2026-01-01T22:21:00Z,ANL-4006,CRITICAL,CLOSED,TRUE_POSITIVE,Ransomware Behaviour Detected — True Positive,Reviewed T1486 activity on HOST-4337; correlated with source 10.157.39.189.,2026-01-01T22:56:00Z
CASE-001948,SOC-004,,ALT-001948,2026-01-01T06:41:00Z,ANL-4002,HIGH,CLOSED,TRUE_POSITIVE,Password Spraying Detected — True Positive,Reviewed and closed.,2026-01-01T10:44:00Z
CASE-001949,SOC-004,,ALT-001949,2026-01-01T23:16:00Z,ANL-4010,MEDIUM,CLOSED,TRUE_POSITIVE,Repeated Failed Logins — True Positive,Cross-referenced 10.5.139.100 against threat intelligence feeds for HOST-3376.,2026-01-03T10:52:00Z
CASE-001950,SOC-004,,ALT-001950,2026-01-01T08:22:00Z,ANL-4010,HIGH,CLOSED,TRUE_POSITIVE,Upload to Unapproved Cloud Storage — True Positive,"Closed with minimal review — T1567 alert on HOST-3151, no further action taken.",2026-01-01T09:02:00Z
CASE-001951,SOC-004,,ALT-001951,2026-01-01T12:58:00Z,ANL-4004,LOW,CLOSED,TRUE_POSITIVE,Ransomware Behaviour Detected — True Positive,Cross-referenced 10.21.88.118 against threat intelligence feeds for HOST-2230.,2026-01-01T14:08:00Z
CASE-001952,SOC-004,,ALT-001952,2026-01-01T01:20:00Z,ANL-4005,LOW,CLOSED,FALSE_POSITIVE,Beaconing to Known C2 Domain — False Positive,Reviewed T1071.001 activity on HOST-2142; correlated with source 10.84.117.126.,2026-01-01T04:51:00Z
CASE-001953,SOC-004,,ALT-001953,2026-01-01T16:47:00Z,ANL-4005,HIGH,CLOSED,TRUE_POSITIVE,Ransomware Behaviour Detected — True Positive,Manually reviewed HOST-2901 logs; findings documented against case ticket.,2026-01-01T17:29:00Z
CASE-001954,SOC-004,,ALT-001954,2026-01-01T05:04:00Z,ANL-4010,MEDIUM,CLOSED,TRUE_POSITIVE,Unusual RDP Session — True Positive,"Closed with minimal review — T1021.001 alert on HOST-3203, no further action taken.",2026-01-01T06:03:00Z
CASE-001955,SOC-004,,ALT-001955,2026-01-01T10:29:00Z,ANL-4001,LOW,CLOSED,TRUE_POSITIVE,Suspicious CMD Execution — True Positive,Traced network flow from 10.255.95.216 to determine scope of T1059.003 activity on HOST-1522.,2026-01-01T18:53:00Z
CASE-001956,SOC-004,,ALT-001956,2026-01-01T09:10:00Z,ANL-4007,MEDIUM,CLOSED,FALSE_POSITIVE,Ransomware Behaviour Detected — False Positive,Traced network flow from 10.219.118.147 to determine scope of T1486 activity on HOST-1534.,2026-01-01T13:09:00Z
CASE-001957,SOC-004,,ALT-001957,2026-01-01T22:51:00Z,ANL-4008,LOW,CLOSED,TRUE_POSITIVE,Ransomware Behaviour Detected — True Positive,No further action required.,2026-01-01T23:45:00Z
CASE-001958,SOC-004,,ALT-001958,2026-01-01T19:52:00Z,ANL-4006,LOW,CLOSED,TRUE_POSITIVE,Internal Network Port Scan — True Positive,Traced network flow from 10.59.207.170 to determine scope of T1595 activity on HOST-3656.,2026-01-02T04:43:00Z
CASE-001959,SOC-004,,ALT-001959,2026-01-01T17:55:00Z,ANL-4003,CRITICAL,CLOSED,TRUE_POSITIVE,Ransomware Behaviour Detected — True Positive,Reviewed and closed.,2026-01-01T20:06:00Z
CASE-001960,SOC-004,,ALT-001960,2026-01-01T23:06:00Z,ANL-4013,HIGH,CLOSED,TRUE_POSITIVE,Upload to Unapproved Cloud Storage — True Positive,Reviewed escalation criteria for HOST-3514; behaviour consistent with known baseline.,2026-01-02T00:28:00Z
CASE-001961,SOC-004,,ALT-001961,2026-01-01T00:25:00Z,ANL-4004,HIGH,CLOSED,TRUE_POSITIVE,Encoded PowerShell Command — True Positive,Analysed endpoint telemetry for HOST-2393 tied to T1059.001 detection.,2026-01-01T07:14:00Z
CASE-001962,SOC-004,,ALT-001962,2026-01-01T00:01:00Z,ANL-4001,HIGH,CLOSED,FALSE_POSITIVE,New Registry Run Key Entry — False Positive,Traced network flow from 10.108.227.68 to determine scope of T1547.001 activity on HOST-2249.,2026-01-01T01:09:00Z
CASE-001963,SOC-004,,ALT-001963,2026-01-01T05:41:00Z,ANL-4012,MEDIUM,CLOSED,TRUE_POSITIVE,Unusual RDP Session — True Positive,Reviewed T1021.001 activity on HOST-4156; correlated with source 10.168.22.30.,2026-01-01T19:15:00Z
CASE-001964,SOC-004,,ALT-001964,2026-01-01T16:57:00Z,ANL-4007,MEDIUM,CLOSED,TRUE_POSITIVE,Encoded PowerShell Command — True Positive,"Closed with minimal review — T1059.001 alert on HOST-1091, no further action taken.",2026-01-01T17:32:00Z
CASE-001965,SOC-004,,ALT-001965,2026-01-01T20:01:00Z,ANL-4009,MEDIUM,CLOSED,TRUE_POSITIVE,Suspicious Binary Download — True Positive,Reviewed escalation criteria for HOST-1195; behaviour consistent with known baseline.,2026-01-02T00:25:00Z
CASE-001966,SOC-004,,ALT-001966,2026-01-01T07:32:00Z,ANL-4006,MEDIUM,CLOSED,FALSE_POSITIVE,Suspicious PowerShell — False Positive,Reviewed T1059.001 activity on HOST-1358; correlated with source 10.158.90.158.,2026-01-01T10:59:00Z
CASE-001967,SOC-004,,ALT-001967,2026-01-01T01:22:00Z,ANL-4005,LOW,CLOSED,FALSE_POSITIVE,Unusual Scheduled Task Created — False Positive,Confirmed T1053.005 alert on HOST-2645 against recent change records.,2026-01-01T11:11:00Z
CASE-001968,SOC-004,,ALT-001968,2026-01-01T13:39:00Z,ANL-4007,LOW,CLOSED,TRUE_POSITIVE,Suspicious CMD Execution — True Positive,Reviewed escalation criteria for HOST-3070; behaviour consistent with known baseline.,2026-01-02T12:40:00Z
CASE-001969,SOC-004,,ALT-001969,2026-01-01T08:37:00Z,ANL-4003,LOW,CLOSED,TRUE_POSITIVE,Unusual RDP Session — True Positive,Reviewed and closed.,2026-01-02T16:41:00Z
CASE-001970,SOC-004,,ALT-001970,2026-01-01T16:49:00Z,ANL-4004,LOW,CLOSED,TRUE_POSITIVE,Suspicious CMD Execution — True Positive,Manually reviewed HOST-2405 logs; findings documented against case ticket.,2026-01-03T04:52:00Z
CASE-001971,SOC-004,,ALT-001971,2026-01-01T09:03:00Z,ANL-4008,MEDIUM,CLOSED,TRUE_POSITIVE,LSASS Memory Access — True Positive,No further action required.,2026-01-01T11:12:00Z
CASE-001972,SOC-004,,ALT-001972,2026-01-01T03:30:00Z,ANL-4011,MEDIUM,CLOSED,TRUE_POSITIVE,Ransomware Behaviour Detected — True Positive,Checked process execution history for HOST-2071 following T1486 alert.,2026-01-01T07:43:00Z
CASE-001973,SOC-004,,ALT-001973,2026-01-01T17:55:00Z,ANL-4012,LOW,CLOSED,FALSE_POSITIVE,Unusual RDP Session — False Positive,"Closed with minimal review — T1021.001 alert on HOST-1037, no further action taken.",2026-01-01T19:18:00Z
CASE-001974,SOC-004,,ALT-001974,2026-01-01T10:39:00Z,ANL-4013,CRITICAL,CLOSED,TRUE_POSITIVE,Beaconing to Known C2 Domain — True Positive,"Closed with minimal review — T1071.001 alert on HOST-4866, no further action taken.",2026-01-01T11:21:00Z
CASE-001975,SOC-004,,ALT-001975,2026-01-01T21:39:00Z,ANL-4010,LOW,CLOSED,TRUE_POSITIVE,Internal Network Port Scan — True Positive,"Closed with minimal review — T1595 alert on HOST-1085, no further action taken.",2026-01-01T22:54:00Z
CASE-001976,SOC-004,,ALT-001976,2026-01-01T20:32:00Z,ANL-4001,LOW,CLOSED,TRUE_POSITIVE,Ransomware Behaviour Detected — True Positive,Analysed endpoint telemetry for HOST-3725 tied to T1486 detection.,2026-01-02T04:44:00Z
CASE-001977,SOC-004,,ALT-001977,2026-01-01T17:57:00Z,ANL-4006,MEDIUM,CLOSED,TRUE_POSITIVE,Suspicious Binary Download — True Positive,"Closed with minimal review — T1105 alert on HOST-3640, no further action taken.",2026-01-01T21:56:00Z
CASE-001978,SOC-004,,ALT-001978,2026-01-01T21:10:00Z,ANL-4010,CRITICAL,CLOSED,TRUE_POSITIVE,Ransomware Behaviour Detected — True Positive,"Closed with minimal review — T1486 alert on HOST-3925, no further action taken.",2026-01-01T21:50:00Z
CASE-001979,SOC-004,,ALT-001979,2026-01-01T21:41:00Z,ANL-4002,LOW,CLOSED,TRUE_POSITIVE,Unusual Scheduled Task Created — True Positive,Reviewed and closed.,2026-01-02T01:10:00Z
CASE-001980,SOC-004,,ALT-001980,2026-01-01T11:53:00Z,ANL-4013,LOW,CLOSED,FALSE_POSITIVE,Suspicious Binary Download — False Positive,Reviewed escalation criteria for HOST-2730; behaviour consistent with known baseline.,2026-01-01T16:39:00Z
CASE-001981,SOC-004,,ALT-001981,2026-01-01T19:04:00Z,ANL-4009,LOW,CLOSED,TRUE_POSITIVE,Internal Network Port Scan — True Positive,"Closed with minimal review — T1595 alert on HOST-3772, no further action taken.",2026-01-02T02:03:00Z
CASE-001982,SOC-004,,ALT-001982,2026-01-01T20:25:00Z,ANL-4001,CRITICAL,CLOSED,TRUE_POSITIVE,Unusual Scheduled Task Created — True Positive,"Closed with minimal review — T1053.005 alert on HOST-3386, no further action taken.",2026-01-01T20:57:00Z
CASE-001983,SOC-004,,ALT-001983,2026-01-01T09:47:00Z,ANL-4010,MEDIUM,CLOSED,TRUE_POSITIVE,Unusual SMB Admin Share Access — True Positive,Reviewed escalation criteria for HOST-2699; behaviour consistent with known baseline.,2026-01-01T12:19:00Z
CASE-001984,SOC-004,,ALT-001984,2026-01-01T12:16:00Z,ANL-4008,MEDIUM,CLOSED,TRUE_POSITIVE,Suspicious PowerShell — True Positive,Confirmed T1059.001 alert on HOST-1946 against recent change records.,2026-01-01T14:19:00Z
CASE-001985,SOC-004,INC-000068,ALT-001985,2026-01-01T02:53:00Z,ANL-4009,CRITICAL,CLOSED,TRUE_POSITIVE,Suspicious CMD Execution — True Positive,Traced network flow from 10.78.131.164 to determine scope of T1059.003 activity on HOST-4010.,2026-01-01T05:15:00Z
CASE-001986,SOC-004,,ALT-001986,2026-01-01T19:06:00Z,ANL-4007,LOW,CLOSED,FALSE_POSITIVE,Unusual Scheduled Task Created — False Positive,Confirmed T1053.005 alert on HOST-4808 against recent change records.,2026-01-02T01:39:00Z
CASE-001987,SOC-004,,ALT-001987,2026-01-01T13:11:00Z,ANL-4004,LOW,CLOSED,FALSE_POSITIVE,Unusual Scheduled Task Created — False Positive,Checked process execution history for HOST-1108 following T1053.005 alert.,2026-01-02T09:16:00Z
CASE-001988,SOC-004,,ALT-001988,2026-01-01T22:20:00Z,ANL-4010,LOW,CLOSED,TRUE_POSITIVE,Ransomware Behaviour Detected — True Positive,Manually reviewed HOST-4874 logs; findings documented against case ticket.,2026-01-02T20:25:00Z
CASE-001989,SOC-004,,ALT-001989,2026-01-01T17:11:00Z,ANL-4002,MEDIUM,CLOSED,TRUE_POSITIVE,New Registry Run Key Entry — True Positive,Reviewed and closed.,2026-01-01T19:46:00Z
CASE-001990,SOC-004,,ALT-001990,2026-01-01T06:28:00Z,ANL-4009,LOW,CLOSED,FALSE_POSITIVE,Password Spraying Detected — False Positive,Investigated T1110 indicators on HOST-2772; no further lateral movement observed.,2026-01-01T15:15:00Z
CASE-001991,SOC-004,,ALT-001991,2026-01-01T08:04:00Z,ANL-4001,LOW,CLOSED,TRUE_POSITIVE,New Registry Run Key Entry — True Positive,Checked process execution history for HOST-2118 following T1547.001 alert.,2026-01-02T13:37:00Z
CASE-001992,SOC-004,,ALT-001992,2026-01-01T22:38:00Z,ANL-4008,HIGH,CLOSED,TRUE_POSITIVE,Suspicious Binary Download — True Positive,No further action required.,2026-01-02T01:11:00Z
CASE-001993,SOC-004,,ALT-001993,2026-01-01T14:28:00Z,ANL-4002,LOW,CLOSED,TRUE_POSITIVE,Repeated Failed Logins — True Positive,Traced network flow from 10.84.144.133 to determine scope of T1110 activity on HOST-3700.,2026-01-01T22:51:00Z
CASE-001994,SOC-004,,ALT-001994,2026-01-01T00:38:00Z,ANL-4009,MEDIUM,CLOSED,TRUE_POSITIVE,Password Spraying Detected — True Positive,Manually reviewed HOST-4496 logs; findings documented against case ticket.,2026-01-01T04:02:00Z
CASE-001995,SOC-004,,ALT-001995,2026-01-01T00:50:00Z,ANL-4011,LOW,CLOSED,FALSE_POSITIVE,Repeated Failed Logins — False Positive,"Closed with minimal review — T1110 alert on HOST-1093, no further action taken.",2026-01-01T08:05:00Z
CASE-001996,SOC-004,,ALT-001996,2026-01-01T01:35:00Z,ANL-4001,HIGH,CLOSED,FALSE_POSITIVE,Suspicious PowerShell — False Positive,Reviewed escalation criteria for HOST-2227; behaviour consistent with known baseline.,2026-01-01T02:32:00Z
CASE-001997,SOC-004,,ALT-001997,2026-01-01T02:49:00Z,ANL-4003,LOW,CLOSED,TRUE_POSITIVE,Password Spraying Detected — True Positive,Reviewed and closed.,2026-01-02T21:37:00Z
CASE-001998,SOC-004,,ALT-001998,2026-01-01T18:27:00Z,ANL-4009,LOW,CLOSED,TRUE_POSITIVE,Beaconing to Known C2 Domain — True Positive,Investigated T1071.001 indicators on HOST-3466; no further lateral movement observed.,2026-01-02T00:01:00Z
CASE-001999,SOC-004,,ALT-001999,2026-01-01T19:51:00Z,ANL-4002,LOW,CLOSED,FALSE_POSITIVE,Ransomware Behaviour Detected — False Positive,Traced network flow from 10.96.112.103 to determine scope of T1486 activity on HOST-1361.,2026-01-02T01:05:00Z
CASE-002000,SOC-004,,ALT-002000,2026-01-01T21:41:00Z,ANL-4005,HIGH,CLOSED,TRUE_POSITIVE,Internal Network Port Scan — True Positive,Confirmed T1595 alert on HOST-1451 against recent change records.,2026-01-01T23:22:00Z
CASE-002001,SOC-004,,ALT-002001,2026-01-01T20:24:00Z,ANL-4007,LOW,CLOSED,TRUE_POSITIVE,Beaconing to Known C2 Domain — True Positive,"Closed with minimal review — T1071.001 alert on HOST-2613, no further action taken.",2026-01-02T03:04:00Z
CASE-002002,SOC-004,,ALT-002002,2026-01-01T08:53:00Z,ANL-4005,MEDIUM,CLOSED,TRUE_POSITIVE,Suspicious CMD Execution — True Positive,Validated authentication logs tied to HOST-1742 to rule out credential compromise.,2026-01-01T12:26:00Z
CASE-002003,SOC-004,,ALT-002003,2026-01-01T06:01:00Z,ANL-4005,MEDIUM,CLOSED,TRUE_POSITIVE,Upload to Unapproved Cloud Storage — True Positive,Analysed endpoint telemetry for HOST-3434 tied to T1567 detection.,2026-01-01T09:09:00Z
CASE-002004,SOC-004,,ALT-002004,2026-01-01T22:15:00Z,ANL-4012,HIGH,CLOSED,TRUE_POSITIVE,Internal Network Port Scan — True Positive,Cross-referenced 10.13.220.72 against threat intelligence feeds for HOST-4424.,2026-01-02T05:19:00Z
CASE-002005,SOC-004,,ALT-002005,2026-01-01T09:37:00Z,ANL-4005,LOW,CLOSED,TRUE_POSITIVE,Suspicious CMD Execution — True Positive,Checked process execution history for HOST-3043 following T1059.003 alert.,2026-01-02T04:40:00Z
CASE-002006,SOC-004,INC-000069,ALT-002006,2026-01-01T20:42:00Z,ANL-4004,CRITICAL,CLOSED,TRUE_POSITIVE,Suspicious CMD Execution — True Positive,Analysed endpoint telemetry for HOST-3887 tied to T1059.003 detection.,2026-01-01T21:28:00Z
CASE-002007,SOC-004,,ALT-002007,2026-01-01T12:29:00Z,ANL-4007,LOW,CLOSED,FALSE_POSITIVE,Suspicious CMD Execution — False Positive,Reviewed escalation criteria for HOST-2078; behaviour consistent with known baseline.,2026-01-01T20:32:00Z
CASE-002008,SOC-004,,ALT-002008,2026-01-01T19:01:00Z,ANL-4002,LOW,CLOSED,FALSE_POSITIVE,New Registry Run Key Entry — False Positive,Reviewed and closed.,2026-01-02T02:47:00Z
CASE-002009,SOC-004,INC-000070,ALT-002009,2026-01-01T23:25:00Z,ANL-4008,CRITICAL,CLOSED,TRUE_POSITIVE,Unusual RDP Session — True Positive,No further action required.,2026-01-02T00:04:00Z
CASE-002010,SOC-004,,ALT-002010,2026-01-01T13:14:00Z,ANL-4006,MEDIUM,CLOSED,TRUE_POSITIVE,Beaconing to Known C2 Domain — True Positive,"Closed with minimal review — T1071.001 alert on HOST-1957, no further action taken.",2026-01-01T15:24:00Z
CASE-002011,SOC-004,,ALT-002011,2026-01-01T20:28:00Z,ANL-4003,LOW,CLOSED,FALSE_POSITIVE,Beaconing to Known C2 Domain — False Positive,Reviewed and closed.,2026-01-02T09:00:00Z
CASE-002012,SOC-004,,ALT-002012,2026-01-01T23:25:00Z,ANL-4008,HIGH,CLOSED,FALSE_POSITIVE,Unusual RDP Session — False Positive,No further action required.,2026-01-02T00:35:00Z
CASE-002013,SOC-004,,ALT-002013,2026-01-01T03:22:00Z,ANL-4003,LOW,CLOSED,FALSE_POSITIVE,Unusual RDP Session — False Positive,Reviewed and closed.,2026-01-01T22:27:00Z
CASE-002014,SOC-004,,ALT-002014,2026-01-01T21:05:00Z,ANL-4003,MEDIUM,CLOSED,FALSE_POSITIVE,New Registry Run Key Entry — False Positive,Analysed endpoint telemetry for HOST-4968 tied to T1547.001 detection.,2026-01-02T11:36:00Z
CASE-002015,SOC-004,,ALT-002015,2026-01-01T03:06:00Z,ANL-4008,MEDIUM,CLOSED,TRUE_POSITIVE,LSASS Memory Access — True Positive,Manually reviewed HOST-4413 logs; findings documented against case ticket.,2026-01-01T20:02:00Z
CASE-002016,SOC-004,,ALT-002016,2026-01-01T21:46:00Z,ANL-4004,LOW,CLOSED,FALSE_POSITIVE,New Registry Run Key Entry — False Positive,"Closed with minimal review — T1547.001 alert on HOST-1889, no further action taken.",2026-01-02T04:28:00Z
CASE-002017,SOC-004,,ALT-002017,2026-01-01T20:16:00Z,ANL-4003,HIGH,CLOSED,TRUE_POSITIVE,Unusual RDP Session — True Positive,Traced network flow from 10.125.38.11 to determine scope of T1021.001 activity on HOST-2757.,2026-01-01T21:25:00Z
CASE-002018,SOC-004,,ALT-002018,2026-01-01T19:22:00Z,ANL-4004,LOW,CLOSED,TRUE_POSITIVE,Internal Network Port Scan — True Positive,Analysed endpoint telemetry for HOST-3245 tied to T1595 detection.,2026-01-02T01:34:00Z
CASE-002019,SOC-004,,ALT-002019,2026-01-01T19:10:00Z,ANL-4009,MEDIUM,CLOSED,TRUE_POSITIVE,Suspicious Binary Download — True Positive,Checked process execution history for HOST-4942 following T1105 alert.,2026-01-01T22:08:00Z
CASE-002020,SOC-004,,ALT-002020,2026-01-01T08:43:00Z,ANL-4005,LOW,CLOSED,TRUE_POSITIVE,Repeated Failed Logins — True Positive,"Closed with minimal review — T1110 alert on HOST-3923, no further action taken.",2026-01-01T10:02:00Z
CASE-002021,SOC-004,,ALT-002021,2026-01-01T22:03:00Z,ANL-4008,LOW,CLOSED,TRUE_POSITIVE,Ransomware Behaviour Detected — True Positive,Reviewed escalation criteria for HOST-2554; behaviour consistent with known baseline.,2026-01-02T17:06:00Z
CASE-002022,SOC-004,,ALT-002022,2026-01-01T00:52:00Z,ANL-4007,LOW,CLOSED,FALSE_POSITIVE,Unusual Scheduled Task Created — False Positive,Reviewed T1053.005 activity on HOST-4947; correlated with source 10.111.30.242.,2026-01-01T10:32:00Z
CASE-002023,SOC-004,,ALT-002023,2026-01-01T19:05:00Z,ANL-4013,MEDIUM,CLOSED,TRUE_POSITIVE,Ransomware Behaviour Detected — True Positive,Reviewed escalation criteria for HOST-4345; behaviour consistent with known baseline.,2026-01-02T13:07:00Z
CASE-002024,SOC-004,,ALT-002024,2026-01-01T16:21:00Z,ANL-4007,MEDIUM,CLOSED,FALSE_POSITIVE,Unusual Scheduled Task Created — False Positive,"Closed with minimal review — T1053.005 alert on HOST-2886, no further action taken.",2026-01-01T19:20:00Z
CASE-002025,SOC-004,,ALT-002025,2026-01-01T11:05:00Z,ANL-4012,MEDIUM,CLOSED,FALSE_POSITIVE,Upload to Unapproved Cloud Storage — False Positive,Cross-referenced 10.231.175.53 against threat intelligence feeds for HOST-4381.,2026-01-01T14:20:00Z
CASE-002026,SOC-004,,ALT-002026,2026-01-01T02:08:00Z,ANL-4001,MEDIUM,CLOSED,FALSE_POSITIVE,Password Spraying Detected — False Positive,Traced network flow from 10.119.12.145 to determine scope of T1110 activity on HOST-1837.,2026-01-01T02:38:00Z
CASE-002027,SOC-004,,ALT-002027,2026-01-01T14:18:00Z,ANL-4001,LOW,CLOSED,TRUE_POSITIVE,Unusual RDP Session — True Positive,Reviewed escalation criteria for HOST-2674; behaviour consistent with known baseline.,2026-01-01T18:32:00Z
CASE-002028,SOC-004,,ALT-002028,2026-01-01T08:43:00Z,ANL-4004,LOW,CLOSED,TRUE_POSITIVE,Unusual RDP Session — True Positive,Confirmed T1021.001 alert on HOST-1908 against recent change records.,2026-01-02T06:46:00Z
CASE-002029,SOC-004,,ALT-002029,2026-01-01T11:23:00Z,ANL-4006,LOW,CLOSED,FALSE_POSITIVE,Upload to Unapproved Cloud Storage — False Positive,Traced network flow from 10.166.180.82 to determine scope of T1567 activity on HOST-4644.,2026-01-01T19:26:00Z
CASE-002030,SOC-004,,ALT-002030,2026-01-01T17:40:00Z,ANL-4009,HIGH,CLOSED,FALSE_POSITIVE,Large Outbound Data Transfer — False Positive,Checked process execution history for HOST-4384 following T1041 alert.,2026-01-01T18:44:00Z
CASE-002031,SOC-004,,ALT-002031,2026-01-01T07:41:00Z,ANL-4008,HIGH,CLOSED,TRUE_POSITIVE,Large Outbound Data Transfer — True Positive,"Closed with minimal review — T1041 alert on HOST-4820, no further action taken.",2026-01-01T09:22:00Z
CASE-002032,SOC-004,,ALT-002032,2026-01-01T11:37:00Z,ANL-4002,CRITICAL,CLOSED,FALSE_POSITIVE,Ransomware Behaviour Detected — False Positive,Reviewed and closed.,2026-01-01T12:14:00Z
CASE-002033,SOC-004,,ALT-002033,2026-01-01T19:37:00Z,ANL-4003,MEDIUM,CLOSED,TRUE_POSITIVE,Beaconing to Known C2 Domain — True Positive,Reviewed and closed.,2026-01-01T20:31:00Z
CASE-002034,SOC-004,,ALT-002034,2026-01-01T10:41:00Z,ANL-4013,LOW,CLOSED,TRUE_POSITIVE,Upload to Unapproved Cloud Storage — True Positive,Checked process execution history for HOST-4701 following T1567 alert.,2026-01-01T11:28:00Z
CASE-002035,SOC-004,,ALT-002035,2026-01-01T22:07:00Z,ANL-4002,LOW,CLOSED,FALSE_POSITIVE,Internal Network Port Scan — False Positive,Reviewed and closed.,2026-01-02T20:11:00Z
CASE-002036,SOC-004,,ALT-002036,2026-01-01T05:42:00Z,ANL-4013,HIGH,CLOSED,FALSE_POSITIVE,Unusual Scheduled Task Created — False Positive,"Closed with minimal review — T1053.005 alert on HOST-1110, no further action taken.",2026-01-01T07:58:00Z
CASE-002037,SOC-004,INC-000071,ALT-002037,2026-01-01T15:36:00Z,ANL-4007,CRITICAL,CLOSED,TRUE_POSITIVE,Ransomware Behaviour Detected — True Positive,Reviewed escalation criteria for HOST-3812; behaviour consistent with known baseline.,2026-01-01T18:44:00Z
CASE-002038,SOC-004,,ALT-002038,2026-01-01T09:43:00Z,ANL-4008,LOW,CLOSED,TRUE_POSITIVE,Large Outbound Data Transfer — True Positive,No further action required.,2026-01-01T10:16:00Z
CASE-002039,SOC-004,,ALT-002039,2026-01-01T06:52:00Z,ANL-4005,CRITICAL,CLOSED,FALSE_POSITIVE,Ransomware Behaviour Detected — False Positive,"Closed with minimal review — T1486 alert on HOST-1986, no further action taken.",2026-01-01T07:17:00Z
CASE-002040,SOC-004,,ALT-002040,2026-01-01T22:58:00Z,ANL-4005,MEDIUM,CLOSED,TRUE_POSITIVE,Unusual SMB Admin Share Access — True Positive,Cross-referenced 10.150.234.154 against threat intelligence feeds for HOST-3261.,2026-01-02T02:53:00Z
CASE-002041,SOC-004,,ALT-002041,2026-01-01T00:43:00Z,ANL-4011,CRITICAL,CLOSED,TRUE_POSITIVE,Unusual RDP Session — True Positive,Analysed endpoint telemetry for HOST-1066 tied to T1021.001 detection.,2026-01-01T01:16:00Z
CASE-002042,SOC-004,,ALT-002042,2026-01-01T05:45:00Z,ANL-4003,HIGH,CLOSED,TRUE_POSITIVE,Unusual SMB Admin Share Access — True Positive,Reviewed and closed.,2026-01-01T06:17:00Z
CASE-002043,SOC-004,,ALT-002043,2026-01-01T09:27:00Z,ANL-4013,MEDIUM,CLOSED,FALSE_POSITIVE,Unusual RDP Session — False Positive,"Closed with minimal review — T1021.001 alert on HOST-3978, no further action taken.",2026-01-01T10:05:00Z
CASE-002044,SOC-004,,ALT-002044,2026-01-01T15:01:00Z,ANL-4012,MEDIUM,CLOSED,TRUE_POSITIVE,Suspicious Binary Download — True Positive,Manually reviewed HOST-1632 logs; findings documented against case ticket.,2026-01-01T18:48:00Z
CASE-002045,SOC-004,,ALT-002045,2026-01-01T01:25:00Z,ANL-4011,HIGH,CLOSED,TRUE_POSITIVE,Large Outbound Data Transfer — True Positive,Validated authentication logs tied to HOST-4079 to rule out credential compromise.,2026-01-01T09:28:00Z
CASE-002046,SOC-004,,ALT-002046,2026-01-01T23:59:00Z,ANL-4012,LOW,CLOSED,TRUE_POSITIVE,Unusual SMB Admin Share Access — True Positive,"Closed with minimal review — T1021.002 alert on HOST-3187, no further action taken.",2026-01-02T00:59:00Z
CASE-002047,SOC-004,,ALT-002047,2026-01-01T21:08:00Z,ANL-4013,LOW,CLOSED,TRUE_POSITIVE,Large Outbound Data Transfer — True Positive,Investigated T1041 indicators on HOST-2073; no further lateral movement observed.,2026-01-02T01:43:00Z
CASE-002048,SOC-004,,ALT-002048,2026-01-01T13:29:00Z,ANL-4012,LOW,CLOSED,TRUE_POSITIVE,Ransomware Behaviour Detected — True Positive,"Closed with minimal review — T1486 alert on HOST-4645, no further action taken.",2026-01-01T21:40:00Z
CASE-002049,SOC-004,,ALT-002049,2026-01-01T23:00:00Z,ANL-4001,LOW,CLOSED,TRUE_POSITIVE,LSASS Memory Access — True Positive,Validated authentication logs tied to HOST-3770 to rule out credential compromise.,2026-01-02T06:49:00Z
CASE-002050,SOC-004,,ALT-002050,2026-01-01T18:23:00Z,ANL-4013,LOW,CLOSED,TRUE_POSITIVE,Ransomware Behaviour Detected — True Positive,Analysed endpoint telemetry for HOST-3913 tied to T1486 detection.,2026-01-02T22:25:00Z
CASE-002051,SOC-004,,ALT-002051,2026-01-01T08:27:00Z,ANL-4008,MEDIUM,CLOSED,TRUE_POSITIVE,Unusual RDP Session — True Positive,No further action required.,2026-01-01T10:38:00Z
CASE-002052,SOC-004,,ALT-002052,2026-01-01T08:42:00Z,ANL-4003,LOW,CLOSED,TRUE_POSITIVE,New Registry Run Key Entry — True Positive,Cross-referenced 10.235.117.4 against threat intelligence feeds for HOST-2405.,2026-01-01T15:51:00Z
CASE-002053,SOC-004,,ALT-002053,2026-01-01T05:31:00Z,ANL-4013,LOW,CLOSED,FALSE_POSITIVE,Ransomware Behaviour Detected — False Positive,Manually reviewed HOST-2408 logs; findings documented against case ticket.,2026-01-02T00:35:00Z
CASE-002054,SOC-004,,ALT-002054,2026-01-01T22:17:00Z,ANL-4007,MEDIUM,CLOSED,TRUE_POSITIVE,Ransomware Behaviour Detected — True Positive,"Closed with minimal review — T1486 alert on HOST-3084, no further action taken.",2026-01-02T00:23:00Z
CASE-002055,SOC-004,,ALT-002055,2026-01-01T09:48:00Z,ANL-4007,LOW,CLOSED,FALSE_POSITIVE,Upload to Unapproved Cloud Storage — False Positive,"Closed with minimal review — T1567 alert on HOST-3846, no further action taken.",2026-01-01T15:00:00Z
CASE-002056,SOC-004,,ALT-002056,2026-01-01T22:30:00Z,ANL-4009,LOW,CLOSED,TRUE_POSITIVE,Unusual Scheduled Task Created — True Positive,"Closed with minimal review — T1053.005 alert on HOST-2974, no further action taken.",2026-01-01T23:18:00Z
CASE-002057,SOC-004,,ALT-002057,2026-01-01T05:30:00Z,ANL-4005,MEDIUM,CLOSED,TRUE_POSITIVE,Unusual Scheduled Task Created — True Positive,"Closed with minimal review — T1053.005 alert on HOST-1614, no further action taken.",2026-01-01T06:11:00Z
CASE-002058,SOC-004,,ALT-002058,2026-01-01T17:24:00Z,ANL-4008,MEDIUM,CLOSED,TRUE_POSITIVE,Ransomware Behaviour Detected — True Positive,No further action required.,2026-01-01T20:44:00Z
CASE-002059,SOC-004,,ALT-002059,2026-01-01T15:33:00Z,ANL-4013,CRITICAL,CLOSED,TRUE_POSITIVE,LSASS Memory Access — True Positive,Cross-referenced 10.90.39.46 against threat intelligence feeds for HOST-3230.,2026-01-01T16:24:00Z
CASE-002060,SOC-004,,ALT-002060,2026-01-01T16:55:00Z,ANL-4005,LOW,CLOSED,TRUE_POSITIVE,Unusual Scheduled Task Created — True Positive,"Closed with minimal review — T1053.005 alert on HOST-1091, no further action taken.",2026-01-01T18:08:00Z
CASE-002061,SOC-004,,ALT-002061,2026-01-01T19:25:00Z,ANL-4011,LOW,CLOSED,TRUE_POSITIVE,Repeated Failed Logins — True Positive,Traced network flow from 10.13.98.249 to determine scope of T1110 activity on HOST-4744.,2026-01-02T03:43:00Z
CASE-002062,SOC-004,,ALT-002062,2026-01-01T22:38:00Z,ANL-4012,HIGH,CLOSED,TRUE_POSITIVE,Large Outbound Data Transfer — True Positive,Investigated T1041 indicators on HOST-1416; no further lateral movement observed.,2026-01-02T02:56:00Z
CASE-002063,SOC-004,,ALT-002063,2026-01-01T03:03:00Z,ANL-4008,LOW,CLOSED,TRUE_POSITIVE,Beaconing to Known C2 Domain — True Positive,No further action required.,2026-01-02T14:06:00Z
CASE-002064,SOC-004,,ALT-002064,2026-01-01T21:00:00Z,ANL-4008,MEDIUM,CLOSED,TRUE_POSITIVE,Upload to Unapproved Cloud Storage — True Positive,No further action required.,2026-01-01T21:51:00Z
CASE-002065,SOC-004,,ALT-002065,2026-01-01T15:39:00Z,ANL-4005,LOW,CLOSED,TRUE_POSITIVE,Suspicious CMD Execution — True Positive,Checked process execution history for HOST-4091 following T1059.003 alert.,2026-01-02T15:37:00Z
CASE-002066,SOC-004,,ALT-002066,2026-01-01T10:47:00Z,ANL-4009,LOW,CLOSED,TRUE_POSITIVE,Suspicious Binary Download — True Positive,Investigated T1105 indicators on HOST-4394; no further lateral movement observed.,2026-01-01T17:10:00Z
CASE-002067,SOC-004,,ALT-002067,2026-01-01T17:47:00Z,ANL-4001,MEDIUM,CLOSED,TRUE_POSITIVE,Internal Network Port Scan — True Positive,Investigated T1595 indicators on HOST-4791; no further lateral movement observed.,2026-01-01T21:14:00Z
CASE-002068,SOC-004,INC-000072,ALT-002068,2026-01-01T08:28:00Z,ANL-4011,CRITICAL,CLOSED,TRUE_POSITIVE,Suspicious Binary Download — True Positive,Confirmed T1105 alert on HOST-1312 against recent change records.,2026-01-01T09:16:00Z
CASE-002069,SOC-004,,ALT-002069,2026-01-01T05:05:00Z,ANL-4008,HIGH,CLOSED,TRUE_POSITIVE,Ransomware Behaviour Detected — True Positive,No further action required.,2026-01-01T06:18:00Z
CASE-002070,SOC-004,,ALT-002070,2026-01-01T14:03:00Z,ANL-4002,LOW,CLOSED,FALSE_POSITIVE,New Registry Run Key Entry — False Positive,Reviewed and closed.,2026-01-02T08:39:00Z
CASE-002071,SOC-004,,ALT-002071,2026-01-01T12:40:00Z,ANL-4005,LOW,CLOSED,TRUE_POSITIVE,Upload to Unapproved Cloud Storage — True Positive,Traced network flow from 10.248.171.85 to determine scope of T1567 activity on HOST-3810.,2026-01-01T17:54:00Z
CASE-002072,SOC-004,,ALT-002072,2026-01-01T06:16:00Z,ANL-4008,MEDIUM,CLOSED,TRUE_POSITIVE,Password Spraying Detected — True Positive,Investigated T1110 indicators on HOST-2318; no further lateral movement observed.,2026-01-01T08:00:00Z
CASE-002073,SOC-004,,ALT-002073,2026-01-01T15:44:00Z,ANL-4008,CRITICAL,CLOSED,FALSE_POSITIVE,Large Outbound Data Transfer — False Positive,Manually reviewed HOST-1588 logs; findings documented against case ticket.,2026-01-01T16:33:00Z
CASE-002074,SOC-004,,ALT-002074,2026-01-01T04:38:00Z,ANL-4013,LOW,CLOSED,FALSE_POSITIVE,Internal Network Port Scan — False Positive,Manually reviewed HOST-2182 logs; findings documented against case ticket.,2026-01-01T05:15:00Z
CASE-002075,SOC-004,,ALT-002075,2026-01-01T06:06:00Z,ANL-4003,MEDIUM,CLOSED,FALSE_POSITIVE,Beaconing to Known C2 Domain — False Positive,"Closed with minimal review — T1071.001 alert on HOST-4507, no further action taken.",2026-01-01T10:07:00Z
CASE-002076,SOC-004,,ALT-002076,2026-01-01T12:17:00Z,ANL-4009,LOW,CLOSED,FALSE_POSITIVE,Unusual SMB Admin Share Access — False Positive,Reviewed T1021.002 activity on HOST-1436; correlated with source 10.95.97.157.,2026-01-02T23:46:00Z
CASE-002077,SOC-004,,ALT-002077,2026-01-01T18:51:00Z,ANL-4002,MEDIUM,CLOSED,TRUE_POSITIVE,Unusual Scheduled Task Created — True Positive,Reviewed escalation criteria for HOST-3747; behaviour consistent with known baseline.,2026-01-01T22:53:00Z
CASE-002078,SOC-004,,ALT-002078,2026-01-01T02:00:00Z,ANL-4003,LOW,CLOSED,TRUE_POSITIVE,New Registry Run Key Entry — True Positive,Reviewed and closed.,2026-01-01T03:21:00Z
CASE-002079,SOC-004,,ALT-002079,2026-01-01T01:33:00Z,ANL-4005,LOW,CLOSED,TRUE_POSITIVE,Ransomware Behaviour Detected — True Positive,Reviewed escalation criteria for HOST-1165; behaviour consistent with known baseline.,2026-01-01T05:18:00Z
CASE-002080,SOC-004,,ALT-002080,2026-01-01T19:13:00Z,ANL-4012,MEDIUM,CLOSED,FALSE_POSITIVE,Internal Network Port Scan — False Positive,Cross-referenced 10.16.238.254 against threat intelligence feeds for HOST-1588.,2026-01-01T22:22:00Z
CASE-002081,SOC-004,,ALT-002081,2026-01-01T09:33:00Z,ANL-4004,MEDIUM,CLOSED,TRUE_POSITIVE,Suspicious CMD Execution — True Positive,Reviewed escalation criteria for HOST-1163; behaviour consistent with known baseline.,2026-01-01T13:05:00Z
CASE-002082,SOC-004,,ALT-002082,2026-01-01T14:15:00Z,ANL-4012,LOW,CLOSED,TRUE_POSITIVE,Suspicious CMD Execution — True Positive,Reviewed T1059.003 activity on HOST-1863; correlated with source 10.1.36.67.,2026-01-01T21:15:00Z
CASE-002083,SOC-004,,ALT-002083,2026-01-01T03:44:00Z,ANL-4001,HIGH,CLOSED,TRUE_POSITIVE,Unusual SMB Admin Share Access — True Positive,Investigated T1021.002 indicators on HOST-4334; no further lateral movement observed.,2026-01-01T05:02:00Z
CASE-002084,SOC-004,,ALT-002084,2026-01-01T04:10:00Z,ANL-4006,MEDIUM,CLOSED,TRUE_POSITIVE,Internal Network Port Scan — True Positive,"Closed with minimal review — T1595 alert on HOST-2241, no further action taken.",2026-01-01T04:55:00Z
CASE-002085,SOC-004,,ALT-002085,2026-01-01T14:19:00Z,ANL-4010,LOW,CLOSED,TRUE_POSITIVE,Unusual RDP Session — True Positive,"Closed with minimal review — T1021.001 alert on HOST-1085, no further action taken.",2026-01-01T15:18:00Z
CASE-002086,SOC-004,,ALT-002086,2026-01-01T19:14:00Z,ANL-4002,HIGH,CLOSED,TRUE_POSITIVE,Unusual SMB Admin Share Access — True Positive,Reviewed and closed.,2026-01-01T20:55:00Z
CASE-002087,SOC-004,,ALT-002087,2026-01-01T20:27:00Z,ANL-4004,CRITICAL,CLOSED,TRUE_POSITIVE,Ransomware Behaviour Detected — True Positive,"Closed with minimal review — T1486 alert on HOST-1085, no further action taken.",2026-01-01T21:05:00Z
CASE-002088,SOC-004,,ALT-002088,2026-01-01T18:33:00Z,ANL-4012,MEDIUM,CLOSED,TRUE_POSITIVE,New Registry Run Key Entry — True Positive,"Closed with minimal review — T1547.001 alert on HOST-1519, no further action taken.",2026-01-01T19:14:00Z
CASE-002089,SOC-004,,ALT-002089,2026-01-01T11:35:00Z,ANL-4009,HIGH,CLOSED,TRUE_POSITIVE,New Registry Run Key Entry — True Positive,Analysed endpoint telemetry for HOST-1353 tied to T1547.001 detection.,2026-01-01T13:05:00Z
CASE-002090,SOC-004,,ALT-002090,2026-01-01T19:49:00Z,ANL-4008,HIGH,CLOSED,TRUE_POSITIVE,Suspicious CMD Execution — True Positive,No further action required.,2026-01-01T21:15:00Z
CASE-002091,SOC-004,,ALT-002091,2026-01-01T10:28:00Z,ANL-4006,HIGH,CLOSED,TRUE_POSITIVE,Unusual Scheduled Task Created — True Positive,"Closed with minimal review — T1053.005 alert on HOST-1516, no further action taken.",2026-01-01T11:53:00Z
CASE-002092,SOC-004,,ALT-002092,2026-01-01T02:47:00Z,ANL-4001,LOW,CLOSED,TRUE_POSITIVE,Unusual RDP Session — True Positive,Validated authentication logs tied to HOST-4871 to rule out credential compromise.,2026-01-01T10:55:00Z
CASE-002093,SOC-004,,ALT-002093,2026-01-01T11:18:00Z,ANL-4008,CRITICAL,CLOSED,TRUE_POSITIVE,Unusual Scheduled Task Created — True Positive,No further action required.,2026-01-01T11:59:00Z
CASE-002094,SOC-004,,ALT-002094,2026-01-01T22:07:00Z,ANL-4004,LOW,CLOSED,TRUE_POSITIVE,Internal Network Port Scan — True Positive,"Closed with minimal review — T1595 alert on HOST-3245, no further action taken.",2026-01-01T23:03:00Z
CASE-002095,SOC-004,,ALT-002095,2026-01-01T21:00:00Z,ANL-4003,HIGH,CLOSED,TRUE_POSITIVE,Password Spraying Detected — True Positive,Reviewed and closed.,2026-01-01T21:47:00Z
CASE-002096,SOC-004,,ALT-002096,2026-01-01T17:12:00Z,ANL-4001,HIGH,CLOSED,TRUE_POSITIVE,Repeated Failed Logins — True Positive,Investigated T1110 indicators on HOST-4958; no further lateral movement observed.,2026-01-02T01:01:00Z
CASE-002097,SOC-004,,ALT-002097,2026-01-01T07:21:00Z,ANL-4001,LOW,CLOSED,TRUE_POSITIVE,Internal Network Port Scan — True Positive,Cross-referenced 10.133.202.164 against threat intelligence feeds for HOST-2361.,2026-01-02T04:26:00Z
CASE-002098,SOC-004,,ALT-002098,2026-01-01T20:42:00Z,ANL-4003,HIGH,CLOSED,FALSE_POSITIVE,Repeated Failed Logins — False Positive,Reviewed and closed.,2026-01-01T21:41:00Z
CASE-002099,SOC-004,,ALT-002099,2026-01-01T23:26:00Z,ANL-4004,LOW,CLOSED,TRUE_POSITIVE,Suspicious PowerShell — True Positive,Reviewed escalation criteria for HOST-3716; behaviour consistent with known baseline.,2026-01-02T05:55:00Z
CASE-002100,SOC-004,,ALT-002100,2026-01-01T15:54:00Z,ANL-4006,MEDIUM,CLOSED,TRUE_POSITIVE,Unusual RDP Session — True Positive,"Closed with minimal review — T1021.001 alert on HOST-1777, no further action taken.",2026-01-01T17:58:00Z
CASE-002101,SOC-004,,ALT-002101,2026-01-01T12:32:00Z,ANL-4003,LOW,CLOSED,TRUE_POSITIVE,Unusual Scheduled Task Created — True Positive,Reviewed and closed.,2026-01-02T11:35:00Z
CASE-002102,SOC-004,,ALT-002102,2026-01-01T11:06:00Z,ANL-4004,LOW,CLOSED,TRUE_POSITIVE,Large Outbound Data Transfer — True Positive,Analysed endpoint telemetry for HOST-1924 tied to T1041 detection.,2026-01-02T19:30:00Z
CASE-002103,SOC-004,,ALT-002103,2026-01-01T02:10:00Z,ANL-4005,MEDIUM,CLOSED,TRUE_POSITIVE,Ransomware Behaviour Detected — True Positive,Validated authentication logs tied to HOST-2772 to rule out credential compromise.,2026-01-01T05:10:00Z
CASE-002104,SOC-004,,ALT-002104,2026-01-01T05:39:00Z,ANL-4001,MEDIUM,CLOSED,TRUE_POSITIVE,Ransomware Behaviour Detected — True Positive,Checked process execution history for HOST-3694 following T1486 alert.,2026-01-02T22:28:00Z
CASE-002105,SOC-004,,ALT-002105,2026-01-01T17:09:00Z,ANL-4007,HIGH,CLOSED,FALSE_POSITIVE,Internal Network Port Scan — False Positive,Confirmed T1595 alert on HOST-3716 against recent change records.,2026-01-01T18:42:00Z
CASE-002106,SOC-004,,ALT-002106,2026-01-01T15:18:00Z,ANL-4003,HIGH,CLOSED,TRUE_POSITIVE,Upload to Unapproved Cloud Storage — True Positive,Reviewed and closed.,2026-01-01T16:35:00Z
CASE-002107,SOC-004,,ALT-002107,2026-01-01T08:14:00Z,ANL-4002,LOW,CLOSED,TRUE_POSITIVE,Unusual Scheduled Task Created — True Positive,Reviewed and closed.,2026-01-02T08:15:00Z
CASE-002108,SOC-004,,ALT-002108,2026-01-01T21:49:00Z,ANL-4003,HIGH,CLOSED,FALSE_POSITIVE,Internal Network Port Scan — False Positive,"Closed with minimal review — T1595 alert on HOST-2099, no further action taken.",2026-01-01T22:39:00Z
CASE-002109,SOC-004,,ALT-002109,2026-01-01T16:44:00Z,ANL-4005,LOW,CLOSED,TRUE_POSITIVE,Internal Network Port Scan — True Positive,Investigated T1595 indicators on HOST-4133; no further lateral movement observed.,2026-01-02T15:49:00Z
CASE-002110,SOC-004,,ALT-002110,2026-01-01T16:50:00Z,ANL-4009,LOW,CLOSED,TRUE_POSITIVE,Unusual SMB Admin Share Access — True Positive,Investigated T1021.002 indicators on HOST-4465; no further lateral movement observed.,2026-01-03T18:13:00Z
CASE-002111,SOC-004,,ALT-002111,2026-01-01T13:51:00Z,ANL-4007,HIGH,CLOSED,TRUE_POSITIVE,Unusual SMB Admin Share Access — True Positive,"Closed with minimal review — T1021.002 alert on HOST-1501, no further action taken.",2026-01-01T15:17:00Z
CASE-002112,SOC-004,,ALT-002112,2026-01-01T18:13:00Z,ANL-4003,HIGH,CLOSED,TRUE_POSITIVE,Unusual SMB Admin Share Access — True Positive,Reviewed and closed.,2026-01-01T18:50:00Z
CASE-002113,SOC-004,,ALT-002113,2026-01-01T12:50:00Z,ANL-4002,MEDIUM,CLOSED,TRUE_POSITIVE,Internal Network Port Scan — True Positive,Reviewed and closed.,2026-01-01T14:55:00Z
CASE-002114,SOC-004,,ALT-002114,2026-01-01T04:56:00Z,ANL-4003,HIGH,CLOSED,TRUE_POSITIVE,Unusual Scheduled Task Created — True Positive,Checked process execution history for HOST-4321 following T1053.005 alert.,2026-01-01T06:42:00Z
CASE-002115,SOC-004,,ALT-002115,2026-01-01T22:36:00Z,ANL-4013,LOW,CLOSED,FALSE_POSITIVE,Repeated Failed Logins — False Positive,Reviewed escalation criteria for HOST-2832; behaviour consistent with known baseline.,2026-01-02T06:01:00Z
CASE-002116,SOC-004,,ALT-002116,2026-01-01T10:03:00Z,ANL-4012,MEDIUM,CLOSED,FALSE_POSITIVE,Ransomware Behaviour Detected — False Positive,Checked process execution history for HOST-4640 following T1486 alert.,2026-01-02T06:05:00Z
CASE-002117,SOC-004,,ALT-002117,2026-01-01T07:35:00Z,ANL-4004,HIGH,CLOSED,FALSE_POSITIVE,Unusual RDP Session — False Positive,Checked process execution history for HOST-1893 following T1021.001 alert.,2026-01-01T09:11:00Z
CASE-002118,SOC-004,,ALT-002118,2026-01-01T18:11:00Z,ANL-4003,MEDIUM,CLOSED,FALSE_POSITIVE,Suspicious CMD Execution — False Positive,Reviewed and closed.,2026-01-02T09:42:00Z
CASE-002119,SOC-004,,ALT-002119,2026-01-01T16:34:00Z,ANL-4004,LOW,CLOSED,TRUE_POSITIVE,Encoded PowerShell Command — True Positive,Confirmed T1059.001 alert on HOST-1024 against recent change records.,2026-01-02T00:40:00Z
CASE-002120,SOC-004,,ALT-002120,2026-01-01T11:28:00Z,ANL-4002,LOW,CLOSED,TRUE_POSITIVE,Repeated Failed Logins — True Positive,Reviewed and closed.,2026-01-02T11:31:00Z
CASE-002121,SOC-004,,ALT-002121,2026-01-02T17:29:00Z,ANL-4013,LOW,CLOSED,FALSE_POSITIVE,LSASS Memory Access — False Positive,Traced network flow from 10.212.44.177 to determine scope of T1003 activity on HOST-1271.,2026-01-03T00:22:00Z
CASE-002122,SOC-004,,ALT-002122,2026-01-02T09:04:00Z,ANL-4001,MEDIUM,CLOSED,FALSE_POSITIVE,Unusual Scheduled Task Created — False Positive,Reviewed T1053.005 activity on HOST-4648; correlated with source 10.91.108.13.,2026-01-02T12:04:00Z
CASE-002123,SOC-004,,ALT-002123,2026-01-02T13:36:00Z,ANL-4001,HIGH,CLOSED,TRUE_POSITIVE,Upload to Unapproved Cloud Storage — True Positive,Cross-referenced 10.171.44.122 against threat intelligence feeds for HOST-2123.,2026-01-02T18:52:00Z
CASE-002124,SOC-004,,ALT-002124,2026-01-02T21:12:00Z,ANL-4006,LOW,CLOSED,TRUE_POSITIVE,LSASS Memory Access — True Positive,Manually reviewed HOST-1945 logs; findings documented against case ticket.,2026-01-03T04:47:00Z
CASE-002125,SOC-004,,ALT-002125,2026-01-02T16:54:00Z,ANL-4009,MEDIUM,CLOSED,TRUE_POSITIVE,Large Outbound Data Transfer — True Positive,"Closed with minimal review — T1041 alert on HOST-1218, no further action taken.",2026-01-02T19:58:00Z
CASE-002126,SOC-004,,ALT-002126,2026-01-02T23:18:00Z,ANL-4011,MEDIUM,CLOSED,TRUE_POSITIVE,LSASS Memory Access — True Positive,"Closed with minimal review — T1003 alert on HOST-2853, no further action taken.",2026-01-03T02:03:00Z
CASE-002127,SOC-004,,ALT-002127,2026-01-02T13:08:00Z,ANL-4010,LOW,CLOSED,TRUE_POSITIVE,Suspicious Binary Download — True Positive,"Closed with minimal review — T1105 alert on HOST-4500, no further action taken.",2026-01-02T14:22:00Z
CASE-002128,SOC-004,,ALT-002128,2026-01-02T05:57:00Z,ANL-4003,HIGH,CLOSED,TRUE_POSITIVE,Suspicious Binary Download — True Positive,Reviewed and closed.,2026-01-02T07:30:00Z
CASE-002129,SOC-004,,ALT-002129,2026-01-02T23:29:00Z,ANL-4010,HIGH,CLOSED,FALSE_POSITIVE,Repeated Failed Logins — False Positive,Validated authentication logs tied to HOST-1166 to rule out credential compromise.,2026-01-03T00:22:00Z
CASE-002130,SOC-004,,ALT-002130,2026-01-02T07:54:00Z,ANL-4010,LOW,CLOSED,FALSE_POSITIVE,Password Spraying Detected — False Positive,"Closed with minimal review — T1110 alert on HOST-3664, no further action taken.",2026-01-02T09:04:00Z
CASE-002131,SOC-004,,ALT-002131,2026-01-02T01:40:00Z,ANL-4001,MEDIUM,CLOSED,TRUE_POSITIVE,Ransomware Behaviour Detected — True Positive,"Closed with minimal review — T1486 alert on HOST-2407, no further action taken.",2026-01-02T04:16:00Z
CASE-002132,SOC-004,,ALT-002132,2026-01-02T09:37:00Z,ANL-4003,LOW,CLOSED,FALSE_POSITIVE,LSASS Memory Access — False Positive,Reviewed escalation criteria for HOST-3604; behaviour consistent with known baseline.,2026-01-02T14:21:00Z
CASE-002133,SOC-004,,ALT-002133,2026-01-02T22:12:00Z,ANL-4012,HIGH,CLOSED,FALSE_POSITIVE,Ransomware Behaviour Detected — False Positive,Reviewed T1486 activity on HOST-4553; correlated with source 10.128.139.143.,2026-01-02T23:45:00Z
CASE-002134,SOC-004,INC-000073,ALT-002134,2026-01-02T17:06:00Z,ANL-4013,CRITICAL,CLOSED,TRUE_POSITIVE,Repeated Failed Logins — True Positive,Reviewed escalation criteria for HOST-1207; behaviour consistent with known baseline.,2026-01-03T12:27:00Z
CASE-002135,SOC-004,,ALT-002135,2026-01-02T07:35:00Z,ANL-4003,HIGH,CLOSED,TRUE_POSITIVE,Suspicious Binary Download — True Positive,Reviewed and closed.,2026-01-02T08:35:00Z
CASE-002136,SOC-004,,ALT-002136,2026-01-02T13:13:00Z,ANL-4013,HIGH,CLOSED,FALSE_POSITIVE,LSASS Memory Access — False Positive,Reviewed escalation criteria for HOST-4345; behaviour consistent with known baseline.,2026-01-02T14:09:00Z
CASE-002137,SOC-004,,ALT-002137,2026-01-02T01:10:00Z,ANL-4004,LOW,CLOSED,FALSE_POSITIVE,Beaconing to Known C2 Domain — False Positive,Confirmed T1071.001 alert on HOST-4796 against recent change records.,2026-01-03T12:13:00Z
CASE-002138,SOC-004,,ALT-002138,2026-01-02T20:49:00Z,ANL-4002,CRITICAL,CLOSED,FALSE_POSITIVE,Upload to Unapproved Cloud Storage — False Positive,Reviewed and closed.,2026-01-02T21:30:00Z
CASE-002139,SOC-004,,ALT-002139,2026-01-02T08:07:00Z,ANL-4011,MEDIUM,CLOSED,TRUE_POSITIVE,Internal Network Port Scan — True Positive,Traced network flow from 10.28.230.235 to determine scope of T1595 activity on HOST-1490.,2026-01-02T11:44:00Z
CASE-002140,SOC-004,,ALT-002140,2026-01-02T08:23:00Z,ANL-4007,LOW,CLOSED,TRUE_POSITIVE,LSASS Memory Access — True Positive,Validated authentication logs tied to HOST-2853 to rule out credential compromise.,2026-01-02T15:33:00Z
CASE-002141,SOC-004,,ALT-002141,2026-01-02T19:21:00Z,ANL-4009,MEDIUM,CLOSED,TRUE_POSITIVE,Suspicious CMD Execution — True Positive,Analysed endpoint telemetry for HOST-1237 tied to T1059.003 detection.,2026-01-02T22:43:00Z
CASE-002142,SOC-004,INC-000074,ALT-002142,2026-01-02T12:01:00Z,ANL-4009,CRITICAL,CLOSED,TRUE_POSITIVE,Ransomware Behaviour Detected — True Positive,Analysed endpoint telemetry for HOST-1407 tied to T1486 detection.,2026-01-02T14:51:00Z
CASE-002143,SOC-004,,ALT-002143,2026-01-02T14:54:00Z,ANL-4002,LOW,CLOSED,FALSE_POSITIVE,Large Outbound Data Transfer — False Positive,Confirmed T1041 alert on HOST-2694 against recent change records.,2026-01-03T11:59:00Z
CASE-002144,SOC-004,,ALT-002144,2026-01-02T23:11:00Z,ANL-4001,LOW,CLOSED,FALSE_POSITIVE,Large Outbound Data Transfer — False Positive,"Closed with minimal review — T1041 alert on HOST-2962, no further action taken.",2026-01-03T00:13:00Z
CASE-002145,SOC-004,,ALT-002145,2026-01-02T18:33:00Z,ANL-4003,LOW,CLOSED,TRUE_POSITIVE,Internal Network Port Scan — True Positive,Reviewed and closed.,2026-01-02T23:15:00Z
CASE-002146,SOC-004,,ALT-002146,2026-01-02T23:43:00Z,ANL-4002,MEDIUM,CLOSED,FALSE_POSITIVE,LSASS Memory Access — False Positive,Reviewed and closed.,2026-01-03T03:37:00Z
CASE-002147,SOC-004,,ALT-002147,2026-01-02T23:44:00Z,ANL-4010,HIGH,CLOSED,FALSE_POSITIVE,New Registry Run Key Entry — False Positive,Reviewed escalation criteria for HOST-4718; behaviour consistent with known baseline.,2026-01-03T00:41:00Z
CASE-002148,SOC-004,,ALT-002148,2026-01-02T08:07:00Z,ANL-4012,LOW,CLOSED,TRUE_POSITIVE,Beaconing to Known C2 Domain — True Positive,Traced network flow from 10.26.50.17 to determine scope of T1071.001 activity on HOST-3289.,2026-01-02T14:19:00Z
CASE-002149,SOC-004,,ALT-002149,2026-01-02T02:26:00Z,ANL-4007,LOW,CLOSED,TRUE_POSITIVE,Internal Network Port Scan — True Positive,Traced network flow from 10.1.67.228 to determine scope of T1595 activity on HOST-3892.,2026-01-02T06:21:00Z
CASE-002150,SOC-004,,ALT-002150,2026-01-02T12:22:00Z,ANL-4008,CRITICAL,CLOSED,FALSE_POSITIVE,Internal Network Port Scan — False Positive,No further action required.,2026-01-02T13:14:00Z
CASE-002151,SOC-004,,ALT-002151,2026-01-02T05:28:00Z,ANL-4004,CRITICAL,CLOSED,FALSE_POSITIVE,Suspicious Binary Download — False Positive,"Closed with minimal review — T1105 alert on HOST-2214, no further action taken.",2026-01-02T06:00:00Z
CASE-002152,SOC-004,,ALT-002152,2026-01-02T02:44:00Z,ANL-4007,MEDIUM,CLOSED,TRUE_POSITIVE,Upload to Unapproved Cloud Storage — True Positive,Analysed endpoint telemetry for HOST-4444 tied to T1567 detection.,2026-01-02T06:05:00Z
CASE-002153,SOC-004,,ALT-002153,2026-01-02T07:21:00Z,ANL-4006,MEDIUM,CLOSED,TRUE_POSITIVE,Large Outbound Data Transfer — True Positive,Confirmed T1041 alert on HOST-1559 against recent change records.,2026-01-03T02:22:00Z
CASE-002154,SOC-004,,ALT-002154,2026-01-02T22:20:00Z,ANL-4002,LOW,CLOSED,TRUE_POSITIVE,Internal Network Port Scan — True Positive,Reviewed and closed.,2026-01-03T06:34:00Z
CASE-002155,SOC-004,,ALT-002155,2026-01-02T05:32:00Z,ANL-4009,LOW,CLOSED,FALSE_POSITIVE,Unusual RDP Session — False Positive,"Closed with minimal review — T1021.001 alert on HOST-1968, no further action taken.",2026-01-02T06:28:00Z
CASE-002156,SOC-004,,ALT-002156,2026-01-02T19:03:00Z,ANL-4007,MEDIUM,CLOSED,FALSE_POSITIVE,Unusual SMB Admin Share Access — False Positive,Reviewed escalation criteria for HOST-4917; behaviour consistent with known baseline.,2026-01-02T23:09:00Z
CASE-002157,SOC-004,,ALT-002157,2026-01-02T14:41:00Z,ANL-4001,CRITICAL,CLOSED,TRUE_POSITIVE,Unusual SMB Admin Share Access — True Positive,Validated authentication logs tied to HOST-3365 to rule out credential compromise.,2026-01-02T15:20:00Z
CASE-002158,SOC-004,,ALT-002158,2026-01-02T05:44:00Z,ANL-4012,LOW,CLOSED,TRUE_POSITIVE,Encoded PowerShell Command — True Positive,Reviewed escalation criteria for HOST-2536; behaviour consistent with known baseline.,2026-01-03T16:46:00Z
CASE-002159,SOC-004,,ALT-002159,2026-01-02T02:29:00Z,ANL-4004,LOW,CLOSED,FALSE_POSITIVE,New Registry Run Key Entry — False Positive,"Closed with minimal review — T1547.001 alert on HOST-1085, no further action taken.",2026-01-02T04:03:00Z
CASE-002160,SOC-004,INC-000075,ALT-002160,2026-01-02T08:07:00Z,ANL-4008,CRITICAL,CLOSED,TRUE_POSITIVE,Encoded PowerShell Command — True Positive,No further action required.,2026-01-02T11:24:00Z
CASE-002161,SOC-004,,ALT-002161,2026-01-02T22:02:00Z,ANL-4004,LOW,CLOSED,TRUE_POSITIVE,Unusual SMB Admin Share Access — True Positive,Cross-referenced 10.84.152.50 against threat intelligence feeds for HOST-2318.,2026-01-03T06:14:00Z
CASE-002162,SOC-004,,ALT-002162,2026-01-02T07:07:00Z,ANL-4007,MEDIUM,CLOSED,FALSE_POSITIVE,Suspicious Binary Download — False Positive,Checked process execution history for HOST-3951 following T1105 alert.,2026-01-02T09:48:00Z
CASE-002163,SOC-004,,ALT-002163,2026-01-02T03:21:00Z,ANL-4007,LOW,CLOSED,FALSE_POSITIVE,Unusual Scheduled Task Created — False Positive,Traced network flow from 10.172.227.194 to determine scope of T1053.005 activity on HOST-2629.,2026-01-03T19:22:00Z
CASE-002164,SOC-004,,ALT-002164,2026-01-02T10:44:00Z,ANL-4006,MEDIUM,CLOSED,TRUE_POSITIVE,Beaconing to Known C2 Domain — True Positive,Analysed endpoint telemetry for HOST-2639 tied to T1071.001 detection.,2026-01-02T22:49:00Z
CASE-002165,SOC-004,,ALT-002165,2026-01-02T01:36:00Z,ANL-4011,MEDIUM,CLOSED,TRUE_POSITIVE,Encoded PowerShell Command — True Positive,Validated authentication logs tied to HOST-4813 to rule out credential compromise.,2026-01-02T03:26:00Z
CASE-002166,SOC-004,,ALT-002166,2026-01-02T14:03:00Z,ANL-4006,HIGH,CLOSED,TRUE_POSITIVE,Unusual RDP Session — True Positive,Traced network flow from 10.180.119.139 to determine scope of T1021.001 activity on HOST-2904.,2026-01-02T15:06:00Z
CASE-002167,SOC-004,,ALT-002167,2026-01-02T05:31:00Z,ANL-4005,HIGH,CLOSED,TRUE_POSITIVE,Large Outbound Data Transfer — True Positive,"Closed with minimal review — T1041 alert on HOST-2730, no further action taken.",2026-01-02T05:50:00Z
CASE-002168,SOC-004,,ALT-002168,2026-01-02T15:31:00Z,ANL-4011,LOW,CLOSED,TRUE_POSITIVE,Unusual Scheduled Task Created — True Positive,Investigated T1053.005 indicators on HOST-4645; no further lateral movement observed.,2026-01-03T10:35:00Z
CASE-002169,SOC-004,,ALT-002169,2026-01-02T10:27:00Z,ANL-4012,LOW,CLOSED,FALSE_POSITIVE,Suspicious PowerShell — False Positive,Analysed endpoint telemetry for HOST-3276 tied to T1059.001 detection.,2026-01-03T08:30:00Z
CASE-002170,SOC-004,,ALT-002170,2026-01-02T12:57:00Z,ANL-4010,LOW,CLOSED,FALSE_POSITIVE,Internal Network Port Scan — False Positive,Traced network flow from 10.105.77.9 to determine scope of T1595 activity on HOST-2202.,2026-01-02T21:23:00Z
CASE-002171,SOC-004,,ALT-002171,2026-01-02T07:56:00Z,ANL-4010,MEDIUM,CLOSED,TRUE_POSITIVE,Ransomware Behaviour Detected — True Positive,Manually reviewed HOST-4365 logs; findings documented against case ticket.,2026-01-02T08:49:00Z
CASE-002172,SOC-004,,ALT-002172,2026-01-02T08:55:00Z,ANL-4010,LOW,CLOSED,FALSE_POSITIVE,Ransomware Behaviour Detected — False Positive,Cross-referenced 10.44.126.60 against threat intelligence feeds for HOST-1642.,2026-01-02T13:44:00Z
CASE-002173,SOC-004,,ALT-002173,2026-01-02T23:44:00Z,ANL-4007,LOW,CLOSED,TRUE_POSITIVE,Ransomware Behaviour Detected — True Positive,Investigated T1486 indicators on HOST-2500; no further lateral movement observed.,2026-01-03T07:21:00Z
CASE-002174,SOC-004,,ALT-002174,2026-01-02T01:19:00Z,ANL-4003,LOW,CLOSED,TRUE_POSITIVE,Ransomware Behaviour Detected — True Positive,Analysed endpoint telemetry for HOST-2216 tied to T1486 detection.,2026-01-02T05:29:00Z
CASE-002175,SOC-004,,ALT-002175,2026-01-02T19:45:00Z,ANL-4008,LOW,CLOSED,FALSE_POSITIVE,Suspicious CMD Execution — False Positive,No further action required.,2026-01-03T00:49:00Z
CASE-002176,SOC-004,,ALT-002176,2026-01-02T04:27:00Z,ANL-4002,HIGH,CLOSED,TRUE_POSITIVE,Internal Network Port Scan — True Positive,Validated authentication logs tied to HOST-3067 to rule out credential compromise.,2026-01-02T05:22:00Z
CASE-002177,SOC-004,,ALT-002177,2026-01-02T16:04:00Z,ANL-4001,MEDIUM,CLOSED,TRUE_POSITIVE,LSASS Memory Access — True Positive,Traced network flow from 10.38.198.89 to determine scope of T1003 activity on HOST-2090.,2026-01-02T18:36:00Z
CASE-002178,SOC-004,,ALT-002178,2026-01-02T14:49:00Z,ANL-4008,HIGH,CLOSED,TRUE_POSITIVE,Suspicious CMD Execution — True Positive,No further action required.,2026-01-02T15:17:00Z
CASE-002179,SOC-004,INC-000076,ALT-002179,2026-01-02T09:55:00Z,ANL-4004,CRITICAL,CLOSED,TRUE_POSITIVE,Suspicious Binary Download — True Positive,"Closed with minimal review — T1105 alert on HOST-2342, no further action taken.",2026-01-02T10:23:00Z
CASE-002180,SOC-004,,ALT-002180,2026-01-02T00:46:00Z,ANL-4007,HIGH,CLOSED,TRUE_POSITIVE,Upload to Unapproved Cloud Storage — True Positive,"Closed with minimal review — T1567 alert on HOST-4885, no further action taken.",2026-01-02T01:29:00Z
CASE-002181,SOC-004,,ALT-002181,2026-01-02T12:42:00Z,ANL-4001,MEDIUM,CLOSED,TRUE_POSITIVE,Unusual Scheduled Task Created — True Positive,"Closed with minimal review — T1053.005 alert on HOST-2599, no further action taken.",2026-01-02T16:02:00Z
CASE-002182,SOC-004,INC-000077,ALT-002182,2026-01-02T02:47:00Z,ANL-4013,CRITICAL,CLOSED,TRUE_POSITIVE,Suspicious Binary Download — True Positive,"Closed with minimal review — T1105 alert on HOST-4289, no further action taken.",2026-01-02T03:24:00Z
CASE-002183,SOC-004,,ALT-002183,2026-01-02T23:55:00Z,ANL-4002,HIGH,CLOSED,TRUE_POSITIVE,Ransomware Behaviour Detected — True Positive,Reviewed and closed.,2026-01-03T01:19:00Z
CASE-002184,SOC-004,,ALT-002184,2026-01-02T09:58:00Z,ANL-4009,LOW,CLOSED,FALSE_POSITIVE,New Registry Run Key Entry — False Positive,"Closed with minimal review — T1547.001 alert on HOST-2853, no further action taken.",2026-01-02T10:54:00Z
CASE-002185,SOC-004,,ALT-002185,2026-01-02T22:34:00Z,ANL-4009,LOW,CLOSED,TRUE_POSITIVE,Upload to Unapproved Cloud Storage — True Positive,Reviewed escalation criteria for HOST-3383; behaviour consistent with known baseline.,2026-01-03T02:45:00Z
CASE-002186,SOC-004,,ALT-002186,2026-01-02T02:22:00Z,ANL-4007,MEDIUM,CLOSED,TRUE_POSITIVE,Internal Network Port Scan — True Positive,Analysed endpoint telemetry for HOST-3168 tied to T1595 detection.,2026-01-02T05:54:00Z
CASE-002187,SOC-004,,ALT-002187,2026-01-02T03:34:00Z,ANL-4013,CRITICAL,CLOSED,FALSE_POSITIVE,Suspicious Binary Download — False Positive,Reviewed T1105 activity on HOST-3046; correlated with source 10.136.19.149.,2026-01-02T04:20:00Z
CASE-002188,SOC-004,,ALT-002188,2026-01-02T03:56:00Z,ANL-4007,LOW,CLOSED,FALSE_POSITIVE,Internal Network Port Scan — False Positive,Analysed endpoint telemetry for HOST-3409 tied to T1595 detection.,2026-01-02T07:48:00Z
CASE-002189,SOC-004,,ALT-002189,2026-01-02T02:48:00Z,ANL-4003,MEDIUM,CLOSED,FALSE_POSITIVE,LSASS Memory Access — False Positive,Reviewed and closed.,2026-01-02T06:29:00Z
CASE-002190,SOC-004,,ALT-002190,2026-01-02T15:43:00Z,ANL-4002,LOW,CLOSED,TRUE_POSITIVE,Large Outbound Data Transfer — True Positive,Reviewed and closed.,2026-01-02T23:08:00Z
CASE-002191,SOC-004,,ALT-002191,2026-01-02T04:55:00Z,ANL-4012,LOW,CLOSED,FALSE_POSITIVE,Internal Network Port Scan — False Positive,Traced network flow from 10.177.244.166 to determine scope of T1595 activity on HOST-4531.,2026-01-02T09:40:00Z
CASE-002192,SOC-004,,ALT-002192,2026-01-02T08:53:00Z,ANL-4012,CRITICAL,CLOSED,TRUE_POSITIVE,Ransomware Behaviour Detected — True Positive,Validated authentication logs tied to HOST-1112 to rule out credential compromise.,2026-01-02T09:31:00Z
CASE-002193,SOC-004,,ALT-002193,2026-01-02T20:46:00Z,ANL-4002,HIGH,CLOSED,TRUE_POSITIVE,Internal Network Port Scan — True Positive,"Closed with minimal review — T1595 alert on HOST-3762, no further action taken.",2026-01-02T21:14:00Z
CASE-002194,SOC-004,,ALT-002194,2026-01-02T09:33:00Z,ANL-4009,MEDIUM,CLOSED,TRUE_POSITIVE,Internal Network Port Scan — True Positive,Analysed endpoint telemetry for HOST-1795 tied to T1595 detection.,2026-01-02T11:56:00Z
CASE-002195,SOC-004,,ALT-002195,2026-01-02T07:37:00Z,ANL-4003,LOW,CLOSED,TRUE_POSITIVE,New Registry Run Key Entry — True Positive,Reviewed escalation criteria for HOST-1697; behaviour consistent with known baseline.,2026-01-02T15:14:00Z
CASE-002196,SOC-004,,ALT-002196,2026-01-02T06:59:00Z,ANL-4011,HIGH,CLOSED,TRUE_POSITIVE,Unusual Scheduled Task Created — True Positive,"Closed with minimal review — T1053.005 alert on HOST-3192, no further action taken.",2026-01-02T07:24:00Z
CASE-002197,SOC-004,,ALT-002197,2026-01-02T17:28:00Z,ANL-4007,LOW,CLOSED,TRUE_POSITIVE,Beaconing to Known C2 Domain — True Positive,Cross-referenced 10.95.140.28 against threat intelligence feeds for HOST-1320.,2026-01-03T01:44:00Z
CASE-002198,SOC-004,,ALT-002198,2026-01-02T08:16:00Z,ANL-4013,MEDIUM,CLOSED,FALSE_POSITIVE,Password Spraying Detected — False Positive,Reviewed escalation criteria for HOST-3828; behaviour consistent with known baseline.,2026-01-02T11:13:00Z
CASE-002199,SOC-004,,ALT-002199,2026-01-02T03:45:00Z,ANL-4008,LOW,CLOSED,TRUE_POSITIVE,New Registry Run Key Entry — True Positive,No further action required.,2026-01-02T23:46:00Z
CASE-002200,SOC-004,,ALT-002200,2026-01-02T04:57:00Z,ANL-4001,LOW,CLOSED,FALSE_POSITIVE,Upload to Unapproved Cloud Storage — False Positive,Confirmed T1567 alert on HOST-2086 against recent change records.,2026-01-02T09:35:00Z
CASE-002201,SOC-004,,ALT-002201,2026-01-02T20:14:00Z,ANL-4008,LOW,CLOSED,TRUE_POSITIVE,Unusual Scheduled Task Created — True Positive,No further action required.,2026-01-03T05:02:00Z
CASE-002202,SOC-004,,ALT-002202,2026-01-02T18:05:00Z,ANL-4005,LOW,CLOSED,FALSE_POSITIVE,Suspicious PowerShell — False Positive,"Closed with minimal review — T1059.001 alert on HOST-4215, no further action taken.",2026-01-02T19:00:00Z
CASE-002203,SOC-004,,ALT-002203,2026-01-02T14:59:00Z,ANL-4008,HIGH,CLOSED,TRUE_POSITIVE,Ransomware Behaviour Detected — True Positive,Traced network flow from 10.118.240.172 to determine scope of T1486 activity on HOST-3167.,2026-01-02T16:02:00Z
CASE-002204,SOC-004,,ALT-002204,2026-01-02T18:39:00Z,ANL-4002,LOW,CLOSED,TRUE_POSITIVE,Beaconing to Known C2 Domain — True Positive,Reviewed and closed.,2026-01-03T02:57:00Z
CASE-002205,SOC-004,,ALT-002205,2026-01-02T16:33:00Z,ANL-4010,CRITICAL,CLOSED,TRUE_POSITIVE,Suspicious Binary Download — True Positive,"Closed with minimal review — T1105 alert on HOST-1038, no further action taken.",2026-01-02T17:01:00Z
CASE-002206,SOC-004,,ALT-002206,2026-01-02T17:07:00Z,ANL-4012,CRITICAL,CLOSED,TRUE_POSITIVE,Ransomware Behaviour Detected — True Positive,Confirmed T1486 alert on HOST-4107 against recent change records.,2026-01-02T17:41:00Z
CASE-002207,SOC-004,,ALT-002207,2026-01-02T22:22:00Z,ANL-4011,MEDIUM,CLOSED,TRUE_POSITIVE,Unusual RDP Session — True Positive,Checked process execution history for HOST-1363 following T1021.001 alert.,2026-01-03T01:35:00Z
CASE-002208,SOC-004,,ALT-002208,2026-01-02T16:55:00Z,ANL-4005,MEDIUM,CLOSED,TRUE_POSITIVE,Encoded PowerShell Command — True Positive,Confirmed T1059.001 alert on HOST-4202 against recent change records.,2026-01-02T20:59:00Z
CASE-002209,SOC-004,,ALT-002209,2026-01-02T21:38:00Z,ANL-4012,CRITICAL,CLOSED,FALSE_POSITIVE,Unusual RDP Session — False Positive,Confirmed T1021.001 alert on HOST-2349 against recent change records.,2026-01-02T22:17:00Z
CASE-002210,SOC-004,,ALT-002210,2026-01-02T15:50:00Z,ANL-4003,HIGH,CLOSED,FALSE_POSITIVE,Ransomware Behaviour Detected — False Positive,Reviewed and closed.,2026-01-02T16:41:00Z
CASE-002211,SOC-004,,ALT-002211,2026-01-02T12:19:00Z,ANL-4012,MEDIUM,CLOSED,TRUE_POSITIVE,Unusual SMB Admin Share Access — True Positive,"Closed with minimal review — T1021.002 alert on HOST-3448, no further action taken.",2026-01-02T12:43:00Z
CASE-002212,SOC-004,,ALT-002212,2026-01-02T17:46:00Z,ANL-4004,MEDIUM,CLOSED,FALSE_POSITIVE,Ransomware Behaviour Detected — False Positive,"Closed with minimal review — T1486 alert on HOST-3325, no further action taken.",2026-01-02T21:06:00Z
CASE-002213,SOC-004,,ALT-002213,2026-01-02T07:52:00Z,ANL-4013,LOW,CLOSED,FALSE_POSITIVE,Encoded PowerShell Command — False Positive,"Closed with minimal review — T1059.001 alert on HOST-1442, no further action taken.",2026-01-02T09:07:00Z
CASE-002214,SOC-004,,ALT-002214,2026-01-02T09:37:00Z,ANL-4008,MEDIUM,CLOSED,FALSE_POSITIVE,Suspicious PowerShell — False Positive,No further action required.,2026-01-02T11:48:00Z
CASE-002215,SOC-004,,ALT-002215,2026-01-02T17:36:00Z,ANL-4002,HIGH,CLOSED,TRUE_POSITIVE,Repeated Failed Logins — True Positive,Reviewed and closed.,2026-01-02T18:36:00Z
CASE-002216,SOC-004,,ALT-002216,2026-01-02T08:50:00Z,ANL-4011,HIGH,CLOSED,TRUE_POSITIVE,Ransomware Behaviour Detected — True Positive,Cross-referenced 10.79.165.67 against threat intelligence feeds for HOST-1808.,2026-01-02T16:24:00Z
CASE-002217,SOC-004,,ALT-002217,2026-01-02T20:53:00Z,ANL-4001,LOW,CLOSED,FALSE_POSITIVE,Unusual SMB Admin Share Access — False Positive,Reviewed escalation criteria for HOST-4051; behaviour consistent with known baseline.,2026-01-02T22:29:00Z
CASE-002218,SOC-004,,ALT-002218,2026-01-02T01:40:00Z,ANL-4005,MEDIUM,CLOSED,FALSE_POSITIVE,Internal Network Port Scan — False Positive,Analysed endpoint telemetry for HOST-3021 tied to T1595 detection.,2026-01-02T06:34:00Z
CASE-002219,SOC-004,,ALT-002219,2026-01-02T22:19:00Z,ANL-4008,MEDIUM,CLOSED,FALSE_POSITIVE,Repeated Failed Logins — False Positive,No further action required.,2026-01-02T23:00:00Z
CASE-002220,SOC-004,,ALT-002220,2026-01-02T16:38:00Z,ANL-4013,LOW,CLOSED,TRUE_POSITIVE,Suspicious Binary Download — True Positive,Investigated T1105 indicators on HOST-4906; no further lateral movement observed.,2026-01-02T20:18:00Z
CASE-002221,SOC-004,,ALT-002221,2026-01-02T04:11:00Z,ANL-4010,HIGH,CLOSED,TRUE_POSITIVE,Suspicious PowerShell — True Positive,Investigated T1059.001 indicators on HOST-2342; no further lateral movement observed.,2026-01-02T05:10:00Z
CASE-002222,SOC-004,,ALT-002222,2026-01-02T04:19:00Z,ANL-4002,LOW,CLOSED,TRUE_POSITIVE,Unusual SMB Admin Share Access — True Positive,Reviewed and closed.,2026-01-02T12:28:00Z
CASE-002223,SOC-004,,ALT-002223,2026-01-02T18:23:00Z,ANL-4004,MEDIUM,CLOSED,FALSE_POSITIVE,Ransomware Behaviour Detected — False Positive,"Closed with minimal review — T1486 alert on HOST-4466, no further action taken.",2026-01-02T19:00:00Z
CASE-002224,SOC-004,,ALT-002224,2026-01-02T09:15:00Z,ANL-4001,MEDIUM,CLOSED,FALSE_POSITIVE,Suspicious CMD Execution — False Positive,Reviewed escalation criteria for HOST-1520; behaviour consistent with known baseline.,2026-01-03T04:48:00Z
CASE-002225,SOC-004,,ALT-002225,2026-01-02T00:33:00Z,ANL-4009,LOW,CLOSED,TRUE_POSITIVE,Ransomware Behaviour Detected — True Positive,Traced network flow from 10.173.147.86 to determine scope of T1486 activity on HOST-2456.,2026-01-02T16:11:00Z
CASE-002226,SOC-004,INC-000078,ALT-002226,2026-01-02T11:06:00Z,ANL-4009,CRITICAL,CLOSED,TRUE_POSITIVE,Suspicious Binary Download — True Positive,Reviewed T1105 activity on HOST-1222; correlated with source 10.234.185.93.,2026-01-03T07:08:00Z
CASE-002227,SOC-004,,ALT-002227,2026-01-02T16:02:00Z,ANL-4011,LOW,CLOSED,FALSE_POSITIVE,Suspicious CMD Execution — False Positive,"Closed with minimal review — T1059.003 alert on HOST-1037, no further action taken.",2026-01-02T17:33:00Z
CASE-002228,SOC-004,,ALT-002228,2026-01-02T06:54:00Z,ANL-4012,MEDIUM,CLOSED,TRUE_POSITIVE,Suspicious CMD Execution — True Positive,Manually reviewed HOST-4945 logs; findings documented against case ticket.,2026-01-03T03:22:00Z
CASE-002229,SOC-004,,ALT-002229,2026-01-02T14:47:00Z,ANL-4008,HIGH,CLOSED,FALSE_POSITIVE,Ransomware Behaviour Detected — False Positive,No further action required.,2026-01-02T15:54:00Z
CASE-002230,SOC-004,,ALT-002230,2026-01-02T21:11:00Z,ANL-4008,HIGH,CLOSED,TRUE_POSITIVE,Suspicious PowerShell — True Positive,No further action required.,2026-01-02T22:34:00Z
CASE-002231,SOC-004,,ALT-002231,2026-01-02T16:00:00Z,ANL-4002,CRITICAL,CLOSED,FALSE_POSITIVE,Unusual SMB Admin Share Access — False Positive,Analysed endpoint telemetry for HOST-3955 tied to T1021.002 detection.,2026-01-02T16:33:00Z
CASE-002232,SOC-004,,ALT-002232,2026-01-02T10:44:00Z,ANL-4006,LOW,CLOSED,TRUE_POSITIVE,Encoded PowerShell Command — True Positive,Investigated T1059.001 indicators on HOST-2453; no further lateral movement observed.,2026-01-02T14:58:00Z
CASE-002233,SOC-004,,ALT-002233,2026-01-02T20:56:00Z,ANL-4003,MEDIUM,CLOSED,TRUE_POSITIVE,Unusual Scheduled Task Created — True Positive,Reviewed and closed.,2026-01-02T21:29:00Z
CASE-002234,SOC-004,,ALT-002234,2026-01-02T02:00:00Z,ANL-4006,HIGH,CLOSED,FALSE_POSITIVE,New Registry Run Key Entry — False Positive,"Closed with minimal review — T1547.001 alert on HOST-4829, no further action taken.",2026-01-02T02:49:00Z
CASE-002235,SOC-004,,ALT-002235,2026-01-02T08:11:00Z,ANL-4001,CRITICAL,CLOSED,FALSE_POSITIVE,Suspicious PowerShell — False Positive,"Closed with minimal review — T1059.001 alert on HOST-1690, no further action taken.",2026-01-02T08:49:00Z
CASE-002236,SOC-004,,ALT-002236,2026-01-02T23:11:00Z,ANL-4013,LOW,CLOSED,TRUE_POSITIVE,LSASS Memory Access — True Positive,Traced network flow from 10.131.28.169 to determine scope of T1003 activity on HOST-2982.,2026-01-03T06:26:00Z
CASE-002237,SOC-004,,ALT-002237,2026-01-02T16:44:00Z,ANL-4013,HIGH,CLOSED,TRUE_POSITIVE,Unusual Scheduled Task Created — True Positive,"Closed with minimal review — T1053.005 alert on HOST-3826, no further action taken.",2026-01-02T17:15:00Z
CASE-002238,SOC-004,,ALT-002238,2026-01-02T14:40:00Z,ANL-4011,LOW,CLOSED,TRUE_POSITIVE,Beaconing to Known C2 Domain — True Positive,Cross-referenced 10.199.107.207 against threat intelligence feeds for HOST-3519.,2026-01-02T20:14:00Z
CASE-002239,SOC-004,,ALT-002239,2026-01-02T18:22:00Z,ANL-4009,LOW,CLOSED,TRUE_POSITIVE,Repeated Failed Logins — True Positive,Confirmed T1110 alert on HOST-4094 against recent change records.,2026-01-02T23:57:00Z
CASE-002240,SOC-004,,ALT-002240,2026-01-02T15:25:00Z,ANL-4009,LOW,CLOSED,TRUE_POSITIVE,Upload to Unapproved Cloud Storage — True Positive,Manually reviewed HOST-1327 logs; findings documented against case ticket.,2026-01-02T18:55:00Z
CASE-002241,SOC-004,,ALT-002241,2026-01-02T11:55:00Z,ANL-4011,CRITICAL,CLOSED,TRUE_POSITIVE,Upload to Unapproved Cloud Storage — True Positive,"Closed with minimal review — T1567 alert on HOST-4106, no further action taken.",2026-01-02T12:37:00Z
CASE-002242,SOC-004,,ALT-002242,2026-01-02T17:24:00Z,ANL-4005,HIGH,CLOSED,TRUE_POSITIVE,Suspicious Binary Download — True Positive,Traced network flow from 10.58.245.223 to determine scope of T1105 activity on HOST-1594.,2026-01-03T17:35:00Z
CASE-002243,SOC-004,,ALT-002243,2026-01-02T16:20:00Z,ANL-4012,HIGH,CLOSED,TRUE_POSITIVE,Suspicious CMD Execution — True Positive,Manually reviewed HOST-1114 logs; findings documented against case ticket.,2026-01-02T17:34:00Z
CASE-002244,SOC-004,,ALT-002244,2026-01-02T08:44:00Z,ANL-4010,LOW,CLOSED,FALSE_POSITIVE,Suspicious CMD Execution — False Positive,"Closed with minimal review — T1059.003 alert on HOST-4720, no further action taken.",2026-01-02T16:20:00Z
CASE-002245,SOC-004,,ALT-002245,2026-01-02T06:35:00Z,ANL-4006,MEDIUM,CLOSED,TRUE_POSITIVE,Beaconing to Known C2 Domain — True Positive,Manually reviewed HOST-1094 logs; findings documented against case ticket.,2026-01-02T10:14:00Z
CASE-002246,SOC-004,,ALT-002246,2026-01-02T17:49:00Z,ANL-4006,MEDIUM,CLOSED,TRUE_POSITIVE,Ransomware Behaviour Detected — True Positive,Analysed endpoint telemetry for HOST-1227 tied to T1486 detection.,2026-01-02T19:52:00Z
CASE-002247,SOC-004,,ALT-002247,2026-01-02T07:52:00Z,ANL-4011,MEDIUM,CLOSED,TRUE_POSITIVE,Unusual SMB Admin Share Access — True Positive,Manually reviewed HOST-4955 logs; findings documented against case ticket.,2026-01-02T23:18:00Z
CASE-002248,SOC-004,,ALT-002248,2026-01-02T22:56:00Z,ANL-4003,LOW,CLOSED,FALSE_POSITIVE,Internal Network Port Scan — False Positive,Reviewed and closed.,2026-01-03T14:30:00Z
CASE-002249,SOC-004,,ALT-002249,2026-01-02T15:13:00Z,ANL-4001,LOW,CLOSED,TRUE_POSITIVE,Suspicious Binary Download — True Positive,Manually reviewed HOST-3364 logs; findings documented against case ticket.,2026-01-02T21:15:00Z
CASE-002250,SOC-004,,ALT-002250,2026-01-02T02:58:00Z,ANL-4010,MEDIUM,CLOSED,FALSE_POSITIVE,LSASS Memory Access — False Positive,Reviewed escalation criteria for HOST-3539; behaviour consistent with known baseline.,2026-01-02T07:14:00Z
CASE-002251,SOC-004,,ALT-002251,2026-01-02T07:05:00Z,ANL-4001,CRITICAL,CLOSED,FALSE_POSITIVE,LSASS Memory Access — False Positive,Traced network flow from 10.111.73.25 to determine scope of T1003 activity on HOST-2161.,2026-01-02T07:56:00Z
CASE-002252,SOC-004,,ALT-002252,2026-01-02T07:49:00Z,ANL-4005,CRITICAL,CLOSED,TRUE_POSITIVE,Unusual RDP Session — True Positive,Investigated T1021.001 indicators on HOST-1248; no further lateral movement observed.,2026-01-02T08:45:00Z
CASE-002253,SOC-004,,ALT-002253,2026-01-02T04:10:00Z,ANL-4004,LOW,CLOSED,TRUE_POSITIVE,Upload to Unapproved Cloud Storage — True Positive,"Closed with minimal review — T1567 alert on HOST-4604, no further action taken.",2026-01-02T11:53:00Z
CASE-002254,SOC-004,,ALT-002254,2026-01-02T13:27:00Z,ANL-4013,CRITICAL,CLOSED,TRUE_POSITIVE,Internal Network Port Scan — True Positive,Confirmed T1595 alert on HOST-4963 against recent change records.,2026-01-02T13:53:00Z
CASE-002255,SOC-004,,ALT-002255,2026-01-02T12:35:00Z,ANL-4005,HIGH,CLOSED,TRUE_POSITIVE,Internal Network Port Scan — True Positive,Analysed endpoint telemetry for HOST-1378 tied to T1595 detection.,2026-01-02T13:47:00Z
CASE-002256,SOC-004,,ALT-002256,2026-01-02T12:47:00Z,ANL-4002,CRITICAL,CLOSED,FALSE_POSITIVE,Internal Network Port Scan — False Positive,Reviewed and closed.,2026-01-02T13:24:00Z
CASE-002257,SOC-004,,ALT-002257,2026-01-02T02:42:00Z,ANL-4007,LOW,CLOSED,TRUE_POSITIVE,Upload to Unapproved Cloud Storage — True Positive,Reviewed T1567 activity on HOST-3558; correlated with source 10.75.37.66.,2026-01-02T07:07:00Z
CASE-002258,SOC-004,,ALT-002258,2026-01-02T18:18:00Z,ANL-4003,MEDIUM,CLOSED,TRUE_POSITIVE,Ransomware Behaviour Detected — True Positive,Confirmed T1486 alert on HOST-1908 against recent change records.,2026-01-02T19:13:00Z
CASE-002259,SOC-004,,ALT-002259,2026-01-02T20:17:00Z,ANL-4013,LOW,CLOSED,FALSE_POSITIVE,Beaconing to Known C2 Domain — False Positive,Confirmed T1071.001 alert on HOST-1909 against recent change records.,2026-01-04T04:22:00Z
CASE-002260,SOC-004,,ALT-002260,2026-01-02T14:22:00Z,ANL-4007,LOW,CLOSED,TRUE_POSITIVE,Ransomware Behaviour Detected — True Positive,"Closed with minimal review — T1486 alert on HOST-2657, no further action taken.",2026-01-02T20:13:00Z
CASE-002261,SOC-004,,ALT-002261,2026-01-02T05:07:00Z,ANL-4007,LOW,CLOSED,FALSE_POSITIVE,Suspicious PowerShell — False Positive,"Closed with minimal review — T1059.001 alert on HOST-1580, no further action taken.",2026-01-02T11:06:00Z
CASE-002262,SOC-004,INC-000079,ALT-002262,2026-01-02T01:21:00Z,ANL-4009,CRITICAL,CLOSED,TRUE_POSITIVE,Large Outbound Data Transfer — True Positive,Reviewed escalation criteria for HOST-1175; behaviour consistent with known baseline.,2026-01-02T04:57:00Z
CASE-002263,SOC-004,,ALT-002263,2026-01-02T18:21:00Z,ANL-4001,MEDIUM,CLOSED,TRUE_POSITIVE,Unusual Scheduled Task Created — True Positive,Cross-referenced 10.190.57.54 against threat intelligence feeds for HOST-1146.,2026-01-03T08:53:00Z
CASE-002264,SOC-004,INC-000080,ALT-002264,2026-01-02T18:39:00Z,ANL-4012,CRITICAL,CLOSED,TRUE_POSITIVE,New Registry Run Key Entry — True Positive,Reviewed escalation criteria for HOST-2461; behaviour consistent with known baseline.,2026-01-02T19:06:00Z
CASE-002265,SOC-004,INC-000081,ALT-002265,2026-01-02T22:39:00Z,ANL-4002,CRITICAL,CLOSED,TRUE_POSITIVE,New Registry Run Key Entry — True Positive,Reviewed and closed.,2026-01-02T23:16:00Z
CASE-002266,SOC-004,,ALT-002266,2026-01-02T10:40:00Z,ANL-4010,HIGH,CLOSED,TRUE_POSITIVE,Upload to Unapproved Cloud Storage — True Positive,"Closed with minimal review — T1567 alert on HOST-2484, no further action taken.",2026-01-02T11:13:00Z
CASE-002267,SOC-004,,ALT-002267,2026-01-02T18:17:00Z,ANL-4005,LOW,CLOSED,TRUE_POSITIVE,Unusual SMB Admin Share Access — True Positive,Reviewed T1021.002 activity on HOST-1929; correlated with source 10.149.214.187.,2026-01-02T23:02:00Z
CASE-002268,SOC-004,,ALT-002268,2026-01-02T06:54:00Z,ANL-4011,MEDIUM,CLOSED,TRUE_POSITIVE,Suspicious CMD Execution — True Positive,Reviewed escalation criteria for HOST-4774; behaviour consistent with known baseline.,2026-01-02T11:00:00Z
CASE-002269,SOC-004,,ALT-002269,2026-01-02T23:58:00Z,ANL-4013,MEDIUM,CLOSED,TRUE_POSITIVE,Suspicious Binary Download — True Positive,Validated authentication logs tied to HOST-3287 to rule out credential compromise.,2026-01-03T02:36:00Z
CASE-002270,SOC-004,,ALT-002270,2026-01-02T06:48:00Z,ANL-4010,MEDIUM,CLOSED,FALSE_POSITIVE,Internal Network Port Scan — False Positive,Confirmed T1595 alert on HOST-1400 against recent change records.,2026-01-02T20:52:00Z
CASE-002271,SOC-004,,ALT-002271,2026-01-02T16:52:00Z,ANL-4012,HIGH,CLOSED,FALSE_POSITIVE,Unusual SMB Admin Share Access — False Positive,Reviewed escalation criteria for HOST-1697; behaviour consistent with known baseline.,2026-01-02T18:07:00Z
CASE-002272,SOC-004,,ALT-002272,2026-01-02T09:59:00Z,ANL-4003,LOW,CLOSED,TRUE_POSITIVE,Ransomware Behaviour Detected — True Positive,Reviewed and closed.,2026-01-02T17:56:00Z
CASE-002273,SOC-004,,ALT-002273,2026-01-02T08:51:00Z,ANL-4006,LOW,CLOSED,TRUE_POSITIVE,Upload to Unapproved Cloud Storage — True Positive,Manually reviewed HOST-4237 logs; findings documented against case ticket.,2026-01-02T14:37:00Z
CASE-002274,SOC-004,,ALT-002274,2026-01-02T20:07:00Z,ANL-4010,MEDIUM,CLOSED,FALSE_POSITIVE,Ransomware Behaviour Detected — False Positive,"Closed with minimal review — T1486 alert on HOST-4898, no further action taken.",2026-01-02T20:54:00Z
CASE-002275,SOC-004,,ALT-002275,2026-01-02T12:07:00Z,ANL-4008,LOW,CLOSED,TRUE_POSITIVE,Suspicious PowerShell — True Positive,No further action required.,2026-01-02T13:02:00Z
CASE-002276,SOC-004,,ALT-002276,2026-01-02T09:51:00Z,ANL-4008,HIGH,CLOSED,FALSE_POSITIVE,New Registry Run Key Entry — False Positive,No further action required.,2026-01-02T10:38:00Z
CASE-002277,SOC-004,,ALT-002277,2026-01-02T16:07:00Z,ANL-4013,CRITICAL,CLOSED,TRUE_POSITIVE,Repeated Failed Logins — True Positive,Checked process execution history for HOST-2507 following T1110 alert.,2026-01-02T16:58:00Z
CASE-002278,SOC-004,,ALT-002278,2026-01-02T04:39:00Z,ANL-4008,HIGH,CLOSED,TRUE_POSITIVE,Suspicious Binary Download — True Positive,No further action required.,2026-01-02T06:54:00Z
CASE-002279,SOC-004,,ALT-002279,2026-01-02T21:44:00Z,ANL-4011,LOW,CLOSED,TRUE_POSITIVE,Ransomware Behaviour Detected — True Positive,Analysed endpoint telemetry for HOST-3064 tied to T1486 detection.,2026-01-03T04:36:00Z
CASE-002280,SOC-004,,ALT-002280,2026-01-02T12:54:00Z,ANL-4007,MEDIUM,CLOSED,TRUE_POSITIVE,Unusual RDP Session — True Positive,"Closed with minimal review — T1021.001 alert on HOST-1489, no further action taken.",2026-01-02T13:47:00Z
CASE-002281,SOC-004,,ALT-002281,2026-01-02T14:52:00Z,ANL-4002,LOW,CLOSED,TRUE_POSITIVE,Internal Network Port Scan — True Positive,Reviewed and closed.,2026-01-02T15:45:00Z
CASE-002282,SOC-004,,ALT-002282,2026-01-02T02:00:00Z,ANL-4013,LOW,CLOSED,TRUE_POSITIVE,Internal Network Port Scan — True Positive,Analysed endpoint telemetry for HOST-2204 tied to T1595 detection.,2026-01-03T06:05:00Z
CASE-002283,SOC-004,,ALT-002283,2026-01-02T15:42:00Z,ANL-4002,HIGH,CLOSED,TRUE_POSITIVE,Upload to Unapproved Cloud Storage — True Positive,Reviewed and closed.,2026-01-02T19:30:00Z
CASE-002284,SOC-004,,ALT-002284,2026-01-02T03:04:00Z,ANL-4013,MEDIUM,CLOSED,TRUE_POSITIVE,Unusual RDP Session — True Positive,Analysed endpoint telemetry for HOST-1780 tied to T1021.001 detection.,2026-01-02T14:36:00Z
CASE-002285,SOC-004,,ALT-002285,2026-01-02T13:03:00Z,ANL-4006,LOW,CLOSED,FALSE_POSITIVE,Ransomware Behaviour Detected — False Positive,Confirmed T1486 alert on HOST-1040 against recent change records.,2026-01-02T18:12:00Z
CASE-002286,SOC-004,,ALT-002286,2026-01-02T23:09:00Z,ANL-4005,LOW,CLOSED,FALSE_POSITIVE,Unusual SMB Admin Share Access — False Positive,"Closed with minimal review — T1021.002 alert on HOST-1091, no further action taken.",2026-01-03T00:54:00Z
CASE-002287,SOC-004,,ALT-002287,2026-01-02T05:30:00Z,ANL-4004,LOW,CLOSED,TRUE_POSITIVE,Internal Network Port Scan — True Positive,Confirmed T1595 alert on HOST-3605 against recent change records.,2026-01-02T09:15:00Z
CASE-002288,SOC-004,,ALT-002288,2026-01-02T07:38:00Z,ANL-4012,LOW,CLOSED,TRUE_POSITIVE,Internal Network Port Scan — True Positive,"Closed with minimal review — T1595 alert on HOST-1037, no further action taken.",2026-01-02T09:07:00Z
CASE-002289,SOC-004,,ALT-002289,2026-01-02T10:58:00Z,ANL-4011,MEDIUM,CLOSED,TRUE_POSITIVE,Ransomware Behaviour Detected — True Positive,"Closed with minimal review — T1486 alert on HOST-4375, no further action taken.",2026-01-02T11:44:00Z
CASE-002290,SOC-004,,ALT-002290,2026-01-02T00:32:00Z,ANL-4011,LOW,CLOSED,TRUE_POSITIVE,Suspicious PowerShell — True Positive,Reviewed escalation criteria for HOST-2880; behaviour consistent with known baseline.,2026-01-02T07:13:00Z
CASE-002291,SOC-004,,ALT-002291,2026-01-02T20:59:00Z,ANL-4003,HIGH,CLOSED,TRUE_POSITIVE,LSASS Memory Access — True Positive,Reviewed and closed.,2026-01-02T21:33:00Z
CASE-002292,SOC-004,,ALT-002292,2026-01-02T23:43:00Z,ANL-4004,HIGH,CLOSED,TRUE_POSITIVE,Suspicious Binary Download — True Positive,"Closed with minimal review — T1105 alert on HOST-4951, no further action taken.",2026-01-03T00:12:00Z
CASE-002293,SOC-004,,ALT-002293,2026-01-02T10:44:00Z,ANL-4013,LOW,CLOSED,TRUE_POSITIVE,Unusual RDP Session — True Positive,Cross-referenced 10.112.106.85 against threat intelligence feeds for HOST-1696.,2026-01-02T18:40:00Z
CASE-002294,SOC-004,,ALT-002294,2026-01-02T16:09:00Z,ANL-4002,LOW,CLOSED,FALSE_POSITIVE,Unusual SMB Admin Share Access — False Positive,Reviewed and closed.,2026-01-02T22:38:00Z
CASE-002295,SOC-004,,ALT-002295,2026-01-02T15:45:00Z,ANL-4004,MEDIUM,CLOSED,TRUE_POSITIVE,Ransomware Behaviour Detected — True Positive,Analysed endpoint telemetry for HOST-2664 tied to T1486 detection.,2026-01-02T20:09:00Z
CASE-002296,SOC-004,,ALT-002296,2026-01-02T16:40:00Z,ANL-4013,MEDIUM,CLOSED,FALSE_POSITIVE,Internal Network Port Scan — False Positive,"Closed with minimal review — T1595 alert on HOST-1085, no further action taken.",2026-01-02T17:20:00Z
CASE-002297,SOC-004,,ALT-002297,2026-01-02T23:14:00Z,ANL-4004,MEDIUM,CLOSED,FALSE_POSITIVE,Unusual RDP Session — False Positive,"Closed with minimal review — T1021.001 alert on HOST-3749, no further action taken.",2026-01-02T23:48:00Z
CASE-002298,SOC-004,,ALT-002298,2026-01-02T20:18:00Z,ANL-4002,MEDIUM,CLOSED,TRUE_POSITIVE,Large Outbound Data Transfer — True Positive,Reviewed and closed.,2026-01-03T00:18:00Z
CASE-002299,SOC-004,,ALT-002299,2026-01-02T04:47:00Z,ANL-4001,HIGH,CLOSED,TRUE_POSITIVE,Upload to Unapproved Cloud Storage — True Positive,Reviewed escalation criteria for HOST-1478; behaviour consistent with known baseline.,2026-01-02T09:22:00Z
CASE-002300,SOC-004,,ALT-002300,2026-01-02T04:24:00Z,ANL-4010,HIGH,CLOSED,TRUE_POSITIVE,Unusual RDP Session — True Positive,Checked process execution history for HOST-1597 following T1021.001 alert.,2026-01-02T05:19:00Z
CASE-002301,SOC-004,INC-000082,ALT-002301,2026-01-02T14:04:00Z,ANL-4012,CRITICAL,CLOSED,TRUE_POSITIVE,Internal Network Port Scan — True Positive,Manually reviewed HOST-1585 logs; findings documented against case ticket.,2026-01-02T17:04:00Z
CASE-002302,SOC-004,,ALT-002302,2026-01-02T02:14:00Z,ANL-4001,LOW,CLOSED,FALSE_POSITIVE,Beaconing to Known C2 Domain — False Positive,Cross-referenced 10.196.73.251 against threat intelligence feeds for HOST-3270.,2026-01-03T17:15:00Z
CASE-002303,SOC-004,INC-000083,ALT-002303,2026-01-02T02:01:00Z,ANL-4002,CRITICAL,CLOSED,TRUE_POSITIVE,Large Outbound Data Transfer — True Positive,Reviewed and closed.,2026-01-02T02:40:00Z
CASE-002304,SOC-004,,ALT-002304,2026-01-02T12:41:00Z,ANL-4002,HIGH,CLOSED,TRUE_POSITIVE,Unusual SMB Admin Share Access — True Positive,Reviewed and closed.,2026-01-02T13:48:00Z
CASE-002305,SOC-004,,ALT-002305,2026-01-02T21:24:00Z,ANL-4001,LOW,CLOSED,FALSE_POSITIVE,Unusual RDP Session — False Positive,Reviewed escalation criteria for HOST-1184; behaviour consistent with known baseline.,2026-01-03T05:21:00Z
CASE-002306,SOC-004,,ALT-002306,2026-01-02T18:19:00Z,ANL-4012,MEDIUM,CLOSED,TRUE_POSITIVE,Large Outbound Data Transfer — True Positive,Validated authentication logs tied to HOST-2073 to rule out credential compromise.,2026-01-03T17:02:00Z
CASE-002307,SOC-004,,ALT-002307,2026-01-02T03:15:00Z,ANL-4004,MEDIUM,CLOSED,FALSE_POSITIVE,LSASS Memory Access — False Positive,"Closed with minimal review — T1003 alert on HOST-1085, no further action taken.",2026-01-02T03:58:00Z
CASE-002308,SOC-004,,ALT-002308,2026-01-02T23:40:00Z,ANL-4003,HIGH,CLOSED,FALSE_POSITIVE,Repeated Failed Logins — False Positive,"Closed with minimal review — T1110 alert on HOST-2517, no further action taken.",2026-01-03T00:17:00Z
CASE-002309,SOC-004,,ALT-002309,2026-01-02T16:09:00Z,ANL-4009,LOW,CLOSED,TRUE_POSITIVE,New Registry Run Key Entry — True Positive,Analysed endpoint telemetry for HOST-4516 tied to T1547.001 detection.,2026-01-02T23:13:00Z
CASE-002310,SOC-004,,ALT-002310,2026-01-02T08:17:00Z,ANL-4003,LOW,CLOSED,FALSE_POSITIVE,Ransomware Behaviour Detected — False Positive,Investigated T1486 indicators on HOST-2715; no further lateral movement observed.,2026-01-03T13:22:00Z
CASE-002311,SOC-004,,ALT-002311,2026-01-02T18:35:00Z,ANL-4013,MEDIUM,CLOSED,FALSE_POSITIVE,Encoded PowerShell Command — False Positive,Reviewed escalation criteria for HOST-3215; behaviour consistent with known baseline.,2026-01-03T09:10:00Z
CASE-002312,SOC-004,,ALT-002312,2026-01-02T06:41:00Z,ANL-4013,MEDIUM,CLOSED,TRUE_POSITIVE,Upload to Unapproved Cloud Storage — True Positive,"Closed with minimal review — T1567 alert on HOST-1037, no further action taken.",2026-01-02T07:34:00Z
CASE-002313,SOC-004,,ALT-002313,2026-01-02T18:03:00Z,ANL-4009,MEDIUM,CLOSED,TRUE_POSITIVE,Internal Network Port Scan — True Positive,Reviewed escalation criteria for HOST-2098; behaviour consistent with known baseline.,2026-01-02T21:59:00Z
CASE-002314,SOC-004,,ALT-002314,2026-01-02T09:18:00Z,ANL-4004,LOW,CLOSED,TRUE_POSITIVE,Password Spraying Detected — True Positive,"Closed with minimal review — T1110 alert on HOST-3751, no further action taken.",2026-01-02T16:46:00Z
CASE-002315,SOC-004,,ALT-002315,2026-01-02T13:38:00Z,ANL-4012,MEDIUM,CLOSED,TRUE_POSITIVE,Internal Network Port Scan — True Positive,Reviewed T1595 activity on HOST-4259; correlated with source 10.243.119.166.,2026-01-03T05:41:00Z
CASE-002316,SOC-004,,ALT-002316,2026-01-02T00:07:00Z,ANL-4012,LOW,CLOSED,FALSE_POSITIVE,Ransomware Behaviour Detected — False Positive,Reviewed T1486 activity on HOST-4233; correlated with source 10.148.116.192.,2026-01-02T04:43:00Z
CASE-002317,SOC-004,,ALT-002317,2026-01-02T03:21:00Z,ANL-4012,HIGH,CLOSED,TRUE_POSITIVE,LSASS Memory Access — True Positive,Checked process execution history for HOST-1199 following T1003 alert.,2026-01-02T04:37:00Z
CASE-002318,SOC-004,,ALT-002318,2026-01-02T07:47:00Z,ANL-4005,MEDIUM,CLOSED,TRUE_POSITIVE,Internal Network Port Scan — True Positive,"Closed with minimal review — T1595 alert on HOST-1085, no further action taken.",2026-01-02T08:37:00Z
CASE-002319,SOC-004,,ALT-002319,2026-01-02T07:17:00Z,ANL-4004,MEDIUM,CLOSED,FALSE_POSITIVE,Large Outbound Data Transfer — False Positive,Manually reviewed HOST-3861 logs; findings documented against case ticket.,2026-01-02T10:53:00Z
CASE-002320,SOC-004,INC-000084,ALT-002320,2026-01-02T14:38:00Z,ANL-4004,CRITICAL,CLOSED,TRUE_POSITIVE,LSASS Memory Access — True Positive,Manually reviewed HOST-4047 logs; findings documented against case ticket.,2026-01-02T15:24:00Z
CASE-002321,SOC-004,,ALT-002321,2026-01-02T17:57:00Z,ANL-4007,CRITICAL,CLOSED,TRUE_POSITIVE,New Registry Run Key Entry — True Positive,Checked process execution history for HOST-3213 following T1547.001 alert.,2026-01-02T18:42:00Z
CASE-002322,SOC-004,,ALT-002322,2026-01-02T02:43:00Z,ANL-4010,MEDIUM,CLOSED,TRUE_POSITIVE,Ransomware Behaviour Detected — True Positive,Reviewed T1486 activity on HOST-1018; correlated with source 10.226.104.211.,2026-01-02T03:43:00Z
CASE-002323,SOC-004,,ALT-002323,2026-01-02T00:06:00Z,ANL-4013,MEDIUM,CLOSED,TRUE_POSITIVE,Ransomware Behaviour Detected — True Positive,Reviewed escalation criteria for HOST-4603; behaviour consistent with known baseline.,2026-01-03T05:49:00Z
CASE-002324,SOC-004,,ALT-002324,2026-01-02T16:53:00Z,ANL-4011,HIGH,CLOSED,TRUE_POSITIVE,Upload to Unapproved Cloud Storage — True Positive,"Closed with minimal review — T1567 alert on HOST-4540, no further action taken.",2026-01-02T17:23:00Z
CASE-002325,SOC-004,,ALT-002325,2026-01-02T14:55:00Z,ANL-4003,LOW,CLOSED,TRUE_POSITIVE,Unusual RDP Session — True Positive,Reviewed and closed.,2026-01-02T23:29:00Z
CASE-002326,SOC-004,,ALT-002326,2026-01-02T05:09:00Z,ANL-4005,LOW,CLOSED,TRUE_POSITIVE,Beaconing to Known C2 Domain — True Positive,"Closed with minimal review — T1071.001 alert on HOST-1726, no further action taken.",2026-01-02T08:50:00Z
CASE-002327,SOC-004,,ALT-002327,2026-01-02T18:52:00Z,ANL-4004,CRITICAL,CLOSED,TRUE_POSITIVE,Suspicious CMD Execution — True Positive,"Closed with minimal review — T1059.003 alert on HOST-1607, no further action taken.",2026-01-02T19:22:00Z
CASE-002328,SOC-004,,ALT-002328,2026-01-02T03:00:00Z,ANL-4009,MEDIUM,CLOSED,TRUE_POSITIVE,Unusual Scheduled Task Created — True Positive,Cross-referenced 10.62.96.105 against threat intelligence feeds for HOST-4454.,2026-01-02T20:34:00Z
CASE-002329,SOC-004,,ALT-002329,2026-01-02T05:12:00Z,ANL-4012,LOW,CLOSED,TRUE_POSITIVE,Beaconing to Known C2 Domain — True Positive,Checked process execution history for HOST-2002 following T1071.001 alert.,2026-01-02T12:18:00Z
CASE-002330,SOC-004,,ALT-002330,2026-01-02T02:00:00Z,ANL-4006,LOW,CLOSED,TRUE_POSITIVE,Encoded PowerShell Command — True Positive,Checked process execution history for HOST-1581 following T1059.001 alert.,2026-01-02T08:19:00Z
CASE-002331,SOC-004,,ALT-002331,2026-01-02T06:46:00Z,ANL-4002,LOW,CLOSED,FALSE_POSITIVE,Unusual Scheduled Task Created — False Positive,Reviewed and closed.,2026-01-02T13:13:00Z
CASE-002332,SOC-004,,ALT-002332,2026-01-02T11:09:00Z,ANL-4011,LOW,CLOSED,TRUE_POSITIVE,Unusual RDP Session — True Positive,"Closed with minimal review — T1021.001 alert on HOST-4140, no further action taken.",2026-01-02T11:49:00Z
CASE-002333,SOC-004,,ALT-002333,2026-01-02T00:06:00Z,ANL-4004,HIGH,CLOSED,TRUE_POSITIVE,LSASS Memory Access — True Positive,"Closed with minimal review — T1003 alert on HOST-3888, no further action taken.",2026-01-02T00:56:00Z
CASE-002334,SOC-004,,ALT-002334,2026-01-02T01:45:00Z,ANL-4011,MEDIUM,CLOSED,FALSE_POSITIVE,Ransomware Behaviour Detected — False Positive,"Closed with minimal review — T1486 alert on HOST-4858, no further action taken.",2026-01-02T02:33:00Z
CASE-002335,SOC-004,,ALT-002335,2026-01-02T16:07:00Z,ANL-4010,HIGH,CLOSED,FALSE_POSITIVE,Password Spraying Detected — False Positive,"Closed with minimal review — T1110 alert on HOST-2072, no further action taken.",2026-01-02T17:42:00Z
CASE-002336,SOC-004,,ALT-002336,2026-01-02T05:25:00Z,ANL-4010,LOW,CLOSED,TRUE_POSITIVE,Ransomware Behaviour Detected — True Positive,Reviewed T1486 activity on HOST-1507; correlated with source 10.138.183.58.,2026-01-03T09:27:00Z
CASE-002337,SOC-004,,ALT-002337,2026-01-02T08:21:00Z,ANL-4010,MEDIUM,CLOSED,TRUE_POSITIVE,Beaconing to Known C2 Domain — True Positive,"Closed with minimal review — T1071.001 alert on HOST-2638, no further action taken.",2026-01-02T09:21:00Z
CASE-002338,SOC-004,,ALT-002338,2026-01-02T22:36:00Z,ANL-4012,HIGH,CLOSED,FALSE_POSITIVE,Upload to Unapproved Cloud Storage — False Positive,Cross-referenced 10.190.143.82 against threat intelligence feeds for HOST-3885.,2026-01-02T23:49:00Z
CASE-002339,SOC-004,,ALT-002339,2026-01-02T14:55:00Z,ANL-4005,MEDIUM,CLOSED,TRUE_POSITIVE,Unusual RDP Session — True Positive,Reviewed T1021.001 activity on HOST-4646; correlated with source 10.142.164.211.,2026-01-02T16:58:00Z
CASE-002340,SOC-004,,ALT-002340,2026-01-02T03:55:00Z,ANL-4009,LOW,CLOSED,TRUE_POSITIVE,Beaconing to Known C2 Domain — True Positive,Validated authentication logs tied to HOST-1428 to rule out credential compromise.,2026-01-03T02:59:00Z
CASE-002341,SOC-004,,ALT-002341,2026-01-02T09:00:00Z,ANL-4008,LOW,CLOSED,TRUE_POSITIVE,Unusual SMB Admin Share Access — True Positive,No further action required.,2026-01-02T13:16:00Z
CASE-002342,SOC-004,,ALT-002342,2026-01-02T14:16:00Z,ANL-4012,LOW,CLOSED,TRUE_POSITIVE,Unusual SMB Admin Share Access — True Positive,Checked process execution history for HOST-2943 following T1021.002 alert.,2026-01-02T22:21:00Z
CASE-002343,SOC-004,,ALT-002343,2026-01-02T13:29:00Z,ANL-4010,LOW,CLOSED,TRUE_POSITIVE,Ransomware Behaviour Detected — True Positive,Validated authentication logs tied to HOST-3336 to rule out credential compromise.,2026-01-04T02:32:00Z
CASE-002344,SOC-004,,ALT-002344,2026-01-02T02:31:00Z,ANL-4012,MEDIUM,CLOSED,TRUE_POSITIVE,Ransomware Behaviour Detected — True Positive,Analysed endpoint telemetry for HOST-2186 tied to T1486 detection.,2026-01-02T04:47:00Z
CASE-002345,SOC-004,,ALT-002345,2026-01-02T03:32:00Z,ANL-4005,MEDIUM,CLOSED,TRUE_POSITIVE,Suspicious Binary Download — True Positive,Checked process execution history for HOST-2608 following T1105 alert.,2026-01-02T04:15:00Z
CASE-002346,SOC-004,,ALT-002346,2026-01-02T23:21:00Z,ANL-4007,LOW,CLOSED,TRUE_POSITIVE,Password Spraying Detected — True Positive,"Closed with minimal review — T1110 alert on HOST-2586, no further action taken.",2026-01-03T00:13:00Z
CASE-002347,SOC-004,,ALT-002347,2026-01-02T23:30:00Z,ANL-4011,LOW,CLOSED,TRUE_POSITIVE,Ransomware Behaviour Detected — True Positive,Confirmed T1486 alert on HOST-4283 against recent change records.,2026-01-03T06:39:00Z
CASE-002348,SOC-004,,ALT-002348,2026-01-02T05:27:00Z,ANL-4002,LOW,CLOSED,TRUE_POSITIVE,New Registry Run Key Entry — True Positive,Reviewed and closed.,2026-01-02T13:43:00Z
CASE-002349,SOC-004,,ALT-002349,2026-01-02T06:34:00Z,ANL-4011,LOW,CLOSED,TRUE_POSITIVE,Unusual RDP Session — True Positive,Reviewed T1021.001 activity on HOST-3193; correlated with source 10.93.157.159.,2026-01-02T15:14:00Z
CASE-002350,SOC-004,,ALT-002350,2026-01-02T12:04:00Z,ANL-4007,HIGH,CLOSED,TRUE_POSITIVE,Large Outbound Data Transfer — True Positive,Confirmed T1041 alert on HOST-1400 against recent change records.,2026-01-03T11:27:00Z
CASE-002351,SOC-004,,ALT-002351,2026-01-02T01:10:00Z,ANL-4005,HIGH,CLOSED,FALSE_POSITIVE,Ransomware Behaviour Detected — False Positive,Checked process execution history for HOST-4479 following T1486 alert.,2026-01-02T02:08:00Z
CASE-002352,SOC-004,,ALT-002352,2026-01-02T22:22:00Z,ANL-4013,LOW,CLOSED,TRUE_POSITIVE,Beaconing to Known C2 Domain — True Positive,Validated authentication logs tied to HOST-2135 to rule out credential compromise.,2026-01-02T23:54:00Z
CASE-002353,SOC-004,,ALT-002353,2026-01-02T12:36:00Z,ANL-4013,MEDIUM,CLOSED,TRUE_POSITIVE,Unusual SMB Admin Share Access — True Positive,Investigated T1021.002 indicators on HOST-2023; no further lateral movement observed.,2026-01-02T16:17:00Z
CASE-002354,SOC-004,INC-000085,ALT-002354,2026-01-02T05:01:00Z,ANL-4006,CRITICAL,CLOSED,TRUE_POSITIVE,Unusual RDP Session — True Positive,Reviewed T1021.001 activity on HOST-1362; correlated with source 10.217.1.98.,2026-01-02T09:03:00Z
CASE-002355,SOC-004,,ALT-002355,2026-01-02T13:29:00Z,ANL-4005,LOW,CLOSED,TRUE_POSITIVE,Encoded PowerShell Command — True Positive,"Closed with minimal review — T1059.001 alert on HOST-3351, no further action taken.",2026-01-02T14:17:00Z
CASE-002356,SOC-004,,ALT-002356,2026-01-02T06:01:00Z,ANL-4004,LOW,CLOSED,FALSE_POSITIVE,Unusual Scheduled Task Created — False Positive,Confirmed T1053.005 alert on HOST-1736 against recent change records.,2026-01-02T11:11:00Z
CASE-002357,SOC-004,,ALT-002357,2026-01-02T17:21:00Z,ANL-4002,LOW,CLOSED,TRUE_POSITIVE,Beaconing to Known C2 Domain — True Positive,Manually reviewed HOST-4656 logs; findings documented against case ticket.,2026-01-02T22:42:00Z
CASE-002358,SOC-004,,ALT-002358,2026-01-02T00:47:00Z,ANL-4008,MEDIUM,CLOSED,TRUE_POSITIVE,Internal Network Port Scan — True Positive,No further action required.,2026-01-02T03:10:00Z
CASE-002359,SOC-004,,ALT-002359,2026-01-02T17:30:00Z,ANL-4011,LOW,CLOSED,TRUE_POSITIVE,Large Outbound Data Transfer — True Positive,Manually reviewed HOST-3096 logs; findings documented against case ticket.,2026-01-03T00:28:00Z
CASE-002360,SOC-004,,ALT-002360,2026-01-02T18:35:00Z,ANL-4006,MEDIUM,CLOSED,FALSE_POSITIVE,Beaconing to Known C2 Domain — False Positive,Traced network flow from 10.4.14.221 to determine scope of T1071.001 activity on HOST-3976.,2026-01-02T21:06:00Z
CASE-002361,SOC-004,,ALT-002361,2026-01-02T07:16:00Z,ANL-4008,CRITICAL,CLOSED,FALSE_POSITIVE,Suspicious CMD Execution — False Positive,No further action required.,2026-01-02T08:09:00Z
CASE-002362,SOC-004,,ALT-002362,2026-01-02T06:06:00Z,ANL-4013,MEDIUM,CLOSED,FALSE_POSITIVE,Beaconing to Known C2 Domain — False Positive,Investigated T1071.001 indicators on HOST-3347; no further lateral movement observed.,2026-01-02T06:51:00Z
CASE-002363,SOC-004,,ALT-002363,2026-01-02T04:26:00Z,ANL-4003,MEDIUM,CLOSED,FALSE_POSITIVE,Unusual Scheduled Task Created — False Positive,Reviewed and closed.,2026-01-02T06:38:00Z
CASE-002364,SOC-004,,ALT-002364,2026-01-02T05:17:00Z,ANL-4006,MEDIUM,CLOSED,TRUE_POSITIVE,Repeated Failed Logins — True Positive,Traced network flow from 10.247.152.231 to determine scope of T1110 activity on HOST-3936.,2026-01-02T06:17:00Z
CASE-002365,SOC-004,,ALT-002365,2026-01-02T18:26:00Z,ANL-4001,LOW,CLOSED,FALSE_POSITIVE,Password Spraying Detected — False Positive,Reviewed escalation criteria for HOST-2530; behaviour consistent with known baseline.,2026-01-04T05:30:00Z
CASE-002366,SOC-004,,ALT-002366,2026-01-02T03:17:00Z,ANL-4011,MEDIUM,CLOSED,FALSE_POSITIVE,Internal Network Port Scan — False Positive,Confirmed T1595 alert on HOST-1288 against recent change records.,2026-01-02T06:15:00Z
CASE-002367,SOC-004,,ALT-002367,2026-01-02T22:43:00Z,ANL-4005,MEDIUM,CLOSED,TRUE_POSITIVE,Unusual Scheduled Task Created — True Positive,Investigated T1053.005 indicators on HOST-2148; no further lateral movement observed.,2026-01-03T00:40:00Z
CASE-002368,SOC-004,INC-000086,ALT-002368,2026-01-02T10:27:00Z,ANL-4008,CRITICAL,CLOSED,TRUE_POSITIVE,LSASS Memory Access — True Positive,Traced network flow from 10.39.159.249 to determine scope of T1003 activity on HOST-3743.,2026-01-02T11:13:00Z
CASE-002369,SOC-004,,ALT-002369,2026-01-02T04:50:00Z,ANL-4008,LOW,CLOSED,TRUE_POSITIVE,Large Outbound Data Transfer — True Positive,No further action required.,2026-01-03T20:53:00Z
CASE-002370,SOC-004,,ALT-002370,2026-01-02T13:48:00Z,ANL-4006,LOW,CLOSED,TRUE_POSITIVE,Suspicious PowerShell — True Positive,Reviewed escalation criteria for HOST-2171; behaviour consistent with known baseline.,2026-01-02T18:14:00Z
CASE-002371,SOC-004,,ALT-002371,2026-01-02T14:03:00Z,ANL-4008,LOW,CLOSED,TRUE_POSITIVE,Internal Network Port Scan — True Positive,No further action required.,2026-01-02T18:05:00Z
CASE-002372,SOC-004,,ALT-002372,2026-01-02T02:45:00Z,ANL-4012,MEDIUM,CLOSED,TRUE_POSITIVE,New Registry Run Key Entry — True Positive,"Closed with minimal review — T1547.001 alert on HOST-3818, no further action taken.",2026-01-02T03:37:00Z
CASE-002373,SOC-004,,ALT-002373,2026-01-02T12:53:00Z,ANL-4003,MEDIUM,CLOSED,FALSE_POSITIVE,Ransomware Behaviour Detected — False Positive,Traced network flow from 10.9.132.232 to determine scope of T1486 activity on HOST-2411.,2026-01-02T17:16:00Z
CASE-002374,SOC-004,,ALT-002374,2026-01-02T18:05:00Z,ANL-4001,MEDIUM,CLOSED,TRUE_POSITIVE,Internal Network Port Scan — True Positive,Reviewed escalation criteria for HOST-1840; behaviour consistent with known baseline.,2026-01-02T20:34:00Z
CASE-002375,SOC-004,,ALT-002375,2026-01-02T05:57:00Z,ANL-4004,MEDIUM,CLOSED,TRUE_POSITIVE,Internal Network Port Scan — True Positive,Traced network flow from 10.148.72.223 to determine scope of T1595 activity on HOST-3408.,2026-01-02T12:17:00Z
CASE-002376,SOC-004,,ALT-002376,2026-01-02T06:07:00Z,ANL-4010,LOW,CLOSED,TRUE_POSITIVE,Internal Network Port Scan — True Positive,Traced network flow from 10.35.98.190 to determine scope of T1595 activity on HOST-1073.,2026-01-02T10:46:00Z
CASE-002377,SOC-004,,ALT-002377,2026-01-02T15:09:00Z,ANL-4004,LOW,CLOSED,FALSE_POSITIVE,Ransomware Behaviour Detected — False Positive,Manually reviewed HOST-1493 logs; findings documented against case ticket.,2026-01-02T21:59:00Z
CASE-002378,SOC-004,,ALT-002378,2026-01-02T06:26:00Z,ANL-4010,LOW,CLOSED,TRUE_POSITIVE,Suspicious Binary Download — True Positive,"Closed with minimal review — T1105 alert on HOST-1461, no further action taken.",2026-01-02T07:24:00Z
CASE-002379,SOC-004,,ALT-002379,2026-01-02T00:00:00Z,ANL-4005,MEDIUM,CLOSED,FALSE_POSITIVE,Ransomware Behaviour Detected — False Positive,"Closed with minimal review — T1486 alert on HOST-4748, no further action taken.",2026-01-02T02:22:00Z
CASE-002380,SOC-004,,ALT-002380,2026-01-02T09:17:00Z,ANL-4010,MEDIUM,CLOSED,FALSE_POSITIVE,Internal Network Port Scan — False Positive,"Closed with minimal review — T1595 alert on HOST-2047, no further action taken.",2026-01-02T10:02:00Z
CASE-002381,SOC-004,,ALT-002381,2026-01-02T04:38:00Z,ANL-4008,HIGH,CLOSED,FALSE_POSITIVE,Beaconing to Known C2 Domain — False Positive,No further action required.,2026-01-02T09:39:00Z
CASE-002382,SOC-004,,ALT-002382,2026-01-02T20:38:00Z,ANL-4011,HIGH,CLOSED,TRUE_POSITIVE,Unusual Scheduled Task Created — True Positive,Manually reviewed HOST-3340 logs; findings documented against case ticket.,2026-01-02T21:30:00Z
CASE-002383,SOC-004,,ALT-002383,2026-01-02T01:03:00Z,ANL-4013,LOW,CLOSED,TRUE_POSITIVE,Suspicious CMD Execution — True Positive,Checked process execution history for HOST-2482 following T1059.003 alert.,2026-01-03T09:07:00Z
CASE-002384,SOC-004,INC-000087,ALT-002384,2026-01-02T02:26:00Z,ANL-4005,CRITICAL,CLOSED,TRUE_POSITIVE,Suspicious Binary Download — True Positive,Traced network flow from 10.66.120.99 to determine scope of T1105 activity on HOST-4063.,2026-01-02T03:14:00Z
CASE-002385,SOC-004,,ALT-002385,2026-01-02T15:53:00Z,ANL-4009,MEDIUM,CLOSED,FALSE_POSITIVE,Suspicious CMD Execution — False Positive,"Closed with minimal review — T1059.003 alert on HOST-1085, no further action taken.",2026-01-02T16:36:00Z
CASE-002386,SOC-004,,ALT-002386,2026-01-02T16:15:00Z,ANL-4007,MEDIUM,CLOSED,FALSE_POSITIVE,Suspicious CMD Execution — False Positive,Cross-referenced 10.14.92.220 against threat intelligence feeds for HOST-3523.,2026-01-03T08:16:00Z
CASE-002387,SOC-004,,ALT-002387,2026-01-02T02:44:00Z,ANL-4013,MEDIUM,CLOSED,TRUE_POSITIVE,LSASS Memory Access — True Positive,"Closed with minimal review — T1003 alert on HOST-3155, no further action taken.",2026-01-02T06:09:00Z
CASE-002388,SOC-004,,ALT-002388,2026-01-02T04:27:00Z,ANL-4001,LOW,CLOSED,TRUE_POSITIVE,Suspicious CMD Execution — True Positive,"Closed with minimal review — T1059.003 alert on HOST-2340, no further action taken.",2026-01-02T05:00:00Z
CASE-002389,SOC-004,,ALT-002389,2026-01-02T03:03:00Z,ANL-4002,CRITICAL,CLOSED,TRUE_POSITIVE,Unusual SMB Admin Share Access — True Positive,Reviewed and closed.,2026-01-02T03:39:00Z
CASE-002390,SOC-004,,ALT-002390,2026-01-02T05:46:00Z,ANL-4006,LOW,CLOSED,TRUE_POSITIVE,Beaconing to Known C2 Domain — True Positive,Manually reviewed HOST-4384 logs; findings documented against case ticket.,2026-01-02T10:17:00Z
CASE-002391,SOC-004,,ALT-002391,2026-01-02T09:07:00Z,ANL-4005,LOW,CLOSED,TRUE_POSITIVE,Unusual Scheduled Task Created — True Positive,"Closed with minimal review — T1053.005 alert on HOST-1453, no further action taken.",2026-01-02T14:46:00Z
CASE-002392,SOC-004,,ALT-002392,2026-01-02T13:47:00Z,ANL-4003,HIGH,CLOSED,TRUE_POSITIVE,LSASS Memory Access — True Positive,Reviewed escalation criteria for HOST-4934; behaviour consistent with known baseline.,2026-01-02T14:51:00Z
CASE-002393,SOC-004,,ALT-002393,2026-01-02T14:30:00Z,ANL-4002,MEDIUM,CLOSED,TRUE_POSITIVE,Beaconing to Known C2 Domain — True Positive,Reviewed and closed.,2026-01-02T18:19:00Z
CASE-002394,SOC-004,,ALT-002394,2026-01-02T16:04:00Z,ANL-4006,MEDIUM,CLOSED,TRUE_POSITIVE,Beaconing to Known C2 Domain — True Positive,Investigated T1071.001 indicators on HOST-4519; no further lateral movement observed.,2026-01-02T19:59:00Z
CASE-002395,SOC-004,INC-000088,ALT-002395,2026-01-02T18:16:00Z,ANL-4005,CRITICAL,CLOSED,TRUE_POSITIVE,New Registry Run Key Entry — True Positive,"Closed with minimal review — T1547.001 alert on HOST-1970, no further action taken.",2026-01-02T19:08:00Z
CASE-002396,SOC-004,,ALT-002396,2026-01-02T19:10:00Z,ANL-4008,MEDIUM,CLOSED,TRUE_POSITIVE,Suspicious Binary Download — True Positive,No further action required.,2026-01-02T22:15:00Z
CASE-002397,SOC-004,,ALT-002397,2026-01-02T14:30:00Z,ANL-4003,MEDIUM,CLOSED,FALSE_POSITIVE,Repeated Failed Logins — False Positive,Reviewed and closed.,2026-01-02T18:17:00Z
CASE-002398,SOC-004,,ALT-002398,2026-01-02T00:59:00Z,ANL-4013,MEDIUM,CLOSED,FALSE_POSITIVE,Suspicious CMD Execution — False Positive,Cross-referenced 10.80.233.51 against threat intelligence feeds for HOST-3322.,2026-01-02T20:03:00Z
CASE-002399,SOC-004,,ALT-002399,2026-01-02T18:54:00Z,ANL-4001,HIGH,CLOSED,TRUE_POSITIVE,Unusual SMB Admin Share Access — True Positive,Manually reviewed HOST-1131 logs; findings documented against case ticket.,2026-01-02T22:44:00Z
CASE-002400,SOC-004,,ALT-002400,2026-01-02T12:22:00Z,ANL-4001,LOW,CLOSED,TRUE_POSITIVE,Upload to Unapproved Cloud Storage — True Positive,Reviewed escalation criteria for HOST-2411; behaviour consistent with known baseline.,2026-01-03T12:27:00Z
CASE-002401,SOC-004,,ALT-002401,2026-01-03T21:49:00Z,ANL-4007,MEDIUM,CLOSED,TRUE_POSITIVE,Internal Network Port Scan — True Positive,Cross-referenced 10.236.53.187 against threat intelligence feeds for HOST-4779.,2026-01-04T00:05:00Z
CASE-002402,SOC-004,,ALT-002402,2026-01-03T20:35:00Z,ANL-4002,LOW,CLOSED,FALSE_POSITIVE,Unusual RDP Session — False Positive,Reviewed and closed.,2026-01-04T06:59:00Z
CASE-002403,SOC-004,,ALT-002403,2026-01-03T22:03:00Z,ANL-4008,CRITICAL,CLOSED,FALSE_POSITIVE,Ransomware Behaviour Detected — False Positive,No further action required.,2026-01-03T22:37:00Z
CASE-002404,SOC-004,,ALT-002404,2026-01-03T03:31:00Z,ANL-4006,MEDIUM,CLOSED,FALSE_POSITIVE,Beaconing to Known C2 Domain — False Positive,Analysed endpoint telemetry for HOST-2853 tied to T1071.001 detection.,2026-01-03T06:34:00Z
CASE-002405,SOC-004,,ALT-002405,2026-01-03T03:08:00Z,ANL-4007,MEDIUM,CLOSED,FALSE_POSITIVE,Suspicious Binary Download — False Positive,Confirmed T1105 alert on HOST-1432 against recent change records.,2026-01-03T05:08:00Z
CASE-002406,SOC-004,,ALT-002406,2026-01-03T03:58:00Z,ANL-4006,LOW,CLOSED,FALSE_POSITIVE,Internal Network Port Scan — False Positive,Investigated T1595 indicators on HOST-1324; no further lateral movement observed.,2026-01-03T11:57:00Z
CASE-002407,SOC-004,,ALT-002407,2026-01-03T08:37:00Z,ANL-4008,LOW,CLOSED,TRUE_POSITIVE,Repeated Failed Logins — True Positive,No further action required.,2026-01-03T14:37:00Z
CASE-002408,SOC-004,,ALT-002408,2026-01-03T02:44:00Z,ANL-4010,LOW,CLOSED,TRUE_POSITIVE,Suspicious Binary Download — True Positive,Validated authentication logs tied to HOST-2015 to rule out credential compromise.,2026-01-03T10:50:00Z
CASE-002409,SOC-004,,ALT-002409,2026-01-03T18:18:00Z,ANL-4010,MEDIUM,CLOSED,TRUE_POSITIVE,Unusual SMB Admin Share Access — True Positive,Analysed endpoint telemetry for HOST-4513 tied to T1021.002 detection.,2026-01-04T05:52:00Z
CASE-002410,SOC-004,INC-000089,ALT-002410,2026-01-03T12:02:00Z,ANL-4005,CRITICAL,CLOSED,TRUE_POSITIVE,Upload to Unapproved Cloud Storage — True Positive,Manually reviewed HOST-3813 logs; findings documented against case ticket.,2026-01-03T12:39:00Z
CASE-002411,SOC-004,,ALT-002411,2026-01-03T22:17:00Z,ANL-4008,CRITICAL,CLOSED,FALSE_POSITIVE,LSASS Memory Access — False Positive,Confirmed T1003 alert on HOST-3963 against recent change records.,2026-01-04T15:36:00Z
CASE-002412,SOC-004,,ALT-002412,2026-01-03T19:36:00Z,ANL-4001,HIGH,CLOSED,TRUE_POSITIVE,Unusual RDP Session — True Positive,"Closed with minimal review — T1021.001 alert on HOST-2394, no further action taken.",2026-01-03T20:09:00Z
CASE-002413,SOC-004,,ALT-002413,2026-01-03T02:01:00Z,ANL-4013,MEDIUM,CLOSED,TRUE_POSITIVE,Internal Network Port Scan — True Positive,Investigated T1595 indicators on HOST-3093; no further lateral movement observed.,2026-01-03T06:10:00Z
CASE-002414,SOC-004,,ALT-002414,2026-01-03T05:52:00Z,ANL-4005,MEDIUM,CLOSED,TRUE_POSITIVE,Beaconing to Known C2 Domain — True Positive,Validated authentication logs tied to HOST-4990 to rule out credential compromise.,2026-01-03T09:14:00Z
CASE-002415,SOC-004,,ALT-002415,2026-01-03T18:10:00Z,ANL-4010,MEDIUM,CLOSED,TRUE_POSITIVE,Unusual SMB Admin Share Access — True Positive,Analysed endpoint telemetry for HOST-1977 tied to T1021.002 detection.,2026-01-05T21:30:00Z
CASE-002416,SOC-004,,ALT-002416,2026-01-03T04:37:00Z,ANL-4005,LOW,CLOSED,TRUE_POSITIVE,Encoded PowerShell Command — True Positive,"Closed with minimal review — T1059.001 alert on HOST-4957, no further action taken.",2026-01-03T05:25:00Z
CASE-002417,SOC-004,,ALT-002417,2026-01-03T21:43:00Z,ANL-4004,HIGH,CLOSED,TRUE_POSITIVE,LSASS Memory Access — True Positive,Cross-referenced 10.169.192.26 against threat intelligence feeds for HOST-4785.,2026-01-03T23:03:00Z
CASE-002418,SOC-004,,ALT-002418,2026-01-03T05:38:00Z,ANL-4007,LOW,CLOSED,FALSE_POSITIVE,Large Outbound Data Transfer — False Positive,Traced network flow from 10.189.82.36 to determine scope of T1041 activity on HOST-4480.,2026-01-03T14:15:00Z
CASE-002419,SOC-004,INC-000090,ALT-002419,2026-01-03T08:49:00Z,ANL-4012,CRITICAL,CLOSED,TRUE_POSITIVE,Beaconing to Known C2 Domain — True Positive,Reviewed escalation criteria for HOST-2407; behaviour consistent with known baseline.,2026-01-03T09:34:00Z
CASE-002420,SOC-004,,ALT-002420,2026-01-03T06:57:00Z,ANL-4002,LOW,CLOSED,TRUE_POSITIVE,Ransomware Behaviour Detected — True Positive,Reviewed and closed.,2026-01-03T21:30:00Z
CASE-002421,SOC-004,,ALT-002421,2026-01-03T07:23:00Z,ANL-4007,HIGH,CLOSED,TRUE_POSITIVE,Unusual Scheduled Task Created — True Positive,Cross-referenced 10.62.105.86 against threat intelligence feeds for HOST-1927.,2026-01-03T14:54:00Z
CASE-002422,SOC-004,,ALT-002422,2026-01-03T17:11:00Z,ANL-4003,LOW,CLOSED,TRUE_POSITIVE,Encoded PowerShell Command — True Positive,Reviewed and closed.,2026-01-03T23:42:00Z
CASE-002423,SOC-004,,ALT-002423,2026-01-03T19:59:00Z,ANL-4009,CRITICAL,CLOSED,TRUE_POSITIVE,Beaconing to Known C2 Domain — True Positive,Reviewed T1071.001 activity on HOST-1527; correlated with source 10.97.163.4.,2026-01-03T22:03:00Z
CASE-002424,SOC-004,,ALT-002424,2026-01-03T10:49:00Z,ANL-4004,HIGH,CLOSED,TRUE_POSITIVE,Unusual Scheduled Task Created — True Positive,Reviewed escalation criteria for HOST-4427; behaviour consistent with known baseline.,2026-01-05T08:48:00Z
CASE-002425,SOC-004,,ALT-002425,2026-01-03T16:00:00Z,ANL-4001,MEDIUM,CLOSED,TRUE_POSITIVE,Ransomware Behaviour Detected — True Positive,"Closed with minimal review — T1486 alert on HOST-1212, no further action taken.",2026-01-03T19:06:00Z
CASE-002426,SOC-004,,ALT-002426,2026-01-03T00:23:00Z,ANL-4004,HIGH,CLOSED,TRUE_POSITIVE,Ransomware Behaviour Detected — True Positive,Validated authentication logs tied to HOST-4385 to rule out credential compromise.,2026-01-03T06:10:00Z
CASE-002427,SOC-004,,ALT-002427,2026-01-03T20:06:00Z,ANL-4001,HIGH,CLOSED,TRUE_POSITIVE,Repeated Failed Logins — True Positive,Reviewed T1110 activity on HOST-4348; correlated with source 10.212.24.218.,2026-01-04T00:10:00Z
CASE-002428,SOC-004,,ALT-002428,2026-01-03T23:54:00Z,ANL-4013,LOW,CLOSED,FALSE_POSITIVE,Suspicious CMD Execution — False Positive,Manually reviewed HOST-3444 logs; findings documented against case ticket.,2026-01-04T04:28:00Z
CASE-002429,SOC-004,INC-000091,ALT-002429,2026-01-03T08:32:00Z,ANL-4004,CRITICAL,CLOSED,TRUE_POSITIVE,Beaconing to Known C2 Domain — True Positive,Manually reviewed HOST-4350 logs; findings documented against case ticket.,2026-01-03T09:23:00Z
CASE-002430,SOC-004,,ALT-002430,2026-01-03T01:06:00Z,ANL-4004,MEDIUM,CLOSED,FALSE_POSITIVE,Unusual SMB Admin Share Access — False Positive,Cross-referenced 10.164.226.143 against threat intelligence feeds for HOST-2818.,2026-01-03T18:38:00Z
CASE-002431,SOC-004,,ALT-002431,2026-01-03T08:40:00Z,ANL-4005,LOW,CLOSED,FALSE_POSITIVE,LSASS Memory Access — False Positive,Investigated T1003 indicators on HOST-1498; no further lateral movement observed.,2026-01-04T23:44:00Z
CASE-002432,SOC-004,,ALT-002432,2026-01-03T19:34:00Z,ANL-4009,MEDIUM,CLOSED,FALSE_POSITIVE,Repeated Failed Logins — False Positive,Reviewed escalation criteria for HOST-1960; behaviour consistent with known baseline.,2026-01-03T21:28:00Z
CASE-002433,SOC-004,,ALT-002433,2026-01-03T21:45:00Z,ANL-4012,HIGH,CLOSED,TRUE_POSITIVE,Unusual Scheduled Task Created — True Positive,Investigated T1053.005 indicators on HOST-2737; no further lateral movement observed.,2026-01-03T22:35:00Z
CASE-002434,SOC-004,,ALT-002434,2026-01-03T10:29:00Z,ANL-4007,LOW,CLOSED,TRUE_POSITIVE,Internal Network Port Scan — True Positive,"Closed with minimal review — T1595 alert on HOST-1085, no further action taken.",2026-01-03T11:46:00Z
CASE-002435,SOC-004,,ALT-002435,2026-01-03T09:26:00Z,ANL-4012,HIGH,CLOSED,TRUE_POSITIVE,LSASS Memory Access — True Positive,Validated authentication logs tied to HOST-1189 to rule out credential compromise.,2026-01-03T14:00:00Z
CASE-002436,SOC-004,,ALT-002436,2026-01-03T23:01:00Z,ANL-4011,MEDIUM,CLOSED,TRUE_POSITIVE,Suspicious CMD Execution — True Positive,Reviewed T1059.003 activity on HOST-1072; correlated with source 10.92.126.129.,2026-01-04T02:15:00Z
CASE-002437,SOC-004,,ALT-002437,2026-01-03T09:17:00Z,ANL-4012,MEDIUM,CLOSED,TRUE_POSITIVE,Internal Network Port Scan — True Positive,Validated authentication logs tied to HOST-2500 to rule out credential compromise.,2026-01-03T10:12:00Z
CASE-002438,SOC-004,,ALT-002438,2026-01-03T02:50:00Z,ANL-4005,LOW,CLOSED,TRUE_POSITIVE,Ransomware Behaviour Detected — True Positive,Analysed endpoint telemetry for HOST-3663 tied to T1486 detection.,2026-01-04T16:51:00Z
CASE-002439,SOC-004,,ALT-002439,2026-01-03T10:53:00Z,ANL-4005,LOW,CLOSED,FALSE_POSITIVE,Unusual RDP Session — False Positive,Traced network flow from 10.220.23.247 to determine scope of T1021.001 activity on HOST-4635.,2026-01-04T21:59:00Z
CASE-002440,SOC-004,,ALT-002440,2026-01-03T20:28:00Z,ANL-4007,MEDIUM,CLOSED,TRUE_POSITIVE,Suspicious PowerShell — True Positive,Cross-referenced 10.220.11.12 against threat intelligence feeds for HOST-3494.,2026-01-05T18:53:00Z
CASE-002441,SOC-004,,ALT-002441,2026-01-04T10:21:00Z,ANL-4006,MEDIUM,CLOSED,TRUE_POSITIVE,Ransomware Behaviour Detected — True Positive,Confirmed T1486 alert on HOST-1570 against recent change records.,2026-01-05T01:55:00Z
CASE-002442,SOC-004,INC-000092,ALT-002442,2026-01-04T06:15:00Z,ANL-4007,CRITICAL,CLOSED,TRUE_POSITIVE,Unusual RDP Session — True Positive,"Closed with minimal review — T1021.001 alert on HOST-4546, no further action taken.",2026-01-04T07:10:00Z
CASE-002443,SOC-004,,ALT-002443,2026-01-04T05:40:00Z,ANL-4009,HIGH,CLOSED,TRUE_POSITIVE,Upload to Unapproved Cloud Storage — True Positive,"Closed with minimal review — T1567 alert on HOST-4586, no further action taken.",2026-01-04T07:41:00Z
CASE-002444,SOC-004,,ALT-002444,2026-01-04T03:08:00Z,ANL-4006,MEDIUM,CLOSED,TRUE_POSITIVE,Suspicious CMD Execution — True Positive,Reviewed escalation criteria for HOST-3222; behaviour consistent with known baseline.,2026-01-04T18:13:00Z
CASE-002445,SOC-004,,ALT-002445,2026-01-04T21:36:00Z,ANL-4012,LOW,CLOSED,TRUE_POSITIVE,Suspicious PowerShell — True Positive,Analysed endpoint telemetry for HOST-1463 tied to T1059.001 detection.,2026-01-05T02:19:00Z
CASE-002446,SOC-004,,ALT-002446,2026-01-04T13:50:00Z,ANL-4013,HIGH,CLOSED,FALSE_POSITIVE,Beaconing to Known C2 Domain — False Positive,Reviewed T1071.001 activity on HOST-1272; correlated with source 10.55.140.46.,2026-01-04T15:06:00Z
CASE-002447,SOC-004,,ALT-002447,2026-01-04T21:35:00Z,ANL-4001,LOW,CLOSED,FALSE_POSITIVE,Upload to Unapproved Cloud Storage — False Positive,"Closed with minimal review — T1567 alert on HOST-2378, no further action taken.",2026-01-05T05:52:00Z
CASE-002448,SOC-004,,ALT-002448,2026-01-04T12:40:00Z,ANL-4011,MEDIUM,CLOSED,FALSE_POSITIVE,Suspicious Binary Download — False Positive,Validated authentication logs tied to HOST-1802 to rule out credential compromise.,2026-01-05T07:13:00Z
CASE-002449,SOC-004,,ALT-002449,2026-01-04T06:07:00Z,ANL-4002,LOW,CLOSED,TRUE_POSITIVE,Beaconing to Known C2 Domain — True Positive,Reviewed and closed.,2026-01-04T07:19:00Z
CASE-002450,SOC-004,,ALT-002450,2026-01-04T11:53:00Z,ANL-4011,CRITICAL,CLOSED,TRUE_POSITIVE,Large Outbound Data Transfer — True Positive,Reviewed T1041 activity on HOST-2134; correlated with source 10.107.234.179.,2026-01-04T12:48:00Z
CASE-002451,SOC-004,,ALT-002451,2026-01-04T13:40:00Z,ANL-4010,LOW,CLOSED,FALSE_POSITIVE,Encoded PowerShell Command — False Positive,Confirmed T1059.001 alert on HOST-4186 against recent change records.,2026-01-04T19:15:00Z
CASE-002452,SOC-004,,ALT-002452,2026-01-04T02:32:00Z,ANL-4009,MEDIUM,CLOSED,TRUE_POSITIVE,Ransomware Behaviour Detected — True Positive,Cross-referenced 10.179.28.170 against threat intelligence feeds for HOST-1615.,2026-01-04T06:37:00Z
CASE-002453,SOC-004,,ALT-002453,2026-01-04T18:59:00Z,ANL-4006,LOW,CLOSED,TRUE_POSITIVE,Ransomware Behaviour Detected — True Positive,Reviewed T1486 activity on HOST-3501; correlated with source 10.219.48.215.,2026-01-06T02:04:00Z
CASE-002454,SOC-004,,ALT-002454,2026-01-04T08:26:00Z,ANL-4013,LOW,CLOSED,FALSE_POSITIVE,Upload to Unapproved Cloud Storage — False Positive,Validated authentication logs tied to HOST-3383 to rule out credential compromise.,2026-01-04T13:00:00Z
CASE-002455,SOC-004,,ALT-002455,2026-01-04T15:57:00Z,ANL-4002,LOW,CLOSED,TRUE_POSITIVE,Ransomware Behaviour Detected — True Positive,Reviewed and closed.,2026-01-04T17:04:00Z
CASE-002456,SOC-004,,ALT-002456,2026-01-04T07:07:00Z,ANL-4003,LOW,CLOSED,FALSE_POSITIVE,Suspicious CMD Execution — False Positive,Reviewed T1059.003 activity on HOST-3842; correlated with source 10.23.15.156.,2026-01-04T13:41:00Z
CASE-002457,SOC-004,,ALT-002457,2026-01-04T02:10:00Z,ANL-4001,LOW,CLOSED,FALSE_POSITIVE,Ransomware Behaviour Detected — False Positive,Reviewed T1486 activity on HOST-3416; correlated with source 10.117.243.156.,2026-01-05T00:31:00Z
CASE-002458,SOC-004,,ALT-002458,2026-01-04T14:49:00Z,ANL-4011,LOW,CLOSED,FALSE_POSITIVE,Encoded PowerShell Command — False Positive,Reviewed escalation criteria for HOST-1805; behaviour consistent with known baseline.,2026-01-06T01:39:00Z
CASE-002459,SOC-004,,ALT-002459,2026-01-04T01:56:00Z,ANL-4001,HIGH,CLOSED,FALSE_POSITIVE,Suspicious Binary Download — False Positive,Analysed endpoint telemetry for HOST-1272 tied to T1105 detection.,2026-01-04T03:16:00Z
CASE-002460,SOC-004,,ALT-002460,2026-01-04T14:16:00Z,ANL-4001,MEDIUM,CLOSED,TRUE_POSITIVE,Beaconing to Known C2 Domain — True Positive,Validated authentication logs tied to HOST-2128 to rule out credential compromise.,2026-01-05T08:48:00Z
CASE-002461,SOC-004,,ALT-002461,2026-01-04T23:37:00Z,ANL-4005,LOW,CLOSED,TRUE_POSITIVE,Suspicious PowerShell — True Positive,Manually reviewed HOST-4968 logs; findings documented against case ticket.,2026-01-05T05:19:00Z
CASE-002462,SOC-004,,ALT-002462,2026-01-04T04:18:00Z,ANL-4010,CRITICAL,CLOSED,TRUE_POSITIVE,Large Outbound Data Transfer — True Positive,Investigated T1041 indicators on HOST-1829; no further lateral movement observed.,2026-01-04T04:58:00Z
CASE-002463,SOC-004,,ALT-002463,2026-01-04T14:09:00Z,ANL-4002,CRITICAL,CLOSED,FALSE_POSITIVE,Internal Network Port Scan — False Positive,Reviewed and closed.,2026-01-04T14:51:00Z
CASE-002464,SOC-004,,ALT-002464,2026-01-04T06:23:00Z,ANL-4005,LOW,CLOSED,FALSE_POSITIVE,Suspicious Binary Download — False Positive,"Closed with minimal review — T1105 alert on HOST-1349, no further action taken.",2026-01-04T07:18:00Z
CASE-002465,SOC-004,,ALT-002465,2026-01-04T07:42:00Z,ANL-4012,MEDIUM,CLOSED,TRUE_POSITIVE,Unusual Scheduled Task Created — True Positive,Confirmed T1053.005 alert on HOST-1898 against recent change records.,2026-01-04T10:37:00Z
CASE-002466,SOC-004,,ALT-002466,2026-01-04T05:31:00Z,ANL-4008,LOW,CLOSED,TRUE_POSITIVE,Suspicious CMD Execution — True Positive,Validated authentication logs tied to HOST-3862 to rule out credential compromise.,2026-01-04T11:24:00Z
CASE-002467,SOC-004,,ALT-002467,2026-01-04T23:37:00Z,ANL-4013,MEDIUM,CLOSED,FALSE_POSITIVE,Internal Network Port Scan — False Positive,Manually reviewed HOST-3914 logs; findings documented against case ticket.,2026-01-05T01:33:00Z
CASE-002468,SOC-004,,ALT-002468,2026-01-04T03:48:00Z,ANL-4005,MEDIUM,CLOSED,TRUE_POSITIVE,New Registry Run Key Entry — True Positive,"Closed with minimal review — T1547.001 alert on HOST-1085, no further action taken.",2026-01-04T04:30:00Z
CASE-002469,SOC-004,,ALT-002469,2026-01-04T07:06:00Z,ANL-4013,HIGH,CLOSED,TRUE_POSITIVE,Ransomware Behaviour Detected — True Positive,Checked process execution history for HOST-2878 following T1486 alert.,2026-01-04T08:06:00Z
CASE-002470,SOC-004,,ALT-002470,2026-01-04T00:06:00Z,ANL-4005,HIGH,CLOSED,TRUE_POSITIVE,LSASS Memory Access — True Positive,Cross-referenced 10.187.64.195 against threat intelligence feeds for HOST-2924.,2026-01-04T06:08:00Z
CASE-002471,SOC-004,,ALT-002471,2026-01-04T04:45:00Z,ANL-4013,LOW,CLOSED,TRUE_POSITIVE,New Registry Run Key Entry — True Positive,Cross-referenced 10.33.69.136 against threat intelligence feeds for HOST-3984.,2026-01-04T09:43:00Z
CASE-002472,SOC-004,,ALT-002472,2026-01-04T02:16:00Z,ANL-4003,MEDIUM,CLOSED,FALSE_POSITIVE,Internal Network Port Scan — False Positive,Reviewed and closed.,2026-01-04T12:20:00Z
CASE-002473,SOC-004,,ALT-002473,2026-01-04T03:14:00Z,ANL-4002,LOW,CLOSED,FALSE_POSITIVE,Suspicious CMD Execution — False Positive,Reviewed and closed.,2026-01-04T08:03:00Z
CASE-002474,SOC-004,,ALT-002474,2026-01-04T20:21:00Z,ANL-4010,LOW,CLOSED,FALSE_POSITIVE,Suspicious CMD Execution — False Positive,"Closed with minimal review — T1059.003 alert on HOST-2757, no further action taken.",2026-01-04T21:41:00Z
CASE-002475,SOC-004,,ALT-002475,2026-01-04T17:17:00Z,ANL-4007,CRITICAL,CLOSED,FALSE_POSITIVE,LSASS Memory Access — False Positive,Investigated T1003 indicators on HOST-2973; no further lateral movement observed.,2026-01-05T20:19:00Z
CASE-002476,SOC-004,,ALT-002476,2026-01-04T03:23:00Z,ANL-4009,MEDIUM,CLOSED,TRUE_POSITIVE,Encoded PowerShell Command — True Positive,Validated authentication logs tied to HOST-2251 to rule out credential compromise.,2026-01-04T06:46:00Z
CASE-002477,SOC-004,,ALT-002477,2026-01-04T18:25:00Z,ANL-4005,MEDIUM,CLOSED,TRUE_POSITIVE,Password Spraying Detected — True Positive,Analysed endpoint telemetry for HOST-1491 tied to T1110 detection.,2026-01-05T14:28:00Z
CASE-002478,SOC-004,,ALT-002478,2026-01-04T07:54:00Z,ANL-4005,LOW,CLOSED,FALSE_POSITIVE,Ransomware Behaviour Detected — False Positive,Analysed endpoint telemetry for HOST-2238 tied to T1486 detection.,2026-01-04T13:30:00Z
CASE-002479,SOC-004,,ALT-002479,2026-01-04T05:58:00Z,ANL-4003,LOW,CLOSED,FALSE_POSITIVE,Ransomware Behaviour Detected — False Positive,Reviewed and closed.,2026-01-04T11:12:00Z
CASE-002480,SOC-004,,ALT-002480,2026-01-04T10:40:00Z,ANL-4008,LOW,CLOSED,TRUE_POSITIVE,Internal Network Port Scan — True Positive,No further action required.,2026-01-04T11:58:00Z
CASE-002481,SOC-004,,ALT-002481,2026-01-05T21:02:00Z,ANL-4007,MEDIUM,CLOSED,TRUE_POSITIVE,LSASS Memory Access — True Positive,Checked process execution history for HOST-1728 following T1003 alert.,2026-01-06T16:05:00Z
CASE-002482,SOC-004,,ALT-002482,2026-01-05T22:28:00Z,ANL-4011,HIGH,CLOSED,FALSE_POSITIVE,Suspicious Binary Download — False Positive,Reviewed escalation criteria for HOST-2899; behaviour consistent with known baseline.,2026-01-06T04:47:00Z
CASE-002483,SOC-004,,ALT-002483,2026-01-05T06:31:00Z,ANL-4003,CRITICAL,CLOSED,FALSE_POSITIVE,Upload to Unapproved Cloud Storage — False Positive,"Closed with minimal review — T1567 alert on HOST-4550, no further action taken.",2026-01-05T07:09:00Z
CASE-002484,SOC-004,,ALT-002484,2026-01-05T05:54:00Z,ANL-4007,HIGH,CLOSED,TRUE_POSITIVE,Suspicious Binary Download — True Positive,"Closed with minimal review — T1105 alert on HOST-4828, no further action taken.",2026-01-05T08:02:00Z
CASE-002485,SOC-004,,ALT-002485,2026-01-05T07:36:00Z,ANL-4012,LOW,CLOSED,TRUE_POSITIVE,Internal Network Port Scan — True Positive,Reviewed T1595 activity on HOST-3808; correlated with source 10.195.47.84.,2026-01-05T12:04:00Z
CASE-002486,SOC-004,,ALT-002486,2026-01-05T14:59:00Z,ANL-4002,HIGH,CLOSED,TRUE_POSITIVE,Suspicious CMD Execution — True Positive,Reviewed and closed.,2026-01-07T08:14:00Z
CASE-002487,SOC-004,,ALT-002487,2026-01-05T04:24:00Z,ANL-4007,LOW,CLOSED,FALSE_POSITIVE,Suspicious CMD Execution — False Positive,"Closed with minimal review — T1059.003 alert on HOST-1881, no further action taken.",2026-01-05T13:40:00Z
CASE-002488,SOC-004,,ALT-002488,2026-01-05T15:26:00Z,ANL-4011,LOW,CLOSED,TRUE_POSITIVE,Unusual RDP Session — True Positive,Reviewed escalation criteria for HOST-2982; behaviour consistent with known baseline.,2026-01-06T15:31:00Z
CASE-002489,SOC-004,,ALT-002489,2026-01-05T01:12:00Z,ANL-4005,HIGH,CLOSED,TRUE_POSITIVE,Beaconing to Known C2 Domain — True Positive,"Closed with minimal review — T1071.001 alert on HOST-2835, no further action taken.",2026-01-05T01:49:00Z
CASE-002490,SOC-004,,ALT-002490,2026-01-05T12:57:00Z,ANL-4009,LOW,CLOSED,FALSE_POSITIVE,Upload to Unapproved Cloud Storage — False Positive,Analysed endpoint telemetry for HOST-1852 tied to T1567 detection.,2026-01-05T18:50:00Z
CASE-002491,SOC-004,,ALT-002491,2026-01-05T06:45:00Z,ANL-4004,CRITICAL,CLOSED,FALSE_POSITIVE,Beaconing to Known C2 Domain — False Positive,Reviewed T1071.001 activity on HOST-2215; correlated with source 10.31.206.146.,2026-01-05T08:58:00Z
CASE-002492,SOC-004,,ALT-002492,2026-01-05T02:30:00Z,ANL-4008,HIGH,CLOSED,TRUE_POSITIVE,Password Spraying Detected — True Positive,No further action required.,2026-01-05T04:43:00Z
CASE-002493,SOC-004,,ALT-002493,2026-01-05T18:31:00Z,ANL-4001,MEDIUM,CLOSED,TRUE_POSITIVE,LSASS Memory Access — True Positive,Manually reviewed HOST-3366 logs; findings documented against case ticket.,2026-01-06T13:36:00Z
CASE-002494,SOC-004,,ALT-002494,2026-01-05T14:46:00Z,ANL-4008,LOW,CLOSED,TRUE_POSITIVE,Suspicious Binary Download — True Positive,No further action required.,2026-01-05T16:08:00Z
CASE-002495,SOC-004,,ALT-002495,2026-01-05T01:15:00Z,ANL-4003,LOW,CLOSED,TRUE_POSITIVE,Unusual RDP Session — True Positive,Reviewed and closed.,2026-01-07T04:57:00Z
CASE-002496,SOC-004,,ALT-002496,2026-01-05T04:40:00Z,ANL-4009,MEDIUM,CLOSED,FALSE_POSITIVE,Internal Network Port Scan — False Positive,Checked process execution history for HOST-1774 following T1595 alert.,2026-01-06T12:44:00Z
CASE-002497,SOC-004,,ALT-002497,2026-01-05T01:03:00Z,ANL-4006,LOW,CLOSED,TRUE_POSITIVE,Upload to Unapproved Cloud Storage — True Positive,"Closed with minimal review — T1567 alert on HOST-1170, no further action taken.",2026-01-05T01:52:00Z
CASE-002498,SOC-004,,ALT-002498,2026-01-05T08:39:00Z,ANL-4010,MEDIUM,CLOSED,TRUE_POSITIVE,Unusual RDP Session — True Positive,"Closed with minimal review — T1021.001 alert on HOST-3677, no further action taken.",2026-01-05T12:05:00Z
CASE-002499,SOC-004,,ALT-002499,2026-01-05T11:07:00Z,ANL-4005,MEDIUM,CLOSED,TRUE_POSITIVE,New Registry Run Key Entry — True Positive,"Closed with minimal review — T1547.001 alert on HOST-1988, no further action taken.",2026-01-05T11:46:00Z
CASE-002500,SOC-004,,ALT-002500,2026-01-05T08:47:00Z,ANL-4010,MEDIUM,CLOSED,TRUE_POSITIVE,Upload to Unapproved Cloud Storage — True Positive,Reviewed escalation criteria for HOST-2032; behaviour consistent with known baseline.,2026-01-05T11:13:00Z
CASE-002501,SOC-004,,ALT-002501,2026-01-05T20:01:00Z,ANL-4003,HIGH,CLOSED,FALSE_POSITIVE,New Registry Run Key Entry — False Positive,Reviewed and closed.,2026-01-05T21:22:00Z
CASE-002502,SOC-004,,ALT-002502,2026-01-05T16:41:00Z,ANL-4002,MEDIUM,CLOSED,TRUE_POSITIVE,Encoded PowerShell Command — True Positive,Cross-referenced 10.193.79.38 against threat intelligence feeds for HOST-2354.,2026-01-06T02:16:00Z
CASE-002503,SOC-004,,ALT-002503,2026-01-05T11:03:00Z,ANL-4008,MEDIUM,CLOSED,FALSE_POSITIVE,Suspicious CMD Execution — False Positive,No further action required.,2026-01-05T13:39:00Z
CASE-002504,SOC-004,,ALT-002504,2026-01-05T04:21:00Z,ANL-4013,CRITICAL,CLOSED,TRUE_POSITIVE,Internal Network Port Scan — True Positive,Reviewed escalation criteria for HOST-4632; behaviour consistent with known baseline.,2026-01-06T17:49:00Z
CASE-002505,SOC-004,,ALT-002505,2026-01-05T07:34:00Z,ANL-4007,LOW,CLOSED,FALSE_POSITIVE,Ransomware Behaviour Detected — False Positive,Investigated T1486 indicators on HOST-2438; no further lateral movement observed.,2026-01-05T15:24:00Z
CASE-002506,SOC-004,,ALT-002506,2026-01-05T10:30:00Z,ANL-4009,LOW,CLOSED,TRUE_POSITIVE,Internal Network Port Scan — True Positive,Manually reviewed HOST-1791 logs; findings documented against case ticket.,2026-01-06T14:43:00Z
CASE-002507,SOC-004,,ALT-002507,2026-01-05T18:17:00Z,ANL-4002,LOW,CLOSED,TRUE_POSITIVE,Ransomware Behaviour Detected — True Positive,Validated authentication logs tied to HOST-3999 to rule out credential compromise.,2026-01-06T00:58:00Z
CASE-002508,SOC-004,,ALT-002508,2026-01-05T10:01:00Z,ANL-4001,LOW,CLOSED,FALSE_POSITIVE,Unusual Scheduled Task Created — False Positive,"Closed with minimal review — T1053.005 alert on HOST-4750, no further action taken.",2026-01-05T14:11:00Z
CASE-002509,SOC-004,,ALT-002509,2026-01-05T16:49:00Z,ANL-4004,HIGH,CLOSED,TRUE_POSITIVE,Unusual RDP Session — True Positive,"Closed with minimal review — T1021.001 alert on HOST-2387, no further action taken.",2026-01-05T17:15:00Z
CASE-002510,SOC-004,,ALT-002510,2026-01-05T01:44:00Z,ANL-4010,LOW,CLOSED,TRUE_POSITIVE,New Registry Run Key Entry — True Positive,"Closed with minimal review — T1547.001 alert on HOST-4836, no further action taken.",2026-01-05T08:52:00Z
CASE-002511,SOC-004,,ALT-002511,2026-01-05T08:25:00Z,ANL-4013,HIGH,CLOSED,FALSE_POSITIVE,Internal Network Port Scan — False Positive,Traced network flow from 10.193.151.100 to determine scope of T1595 activity on HOST-2829.,2026-01-05T09:55:00Z
CASE-002512,SOC-004,,ALT-002512,2026-01-05T15:02:00Z,ANL-4005,MEDIUM,CLOSED,TRUE_POSITIVE,Repeated Failed Logins — True Positive,Cross-referenced 10.185.213.217 against threat intelligence feeds for HOST-1593.,2026-01-05T17:32:00Z
CASE-002513,SOC-004,,ALT-002513,2026-01-05T21:16:00Z,ANL-4002,HIGH,CLOSED,FALSE_POSITIVE,Upload to Unapproved Cloud Storage — False Positive,"Closed with minimal review — T1567 alert on HOST-1037, no further action taken.",2026-01-05T21:45:00Z
CASE-002514,SOC-004,,ALT-002514,2026-01-05T23:00:00Z,ANL-4004,MEDIUM,CLOSED,TRUE_POSITIVE,Unusual RDP Session — True Positive,Checked process execution history for HOST-4266 following T1021.001 alert.,2026-01-06T00:59:00Z
CASE-002515,SOC-004,,ALT-002515,2026-01-05T19:38:00Z,ANL-4003,LOW,CLOSED,TRUE_POSITIVE,Internal Network Port Scan — True Positive,Traced network flow from 10.40.44.75 to determine scope of T1595 activity on HOST-3920.,2026-01-06T15:39:00Z
CASE-002516,SOC-004,,ALT-002516,2026-01-05T08:59:00Z,ANL-4006,LOW,CLOSED,TRUE_POSITIVE,Unusual Scheduled Task Created — True Positive,Manually reviewed HOST-1897 logs; findings documented against case ticket.,2026-01-05T13:26:00Z
CASE-002517,SOC-004,,ALT-002517,2026-01-05T03:26:00Z,ANL-4004,MEDIUM,CLOSED,FALSE_POSITIVE,Internal Network Port Scan — False Positive,Reviewed T1595 activity on HOST-4613; correlated with source 10.32.145.48.,2026-01-05T07:11:00Z
CASE-002518,SOC-004,,ALT-002518,2026-01-05T11:07:00Z,ANL-4007,HIGH,CLOSED,TRUE_POSITIVE,Large Outbound Data Transfer — True Positive,"Closed with minimal review — T1041 alert on HOST-2038, no further action taken.",2026-01-05T12:32:00Z
CASE-002519,SOC-004,,ALT-002519,2026-01-05T19:35:00Z,ANL-4010,MEDIUM,CLOSED,FALSE_POSITIVE,Unusual SMB Admin Share Access — False Positive,Reviewed T1021.002 activity on HOST-1100; correlated with source 10.181.33.128.,2026-01-07T18:01:00Z
CASE-002520,SOC-004,,ALT-002520,2026-01-05T12:05:00Z,ANL-4009,LOW,CLOSED,TRUE_POSITIVE,Ransomware Behaviour Detected — True Positive,Manually reviewed HOST-1418 logs; findings documented against case ticket.,2026-01-05T17:10:00Z
CASE-002521,SOC-004,,ALT-002521,2026-01-06T09:36:00Z,ANL-4013,MEDIUM,CLOSED,TRUE_POSITIVE,Internal Network Port Scan — True Positive,Reviewed escalation criteria for HOST-1793; behaviour consistent with known baseline.,2026-01-06T12:51:00Z
CASE-002522,SOC-004,,ALT-002522,2026-01-06T12:16:00Z,ANL-4004,MEDIUM,CLOSED,TRUE_POSITIVE,Suspicious Binary Download — True Positive,Cross-referenced 10.197.119.28 against threat intelligence feeds for HOST-3828.,2026-01-07T02:21:00Z
CASE-002523,SOC-004,,ALT-002523,2026-01-06T04:16:00Z,ANL-4001,HIGH,CLOSED,TRUE_POSITIVE,Internal Network Port Scan — True Positive,Confirmed T1595 alert on HOST-3098 against recent change records.,2026-01-07T22:04:00Z
CASE-002524,SOC-004,,ALT-002524,2026-01-06T03:48:00Z,ANL-4007,MEDIUM,CLOSED,FALSE_POSITIVE,Internal Network Port Scan — False Positive,"Closed with minimal review — T1595 alert on HOST-1091, no further action taken.",2026-01-06T04:35:00Z
CASE-002525,SOC-004,,ALT-002525,2026-01-06T19:30:00Z,ANL-4001,LOW,CLOSED,TRUE_POSITIVE,Internal Network Port Scan — True Positive,Traced network flow from 10.146.77.228 to determine scope of T1595 activity on HOST-3252.,2026-01-06T20:26:00Z
CASE-002526,SOC-004,,ALT-002526,2026-01-06T07:53:00Z,ANL-4009,LOW,CLOSED,TRUE_POSITIVE,Suspicious CMD Execution — True Positive,"Closed with minimal review — T1059.003 alert on HOST-1037, no further action taken.",2026-01-06T09:02:00Z
CASE-002527,SOC-004,,ALT-002527,2026-01-06T12:25:00Z,ANL-4003,HIGH,CLOSED,TRUE_POSITIVE,LSASS Memory Access — True Positive,Reviewed and closed.,2026-01-06T13:45:00Z
CASE-002528,SOC-004,,ALT-002528,2026-01-06T11:21:00Z,ANL-4012,MEDIUM,CLOSED,TRUE_POSITIVE,Beaconing to Known C2 Domain — True Positive,Validated authentication logs tied to HOST-3761 to rule out credential compromise.,2026-01-06T13:36:00Z
CASE-002529,SOC-004,,ALT-002529,2026-01-06T00:30:00Z,ANL-4011,HIGH,CLOSED,FALSE_POSITIVE,Unusual SMB Admin Share Access — False Positive,Checked process execution history for HOST-2840 following T1021.002 alert.,2026-01-06T01:34:00Z
CASE-002530,SOC-004,,ALT-002530,2026-01-06T21:45:00Z,ANL-4012,MEDIUM,CLOSED,FALSE_POSITIVE,New Registry Run Key Entry — False Positive,"Closed with minimal review — T1547.001 alert on HOST-1037, no further action taken.",2026-01-06T22:27:00Z
CASE-002531,SOC-004,,ALT-002531,2026-01-06T03:35:00Z,ANL-4011,MEDIUM,CLOSED,TRUE_POSITIVE,Suspicious CMD Execution — True Positive,Traced network flow from 10.98.167.27 to determine scope of T1059.003 activity on HOST-4322.,2026-01-06T07:26:00Z
CASE-002532,SOC-004,,ALT-002532,2026-01-06T16:31:00Z,ANL-4004,LOW,CLOSED,TRUE_POSITIVE,Unusual RDP Session — True Positive,"Closed with minimal review — T1021.001 alert on HOST-3783, no further action taken.",2026-01-06T20:42:00Z
CASE-002533,SOC-004,,ALT-002533,2026-01-06T15:17:00Z,ANL-4007,LOW,CLOSED,TRUE_POSITIVE,Suspicious Binary Download — True Positive,Confirmed T1105 alert on HOST-2681 against recent change records.,2026-01-06T19:03:00Z
CASE-002534,SOC-004,,ALT-002534,2026-01-06T14:27:00Z,ANL-4004,CRITICAL,CLOSED,TRUE_POSITIVE,Unusual Scheduled Task Created — True Positive,Manually reviewed HOST-2106 logs; findings documented against case ticket.,2026-01-06T18:18:00Z
CASE-002535,SOC-004,,ALT-002535,2026-01-06T21:28:00Z,ANL-4004,MEDIUM,CLOSED,TRUE_POSITIVE,Ransomware Behaviour Detected — True Positive,Checked process execution history for HOST-4666 following T1486 alert.,2026-01-06T23:43:00Z
CASE-002536,SOC-004,,ALT-002536,2026-01-06T00:56:00Z,ANL-4008,MEDIUM,CLOSED,TRUE_POSITIVE,Unusual SMB Admin Share Access — True Positive,No further action required.,2026-01-06T04:30:00Z
CASE-002537,SOC-004,,ALT-002537,2026-01-06T09:36:00Z,ANL-4003,LOW,CLOSED,FALSE_POSITIVE,Large Outbound Data Transfer — False Positive,Validated authentication logs tied to HOST-3035 to rule out credential compromise.,2026-01-07T21:40:00Z
CASE-002538,SOC-004,,ALT-002538,2026-01-06T18:36:00Z,ANL-4002,LOW,CLOSED,TRUE_POSITIVE,Unusual SMB Admin Share Access — True Positive,Reviewed and closed.,2026-01-07T00:15:00Z
CASE-002539,SOC-004,,ALT-002539,2026-01-06T15:32:00Z,ANL-4002,LOW,CLOSED,TRUE_POSITIVE,Unusual Scheduled Task Created — True Positive,Reviewed and closed.,2026-01-06T22:14:00Z
CASE-002540,SOC-004,,ALT-002540,2026-01-06T18:36:00Z,ANL-4008,LOW,CLOSED,TRUE_POSITIVE,Upload to Unapproved Cloud Storage — True Positive,No further action required.,2026-01-08T20:13:00Z
CASE-002541,SOC-004,,ALT-002541,2026-01-06T09:08:00Z,ANL-4001,LOW,CLOSED,TRUE_POSITIVE,Internal Network Port Scan — True Positive,Validated authentication logs tied to HOST-1206 to rule out credential compromise.,2026-01-07T13:11:00Z
CASE-002542,SOC-004,,ALT-002542,2026-01-06T23:44:00Z,ANL-4009,MEDIUM,CLOSED,TRUE_POSITIVE,Repeated Failed Logins — True Positive,Reviewed escalation criteria for HOST-4665; behaviour consistent with known baseline.,2026-01-07T01:58:00Z
CASE-002543,SOC-004,,ALT-002543,2026-01-06T15:56:00Z,ANL-4009,LOW,CLOSED,FALSE_POSITIVE,Unusual SMB Admin Share Access — False Positive,"Closed with minimal review — T1021.002 alert on HOST-3875, no further action taken.",2026-01-06T17:28:00Z
CASE-002544,SOC-004,,ALT-002544,2026-01-06T03:29:00Z,ANL-4008,MEDIUM,CLOSED,TRUE_POSITIVE,Internal Network Port Scan — True Positive,No further action required.,2026-01-06T08:14:00Z
CASE-002545,SOC-004,,ALT-002545,2026-01-06T06:36:00Z,ANL-4001,LOW,CLOSED,FALSE_POSITIVE,Internal Network Port Scan — False Positive,"Closed with minimal review — T1595 alert on HOST-1077, no further action taken.",2026-01-06T07:14:00Z
CASE-002546,SOC-004,,ALT-002546,2026-01-06T06:01:00Z,ANL-4005,CRITICAL,CLOSED,FALSE_POSITIVE,Ransomware Behaviour Detected — False Positive,"Closed with minimal review — T1486 alert on HOST-3348, no further action taken.",2026-01-06T06:25:00Z
CASE-002547,SOC-004,,ALT-002547,2026-01-06T06:38:00Z,ANL-4012,HIGH,CLOSED,TRUE_POSITIVE,Suspicious Binary Download — True Positive,Traced network flow from 10.65.124.130 to determine scope of T1105 activity on HOST-2214.,2026-01-06T07:58:00Z
CASE-002548,SOC-004,,ALT-002548,2026-01-06T22:59:00Z,ANL-4005,MEDIUM,CLOSED,TRUE_POSITIVE,Unusual SMB Admin Share Access — True Positive,Cross-referenced 10.140.128.64 against threat intelligence feeds for HOST-2410.,2026-01-07T00:55:00Z
CASE-002549,SOC-004,,ALT-002549,2026-01-06T23:27:00Z,ANL-4001,MEDIUM,CLOSED,TRUE_POSITIVE,LSASS Memory Access — True Positive,Manually reviewed HOST-3765 logs; findings documented against case ticket.,2026-01-07T03:06:00Z
CASE-002550,SOC-004,,ALT-002550,2026-01-06T03:28:00Z,ANL-4009,HIGH,CLOSED,TRUE_POSITIVE,Ransomware Behaviour Detected — True Positive,Traced network flow from 10.86.9.209 to determine scope of T1486 activity on HOST-1595.,2026-01-06T08:03:00Z
CASE-002551,SOC-004,,ALT-002551,2026-01-06T22:08:00Z,ANL-4012,LOW,CLOSED,FALSE_POSITIVE,Encoded PowerShell Command — False Positive,"Closed with minimal review — T1059.001 alert on HOST-1085, no further action taken.",2026-01-06T23:57:00Z
CASE-002552,SOC-004,,ALT-002552,2026-01-06T04:31:00Z,ANL-4008,LOW,CLOSED,TRUE_POSITIVE,Large Outbound Data Transfer — True Positive,No further action required.,2026-01-06T12:56:00Z
CASE-002553,SOC-004,,ALT-002553,2026-01-06T02:34:00Z,ANL-4006,LOW,CLOSED,FALSE_POSITIVE,Unusual RDP Session — False Positive,"Closed with minimal review — T1021.001 alert on HOST-4742, no further action taken.",2026-01-06T03:46:00Z
CASE-002554,SOC-004,,ALT-002554,2026-01-06T11:12:00Z,ANL-4004,LOW,CLOSED,FALSE_POSITIVE,Suspicious CMD Execution — False Positive,Checked process execution history for HOST-3154 following T1059.003 alert.,2026-01-07T10:32:00Z
CASE-002555,SOC-004,,ALT-002555,2026-01-06T12:13:00Z,ANL-4010,LOW,CLOSED,TRUE_POSITIVE,Internal Network Port Scan — True Positive,Reviewed T1595 activity on HOST-2466; correlated with source 10.68.130.53.,2026-01-06T18:48:00Z
CASE-002556,SOC-004,,ALT-002556,2026-01-06T10:41:00Z,ANL-4009,HIGH,CLOSED,TRUE_POSITIVE,Large Outbound Data Transfer — True Positive,Manually reviewed HOST-2262 logs; findings documented against case ticket.,2026-01-06T12:11:00Z
CASE-002557,SOC-004,,ALT-002557,2026-01-06T10:54:00Z,ANL-4001,MEDIUM,CLOSED,TRUE_POSITIVE,New Registry Run Key Entry — True Positive,"Closed with minimal review — T1547.001 alert on HOST-2440, no further action taken.",2026-01-06T11:31:00Z
CASE-002558,SOC-004,,ALT-002558,2026-01-06T22:13:00Z,ANL-4005,LOW,CLOSED,TRUE_POSITIVE,Internal Network Port Scan — True Positive,Reviewed escalation criteria for HOST-1330; behaviour consistent with known baseline.,2026-01-07T02:09:00Z
CASE-002559,SOC-004,,ALT-002559,2026-01-06T20:50:00Z,ANL-4005,MEDIUM,CLOSED,TRUE_POSITIVE,Ransomware Behaviour Detected — True Positive,"Closed with minimal review — T1486 alert on HOST-3955, no further action taken.",2026-01-06T21:44:00Z
CASE-002560,SOC-004,,ALT-002560,2026-01-06T22:17:00Z,ANL-4007,MEDIUM,CLOSED,TRUE_POSITIVE,Internal Network Port Scan — True Positive,Validated authentication logs tied to HOST-1044 to rule out credential compromise.,2026-01-07T02:29:00Z
CASE-002561,SOC-004,,ALT-002561,2026-01-07T05:01:00Z,ANL-4002,LOW,CLOSED,TRUE_POSITIVE,Ransomware Behaviour Detected — True Positive,Reviewed and closed.,2026-01-07T12:00:00Z
CASE-002562,SOC-004,,ALT-002562,2026-01-07T03:04:00Z,ANL-4001,LOW,CLOSED,TRUE_POSITIVE,Ransomware Behaviour Detected — True Positive,Manually reviewed HOST-3127 logs; findings documented against case ticket.,2026-01-07T08:06:00Z
CASE-002563,SOC-004,,ALT-002563,2026-01-07T20:52:00Z,ANL-4005,LOW,CLOSED,TRUE_POSITIVE,Unusual RDP Session — True Positive,Reviewed escalation criteria for HOST-2797; behaviour consistent with known baseline.,2026-01-08T17:55:00Z
CASE-002564,SOC-004,,ALT-002564,2026-01-07T01:39:00Z,ANL-4010,MEDIUM,CLOSED,FALSE_POSITIVE,Ransomware Behaviour Detected — False Positive,Manually reviewed HOST-1572 logs; findings documented against case ticket.,2026-01-07T05:35:00Z
CASE-002565,SOC-004,,ALT-002565,2026-01-07T00:35:00Z,ANL-4008,HIGH,CLOSED,TRUE_POSITIVE,Suspicious PowerShell — True Positive,No further action required.,2026-01-07T00:59:00Z
CASE-002566,SOC-004,,ALT-002566,2026-01-07T06:50:00Z,ANL-4009,MEDIUM,CLOSED,FALSE_POSITIVE,Suspicious Binary Download — False Positive,Cross-referenced 10.196.71.223 against threat intelligence feeds for HOST-2670.,2026-01-08T01:25:00Z
CASE-002567,SOC-004,,ALT-002567,2026-01-07T17:56:00Z,ANL-4006,MEDIUM,CLOSED,TRUE_POSITIVE,Unusual Scheduled Task Created — True Positive,"Closed with minimal review — T1053.005 alert on HOST-1037, no further action taken.",2026-01-07T18:57:00Z
CASE-002568,SOC-004,,ALT-002568,2026-01-07T18:24:00Z,ANL-4012,MEDIUM,CLOSED,TRUE_POSITIVE,Internal Network Port Scan — True Positive,Analysed endpoint telemetry for HOST-3959 tied to T1595 detection.,2026-01-07T21:19:00Z
CASE-002569,SOC-004,,ALT-002569,2026-01-07T03:41:00Z,ANL-4002,LOW,CLOSED,TRUE_POSITIVE,Large Outbound Data Transfer — True Positive,Manually reviewed HOST-4799 logs; findings documented against case ticket.,2026-01-08T18:42:00Z
CASE-002570,SOC-004,,ALT-002570,2026-01-07T00:27:00Z,ANL-4012,LOW,CLOSED,TRUE_POSITIVE,Unusual RDP Session — True Positive,Analysed endpoint telemetry for HOST-4385 tied to T1021.001 detection.,2026-01-07T20:32:00Z
CASE-002571,SOC-004,,ALT-002571,2026-01-07T13:31:00Z,ANL-4012,LOW,CLOSED,FALSE_POSITIVE,Unusual RDP Session — False Positive,"Closed with minimal review — T1021.001 alert on HOST-1091, no further action taken.",2026-01-07T15:16:00Z
CASE-002572,SOC-004,,ALT-002572,2026-01-07T21:40:00Z,ANL-4002,MEDIUM,CLOSED,TRUE_POSITIVE,Internal Network Port Scan — True Positive,Reviewed and closed.,2026-01-08T00:38:00Z
CASE-002573,SOC-004,,ALT-002573,2026-01-07T23:37:00Z,ANL-4012,LOW,CLOSED,TRUE_POSITIVE,Internal Network Port Scan — True Positive,Reviewed T1595 activity on HOST-3381; correlated with source 10.8.229.71.,2026-01-08T07:07:00Z
CASE-002574,SOC-004,,ALT-002574,2026-01-07T14:42:00Z,ANL-4004,LOW,CLOSED,TRUE_POSITIVE,Internal Network Port Scan — True Positive,Traced network flow from 10.81.119.151 to determine scope of T1595 activity on HOST-1271.,2026-01-08T17:43:00Z
CASE-002575,SOC-004,,ALT-002575,2026-01-07T12:29:00Z,ANL-4012,LOW,CLOSED,TRUE_POSITIVE,Suspicious Binary Download — True Positive,"Closed with minimal review — T1105 alert on HOST-4936, no further action taken.",2026-01-07T13:23:00Z
CASE-002576,SOC-004,,ALT-002576,2026-01-07T10:35:00Z,ANL-4004,LOW,CLOSED,FALSE_POSITIVE,New Registry Run Key Entry — False Positive,Reviewed T1547.001 activity on HOST-4657; correlated with source 10.216.184.11.,2026-01-07T15:04:00Z
CASE-002577,SOC-004,,ALT-002577,2026-01-07T18:37:00Z,ANL-4002,CRITICAL,CLOSED,TRUE_POSITIVE,Suspicious CMD Execution — True Positive,Reviewed and closed.,2026-01-08T02:39:00Z
CASE-002578,SOC-004,,ALT-002578,2026-01-07T10:58:00Z,ANL-4011,MEDIUM,CLOSED,TRUE_POSITIVE,Ransomware Behaviour Detected — True Positive,"Closed with minimal review — T1486 alert on HOST-4589, no further action taken.",2026-01-07T11:58:00Z
CASE-002579,SOC-004,,ALT-002579,2026-01-07T18:47:00Z,ANL-4006,MEDIUM,CLOSED,TRUE_POSITIVE,Password Spraying Detected — True Positive,"Closed with minimal review — T1110 alert on HOST-4163, no further action taken.",2026-01-07T19:29:00Z
CASE-002580,SOC-004,,ALT-002580,2026-01-07T01:51:00Z,ANL-4004,MEDIUM,CLOSED,TRUE_POSITIVE,Suspicious CMD Execution — True Positive,"Closed with minimal review — T1059.003 alert on HOST-4802, no further action taken.",2026-01-07T04:35:00Z
CASE-002581,SOC-004,,ALT-002581,2026-01-07T04:28:00Z,ANL-4002,LOW,CLOSED,TRUE_POSITIVE,Ransomware Behaviour Detected — True Positive,Cross-referenced 10.66.4.93 against threat intelligence feeds for HOST-2714.,2026-01-07T05:23:00Z
CASE-002582,SOC-004,,ALT-002582,2026-01-07T15:48:00Z,ANL-4005,MEDIUM,CLOSED,TRUE_POSITIVE,Beaconing to Known C2 Domain — True Positive,Investigated T1071.001 indicators on HOST-4612; no further lateral movement observed.,2026-01-08T11:49:00Z
CASE-002583,SOC-004,,ALT-002583,2026-01-07T22:45:00Z,ANL-4006,MEDIUM,CLOSED,TRUE_POSITIVE,New Registry Run Key Entry — True Positive,Analysed endpoint telemetry for HOST-1927 tied to T1547.001 detection.,2026-01-08T02:58:00Z
CASE-002584,SOC-004,,ALT-002584,2026-01-07T08:24:00Z,ANL-4008,HIGH,CLOSED,TRUE_POSITIVE,Suspicious CMD Execution — True Positive,No further action required.,2026-01-07T09:07:00Z
CASE-002585,SOC-004,,ALT-002585,2026-01-07T07:58:00Z,ANL-4009,HIGH,CLOSED,FALSE_POSITIVE,Repeated Failed Logins — False Positive,"Closed with minimal review — T1110 alert on HOST-4505, no further action taken.",2026-01-07T08:29:00Z
CASE-002586,SOC-004,,ALT-002586,2026-01-07T10:54:00Z,ANL-4002,CRITICAL,CLOSED,TRUE_POSITIVE,Beaconing to Known C2 Domain — True Positive,Reviewed and closed.,2026-01-07T11:40:00Z
CASE-002587,SOC-004,,ALT-002587,2026-01-07T23:56:00Z,ANL-4001,HIGH,CLOSED,TRUE_POSITIVE,Beaconing to Known C2 Domain — True Positive,Confirmed T1071.001 alert on HOST-2192 against recent change records.,2026-01-08T02:03:00Z
CASE-002588,SOC-004,,ALT-002588,2026-01-07T09:51:00Z,ANL-4010,CRITICAL,CLOSED,TRUE_POSITIVE,Unusual Scheduled Task Created — True Positive,Validated authentication logs tied to HOST-2771 to rule out credential compromise.,2026-01-07T10:33:00Z
CASE-002589,SOC-004,,ALT-002589,2026-01-07T12:47:00Z,ANL-4008,LOW,CLOSED,FALSE_POSITIVE,New Registry Run Key Entry — False Positive,No further action required.,2026-01-07T13:53:00Z
CASE-002590,SOC-004,,ALT-002590,2026-01-07T13:09:00Z,ANL-4002,MEDIUM,CLOSED,TRUE_POSITIVE,Upload to Unapproved Cloud Storage — True Positive,Reviewed and closed.,2026-01-07T14:04:00Z
CASE-002591,SOC-004,,ALT-002591,2026-01-07T06:39:00Z,ANL-4010,HIGH,CLOSED,FALSE_POSITIVE,Large Outbound Data Transfer — False Positive,Analysed endpoint telemetry for HOST-2628 tied to T1041 detection.,2026-01-07T08:05:00Z
CASE-002592,SOC-004,,ALT-002592,2026-01-07T14:29:00Z,ANL-4005,HIGH,CLOSED,TRUE_POSITIVE,New Registry Run Key Entry — True Positive,Reviewed T1547.001 activity on HOST-4657; correlated with source 10.72.194.65.,2026-01-07T16:01:00Z
CASE-002593,SOC-004,,ALT-002593,2026-01-07T08:21:00Z,ANL-4011,LOW,CLOSED,TRUE_POSITIVE,Suspicious Binary Download — True Positive,"Closed with minimal review — T1105 alert on HOST-2764, no further action taken.",2026-01-07T09:45:00Z
CASE-002594,SOC-004,,ALT-002594,2026-01-07T13:59:00Z,ANL-4013,LOW,CLOSED,TRUE_POSITIVE,Suspicious Binary Download — True Positive,Cross-referenced 10.2.71.208 against threat intelligence feeds for HOST-3898.,2026-01-07T20:13:00Z
CASE-002595,SOC-004,,ALT-002595,2026-01-07T17:11:00Z,ANL-4013,HIGH,CLOSED,FALSE_POSITIVE,Ransomware Behaviour Detected — False Positive,Traced network flow from 10.10.207.193 to determine scope of T1486 activity on HOST-3284.,2026-01-07T23:44:00Z
CASE-002596,SOC-004,,ALT-002596,2026-01-07T14:48:00Z,ANL-4008,MEDIUM,CLOSED,TRUE_POSITIVE,Unusual Scheduled Task Created — True Positive,No further action required.,2026-01-07T18:02:00Z
CASE-002597,SOC-004,,ALT-002597,2026-01-07T14:03:00Z,ANL-4006,MEDIUM,CLOSED,FALSE_POSITIVE,Beaconing to Known C2 Domain — False Positive,"Closed with minimal review — T1071.001 alert on HOST-1085, no further action taken.",2026-01-07T14:57:00Z
CASE-002598,SOC-004,,ALT-002598,2026-01-07T01:35:00Z,ANL-4003,HIGH,CLOSED,TRUE_POSITIVE,New Registry Run Key Entry — True Positive,Reviewed and closed.,2026-01-07T03:03:00Z
CASE-002599,SOC-004,,ALT-002599,2026-01-07T04:48:00Z,ANL-4004,LOW,CLOSED,FALSE_POSITIVE,Internal Network Port Scan — False Positive,"Closed with minimal review — T1595 alert on HOST-1037, no further action taken.",2026-01-07T05:56:00Z
CASE-002600,SOC-004,,ALT-002600,2026-01-07T21:56:00Z,ANL-4011,LOW,CLOSED,TRUE_POSITIVE,Password Spraying Detected — True Positive,"Closed with minimal review — T1110 alert on HOST-2634, no further action taken.",2026-01-07T22:27:00Z
CASE-002601,SOC-004,,ALT-002601,2026-01-08T21:15:00Z,ANL-4003,HIGH,CLOSED,FALSE_POSITIVE,Suspicious CMD Execution — False Positive,Confirmed T1059.003 alert on HOST-2585 against recent change records.,2026-01-08T22:37:00Z
CASE-002602,SOC-004,,ALT-002602,2026-01-08T17:21:00Z,ANL-4012,MEDIUM,CLOSED,FALSE_POSITIVE,LSASS Memory Access — False Positive,"Closed with minimal review — T1003 alert on HOST-1483, no further action taken.",2026-01-08T17:51:00Z
CASE-002603,SOC-004,,ALT-002603,2026-01-08T15:50:00Z,ANL-4004,HIGH,CLOSED,TRUE_POSITIVE,Large Outbound Data Transfer — True Positive,"Closed with minimal review — T1041 alert on HOST-3435, no further action taken.",2026-01-08T17:03:00Z
CASE-002604,SOC-004,,ALT-002604,2026-01-08T23:23:00Z,ANL-4004,LOW,CLOSED,TRUE_POSITIVE,LSASS Memory Access — True Positive,Investigated T1003 indicators on HOST-1028; no further lateral movement observed.,2026-01-09T06:44:00Z
CASE-002605,SOC-004,,ALT-002605,2026-01-08T13:04:00Z,ANL-4011,MEDIUM,CLOSED,TRUE_POSITIVE,Internal Network Port Scan — True Positive,"Closed with minimal review — T1595 alert on HOST-2114, no further action taken.",2026-01-08T15:19:00Z
CASE-002606,SOC-004,,ALT-002606,2026-01-08T20:27:00Z,ANL-4007,HIGH,CLOSED,TRUE_POSITIVE,New Registry Run Key Entry — True Positive,Manually reviewed HOST-4573 logs; findings documented against case ticket.,2026-01-08T21:15:00Z
CASE-002607,SOC-004,,ALT-002607,2026-01-08T16:33:00Z,ANL-4002,CRITICAL,CLOSED,FALSE_POSITIVE,Unusual Scheduled Task Created — False Positive,Reviewed and closed.,2026-01-08T17:25:00Z
CASE-002608,SOC-004,,ALT-002608,2026-01-08T22:49:00Z,ANL-4010,LOW,CLOSED,TRUE_POSITIVE,Encoded PowerShell Command — True Positive,Analysed endpoint telemetry for HOST-2882 tied to T1059.001 detection.,2026-01-09T03:50:00Z
CASE-002609,SOC-004,,ALT-002609,2026-01-08T06:27:00Z,ANL-4002,HIGH,CLOSED,TRUE_POSITIVE,Large Outbound Data Transfer — True Positive,Validated authentication logs tied to HOST-1988 to rule out credential compromise.,2026-01-08T08:05:00Z
CASE-002610,SOC-004,,ALT-002610,2026-01-08T01:50:00Z,ANL-4010,HIGH,CLOSED,TRUE_POSITIVE,Encoded PowerShell Command — True Positive,Cross-referenced 10.236.247.23 against threat intelligence feeds for HOST-3000.,2026-01-08T03:18:00Z
CASE-002611,SOC-004,,ALT-002611,2026-01-08T00:50:00Z,ANL-4002,MEDIUM,CLOSED,TRUE_POSITIVE,Encoded PowerShell Command — True Positive,Cross-referenced 10.21.222.126 against threat intelligence feeds for HOST-3091.,2026-01-08T04:38:00Z
CASE-002612,SOC-004,,ALT-002612,2026-01-08T17:15:00Z,ANL-4010,LOW,CLOSED,FALSE_POSITIVE,Ransomware Behaviour Detected — False Positive,Traced network flow from 10.112.7.141 to determine scope of T1486 activity on HOST-4847.,2026-01-08T21:10:00Z
CASE-002613,SOC-004,,ALT-002613,2026-01-08T05:18:00Z,ANL-4012,LOW,CLOSED,TRUE_POSITIVE,LSASS Memory Access — True Positive,Reviewed escalation criteria for HOST-4036; behaviour consistent with known baseline.,2026-01-08T10:49:00Z
CASE-002614,SOC-004,,ALT-002614,2026-01-08T09:57:00Z,ANL-4008,MEDIUM,CLOSED,TRUE_POSITIVE,Large Outbound Data Transfer — True Positive,No further action required.,2026-01-08T13:56:00Z
CASE-002615,SOC-004,,ALT-002615,2026-01-08T22:04:00Z,ANL-4010,MEDIUM,CLOSED,TRUE_POSITIVE,Internal Network Port Scan — True Positive,"Closed with minimal review — T1595 alert on HOST-4804, no further action taken.",2026-01-08T22:58:00Z
CASE-002616,SOC-004,,ALT-002616,2026-01-08T08:21:00Z,ANL-4004,MEDIUM,CLOSED,FALSE_POSITIVE,Large Outbound Data Transfer — False Positive,Confirmed T1041 alert on HOST-4623 against recent change records.,2026-01-08T11:59:00Z
CASE-002617,SOC-004,,ALT-002617,2026-01-08T05:23:00Z,ANL-4011,MEDIUM,CLOSED,TRUE_POSITIVE,Password Spraying Detected — True Positive,Reviewed escalation criteria for HOST-4400; behaviour consistent with known baseline.,2026-01-08T07:27:00Z
CASE-002618,SOC-004,,ALT-002618,2026-01-08T21:48:00Z,ANL-4001,MEDIUM,CLOSED,TRUE_POSITIVE,Beaconing to Known C2 Domain — True Positive,Confirmed T1071.001 alert on HOST-3807 against recent change records.,2026-01-09T01:41:00Z
CASE-002619,SOC-004,,ALT-002619,2026-01-08T13:37:00Z,ANL-4012,HIGH,CLOSED,FALSE_POSITIVE,Unusual SMB Admin Share Access — False Positive,"Closed with minimal review — T1021.002 alert on HOST-1091, no further action taken.",2026-01-08T14:23:00Z
CASE-002620,SOC-004,,ALT-002620,2026-01-08T06:21:00Z,ANL-4008,LOW,CLOSED,FALSE_POSITIVE,Suspicious CMD Execution — False Positive,"Closed with minimal review — T1059.003 alert on HOST-2337, no further action taken.",2026-01-08T14:56:00Z
CASE-002621,SOC-004,,ALT-002621,2026-01-08T16:37:00Z,ANL-4001,HIGH,CLOSED,FALSE_POSITIVE,Beaconing to Known C2 Domain — False Positive,"Closed with minimal review — T1071.001 alert on HOST-1085, no further action taken.",2026-01-08T17:05:00Z
CASE-002622,SOC-004,,ALT-002622,2026-01-08T21:40:00Z,ANL-4004,LOW,CLOSED,TRUE_POSITIVE,Large Outbound Data Transfer — True Positive,Traced network flow from 10.37.122.35 to determine scope of T1041 activity on HOST-3110.,2026-01-10T09:44:00Z
CASE-002623,SOC-004,,ALT-002623,2026-01-08T20:46:00Z,ANL-4009,HIGH,CLOSED,TRUE_POSITIVE,Unusual Scheduled Task Created — True Positive,Traced network flow from 10.194.246.136 to determine scope of T1053.005 activity on HOST-2822.,2026-01-08T21:52:00Z
CASE-002624,SOC-004,,ALT-002624,2026-01-08T02:13:00Z,ANL-4007,HIGH,CLOSED,TRUE_POSITIVE,Suspicious PowerShell — True Positive,Reviewed escalation criteria for HOST-2633; behaviour consistent with known baseline.,2026-01-08T03:05:00Z
CASE-002625,SOC-004,,ALT-002625,2026-01-08T04:51:00Z,ANL-4007,LOW,CLOSED,FALSE_POSITIVE,Unusual RDP Session — False Positive,Reviewed T1021.001 activity on HOST-3663; correlated with source 10.120.95.237.,2026-01-09T02:56:00Z
CASE-002626,SOC-004,,ALT-002626,2026-01-08T02:00:00Z,ANL-4013,LOW,CLOSED,TRUE_POSITIVE,Suspicious CMD Execution — True Positive,"Closed with minimal review — T1059.003 alert on HOST-4667, no further action taken.",2026-01-08T03:18:00Z
CASE-002627,SOC-004,,ALT-002627,2026-01-08T17:18:00Z,ANL-4005,HIGH,CLOSED,TRUE_POSITIVE,Suspicious PowerShell — True Positive,"Closed with minimal review — T1059.001 alert on HOST-1594, no further action taken.",2026-01-08T17:47:00Z
CASE-002628,SOC-004,,ALT-002628,2026-01-08T00:37:00Z,ANL-4006,MEDIUM,CLOSED,FALSE_POSITIVE,Unusual RDP Session — False Positive,"Closed with minimal review — T1021.001 alert on HOST-3795, no further action taken.",2026-01-08T01:10:00Z
CASE-002629,SOC-004,,ALT-002629,2026-01-08T03:17:00Z,ANL-4004,HIGH,CLOSED,TRUE_POSITIVE,Internal Network Port Scan — True Positive,Validated authentication logs tied to HOST-4228 to rule out credential compromise.,2026-01-08T04:28:00Z
CASE-002630,SOC-004,,ALT-002630,2026-01-08T19:28:00Z,ANL-4007,MEDIUM,CLOSED,TRUE_POSITIVE,LSASS Memory Access — True Positive,Reviewed T1003 activity on HOST-2000; correlated with source 10.45.118.243.,2026-01-08T23:32:00Z
CASE-002631,SOC-004,,ALT-002631,2026-01-08T05:39:00Z,ANL-4006,MEDIUM,CLOSED,TRUE_POSITIVE,Unusual Scheduled Task Created — True Positive,Reviewed T1053.005 activity on HOST-2264; correlated with source 10.130.95.138.,2026-01-08T09:09:00Z
CASE-002632,SOC-004,,ALT-002632,2026-01-08T17:56:00Z,ANL-4012,MEDIUM,CLOSED,TRUE_POSITIVE,Suspicious CMD Execution — True Positive,Reviewed escalation criteria for HOST-4822; behaviour consistent with known baseline.,2026-01-08T21:33:00Z
CASE-002633,SOC-004,,ALT-002633,2026-01-08T13:36:00Z,ANL-4009,HIGH,CLOSED,TRUE_POSITIVE,Large Outbound Data Transfer — True Positive,"Closed with minimal review — T1041 alert on HOST-1283, no further action taken.",2026-01-08T15:23:00Z
CASE-002634,SOC-004,,ALT-002634,2026-01-08T11:42:00Z,ANL-4008,LOW,CLOSED,TRUE_POSITIVE,LSASS Memory Access — True Positive,No further action required.,2026-01-08T17:35:00Z
CASE-002635,SOC-004,,ALT-002635,2026-01-08T16:18:00Z,ANL-4005,LOW,CLOSED,TRUE_POSITIVE,Beaconing to Known C2 Domain — True Positive,Reviewed T1071.001 activity on HOST-3893; correlated with source 10.250.157.2.,2026-01-08T23:44:00Z
CASE-002636,SOC-004,,ALT-002636,2026-01-08T16:25:00Z,ANL-4010,CRITICAL,CLOSED,TRUE_POSITIVE,Repeated Failed Logins — True Positive,Validated authentication logs tied to HOST-3757 to rule out credential compromise.,2026-01-08T16:55:00Z
CASE-002637,SOC-004,,ALT-002637,2026-01-08T19:20:00Z,ANL-4003,HIGH,CLOSED,TRUE_POSITIVE,Password Spraying Detected — True Positive,Reviewed and closed.,2026-01-08T20:52:00Z
CASE-002638,SOC-004,INC-000093,ALT-002638,2026-01-08T02:49:00Z,ANL-4009,CRITICAL,CLOSED,TRUE_POSITIVE,Suspicious Binary Download — True Positive,"Closed with minimal review — T1105 alert on HOST-4655, no further action taken.",2026-01-08T03:25:00Z
CASE-002639,SOC-004,,ALT-002639,2026-01-08T21:46:00Z,ANL-4010,LOW,CLOSED,TRUE_POSITIVE,Unusual Scheduled Task Created — True Positive,"Closed with minimal review — T1053.005 alert on HOST-4915, no further action taken.",2026-01-08T22:21:00Z
CASE-002640,SOC-004,,ALT-002640,2026-01-08T23:06:00Z,ANL-4012,LOW,CLOSED,TRUE_POSITIVE,Unusual RDP Session — True Positive,Reviewed T1021.001 activity on HOST-4771; correlated with source 10.42.138.44.,2026-01-09T22:08:00Z
CASE-002641,SOC-004,,ALT-002641,2026-01-09T08:44:00Z,ANL-4013,LOW,CLOSED,TRUE_POSITIVE,Password Spraying Detected — True Positive,"Closed with minimal review — T1110 alert on HOST-1791, no further action taken.",2026-01-09T16:00:00Z
CASE-002642,SOC-004,,ALT-002642,2026-01-09T20:04:00Z,ANL-4005,MEDIUM,CLOSED,TRUE_POSITIVE,Internal Network Port Scan — True Positive,Confirmed T1595 alert on HOST-3979 against recent change records.,2026-01-09T22:19:00Z
CASE-002643,SOC-004,,ALT-002643,2026-01-09T11:10:00Z,ANL-4005,MEDIUM,CLOSED,TRUE_POSITIVE,Repeated Failed Logins — True Positive,"Closed with minimal review — T1110 alert on HOST-1147, no further action taken.",2026-01-09T11:50:00Z
CASE-002644,SOC-004,,ALT-002644,2026-01-09T19:52:00Z,ANL-4013,LOW,CLOSED,TRUE_POSITIVE,New Registry Run Key Entry — True Positive,"Closed with minimal review — T1547.001 alert on HOST-4102, no further action taken.",2026-01-10T00:21:00Z
CASE-002645,SOC-004,,ALT-002645,2026-01-09T10:24:00Z,ANL-4010,MEDIUM,CLOSED,TRUE_POSITIVE,Upload to Unapproved Cloud Storage — True Positive,"Closed with minimal review — T1567 alert on HOST-2164, no further action taken.",2026-01-09T13:28:00Z
CASE-002646,SOC-004,INC-000094,ALT-002646,2026-01-09T07:22:00Z,ANL-4013,CRITICAL,CLOSED,TRUE_POSITIVE,Unusual Scheduled Task Created — True Positive,Reviewed T1053.005 activity on HOST-2682; correlated with source 10.60.47.178.,2026-01-11T02:50:00Z
CASE-002647,SOC-004,,ALT-002647,2026-01-09T10:45:00Z,ANL-4001,LOW,CLOSED,TRUE_POSITIVE,Ransomware Behaviour Detected — True Positive,Analysed endpoint telemetry for HOST-3102 tied to T1486 detection.,2026-01-09T15:10:00Z
CASE-002648,SOC-004,,ALT-002648,2026-01-09T13:13:00Z,ANL-4006,LOW,CLOSED,FALSE_POSITIVE,Encoded PowerShell Command — False Positive,Validated authentication logs tied to HOST-3285 to rule out credential compromise.,2026-01-09T20:51:00Z
CASE-002649,SOC-004,,ALT-002649,2026-01-09T12:48:00Z,ANL-4002,MEDIUM,CLOSED,FALSE_POSITIVE,Ransomware Behaviour Detected — False Positive,Reviewed and closed.,2026-01-09T13:39:00Z
CASE-002650,SOC-004,,ALT-002650,2026-01-09T13:38:00Z,ANL-4001,LOW,CLOSED,FALSE_POSITIVE,Upload to Unapproved Cloud Storage — False Positive,"Closed with minimal review — T1567 alert on HOST-1037, no further action taken.",2026-01-09T15:22:00Z
CASE-002651,SOC-004,,ALT-002651,2026-01-09T16:53:00Z,ANL-4011,MEDIUM,CLOSED,TRUE_POSITIVE,Suspicious CMD Execution — True Positive,Reviewed escalation criteria for HOST-3514; behaviour consistent with known baseline.,2026-01-10T15:12:00Z
CASE-002652,SOC-004,,ALT-002652,2026-01-09T10:39:00Z,ANL-4003,MEDIUM,CLOSED,FALSE_POSITIVE,Suspicious Binary Download — False Positive,Reviewed and closed.,2026-01-09T13:10:00Z
CASE-002653,SOC-004,,ALT-002653,2026-01-09T01:25:00Z,ANL-4012,LOW,CLOSED,TRUE_POSITIVE,Large Outbound Data Transfer — True Positive,Checked process execution history for HOST-4752 following T1041 alert.,2026-01-10T03:23:00Z
CASE-002654,SOC-004,,ALT-002654,2026-01-09T17:00:00Z,ANL-4002,LOW,CLOSED,TRUE_POSITIVE,Large Outbound Data Transfer — True Positive,Manually reviewed HOST-3286 logs; findings documented against case ticket.,2026-01-10T00:19:00Z
CASE-002655,SOC-004,,ALT-002655,2026-01-09T16:47:00Z,ANL-4004,LOW,CLOSED,TRUE_POSITIVE,Large Outbound Data Transfer — True Positive,"Closed with minimal review — T1041 alert on HOST-1401, no further action taken.",2026-01-09T21:24:00Z
CASE-002656,SOC-004,,ALT-002656,2026-01-09T10:36:00Z,ANL-4010,HIGH,CLOSED,TRUE_POSITIVE,Internal Network Port Scan — True Positive,Cross-referenced 10.123.160.187 against threat intelligence feeds for HOST-1752.,2026-01-09T11:41:00Z
CASE-002657,SOC-004,,ALT-002657,2026-01-09T22:14:00Z,ANL-4012,LOW,CLOSED,FALSE_POSITIVE,LSASS Memory Access — False Positive,"Closed with minimal review — T1003 alert on HOST-4129, no further action taken.",2026-01-10T03:18:00Z
CASE-002658,SOC-004,,ALT-002658,2026-01-09T20:22:00Z,ANL-4008,LOW,CLOSED,TRUE_POSITIVE,Beaconing to Known C2 Domain — True Positive,No further action required.,2026-01-09T21:15:00Z
CASE-002659,SOC-004,,ALT-002659,2026-01-09T00:34:00Z,ANL-4006,LOW,CLOSED,TRUE_POSITIVE,Unusual SMB Admin Share Access — True Positive,"Closed with minimal review — T1021.002 alert on HOST-2632, no further action taken.",2026-01-09T06:36:00Z
CASE-002660,SOC-004,,ALT-002660,2026-01-09T00:30:00Z,ANL-4001,MEDIUM,CLOSED,TRUE_POSITIVE,Suspicious Binary Download — True Positive,"Closed with minimal review — T1105 alert on HOST-1662, no further action taken.",2026-01-09T01:00:00Z
CASE-002661,SOC-004,,ALT-002661,2026-01-09T17:37:00Z,ANL-4001,LOW,CLOSED,TRUE_POSITIVE,Unusual Scheduled Task Created — True Positive,"Closed with minimal review — T1053.005 alert on HOST-3025, no further action taken.",2026-01-09T23:20:00Z
CASE-002662,SOC-004,,ALT-002662,2026-01-09T06:01:00Z,ANL-4003,LOW,CLOSED,TRUE_POSITIVE,LSASS Memory Access — True Positive,Confirmed T1003 alert on HOST-1448 against recent change records.,2026-01-09T14:35:00Z
CASE-002663,SOC-004,,ALT-002663,2026-01-09T12:22:00Z,ANL-4009,LOW,CLOSED,FALSE_POSITIVE,Unusual RDP Session — False Positive,"Closed with minimal review — T1021.001 alert on HOST-3196, no further action taken.",2026-01-09T13:02:00Z
CASE-002664,SOC-004,,ALT-002664,2026-01-09T02:28:00Z,ANL-4008,LOW,CLOSED,TRUE_POSITIVE,LSASS Memory Access — True Positive,No further action required.,2026-01-09T03:23:00Z
CASE-002665,SOC-004,,ALT-002665,2026-01-09T05:12:00Z,ANL-4010,CRITICAL,CLOSED,FALSE_POSITIVE,Ransomware Behaviour Detected — False Positive,"Closed with minimal review — T1486 alert on HOST-4803, no further action taken.",2026-01-09T05:45:00Z
CASE-002666,SOC-004,,ALT-002666,2026-01-09T10:37:00Z,ANL-4009,LOW,CLOSED,FALSE_POSITIVE,Unusual RDP Session — False Positive,"Closed with minimal review — T1021.001 alert on HOST-4464, no further action taken.",2026-01-09T19:02:00Z
CASE-002667,SOC-004,,ALT-002667,2026-01-09T07:16:00Z,ANL-4001,LOW,CLOSED,FALSE_POSITIVE,Internal Network Port Scan — False Positive,Reviewed escalation criteria for HOST-1059; behaviour consistent with known baseline.,2026-01-09T13:29:00Z
CASE-002668,SOC-004,,ALT-002668,2026-01-09T21:20:00Z,ANL-4013,LOW,CLOSED,TRUE_POSITIVE,Large Outbound Data Transfer — True Positive,Validated authentication logs tied to HOST-3367 to rule out credential compromise.,2026-01-10T19:25:00Z
CASE-002669,SOC-004,,ALT-002669,2026-01-09T08:36:00Z,ANL-4008,MEDIUM,CLOSED,TRUE_POSITIVE,Upload to Unapproved Cloud Storage — True Positive,No further action required.,2026-01-09T20:07:00Z
CASE-002670,SOC-004,,ALT-002670,2026-01-09T20:37:00Z,ANL-4010,LOW,CLOSED,FALSE_POSITIVE,Suspicious Binary Download — False Positive,"Closed with minimal review — T1105 alert on HOST-1037, no further action taken.",2026-01-09T22:15:00Z
CASE-002671,SOC-004,,ALT-002671,2026-01-09T04:54:00Z,ANL-4002,MEDIUM,CLOSED,FALSE_POSITIVE,Suspicious Binary Download — False Positive,Reviewed and closed.,2026-01-09T05:40:00Z
CASE-002672,SOC-004,,ALT-002672,2026-01-09T19:32:00Z,ANL-4009,LOW,CLOSED,TRUE_POSITIVE,Ransomware Behaviour Detected — True Positive,Manually reviewed HOST-3684 logs; findings documented against case ticket.,2026-01-11T08:40:00Z
CASE-002673,SOC-004,,ALT-002673,2026-01-09T13:12:00Z,ANL-4006,LOW,CLOSED,TRUE_POSITIVE,Ransomware Behaviour Detected — True Positive,Reviewed escalation criteria for HOST-4603; behaviour consistent with known baseline.,2026-01-11T06:27:00Z
CASE-002674,SOC-004,,ALT-002674,2026-01-09T16:01:00Z,ANL-4008,LOW,CLOSED,FALSE_POSITIVE,New Registry Run Key Entry — False Positive,No further action required.,2026-01-09T21:39:00Z
CASE-002675,SOC-004,,ALT-002675,2026-01-09T08:48:00Z,ANL-4002,MEDIUM,CLOSED,TRUE_POSITIVE,New Registry Run Key Entry — True Positive,Reviewed and closed.,2026-01-09T11:26:00Z
CASE-002676,SOC-004,,ALT-002676,2026-01-09T18:12:00Z,ANL-4007,CRITICAL,CLOSED,FALSE_POSITIVE,Unusual RDP Session — False Positive,Analysed endpoint telemetry for HOST-2012 tied to T1021.001 detection.,2026-01-09T18:59:00Z
CASE-002677,SOC-004,,ALT-002677,2026-01-09T02:32:00Z,ANL-4001,HIGH,CLOSED,TRUE_POSITIVE,Unusual RDP Session — True Positive,Checked process execution history for HOST-4533 following T1021.001 alert.,2026-01-09T03:59:00Z
CASE-002678,SOC-004,,ALT-002678,2026-01-09T18:05:00Z,ANL-4008,MEDIUM,CLOSED,TRUE_POSITIVE,Unusual Scheduled Task Created — True Positive,"Closed with minimal review — T1053.005 alert on HOST-1279, no further action taken.",2026-01-09T21:58:00Z
CASE-002679,SOC-004,,ALT-002679,2026-01-09T22:28:00Z,ANL-4008,LOW,CLOSED,FALSE_POSITIVE,Ransomware Behaviour Detected — False Positive,No further action required.,2026-01-10T06:07:00Z
CASE-002680,SOC-004,,ALT-002680,2026-01-09T11:32:00Z,ANL-4005,MEDIUM,CLOSED,TRUE_POSITIVE,Suspicious PowerShell — True Positive,"Closed with minimal review — T1059.001 alert on HOST-2499, no further action taken.",2026-01-09T14:58:00Z
CASE-002681,SOC-004,,ALT-002681,2026-01-09T23:23:00Z,ANL-4003,LOW,CLOSED,TRUE_POSITIVE,Unusual RDP Session — True Positive,Reviewed and closed.,2026-01-10T06:03:00Z
CASE-002682,SOC-004,,ALT-002682,2026-01-09T20:59:00Z,ANL-4001,LOW,CLOSED,TRUE_POSITIVE,LSASS Memory Access — True Positive,Investigated T1003 indicators on HOST-1133; no further lateral movement observed.,2026-01-11T12:03:00Z
CASE-002683,SOC-004,,ALT-002683,2026-01-09T16:13:00Z,ANL-4002,LOW,CLOSED,FALSE_POSITIVE,Repeated Failed Logins — False Positive,Reviewed and closed.,2026-01-10T23:14:00Z
CASE-002684,SOC-004,,ALT-002684,2026-01-09T23:35:00Z,ANL-4013,LOW,CLOSED,TRUE_POSITIVE,Large Outbound Data Transfer — True Positive,Confirmed T1041 alert on HOST-2961 against recent change records.,2026-01-10T00:56:00Z
CASE-002685,SOC-004,,ALT-002685,2026-01-09T12:07:00Z,ANL-4001,MEDIUM,CLOSED,TRUE_POSITIVE,Suspicious PowerShell — True Positive,Reviewed T1059.001 activity on HOST-1489; correlated with source 10.51.250.9.,2026-01-09T19:57:00Z
CASE-002686,SOC-004,,ALT-002686,2026-01-09T20:05:00Z,ANL-4007,HIGH,CLOSED,TRUE_POSITIVE,Ransomware Behaviour Detected — True Positive,Investigated T1486 indicators on HOST-1230; no further lateral movement observed.,2026-01-09T21:14:00Z
CASE-002687,SOC-004,,ALT-002687,2026-01-09T09:21:00Z,ANL-4001,LOW,CLOSED,FALSE_POSITIVE,Suspicious Binary Download — False Positive,"Closed with minimal review — T1105 alert on HOST-1557, no further action taken.",2026-01-09T14:03:00Z
CASE-002688,SOC-004,INC-000095,ALT-002688,2026-01-09T07:06:00Z,ANL-4006,CRITICAL,CLOSED,TRUE_POSITIVE,Ransomware Behaviour Detected — True Positive,"Closed with minimal review — T1486 alert on HOST-2821, no further action taken.",2026-01-09T07:40:00Z
CASE-002689,SOC-004,,ALT-002689,2026-01-09T18:31:00Z,ANL-4008,MEDIUM,CLOSED,TRUE_POSITIVE,Upload to Unapproved Cloud Storage — True Positive,No further action required.,2026-01-09T20:53:00Z
CASE-002690,SOC-004,,ALT-002690,2026-01-09T05:20:00Z,ANL-4009,MEDIUM,CLOSED,FALSE_POSITIVE,Unusual SMB Admin Share Access — False Positive,Checked process execution history for HOST-4943 following T1021.002 alert.,2026-01-09T07:53:00Z
CASE-002691,SOC-004,,ALT-002691,2026-01-09T06:15:00Z,ANL-4012,LOW,CLOSED,TRUE_POSITIVE,Internal Network Port Scan — True Positive,"Closed with minimal review — T1595 alert on HOST-3583, no further action taken.",2026-01-09T07:23:00Z
CASE-002692,SOC-004,,ALT-002692,2026-01-09T20:16:00Z,ANL-4011,LOW,CLOSED,FALSE_POSITIVE,Beaconing to Known C2 Domain — False Positive,"Closed with minimal review — T1071.001 alert on HOST-1037, no further action taken.",2026-01-09T22:01:00Z
CASE-002693,SOC-004,,ALT-002693,2026-01-09T21:19:00Z,ANL-4008,HIGH,CLOSED,TRUE_POSITIVE,Unusual Scheduled Task Created — True Positive,No further action required.,2026-01-11T02:20:00Z
CASE-002694,SOC-004,,ALT-002694,2026-01-09T08:47:00Z,ANL-4008,MEDIUM,CLOSED,TRUE_POSITIVE,Upload to Unapproved Cloud Storage — True Positive,No further action required.,2026-01-10T00:51:00Z
CASE-002695,SOC-004,,ALT-002695,2026-01-09T16:21:00Z,ANL-4008,LOW,CLOSED,FALSE_POSITIVE,Ransomware Behaviour Detected — False Positive,No further action required.,2026-01-09T17:11:00Z
CASE-002696,SOC-004,,ALT-002696,2026-01-09T02:41:00Z,ANL-4003,HIGH,CLOSED,TRUE_POSITIVE,Beaconing to Known C2 Domain — True Positive,Reviewed and closed.,2026-01-09T04:24:00Z
CASE-002697,SOC-004,INC-000096,ALT-002697,2026-01-09T01:43:00Z,ANL-4002,CRITICAL,CLOSED,TRUE_POSITIVE,Suspicious CMD Execution — True Positive,Reviewed and closed.,2026-01-09T05:20:00Z
CASE-002698,SOC-004,,ALT-002698,2026-01-09T08:00:00Z,ANL-4005,CRITICAL,CLOSED,FALSE_POSITIVE,Ransomware Behaviour Detected — False Positive,Investigated T1486 indicators on HOST-3199; no further lateral movement observed.,2026-01-10T13:41:00Z
CASE-002699,SOC-004,,ALT-002699,2026-01-09T07:16:00Z,ANL-4009,CRITICAL,CLOSED,FALSE_POSITIVE,LSASS Memory Access — False Positive,Reviewed escalation criteria for HOST-1945; behaviour consistent with known baseline.,2026-01-09T07:54:00Z
CASE-002700,SOC-004,,ALT-002700,2026-01-09T06:14:00Z,ANL-4005,LOW,CLOSED,FALSE_POSITIVE,Internal Network Port Scan — False Positive,Confirmed T1595 alert on HOST-4377 against recent change records.,2026-01-09T12:42:00Z
CASE-002701,SOC-004,,ALT-002701,2026-01-09T12:35:00Z,ANL-4013,LOW,CLOSED,TRUE_POSITIVE,New Registry Run Key Entry — True Positive,Reviewed escalation criteria for HOST-2076; behaviour consistent with known baseline.,2026-01-09T21:01:00Z
CASE-002702,SOC-004,,ALT-002702,2026-01-09T06:11:00Z,ANL-4005,HIGH,CLOSED,TRUE_POSITIVE,Ransomware Behaviour Detected — True Positive,"Closed with minimal review — T1486 alert on HOST-4209, no further action taken.",2026-01-09T06:52:00Z
CASE-002703,SOC-004,,ALT-002703,2026-01-09T00:25:00Z,ANL-4002,LOW,CLOSED,FALSE_POSITIVE,Ransomware Behaviour Detected — False Positive,Reviewed and closed.,2026-01-09T08:18:00Z
CASE-002704,SOC-004,,ALT-002704,2026-01-09T21:10:00Z,ANL-4009,LOW,CLOSED,TRUE_POSITIVE,LSASS Memory Access — True Positive,"Closed with minimal review — T1003 alert on HOST-1910, no further action taken.",2026-01-10T02:15:00Z
CASE-002705,SOC-004,,ALT-002705,2026-01-09T09:04:00Z,ANL-4002,MEDIUM,CLOSED,TRUE_POSITIVE,Suspicious CMD Execution — True Positive,Reviewed and closed.,2026-01-09T12:52:00Z
CASE-002706,SOC-004,,ALT-002706,2026-01-09T13:31:00Z,ANL-4002,LOW,CLOSED,TRUE_POSITIVE,Unusual Scheduled Task Created — True Positive,Reviewed and closed.,2026-01-09T21:19:00Z
CASE-002707,SOC-004,,ALT-002707,2026-01-09T15:19:00Z,ANL-4007,HIGH,CLOSED,FALSE_POSITIVE,Unusual RDP Session — False Positive,Investigated T1021.001 indicators on HOST-4798; no further lateral movement observed.,2026-01-11T05:16:00Z
CASE-002708,SOC-004,,ALT-002708,2026-01-09T19:41:00Z,ANL-4013,CRITICAL,CLOSED,TRUE_POSITIVE,New Registry Run Key Entry — True Positive,Analysed endpoint telemetry for HOST-2930 tied to T1547.001 detection.,2026-01-09T20:09:00Z
CASE-002709,SOC-004,,ALT-002709,2026-01-09T16:27:00Z,ANL-4004,LOW,CLOSED,TRUE_POSITIVE,Unusual Scheduled Task Created — True Positive,"Closed with minimal review — T1053.005 alert on HOST-1866, no further action taken.",2026-01-09T23:26:00Z
CASE-002710,SOC-004,,ALT-002710,2026-01-09T17:58:00Z,ANL-4006,LOW,CLOSED,FALSE_POSITIVE,New Registry Run Key Entry — False Positive,Analysed endpoint telemetry for HOST-4760 tied to T1547.001 detection.,2026-01-10T00:50:00Z
CASE-002711,SOC-004,,ALT-002711,2026-01-09T18:05:00Z,ANL-4002,HIGH,CLOSED,TRUE_POSITIVE,Suspicious CMD Execution — True Positive,Reviewed T1059.003 activity on HOST-3063; correlated with source 10.57.86.1.,2026-01-09T19:26:00Z
CASE-002712,SOC-004,,ALT-002712,2026-01-09T02:04:00Z,ANL-4011,LOW,CLOSED,TRUE_POSITIVE,Suspicious Binary Download — True Positive,Cross-referenced 10.114.94.154 against threat intelligence feeds for HOST-4384.,2026-01-10T05:09:00Z
CASE-002713,SOC-004,,ALT-002713,2026-01-09T19:48:00Z,ANL-4012,HIGH,CLOSED,TRUE_POSITIVE,Internal Network Port Scan — True Positive,Investigated T1595 indicators on HOST-1426; no further lateral movement observed.,2026-01-10T01:38:00Z
CASE-002714,SOC-004,,ALT-002714,2026-01-09T20:42:00Z,ANL-4007,CRITICAL,CLOSED,TRUE_POSITIVE,Suspicious CMD Execution — True Positive,Investigated T1059.003 indicators on HOST-4043; no further lateral movement observed.,2026-01-09T21:18:00Z
CASE-002715,SOC-004,,ALT-002715,2026-01-09T19:00:00Z,ANL-4004,HIGH,CLOSED,FALSE_POSITIVE,Suspicious PowerShell — False Positive,"Closed with minimal review — T1059.001 alert on HOST-2507, no further action taken.",2026-01-09T19:51:00Z
CASE-002716,SOC-004,,ALT-002716,2026-01-09T18:50:00Z,ANL-4011,MEDIUM,CLOSED,TRUE_POSITIVE,Upload to Unapproved Cloud Storage — True Positive,Confirmed T1567 alert on HOST-1095 against recent change records.,2026-01-09T21:52:00Z
CASE-002717,SOC-004,,ALT-002717,2026-01-09T16:32:00Z,ANL-4004,LOW,CLOSED,FALSE_POSITIVE,Repeated Failed Logins — False Positive,Investigated T1110 indicators on HOST-1561; no further lateral movement observed.,2026-01-10T00:48:00Z
CASE-002718,SOC-004,,ALT-002718,2026-01-09T10:27:00Z,ANL-4009,LOW,CLOSED,FALSE_POSITIVE,Suspicious PowerShell — False Positive,Traced network flow from 10.25.114.241 to determine scope of T1059.001 activity on HOST-4621.,2026-01-09T17:18:00Z
CASE-002719,SOC-004,,ALT-002719,2026-01-09T07:53:00Z,ANL-4005,CRITICAL,CLOSED,TRUE_POSITIVE,Internal Network Port Scan — True Positive,Reviewed escalation criteria for HOST-3378; behaviour consistent with known baseline.,2026-01-09T08:27:00Z
CASE-002720,SOC-004,,ALT-002720,2026-01-09T09:29:00Z,ANL-4006,HIGH,CLOSED,TRUE_POSITIVE,Suspicious PowerShell — True Positive,"Closed with minimal review — T1059.001 alert on HOST-2256, no further action taken.",2026-01-09T09:57:00Z
CASE-002721,SOC-004,,ALT-002721,2026-01-09T07:51:00Z,ANL-4003,MEDIUM,CLOSED,TRUE_POSITIVE,Internal Network Port Scan — True Positive,Reviewed and closed.,2026-01-10T03:53:00Z
CASE-002722,SOC-004,,ALT-002722,2026-01-09T19:36:00Z,ANL-4011,LOW,CLOSED,TRUE_POSITIVE,Internal Network Port Scan — True Positive,Cross-referenced 10.159.96.168 against threat intelligence feeds for HOST-4704.,2026-01-10T03:20:00Z
CASE-002723,SOC-004,,ALT-002723,2026-01-09T02:17:00Z,ANL-4007,MEDIUM,CLOSED,TRUE_POSITIVE,Unusual SMB Admin Share Access — True Positive,Manually reviewed HOST-2810 logs; findings documented against case ticket.,2026-01-09T06:14:00Z
CASE-002724,SOC-004,,ALT-002724,2026-01-09T03:48:00Z,ANL-4013,LOW,CLOSED,TRUE_POSITIVE,Large Outbound Data Transfer — True Positive,Validated authentication logs tied to HOST-3173 to rule out credential compromise.,2026-01-09T10:01:00Z
CASE-002725,SOC-004,,ALT-002725,2026-01-09T00:40:00Z,ANL-4013,MEDIUM,CLOSED,TRUE_POSITIVE,Internal Network Port Scan — True Positive,Analysed endpoint telemetry for HOST-2233 tied to T1595 detection.,2026-01-09T04:25:00Z
CASE-002726,SOC-004,,ALT-002726,2026-01-09T04:54:00Z,ANL-4006,MEDIUM,CLOSED,TRUE_POSITIVE,Large Outbound Data Transfer — True Positive,Cross-referenced 10.212.237.206 against threat intelligence feeds for HOST-4491.,2026-01-09T23:25:00Z
CASE-002727,SOC-004,,ALT-002727,2026-01-09T15:46:00Z,ANL-4005,LOW,CLOSED,TRUE_POSITIVE,Unusual SMB Admin Share Access — True Positive,Cross-referenced 10.171.204.10 against threat intelligence feeds for HOST-3818.,2026-01-09T23:30:00Z
CASE-002728,SOC-004,,ALT-002728,2026-01-09T17:52:00Z,ANL-4005,LOW,CLOSED,TRUE_POSITIVE,Unusual SMB Admin Share Access — True Positive,"Closed with minimal review — T1021.002 alert on HOST-4878, no further action taken.",2026-01-09T22:33:00Z
CASE-002729,SOC-004,,ALT-002729,2026-01-09T20:55:00Z,ANL-4001,HIGH,CLOSED,FALSE_POSITIVE,New Registry Run Key Entry — False Positive,Confirmed T1547.001 alert on HOST-1285 against recent change records.,2026-01-11T19:50:00Z
CASE-002730,SOC-004,,ALT-002730,2026-01-09T05:45:00Z,ANL-4012,LOW,CLOSED,TRUE_POSITIVE,Beaconing to Known C2 Domain — True Positive,Traced network flow from 10.213.134.215 to determine scope of T1071.001 activity on HOST-4956.,2026-01-09T12:29:00Z
CASE-002731,SOC-004,,ALT-002731,2026-01-09T05:45:00Z,ANL-4007,MEDIUM,CLOSED,TRUE_POSITIVE,Internal Network Port Scan — True Positive,Reviewed escalation criteria for HOST-1423; behaviour consistent with known baseline.,2026-01-09T06:27:00Z
CASE-002732,SOC-004,,ALT-002732,2026-01-09T19:04:00Z,ANL-4008,LOW,CLOSED,TRUE_POSITIVE,Unusual Scheduled Task Created — True Positive,No further action required.,2026-01-09T23:19:00Z
CASE-002733,SOC-004,,ALT-002733,2026-01-09T09:42:00Z,ANL-4001,LOW,CLOSED,FALSE_POSITIVE,Suspicious PowerShell — False Positive,Investigated T1059.001 indicators on HOST-1244; no further lateral movement observed.,2026-01-09T15:08:00Z
CASE-002734,SOC-004,,ALT-002734,2026-01-09T09:31:00Z,ANL-4012,HIGH,CLOSED,TRUE_POSITIVE,Password Spraying Detected — True Positive,"Closed with minimal review — T1110 alert on HOST-3953, no further action taken.",2026-01-09T10:21:00Z
CASE-002735,SOC-004,,ALT-002735,2026-01-09T00:41:00Z,ANL-4011,LOW,CLOSED,TRUE_POSITIVE,Suspicious Binary Download — True Positive,Investigated T1105 indicators on HOST-2929; no further lateral movement observed.,2026-01-09T09:28:00Z
CASE-002736,SOC-004,,ALT-002736,2026-01-09T04:56:00Z,ANL-4004,HIGH,CLOSED,FALSE_POSITIVE,Unusual RDP Session — False Positive,Confirmed T1021.001 alert on HOST-2667 against recent change records.,2026-01-09T05:55:00Z
CASE-002737,SOC-004,,ALT-002737,2026-01-09T12:16:00Z,ANL-4004,MEDIUM,CLOSED,FALSE_POSITIVE,New Registry Run Key Entry — False Positive,"Closed with minimal review — T1547.001 alert on HOST-1154, no further action taken.",2026-01-09T15:55:00Z
CASE-002738,SOC-004,,ALT-002738,2026-01-09T21:18:00Z,ANL-4007,MEDIUM,CLOSED,TRUE_POSITIVE,Suspicious CMD Execution — True Positive,Validated authentication logs tied to HOST-4217 to rule out credential compromise.,2026-01-10T00:39:00Z
CASE-002739,SOC-004,,ALT-002739,2026-01-09T07:12:00Z,ANL-4012,MEDIUM,CLOSED,TRUE_POSITIVE,Unusual RDP Session — True Positive,Traced network flow from 10.148.155.63 to determine scope of T1021.001 activity on HOST-4027.,2026-01-09T20:45:00Z
CASE-002740,SOC-004,,ALT-002740,2026-01-09T12:32:00Z,ANL-4010,HIGH,CLOSED,TRUE_POSITIVE,Suspicious Binary Download — True Positive,"Closed with minimal review — T1105 alert on HOST-3824, no further action taken.",2026-01-09T12:57:00Z
CASE-002741,SOC-004,,ALT-002741,2026-01-09T20:05:00Z,ANL-4005,LOW,CLOSED,TRUE_POSITIVE,Suspicious Binary Download — True Positive,Checked process execution history for HOST-2117 following T1105 alert.,2026-01-10T15:10:00Z
CASE-002742,SOC-004,,ALT-002742,2026-01-09T01:42:00Z,ANL-4005,MEDIUM,CLOSED,FALSE_POSITIVE,Suspicious PowerShell — False Positive,Investigated T1059.001 indicators on HOST-2410; no further lateral movement observed.,2026-01-09T02:19:00Z
CASE-002743,SOC-004,,ALT-002743,2026-01-09T05:18:00Z,ANL-4008,LOW,CLOSED,TRUE_POSITIVE,Suspicious Binary Download — True Positive,No further action required.,2026-01-09T11:18:00Z
CASE-002744,SOC-004,,ALT-002744,2026-01-09T18:27:00Z,ANL-4008,MEDIUM,CLOSED,TRUE_POSITIVE,Encoded PowerShell Command — True Positive,No further action required.,2026-01-09T21:10:00Z
CASE-002745,SOC-004,,ALT-002745,2026-01-09T02:25:00Z,ANL-4003,MEDIUM,CLOSED,FALSE_POSITIVE,Unusual SMB Admin Share Access — False Positive,Reviewed and closed.,2026-01-09T05:03:00Z
CASE-002746,SOC-004,,ALT-002746,2026-01-09T10:33:00Z,ANL-4012,HIGH,CLOSED,TRUE_POSITIVE,Unusual Scheduled Task Created — True Positive,Investigated T1053.005 indicators on HOST-4199; no further lateral movement observed.,2026-01-09T11:30:00Z
CASE-002747,SOC-004,,ALT-002747,2026-01-09T12:29:00Z,ANL-4012,LOW,CLOSED,TRUE_POSITIVE,Internal Network Port Scan — True Positive,Investigated T1595 indicators on HOST-3348; no further lateral movement observed.,2026-01-10T18:30:00Z
CASE-002748,SOC-004,,ALT-002748,2026-01-09T07:30:00Z,ANL-4012,CRITICAL,CLOSED,FALSE_POSITIVE,Ransomware Behaviour Detected — False Positive,Manually reviewed HOST-1543 logs; findings documented against case ticket.,2026-01-09T09:42:00Z
CASE-002749,SOC-004,,ALT-002749,2026-01-09T09:44:00Z,ANL-4005,MEDIUM,CLOSED,TRUE_POSITIVE,Large Outbound Data Transfer — True Positive,"Closed with minimal review — T1041 alert on HOST-2998, no further action taken.",2026-01-09T12:44:00Z
CASE-002750,SOC-004,,ALT-002750,2026-01-09T03:00:00Z,ANL-4001,HIGH,CLOSED,TRUE_POSITIVE,Beaconing to Known C2 Domain — True Positive,"Closed with minimal review — T1071.001 alert on HOST-4117, no further action taken.",2026-01-09T03:29:00Z
CASE-002751,SOC-004,,ALT-002751,2026-01-09T03:15:00Z,ANL-4004,CRITICAL,CLOSED,FALSE_POSITIVE,Large Outbound Data Transfer — False Positive,Investigated T1041 indicators on HOST-3201; no further lateral movement observed.,2026-01-09T03:47:00Z
CASE-002752,SOC-004,,ALT-002752,2026-01-09T20:42:00Z,ANL-4005,HIGH,CLOSED,TRUE_POSITIVE,Suspicious Binary Download — True Positive,"Closed with minimal review — T1105 alert on HOST-3333, no further action taken.",2026-01-09T21:21:00Z
CASE-002753,SOC-004,,ALT-002753,2026-01-09T07:00:00Z,ANL-4003,HIGH,CLOSED,FALSE_POSITIVE,Beaconing to Known C2 Domain — False Positive,Reviewed and closed.,2026-01-09T14:18:00Z
CASE-002754,SOC-004,,ALT-002754,2026-01-09T11:04:00Z,ANL-4005,HIGH,CLOSED,FALSE_POSITIVE,Unusual Scheduled Task Created — False Positive,"Closed with minimal review — T1053.005 alert on HOST-1037, no further action taken.",2026-01-09T11:45:00Z
CASE-002755,SOC-004,,ALT-002755,2026-01-09T15:25:00Z,ANL-4013,LOW,CLOSED,TRUE_POSITIVE,Ransomware Behaviour Detected — True Positive,Confirmed T1486 alert on HOST-3444 against recent change records.,2026-01-09T20:19:00Z
CASE-002756,SOC-004,,ALT-002756,2026-01-09T05:24:00Z,ANL-4004,CRITICAL,CLOSED,FALSE_POSITIVE,Suspicious PowerShell — False Positive,Traced network flow from 10.52.15.115 to determine scope of T1059.001 activity on HOST-1229.,2026-01-09T08:59:00Z
CASE-002757,SOC-004,,ALT-002757,2026-01-09T10:03:00Z,ANL-4011,LOW,CLOSED,TRUE_POSITIVE,Ransomware Behaviour Detected — True Positive,"Closed with minimal review — T1486 alert on HOST-2064, no further action taken.",2026-01-09T11:27:00Z
CASE-002758,SOC-004,,ALT-002758,2026-01-09T03:17:00Z,ANL-4006,HIGH,CLOSED,TRUE_POSITIVE,Unusual RDP Session — True Positive,"Closed with minimal review — T1021.001 alert on HOST-1091, no further action taken.",2026-01-09T04:01:00Z
CASE-002759,SOC-004,,ALT-002759,2026-01-09T06:26:00Z,ANL-4002,MEDIUM,CLOSED,TRUE_POSITIVE,Internal Network Port Scan — True Positive,Reviewed and closed.,2026-01-09T07:04:00Z
CASE-002760,SOC-004,,ALT-002760,2026-01-09T17:41:00Z,ANL-4009,HIGH,CLOSED,TRUE_POSITIVE,Upload to Unapproved Cloud Storage — True Positive,Reviewed T1567 activity on HOST-2763; correlated with source 10.29.221.254.,2026-01-09T19:19:00Z
CASE-002761,SOC-004,,ALT-002761,2026-01-09T04:05:00Z,ANL-4012,HIGH,CLOSED,FALSE_POSITIVE,Ransomware Behaviour Detected — False Positive,Reviewed escalation criteria for HOST-4507; behaviour consistent with known baseline.,2026-01-09T05:04:00Z
CASE-002762,SOC-004,,ALT-002762,2026-01-09T21:09:00Z,ANL-4002,MEDIUM,CLOSED,FALSE_POSITIVE,Beaconing to Known C2 Domain — False Positive,Reviewed and closed.,2026-01-10T01:22:00Z
CASE-002763,SOC-004,,ALT-002763,2026-01-09T10:02:00Z,ANL-4012,LOW,CLOSED,FALSE_POSITIVE,New Registry Run Key Entry — False Positive,Validated authentication logs tied to HOST-1971 to rule out credential compromise.,2026-01-10T23:06:00Z
CASE-002764,SOC-004,,ALT-002764,2026-01-09T04:08:00Z,ANL-4011,HIGH,CLOSED,FALSE_POSITIVE,Ransomware Behaviour Detected — False Positive,Manually reviewed HOST-2536 logs; findings documented against case ticket.,2026-01-09T05:35:00Z
CASE-002765,SOC-004,,ALT-002765,2026-01-09T11:30:00Z,ANL-4006,MEDIUM,CLOSED,TRUE_POSITIVE,Suspicious CMD Execution — True Positive,Analysed endpoint telemetry for HOST-1525 tied to T1059.003 detection.,2026-01-09T23:05:00Z
CASE-002766,SOC-004,,ALT-002766,2026-01-09T04:26:00Z,ANL-4002,MEDIUM,CLOSED,TRUE_POSITIVE,Encoded PowerShell Command — True Positive,Reviewed and closed.,2026-01-09T22:31:00Z
CASE-002767,SOC-004,,ALT-002767,2026-01-09T04:05:00Z,ANL-4007,LOW,CLOSED,TRUE_POSITIVE,Unusual RDP Session — True Positive,"Closed with minimal review — T1021.001 alert on HOST-1531, no further action taken.",2026-01-09T05:03:00Z
CASE-002768,SOC-004,,ALT-002768,2026-01-09T15:51:00Z,ANL-4013,LOW,CLOSED,TRUE_POSITIVE,Unusual SMB Admin Share Access — True Positive,"Closed with minimal review — T1021.002 alert on HOST-1304, no further action taken.",2026-01-09T17:12:00Z
CASE-002769,SOC-004,,ALT-002769,2026-01-09T23:11:00Z,ANL-4009,MEDIUM,CLOSED,TRUE_POSITIVE,Unusual Scheduled Task Created — True Positive,Confirmed T1053.005 alert on HOST-4528 against recent change records.,2026-01-10T04:26:00Z
CASE-002770,SOC-004,,ALT-002770,2026-01-09T08:18:00Z,ANL-4012,LOW,CLOSED,TRUE_POSITIVE,Suspicious Binary Download — True Positive,Validated authentication logs tied to HOST-3851 to rule out credential compromise.,2026-01-09T14:46:00Z
CASE-002771,SOC-004,,ALT-002771,2026-01-09T11:04:00Z,ANL-4006,MEDIUM,CLOSED,FALSE_POSITIVE,Beaconing to Known C2 Domain — False Positive,Validated authentication logs tied to HOST-3101 to rule out credential compromise.,2026-01-09T14:27:00Z
CASE-002772,SOC-004,,ALT-002772,2026-01-09T03:45:00Z,ANL-4006,MEDIUM,CLOSED,TRUE_POSITIVE,Ransomware Behaviour Detected — True Positive,Manually reviewed HOST-4973 logs; findings documented against case ticket.,2026-01-09T06:23:00Z
CASE-002773,SOC-004,,ALT-002773,2026-01-09T14:33:00Z,ANL-4012,CRITICAL,CLOSED,TRUE_POSITIVE,Ransomware Behaviour Detected — True Positive,Reviewed T1486 activity on HOST-1825; correlated with source 10.15.157.118.,2026-01-09T15:13:00Z
CASE-002774,SOC-004,,ALT-002774,2026-01-09T03:40:00Z,ANL-4006,MEDIUM,CLOSED,TRUE_POSITIVE,Unusual Scheduled Task Created — True Positive,"Closed with minimal review — T1053.005 alert on HOST-2147, no further action taken.",2026-01-09T04:42:00Z
CASE-002775,SOC-004,,ALT-002775,2026-01-09T08:55:00Z,ANL-4001,HIGH,CLOSED,TRUE_POSITIVE,Unusual SMB Admin Share Access — True Positive,"Closed with minimal review — T1021.002 alert on HOST-3911, no further action taken.",2026-01-09T09:44:00Z
CASE-002776,SOC-004,,ALT-002776,2026-01-09T19:16:00Z,ANL-4011,LOW,CLOSED,TRUE_POSITIVE,Beaconing to Known C2 Domain — True Positive,"Closed with minimal review — T1071.001 alert on HOST-4820, no further action taken.",2026-01-09T23:49:00Z
CASE-002777,SOC-004,,ALT-002777,2026-01-09T19:22:00Z,ANL-4001,LOW,CLOSED,FALSE_POSITIVE,Ransomware Behaviour Detected — False Positive,"Closed with minimal review — T1486 alert on HOST-4793, no further action taken.",2026-01-09T23:58:00Z
CASE-002778,SOC-004,,ALT-002778,2026-01-09T11:41:00Z,ANL-4010,HIGH,CLOSED,TRUE_POSITIVE,Suspicious Binary Download — True Positive,"Closed with minimal review — T1105 alert on HOST-4642, no further action taken.",2026-01-09T12:11:00Z
CASE-002779,SOC-004,,ALT-002779,2026-01-09T19:33:00Z,ANL-4006,MEDIUM,CLOSED,TRUE_POSITIVE,New Registry Run Key Entry — True Positive,"Closed with minimal review — T1547.001 alert on HOST-4203, no further action taken.",2026-01-09T20:06:00Z
CASE-002780,SOC-004,,ALT-002780,2026-01-09T20:25:00Z,ANL-4002,HIGH,CLOSED,FALSE_POSITIVE,Internal Network Port Scan — False Positive,Reviewed and closed.,2026-01-10T00:56:00Z
CASE-002781,SOC-004,,ALT-002781,2026-01-09T17:10:00Z,ANL-4006,MEDIUM,CLOSED,TRUE_POSITIVE,Suspicious CMD Execution — True Positive,Analysed endpoint telemetry for HOST-4513 tied to T1059.003 detection.,2026-01-11T21:11:00Z
CASE-002782,SOC-004,,ALT-002782,2026-01-09T05:41:00Z,ANL-4009,HIGH,CLOSED,TRUE_POSITIVE,Suspicious CMD Execution — True Positive,Reviewed escalation criteria for HOST-1995; behaviour consistent with known baseline.,2026-01-09T06:38:00Z
CASE-002783,SOC-004,,ALT-002783,2026-01-09T19:49:00Z,ANL-4007,HIGH,CLOSED,TRUE_POSITIVE,Ransomware Behaviour Detected — True Positive,Checked process execution history for HOST-3535 following T1486 alert.,2026-01-09T20:36:00Z
CASE-002784,SOC-004,,ALT-002784,2026-01-09T12:36:00Z,ANL-4007,MEDIUM,CLOSED,TRUE_POSITIVE,Suspicious Binary Download — True Positive,Confirmed T1105 alert on HOST-1697 against recent change records.,2026-01-09T22:39:00Z
CASE-002785,SOC-004,,ALT-002785,2026-01-09T07:06:00Z,ANL-4011,LOW,CLOSED,FALSE_POSITIVE,Beaconing to Known C2 Domain — False Positive,"Closed with minimal review — T1071.001 alert on HOST-3361, no further action taken.",2026-01-09T13:39:00Z
CASE-002786,SOC-004,,ALT-002786,2026-01-09T02:32:00Z,ANL-4011,LOW,CLOSED,TRUE_POSITIVE,Unusual Scheduled Task Created — True Positive,"Closed with minimal review — T1053.005 alert on HOST-2489, no further action taken.",2026-01-09T08:02:00Z
CASE-002787,SOC-004,,ALT-002787,2026-01-09T20:49:00Z,ANL-4010,LOW,CLOSED,TRUE_POSITIVE,Ransomware Behaviour Detected — True Positive,"Closed with minimal review — T1486 alert on HOST-1091, no further action taken.",2026-01-09T22:02:00Z
CASE-002788,SOC-004,,ALT-002788,2026-01-09T08:33:00Z,ANL-4007,HIGH,CLOSED,TRUE_POSITIVE,Ransomware Behaviour Detected — True Positive,Validated authentication logs tied to HOST-1952 to rule out credential compromise.,2026-01-09T16:37:00Z
CASE-002789,SOC-004,,ALT-002789,2026-01-09T16:09:00Z,ANL-4007,LOW,CLOSED,TRUE_POSITIVE,Unusual RDP Session — True Positive,Reviewed T1021.001 activity on HOST-1459; correlated with source 10.198.85.238.,2026-01-09T23:00:00Z
CASE-002790,SOC-004,INC-000097,ALT-002790,2026-01-09T16:41:00Z,ANL-4003,CRITICAL,CLOSED,TRUE_POSITIVE,Suspicious PowerShell — True Positive,Analysed endpoint telemetry for HOST-1256 tied to T1059.001 detection.,2026-01-09T17:27:00Z
CASE-002791,SOC-004,,ALT-002791,2026-01-09T08:49:00Z,ANL-4001,LOW,CLOSED,FALSE_POSITIVE,Internal Network Port Scan — False Positive,Reviewed escalation criteria for HOST-3561; behaviour consistent with known baseline.,2026-01-09T09:33:00Z
CASE-002792,SOC-004,,ALT-002792,2026-01-09T01:07:00Z,ANL-4013,MEDIUM,CLOSED,TRUE_POSITIVE,Internal Network Port Scan — True Positive,"Closed with minimal review — T1595 alert on HOST-2924, no further action taken.",2026-01-09T05:32:00Z
CASE-002793,SOC-004,,ALT-002793,2026-01-09T18:44:00Z,ANL-4004,MEDIUM,CLOSED,TRUE_POSITIVE,Ransomware Behaviour Detected — True Positive,Investigated T1486 indicators on HOST-3649; no further lateral movement observed.,2026-01-09T21:12:00Z
CASE-002794,SOC-004,INC-000098,ALT-002794,2026-01-09T07:29:00Z,ANL-4006,CRITICAL,CLOSED,TRUE_POSITIVE,Encoded PowerShell Command — True Positive,"Closed with minimal review — T1059.001 alert on HOST-3625, no further action taken.",2026-01-09T08:03:00Z
CASE-002795,SOC-004,,ALT-002795,2026-01-09T19:47:00Z,ANL-4012,LOW,CLOSED,FALSE_POSITIVE,Encoded PowerShell Command — False Positive,Traced network flow from 10.127.166.193 to determine scope of T1059.001 activity on HOST-3497.,2026-01-10T01:54:00Z
CASE-002796,SOC-004,,ALT-002796,2026-01-09T04:52:00Z,ANL-4002,MEDIUM,CLOSED,TRUE_POSITIVE,Suspicious CMD Execution — True Positive,Reviewed and closed.,2026-01-09T17:40:00Z
CASE-002797,SOC-004,,ALT-002797,2026-01-09T11:18:00Z,ANL-4005,LOW,CLOSED,TRUE_POSITIVE,Internal Network Port Scan — True Positive,Reviewed escalation criteria for HOST-1897; behaviour consistent with known baseline.,2026-01-09T15:30:00Z
CASE-002798,SOC-004,,ALT-002798,2026-01-09T13:31:00Z,ANL-4009,CRITICAL,CLOSED,TRUE_POSITIVE,Ransomware Behaviour Detected — True Positive,"Closed with minimal review — T1486 alert on HOST-1091, no further action taken.",2026-01-09T14:07:00Z
CASE-002799,SOC-004,,ALT-002799,2026-01-09T08:22:00Z,ANL-4009,HIGH,CLOSED,TRUE_POSITIVE,Unusual RDP Session — True Positive,Traced network flow from 10.127.192.39 to determine scope of T1021.001 activity on HOST-1887.,2026-01-09T13:42:00Z
CASE-002800,SOC-004,,ALT-002800,2026-01-09T10:06:00Z,ANL-4002,MEDIUM,CLOSED,TRUE_POSITIVE,Suspicious CMD Execution — True Positive,Reviewed and closed.,2026-01-09T12:17:00Z
CASE-002801,SOC-004,,ALT-002801,2026-01-09T17:31:00Z,ANL-4013,LOW,CLOSED,TRUE_POSITIVE,Internal Network Port Scan — True Positive,Traced network flow from 10.19.21.230 to determine scope of T1595 activity on HOST-2252.,2026-01-10T06:28:00Z
CASE-002802,SOC-004,,ALT-002802,2026-01-09T03:31:00Z,ANL-4011,HIGH,CLOSED,TRUE_POSITIVE,Unusual Scheduled Task Created — True Positive,Traced network flow from 10.222.194.109 to determine scope of T1053.005 activity on HOST-1512.,2026-01-09T20:40:00Z
CASE-002803,SOC-004,,ALT-002803,2026-01-09T06:21:00Z,ANL-4009,HIGH,CLOSED,TRUE_POSITIVE,Suspicious CMD Execution — True Positive,Investigated T1059.003 indicators on HOST-2164; no further lateral movement observed.,2026-01-09T07:38:00Z
CASE-002804,SOC-004,,ALT-002804,2026-01-09T07:23:00Z,ANL-4001,HIGH,CLOSED,TRUE_POSITIVE,Beaconing to Known C2 Domain — True Positive,Validated authentication logs tied to HOST-2850 to rule out credential compromise.,2026-01-09T07:51:00Z
CASE-002805,SOC-004,INC-000099,ALT-002805,2026-01-09T21:32:00Z,ANL-4012,CRITICAL,CLOSED,TRUE_POSITIVE,Repeated Failed Logins — True Positive,"Closed with minimal review — T1110 alert on HOST-3402, no further action taken.",2026-01-09T22:03:00Z
CASE-002806,SOC-004,,ALT-002806,2026-01-09T14:02:00Z,ANL-4008,HIGH,CLOSED,TRUE_POSITIVE,Upload to Unapproved Cloud Storage — True Positive,Cross-referenced 10.79.120.233 against threat intelligence feeds for HOST-4739.,2026-01-09T15:20:00Z
CASE-002807,SOC-004,,ALT-002807,2026-01-09T16:38:00Z,ANL-4005,HIGH,CLOSED,TRUE_POSITIVE,Internal Network Port Scan — True Positive,Reviewed escalation criteria for HOST-2108; behaviour consistent with known baseline.,2026-01-09T20:54:00Z
CASE-002808,SOC-004,,ALT-002808,2026-01-09T08:28:00Z,ANL-4012,LOW,CLOSED,FALSE_POSITIVE,Unusual Scheduled Task Created — False Positive,Investigated T1053.005 indicators on HOST-3339; no further lateral movement observed.,2026-01-11T06:17:00Z
CASE-002809,SOC-004,,ALT-002809,2026-01-09T20:35:00Z,ANL-4008,MEDIUM,CLOSED,FALSE_POSITIVE,Suspicious CMD Execution — False Positive,"Closed with minimal review — T1059.003 alert on HOST-1037, no further action taken.",2026-01-09T21:08:00Z
CASE-002810,SOC-004,,ALT-002810,2026-01-09T21:35:00Z,ANL-4002,LOW,CLOSED,TRUE_POSITIVE,Internal Network Port Scan — True Positive,Validated authentication logs tied to HOST-3878 to rule out credential compromise.,2026-01-10T03:57:00Z
CASE-002811,SOC-004,,ALT-002811,2026-01-09T16:52:00Z,ANL-4009,MEDIUM,CLOSED,FALSE_POSITIVE,Upload to Unapproved Cloud Storage — False Positive,Validated authentication logs tied to HOST-1200 to rule out credential compromise.,2026-01-09T20:02:00Z
CASE-002812,SOC-004,,ALT-002812,2026-01-09T16:17:00Z,ANL-4009,HIGH,CLOSED,TRUE_POSITIVE,Unusual Scheduled Task Created — True Positive,Checked process execution history for HOST-4758 following T1053.005 alert.,2026-01-09T17:11:00Z
CASE-002813,SOC-004,,ALT-002813,2026-01-09T18:59:00Z,ANL-4008,LOW,CLOSED,TRUE_POSITIVE,Encoded PowerShell Command — True Positive,Validated authentication logs tied to HOST-4765 to rule out credential compromise.,2026-01-09T22:52:00Z
CASE-002814,SOC-004,,ALT-002814,2026-01-09T15:28:00Z,ANL-4003,LOW,CLOSED,FALSE_POSITIVE,Suspicious Binary Download — False Positive,Reviewed and closed.,2026-01-09T22:17:00Z
CASE-002815,SOC-004,,ALT-002815,2026-01-09T13:06:00Z,ANL-4007,LOW,CLOSED,FALSE_POSITIVE,Unusual SMB Admin Share Access — False Positive,Reviewed escalation criteria for HOST-2424; behaviour consistent with known baseline.,2026-01-11T14:05:00Z
CASE-002816,SOC-004,,ALT-002816,2026-01-09T15:52:00Z,ANL-4006,LOW,CLOSED,TRUE_POSITIVE,LSASS Memory Access — True Positive,"Closed with minimal review — T1003 alert on HOST-4666, no further action taken.",2026-01-09T16:53:00Z
CASE-002817,SOC-004,,ALT-002817,2026-01-09T22:43:00Z,ANL-4007,MEDIUM,CLOSED,FALSE_POSITIVE,Unusual SMB Admin Share Access — False Positive,"Closed with minimal review — T1021.002 alert on HOST-1459, no further action taken.",2026-01-09T23:12:00Z
CASE-002818,SOC-004,,ALT-002818,2026-01-09T11:50:00Z,ANL-4010,MEDIUM,CLOSED,TRUE_POSITIVE,Large Outbound Data Transfer — True Positive,Traced network flow from 10.77.246.242 to determine scope of T1041 activity on HOST-1421.,2026-01-09T14:17:00Z
CASE-002819,SOC-004,,ALT-002819,2026-01-09T01:00:00Z,ANL-4007,MEDIUM,CLOSED,TRUE_POSITIVE,Beaconing to Known C2 Domain — True Positive,Cross-referenced 10.253.204.251 against threat intelligence feeds for HOST-4549.,2026-01-09T03:31:00Z
CASE-002820,SOC-004,,ALT-002820,2026-01-09T22:25:00Z,ANL-4011,LOW,CLOSED,TRUE_POSITIVE,LSASS Memory Access — True Positive,Confirmed T1003 alert on HOST-1582 against recent change records.,2026-01-10T02:02:00Z
CASE-002821,SOC-004,,ALT-002821,2026-01-09T16:55:00Z,ANL-4005,LOW,CLOSED,TRUE_POSITIVE,Encoded PowerShell Command — True Positive,Reviewed escalation criteria for HOST-4506; behaviour consistent with known baseline.,2026-01-10T12:56:00Z
CASE-002822,SOC-004,,ALT-002822,2026-01-09T19:25:00Z,ANL-4009,LOW,CLOSED,TRUE_POSITIVE,Internal Network Port Scan — True Positive,Cross-referenced 10.76.232.82 against threat intelligence feeds for HOST-3266.,2026-01-09T23:35:00Z
CASE-002823,SOC-004,,ALT-002823,2026-01-09T23:24:00Z,ANL-4012,CRITICAL,CLOSED,TRUE_POSITIVE,Encoded PowerShell Command — True Positive,Cross-referenced 10.241.119.251 against threat intelligence feeds for HOST-4499.,2026-01-10T02:55:00Z
CASE-002824,SOC-004,,ALT-002824,2026-01-09T23:56:00Z,ANL-4010,LOW,CLOSED,FALSE_POSITIVE,Suspicious Binary Download — False Positive,Analysed endpoint telemetry for HOST-3226 tied to T1105 detection.,2026-01-10T05:43:00Z
CASE-002825,SOC-004,,ALT-002825,2026-01-09T02:13:00Z,ANL-4008,MEDIUM,CLOSED,FALSE_POSITIVE,Internal Network Port Scan — False Positive,No further action required.,2026-01-11T05:28:00Z
CASE-002826,SOC-004,,ALT-002826,2026-01-09T00:54:00Z,ANL-4008,LOW,CLOSED,TRUE_POSITIVE,Suspicious PowerShell — True Positive,No further action required.,2026-01-09T06:33:00Z
CASE-002827,SOC-004,,ALT-002827,2026-01-09T19:01:00Z,ANL-4011,MEDIUM,CLOSED,TRUE_POSITIVE,Password Spraying Detected — True Positive,Reviewed escalation criteria for HOST-1042; behaviour consistent with known baseline.,2026-01-10T12:11:00Z
CASE-002828,SOC-004,,ALT-002828,2026-01-09T20:02:00Z,ANL-4002,CRITICAL,CLOSED,FALSE_POSITIVE,Repeated Failed Logins — False Positive,Reviewed and closed.,2026-01-09T20:37:00Z
CASE-002829,SOC-004,,ALT-002829,2026-01-09T06:15:00Z,ANL-4006,HIGH,CLOSED,TRUE_POSITIVE,Upload to Unapproved Cloud Storage — True Positive,Reviewed escalation criteria for HOST-1031; behaviour consistent with known baseline.,2026-01-09T07:18:00Z
CASE-002830,SOC-004,INC-000100,ALT-002830,2026-01-09T04:52:00Z,ANL-4003,CRITICAL,CLOSED,TRUE_POSITIVE,Internal Network Port Scan — True Positive,Reviewed and closed.,2026-01-09T05:28:00Z
CASE-002831,SOC-004,,ALT-002831,2026-01-09T15:55:00Z,ANL-4009,MEDIUM,CLOSED,FALSE_POSITIVE,Suspicious CMD Execution — False Positive,Reviewed T1059.003 activity on HOST-4450; correlated with source 10.33.210.226.,2026-01-09T16:41:00Z
CASE-002832,SOC-004,,ALT-002832,2026-01-09T14:59:00Z,ANL-4011,MEDIUM,CLOSED,TRUE_POSITIVE,Ransomware Behaviour Detected — True Positive,Traced network flow from 10.156.214.212 to determine scope of T1486 activity on HOST-1485.,2026-01-09T17:17:00Z
CASE-002833,SOC-004,,ALT-002833,2026-01-09T03:59:00Z,ANL-4009,HIGH,CLOSED,TRUE_POSITIVE,Ransomware Behaviour Detected — True Positive,Checked process execution history for HOST-2510 following T1486 alert.,2026-01-09T05:04:00Z
CASE-002834,SOC-004,,ALT-002834,2026-01-09T19:59:00Z,ANL-4004,LOW,CLOSED,TRUE_POSITIVE,Internal Network Port Scan — True Positive,Reviewed T1595 activity on HOST-3160; correlated with source 10.125.123.39.,2026-01-10T03:41:00Z
CASE-002835,SOC-004,,ALT-002835,2026-01-09T09:47:00Z,ANL-4009,LOW,CLOSED,TRUE_POSITIVE,Internal Network Port Scan — True Positive,Cross-referenced 10.80.128.117 against threat intelligence feeds for HOST-2979.,2026-01-11T01:49:00Z
CASE-002836,SOC-004,,ALT-002836,2026-01-09T04:29:00Z,ANL-4009,HIGH,CLOSED,TRUE_POSITIVE,Encoded PowerShell Command — True Positive,"Closed with minimal review — T1059.001 alert on HOST-3545, no further action taken.",2026-01-09T04:59:00Z
CASE-002837,SOC-004,,ALT-002837,2026-01-09T00:26:00Z,ANL-4013,LOW,CLOSED,FALSE_POSITIVE,Suspicious Binary Download — False Positive,Cross-referenced 10.134.122.195 against threat intelligence feeds for HOST-3655.,2026-01-09T07:42:00Z
CASE-002838,SOC-004,INC-000101,ALT-002838,2026-01-09T13:11:00Z,ANL-4006,CRITICAL,CLOSED,TRUE_POSITIVE,Unusual SMB Admin Share Access — True Positive,"Closed with minimal review — T1021.002 alert on HOST-1294, no further action taken.",2026-01-09T13:39:00Z
CASE-002839,SOC-004,,ALT-002839,2026-01-09T03:40:00Z,ANL-4012,HIGH,CLOSED,TRUE_POSITIVE,Suspicious CMD Execution — True Positive,"Closed with minimal review — T1059.003 alert on HOST-2018, no further action taken.",2026-01-09T04:10:00Z
CASE-002840,SOC-004,,ALT-002840,2026-01-09T05:30:00Z,ANL-4004,MEDIUM,CLOSED,TRUE_POSITIVE,Ransomware Behaviour Detected — True Positive,Reviewed T1486 activity on HOST-3914; correlated with source 10.93.30.14.,2026-01-09T08:55:00Z
CASE-002841,SOC-004,,ALT-002841,2026-01-09T03:29:00Z,ANL-4009,LOW,CLOSED,FALSE_POSITIVE,Unusual SMB Admin Share Access — False Positive,"Closed with minimal review — T1021.002 alert on HOST-1085, no further action taken.",2026-01-09T04:54:00Z
CASE-002842,SOC-004,,ALT-002842,2026-01-09T05:58:00Z,ANL-4012,LOW,CLOSED,FALSE_POSITIVE,New Registry Run Key Entry — False Positive,Investigated T1547.001 indicators on HOST-4868; no further lateral movement observed.,2026-01-09T14:32:00Z
CASE-002843,SOC-004,,ALT-002843,2026-01-09T19:16:00Z,ANL-4009,LOW,CLOSED,TRUE_POSITIVE,Internal Network Port Scan — True Positive,Reviewed T1595 activity on HOST-1742; correlated with source 10.11.7.28.,2026-01-10T22:54:00Z
CASE-002844,SOC-004,,ALT-002844,2026-01-09T19:13:00Z,ANL-4006,CRITICAL,CLOSED,TRUE_POSITIVE,LSASS Memory Access — True Positive,Manually reviewed HOST-4709 logs; findings documented against case ticket.,2026-01-09T19:56:00Z
CASE-002845,SOC-004,,ALT-002845,2026-01-09T20:45:00Z,ANL-4011,LOW,CLOSED,TRUE_POSITIVE,Unusual RDP Session — True Positive,Cross-referenced 10.171.253.39 against threat intelligence feeds for HOST-3375.,2026-01-10T01:26:00Z
CASE-002846,SOC-004,,ALT-002846,2026-01-09T02:29:00Z,ANL-4011,MEDIUM,CLOSED,TRUE_POSITIVE,Large Outbound Data Transfer — True Positive,Analysed endpoint telemetry for HOST-3356 tied to T1041 detection.,2026-01-09T22:30:00Z
CASE-002847,SOC-004,,ALT-002847,2026-01-09T17:59:00Z,ANL-4013,LOW,CLOSED,FALSE_POSITIVE,LSASS Memory Access — False Positive,"Closed with minimal review — T1003 alert on HOST-1091, no further action taken.",2026-01-09T19:28:00Z
CASE-002848,SOC-004,,ALT-002848,2026-01-09T12:44:00Z,ANL-4003,LOW,CLOSED,TRUE_POSITIVE,LSASS Memory Access — True Positive,Reviewed and closed.,2026-01-10T22:23:00Z
CASE-002849,SOC-004,,ALT-002849,2026-01-09T02:38:00Z,ANL-4003,LOW,CLOSED,FALSE_POSITIVE,Beaconing to Known C2 Domain — False Positive,Investigated T1071.001 indicators on HOST-4153; no further lateral movement observed.,2026-01-09T09:07:00Z
CASE-002850,SOC-004,,ALT-002850,2026-01-09T03:52:00Z,ANL-4001,MEDIUM,CLOSED,TRUE_POSITIVE,Internal Network Port Scan — True Positive,Reviewed escalation criteria for HOST-3205; behaviour consistent with known baseline.,2026-01-09T05:58:00Z
CASE-002851,SOC-004,,ALT-002851,2026-01-09T14:34:00Z,ANL-4008,LOW,CLOSED,FALSE_POSITIVE,Upload to Unapproved Cloud Storage — False Positive,"Closed with minimal review — T1567 alert on HOST-2307, no further action taken.",2026-01-09T16:02:00Z
CASE-002852,SOC-004,,ALT-002852,2026-01-09T22:47:00Z,ANL-4008,LOW,CLOSED,TRUE_POSITIVE,Internal Network Port Scan — True Positive,No further action required.,2026-01-10T04:21:00Z
CASE-002853,SOC-004,,ALT-002853,2026-01-09T12:16:00Z,ANL-4005,HIGH,CLOSED,FALSE_POSITIVE,New Registry Run Key Entry — False Positive,Traced network flow from 10.113.7.253 to determine scope of T1547.001 activity on HOST-3786.,2026-01-09T13:54:00Z
CASE-002854,SOC-004,,ALT-002854,2026-01-09T06:44:00Z,ANL-4009,LOW,CLOSED,TRUE_POSITIVE,Unusual RDP Session — True Positive,Cross-referenced 10.135.140.17 against threat intelligence feeds for HOST-2662.,2026-01-09T13:35:00Z
CASE-002855,SOC-004,,ALT-002855,2026-01-09T23:57:00Z,ANL-4004,LOW,CLOSED,TRUE_POSITIVE,Internal Network Port Scan — True Positive,Reviewed T1595 activity on HOST-1028; correlated with source 10.58.171.80.,2026-01-10T03:27:00Z
CASE-002856,SOC-004,,ALT-002856,2026-01-09T04:44:00Z,ANL-4004,MEDIUM,CLOSED,TRUE_POSITIVE,Unusual Scheduled Task Created — True Positive,Confirmed T1053.005 alert on HOST-4665 against recent change records.,2026-01-09T22:15:00Z
CASE-002857,SOC-004,,ALT-002857,2026-01-09T16:40:00Z,ANL-4013,HIGH,CLOSED,TRUE_POSITIVE,Unusual SMB Admin Share Access — True Positive,Reviewed escalation criteria for HOST-3933; behaviour consistent with known baseline.,2026-01-09T17:53:00Z
CASE-002858,SOC-004,,ALT-002858,2026-01-09T07:17:00Z,ANL-4003,LOW,CLOSED,TRUE_POSITIVE,Suspicious Binary Download — True Positive,Reviewed and closed.,2026-01-09T14:12:00Z
CASE-002859,SOC-004,,ALT-002859,2026-01-09T23:05:00Z,ANL-4002,CRITICAL,CLOSED,TRUE_POSITIVE,Large Outbound Data Transfer — True Positive,Reviewed and closed.,2026-01-09T23:32:00Z
CASE-002860,SOC-004,,ALT-002860,2026-01-09T16:18:00Z,ANL-4011,LOW,CLOSED,TRUE_POSITIVE,Suspicious CMD Execution — True Positive,Confirmed T1059.003 alert on HOST-1045 against recent change records.,2026-01-09T21:38:00Z
CASE-002861,SOC-004,,ALT-002861,2026-01-09T19:36:00Z,ANL-4006,LOW,CLOSED,TRUE_POSITIVE,Suspicious PowerShell — True Positive,Investigated T1059.001 indicators on HOST-4610; no further lateral movement observed.,2026-01-10T20:00:00Z
CASE-002862,SOC-004,,ALT-002862,2026-01-09T01:52:00Z,ANL-4005,LOW,CLOSED,FALSE_POSITIVE,Suspicious PowerShell — False Positive,Confirmed T1059.001 alert on HOST-2791 against recent change records.,2026-01-09T21:57:00Z
CASE-002863,SOC-004,,ALT-002863,2026-01-09T09:48:00Z,ANL-4008,HIGH,CLOSED,FALSE_POSITIVE,Internal Network Port Scan — False Positive,No further action required.,2026-01-09T10:55:00Z
CASE-002864,SOC-004,,ALT-002864,2026-01-09T01:39:00Z,ANL-4008,CRITICAL,CLOSED,FALSE_POSITIVE,Beaconing to Known C2 Domain — False Positive,No further action required.,2026-01-09T02:54:00Z
CASE-002865,SOC-004,,ALT-002865,2026-01-09T12:39:00Z,ANL-4004,HIGH,CLOSED,FALSE_POSITIVE,Unusual SMB Admin Share Access — False Positive,"Closed with minimal review — T1021.002 alert on HOST-3831, no further action taken.",2026-01-09T13:42:00Z
CASE-002866,SOC-004,,ALT-002866,2026-01-09T16:25:00Z,ANL-4001,MEDIUM,CLOSED,TRUE_POSITIVE,Large Outbound Data Transfer — True Positive,Validated authentication logs tied to HOST-2137 to rule out credential compromise.,2026-01-09T20:10:00Z
CASE-002867,SOC-004,,ALT-002867,2026-01-09T02:15:00Z,ANL-4010,CRITICAL,CLOSED,TRUE_POSITIVE,Suspicious Binary Download — True Positive,Cross-referenced 10.166.150.100 against threat intelligence feeds for HOST-3369.,2026-01-09T03:05:00Z
CASE-002868,SOC-004,,ALT-002868,2026-01-09T11:47:00Z,ANL-4005,MEDIUM,CLOSED,TRUE_POSITIVE,Suspicious Binary Download — True Positive,Traced network flow from 10.55.146.185 to determine scope of T1105 activity on HOST-1120.,2026-01-09T15:35:00Z
CASE-002869,SOC-004,,ALT-002869,2026-01-09T17:40:00Z,ANL-4004,CRITICAL,CLOSED,TRUE_POSITIVE,New Registry Run Key Entry — True Positive,Reviewed T1547.001 activity on HOST-4384; correlated with source 10.9.11.58.,2026-01-10T13:14:00Z
CASE-002870,SOC-004,,ALT-002870,2026-01-09T15:27:00Z,ANL-4002,LOW,CLOSED,TRUE_POSITIVE,Ransomware Behaviour Detected — True Positive,Reviewed and closed.,2026-01-09T20:46:00Z
CASE-002871,SOC-004,,ALT-002871,2026-01-09T18:14:00Z,ANL-4013,LOW,CLOSED,FALSE_POSITIVE,LSASS Memory Access — False Positive,"Closed with minimal review — T1003 alert on HOST-4747, no further action taken.",2026-01-10T02:13:00Z
CASE-002872,SOC-004,,ALT-002872,2026-01-09T06:17:00Z,ANL-4002,LOW,CLOSED,TRUE_POSITIVE,Unusual SMB Admin Share Access — True Positive,Manually reviewed HOST-2535 logs; findings documented against case ticket.,2026-01-10T13:22:00Z
CASE-002873,SOC-004,,ALT-002873,2026-01-09T13:55:00Z,ANL-4004,LOW,CLOSED,FALSE_POSITIVE,Ransomware Behaviour Detected — False Positive,"Closed with minimal review — T1486 alert on HOST-1085, no further action taken.",2026-01-09T15:04:00Z
CASE-002874,SOC-004,,ALT-002874,2026-01-09T02:21:00Z,ANL-4006,LOW,CLOSED,TRUE_POSITIVE,Password Spraying Detected — True Positive,"Closed with minimal review — T1110 alert on HOST-1232, no further action taken.",2026-01-09T07:48:00Z
CASE-002875,SOC-004,,ALT-002875,2026-01-09T12:29:00Z,ANL-4001,MEDIUM,CLOSED,TRUE_POSITIVE,Ransomware Behaviour Detected — True Positive,Checked process execution history for HOST-3337 following T1486 alert.,2026-01-11T07:33:00Z
CASE-002876,SOC-004,,ALT-002876,2026-01-09T19:10:00Z,ANL-4009,MEDIUM,CLOSED,TRUE_POSITIVE,Beaconing to Known C2 Domain — True Positive,Validated authentication logs tied to HOST-4176 to rule out credential compromise.,2026-01-10T13:12:00Z
CASE-002877,SOC-004,,ALT-002877,2026-01-09T10:16:00Z,ANL-4012,LOW,CLOSED,FALSE_POSITIVE,LSASS Memory Access — False Positive,"Closed with minimal review — T1003 alert on HOST-1085, no further action taken.",2026-01-09T12:06:00Z
CASE-002878,SOC-004,,ALT-002878,2026-01-09T01:06:00Z,ANL-4013,MEDIUM,CLOSED,FALSE_POSITIVE,New Registry Run Key Entry — False Positive,Manually reviewed HOST-2213 logs; findings documented against case ticket.,2026-01-09T04:50:00Z
CASE-002879,SOC-004,,ALT-002879,2026-01-09T17:56:00Z,ANL-4004,MEDIUM,CLOSED,TRUE_POSITIVE,Ransomware Behaviour Detected — True Positive,"Closed with minimal review — T1486 alert on HOST-2680, no further action taken.",2026-01-09T20:12:00Z
CASE-002880,SOC-004,,ALT-002880,2026-01-09T22:03:00Z,ANL-4012,MEDIUM,CLOSED,TRUE_POSITIVE,Suspicious Binary Download — True Positive,Reviewed T1105 activity on HOST-2622; correlated with source 10.9.157.31.,2026-01-10T02:07:00Z
CASE-002881,SOC-004,,ALT-002881,2026-01-09T17:55:00Z,ANL-4005,LOW,CLOSED,TRUE_POSITIVE,Encoded PowerShell Command — True Positive,Manually reviewed HOST-1854 logs; findings documented against case ticket.,2026-01-10T21:59:00Z
CASE-002882,SOC-004,,ALT-002882,2026-01-09T00:53:00Z,ANL-4008,LOW,CLOSED,TRUE_POSITIVE,Beaconing to Known C2 Domain — True Positive,No further action required.,2026-01-09T08:48:00Z
CASE-002883,SOC-004,,ALT-002883,2026-01-09T15:12:00Z,ANL-4006,HIGH,CLOSED,TRUE_POSITIVE,Unusual SMB Admin Share Access — True Positive,Reviewed T1021.002 activity on HOST-4959; correlated with source 10.152.78.37.,2026-01-09T16:30:00Z
CASE-002884,SOC-004,INC-000102,ALT-002884,2026-01-09T10:50:00Z,ANL-4013,CRITICAL,CLOSED,TRUE_POSITIVE,LSASS Memory Access — True Positive,Checked process execution history for HOST-4645 following T1003 alert.,2026-01-09T15:04:00Z
CASE-002885,SOC-004,,ALT-002885,2026-01-09T10:59:00Z,ANL-4013,MEDIUM,CLOSED,TRUE_POSITIVE,Large Outbound Data Transfer — True Positive,Validated authentication logs tied to HOST-3541 to rule out credential compromise.,2026-01-09T13:36:00Z
CASE-002886,SOC-004,,ALT-002886,2026-01-09T22:56:00Z,ANL-4004,MEDIUM,CLOSED,FALSE_POSITIVE,Ransomware Behaviour Detected — False Positive,"Closed with minimal review — T1486 alert on HOST-4686, no further action taken.",2026-01-09T23:27:00Z
CASE-002887,SOC-004,,ALT-002887,2026-01-09T18:38:00Z,ANL-4006,HIGH,CLOSED,TRUE_POSITIVE,Large Outbound Data Transfer — True Positive,Investigated T1041 indicators on HOST-1093; no further lateral movement observed.,2026-01-09T19:22:00Z
CASE-002888,SOC-004,,ALT-002888,2026-01-09T02:14:00Z,ANL-4013,LOW,CLOSED,FALSE_POSITIVE,Large Outbound Data Transfer — False Positive,Investigated T1041 indicators on HOST-1255; no further lateral movement observed.,2026-01-10T14:15:00Z
CASE-002889,SOC-004,,ALT-002889,2026-01-09T02:20:00Z,ANL-4005,MEDIUM,CLOSED,TRUE_POSITIVE,Unusual Scheduled Task Created — True Positive,Validated authentication logs tied to HOST-3632 to rule out credential compromise.,2026-01-09T04:46:00Z
CASE-002890,SOC-004,,ALT-002890,2026-01-09T04:15:00Z,ANL-4011,MEDIUM,CLOSED,FALSE_POSITIVE,Upload to Unapproved Cloud Storage — False Positive,Confirmed T1567 alert on HOST-1196 against recent change records.,2026-01-09T22:16:00Z
CASE-002891,SOC-004,,ALT-002891,2026-01-09T04:52:00Z,ANL-4004,LOW,CLOSED,FALSE_POSITIVE,Large Outbound Data Transfer — False Positive,Analysed endpoint telemetry for HOST-4743 tied to T1041 detection.,2026-01-09T11:31:00Z
CASE-002892,SOC-004,,ALT-002892,2026-01-09T11:43:00Z,ANL-4004,HIGH,CLOSED,FALSE_POSITIVE,Ransomware Behaviour Detected — False Positive,"Closed with minimal review — T1486 alert on HOST-1511, no further action taken.",2026-01-09T12:22:00Z
CASE-002893,SOC-004,,ALT-002893,2026-01-09T02:00:00Z,ANL-4007,MEDIUM,CLOSED,TRUE_POSITIVE,Upload to Unapproved Cloud Storage — True Positive,"Closed with minimal review — T1567 alert on HOST-3931, no further action taken.",2026-01-09T04:59:00Z
CASE-002894,SOC-004,,ALT-002894,2026-01-09T08:48:00Z,ANL-4013,LOW,CLOSED,FALSE_POSITIVE,Large Outbound Data Transfer — False Positive,Investigated T1041 indicators on HOST-2753; no further lateral movement observed.,2026-01-10T12:51:00Z
CASE-002895,SOC-004,,ALT-002895,2026-01-09T22:10:00Z,ANL-4008,LOW,CLOSED,FALSE_POSITIVE,New Registry Run Key Entry — False Positive,No further action required.,2026-01-10T02:28:00Z
CASE-002896,SOC-004,,ALT-002896,2026-01-09T20:42:00Z,ANL-4012,MEDIUM,CLOSED,TRUE_POSITIVE,Suspicious PowerShell — True Positive,Reviewed T1059.001 activity on HOST-4185; correlated with source 10.51.69.23.,2026-01-10T16:17:00Z
CASE-002897,SOC-004,,ALT-002897,2026-01-09T18:06:00Z,ANL-4012,LOW,CLOSED,TRUE_POSITIVE,Password Spraying Detected — True Positive,Manually reviewed HOST-2590 logs; findings documented against case ticket.,2026-01-09T23:36:00Z
CASE-002898,SOC-004,,ALT-002898,2026-01-09T10:45:00Z,ANL-4011,LOW,CLOSED,TRUE_POSITIVE,Ransomware Behaviour Detected — True Positive,Traced network flow from 10.176.65.129 to determine scope of T1486 activity on HOST-3679.,2026-01-09T17:11:00Z
CASE-002899,SOC-004,,ALT-002899,2026-01-09T03:58:00Z,ANL-4002,CRITICAL,CLOSED,TRUE_POSITIVE,Ransomware Behaviour Detected — True Positive,Reviewed and closed.,2026-01-09T04:41:00Z
CASE-002900,SOC-004,,ALT-002900,2026-01-09T03:25:00Z,ANL-4001,MEDIUM,CLOSED,TRUE_POSITIVE,Encoded PowerShell Command — True Positive,Reviewed escalation criteria for HOST-3061; behaviour consistent with known baseline.,2026-01-09T06:21:00Z
CASE-002901,SOC-004,,ALT-002901,2026-01-09T07:00:00Z,ANL-4011,LOW,CLOSED,TRUE_POSITIVE,Suspicious Binary Download — True Positive,Validated authentication logs tied to HOST-3206 to rule out credential compromise.,2026-01-10T19:05:00Z
CASE-002902,SOC-004,,ALT-002902,2026-01-09T02:14:00Z,ANL-4004,LOW,CLOSED,FALSE_POSITIVE,Suspicious Binary Download — False Positive,Reviewed T1105 activity on HOST-2847; correlated with source 10.82.239.142.,2026-01-09T10:14:00Z
CASE-002903,SOC-004,,ALT-002903,2026-01-09T13:17:00Z,ANL-4008,MEDIUM,CLOSED,TRUE_POSITIVE,Internal Network Port Scan — True Positive,No further action required.,2026-01-09T16:14:00Z
CASE-002904,SOC-004,,ALT-002904,2026-01-09T07:47:00Z,ANL-4001,LOW,CLOSED,TRUE_POSITIVE,Ransomware Behaviour Detected — True Positive,Checked process execution history for HOST-4915 following T1486 alert.,2026-01-10T21:49:00Z
CASE-002905,SOC-004,INC-000103,ALT-002905,2026-01-09T11:05:00Z,ANL-4006,CRITICAL,CLOSED,TRUE_POSITIVE,Internal Network Port Scan — True Positive,"Closed with minimal review — T1595 alert on HOST-2572, no further action taken.",2026-01-09T11:42:00Z
CASE-002906,SOC-004,,ALT-002906,2026-01-09T14:43:00Z,ANL-4010,LOW,CLOSED,TRUE_POSITIVE,LSASS Memory Access — True Positive,Manually reviewed HOST-3776 logs; findings documented against case ticket.,2026-01-09T20:01:00Z
CASE-002907,SOC-004,,ALT-002907,2026-01-09T11:45:00Z,ANL-4009,CRITICAL,CLOSED,FALSE_POSITIVE,Internal Network Port Scan — False Positive,Investigated T1595 indicators on HOST-2041; no further lateral movement observed.,2026-01-10T08:38:00Z
CASE-002908,SOC-004,,ALT-002908,2026-01-09T11:24:00Z,ANL-4009,MEDIUM,CLOSED,TRUE_POSITIVE,Ransomware Behaviour Detected — True Positive,"Closed with minimal review — T1486 alert on HOST-4365, no further action taken.",2026-01-09T15:09:00Z
CASE-002909,SOC-004,,ALT-002909,2026-01-09T07:25:00Z,ANL-4004,HIGH,CLOSED,FALSE_POSITIVE,Large Outbound Data Transfer — False Positive,Manually reviewed HOST-2889 logs; findings documented against case ticket.,2026-01-09T09:06:00Z
CASE-002910,SOC-004,,ALT-002910,2026-01-09T14:06:00Z,ANL-4004,MEDIUM,CLOSED,TRUE_POSITIVE,Suspicious Binary Download — True Positive,"Closed with minimal review — T1105 alert on HOST-1359, no further action taken.",2026-01-09T14:55:00Z
CASE-002911,SOC-004,,ALT-002911,2026-01-09T22:31:00Z,ANL-4009,MEDIUM,CLOSED,FALSE_POSITIVE,LSASS Memory Access — False Positive,Confirmed T1003 alert on HOST-3211 against recent change records.,2026-01-10T01:27:00Z
CASE-002912,SOC-004,,ALT-002912,2026-01-09T00:02:00Z,ANL-4002,MEDIUM,CLOSED,FALSE_POSITIVE,Internal Network Port Scan — False Positive,Reviewed and closed.,2026-01-09T00:58:00Z
CASE-002913,SOC-004,,ALT-002913,2026-01-09T08:01:00Z,ANL-4012,MEDIUM,CLOSED,FALSE_POSITIVE,Beaconing to Known C2 Domain — False Positive,"Closed with minimal review — T1071.001 alert on HOST-4219, no further action taken.",2026-01-09T08:43:00Z
CASE-002914,SOC-004,,ALT-002914,2026-01-09T22:15:00Z,ANL-4011,HIGH,CLOSED,TRUE_POSITIVE,Ransomware Behaviour Detected — True Positive,Cross-referenced 10.90.82.85 against threat intelligence feeds for HOST-2764.,2026-01-09T23:18:00Z
CASE-002915,SOC-004,,ALT-002915,2026-01-09T08:27:00Z,ANL-4012,MEDIUM,CLOSED,FALSE_POSITIVE,Suspicious CMD Execution — False Positive,Cross-referenced 10.95.157.87 against threat intelligence feeds for HOST-2210.,2026-01-09T12:15:00Z
CASE-002916,SOC-004,,ALT-002916,2026-01-09T10:49:00Z,ANL-4011,LOW,CLOSED,TRUE_POSITIVE,Unusual RDP Session — True Positive,"Closed with minimal review — T1021.001 alert on HOST-3165, no further action taken.",2026-01-09T17:57:00Z
CASE-002917,SOC-004,,ALT-002917,2026-01-09T14:08:00Z,ANL-4013,LOW,CLOSED,TRUE_POSITIVE,Unusual RDP Session — True Positive,Reviewed T1021.001 activity on HOST-1198; correlated with source 10.168.250.61.,2026-01-10T22:09:00Z
CASE-002918,SOC-004,,ALT-002918,2026-01-09T05:21:00Z,ANL-4013,HIGH,CLOSED,TRUE_POSITIVE,Beaconing to Known C2 Domain — True Positive,"Closed with minimal review — T1071.001 alert on HOST-4544, no further action taken.",2026-01-09T06:47:00Z
CASE-002919,SOC-004,,ALT-002919,2026-01-09T17:12:00Z,ANL-4008,HIGH,CLOSED,FALSE_POSITIVE,Large Outbound Data Transfer — False Positive,No further action required.,2026-01-09T21:58:00Z
CASE-002920,SOC-004,,ALT-002920,2026-01-09T19:53:00Z,ANL-4003,CRITICAL,CLOSED,TRUE_POSITIVE,Password Spraying Detected — True Positive,Reviewed escalation criteria for HOST-4701; behaviour consistent with known baseline.,2026-01-09T20:28:00Z
CASE-002921,SOC-004,,ALT-002921,2026-01-10T15:22:00Z,ANL-4010,HIGH,CLOSED,TRUE_POSITIVE,Upload to Unapproved Cloud Storage — True Positive,"Closed with minimal review — T1567 alert on HOST-4935, no further action taken.",2026-01-10T15:58:00Z
CASE-002922,SOC-004,,ALT-002922,2026-01-10T05:42:00Z,ANL-4005,HIGH,CLOSED,FALSE_POSITIVE,New Registry Run Key Entry — False Positive,Checked process execution history for HOST-3068 following T1547.001 alert.,2026-01-10T06:52:00Z
CASE-002923,SOC-004,,ALT-002923,2026-01-10T04:29:00Z,ANL-4012,LOW,CLOSED,TRUE_POSITIVE,Unusual RDP Session — True Positive,Investigated T1021.001 indicators on HOST-4085; no further lateral movement observed.,2026-01-10T08:43:00Z
CASE-002924,SOC-004,,ALT-002924,2026-01-10T08:38:00Z,ANL-4002,MEDIUM,CLOSED,TRUE_POSITIVE,Large Outbound Data Transfer — True Positive,Reviewed and closed.,2026-01-10T09:15:00Z
CASE-002925,SOC-004,,ALT-002925,2026-01-10T00:03:00Z,ANL-4005,LOW,CLOSED,FALSE_POSITIVE,New Registry Run Key Entry — False Positive,Manually reviewed HOST-4092 logs; findings documented against case ticket.,2026-01-10T01:16:00Z
CASE-002926,SOC-004,,ALT-002926,2026-01-10T11:21:00Z,ANL-4002,MEDIUM,CLOSED,TRUE_POSITIVE,Beaconing to Known C2 Domain — True Positive,Reviewed and closed.,2026-01-10T14:03:00Z
CASE-002927,SOC-004,,ALT-002927,2026-01-10T11:32:00Z,ANL-4013,LOW,CLOSED,FALSE_POSITIVE,Ransomware Behaviour Detected — False Positive,Checked process execution history for HOST-3127 following T1486 alert.,2026-01-10T19:44:00Z
CASE-002928,SOC-004,,ALT-002928,2026-01-10T08:26:00Z,ANL-4012,LOW,CLOSED,TRUE_POSITIVE,Large Outbound Data Transfer — True Positive,Investigated T1041 indicators on HOST-4446; no further lateral movement observed.,2026-01-10T12:28:00Z
CASE-002929,SOC-004,,ALT-002929,2026-01-10T07:48:00Z,ANL-4009,LOW,CLOSED,TRUE_POSITIVE,Large Outbound Data Transfer — True Positive,Reviewed T1041 activity on HOST-3939; correlated with source 10.230.134.64.,2026-01-10T13:53:00Z
CASE-002930,SOC-004,,ALT-002930,2026-01-10T22:07:00Z,ANL-4001,LOW,CLOSED,FALSE_POSITIVE,Upload to Unapproved Cloud Storage — False Positive,Reviewed T1567 activity on HOST-3955; correlated with source 10.16.78.1.,2026-01-11T06:07:00Z
CASE-002931,SOC-004,,ALT-002931,2026-01-10T21:01:00Z,ANL-4002,LOW,CLOSED,TRUE_POSITIVE,Password Spraying Detected — True Positive,Reviewed and closed.,2026-01-11T03:26:00Z
CASE-002932,SOC-004,,ALT-002932,2026-01-10T03:00:00Z,ANL-4001,HIGH,CLOSED,TRUE_POSITIVE,Ransomware Behaviour Detected — True Positive,"Closed with minimal review — T1486 alert on HOST-4246, no further action taken.",2026-01-10T03:26:00Z
CASE-002933,SOC-004,,ALT-002933,2026-01-10T22:48:00Z,ANL-4011,MEDIUM,CLOSED,FALSE_POSITIVE,Upload to Unapproved Cloud Storage — False Positive,Analysed endpoint telemetry for HOST-2583 tied to T1567 detection.,2026-01-10T23:31:00Z
CASE-002934,SOC-004,,ALT-002934,2026-01-10T16:53:00Z,ANL-4006,MEDIUM,CLOSED,TRUE_POSITIVE,LSASS Memory Access — True Positive,"Closed with minimal review — T1003 alert on HOST-2240, no further action taken.",2026-01-10T17:40:00Z
CASE-002935,SOC-004,,ALT-002935,2026-01-10T03:42:00Z,ANL-4012,HIGH,CLOSED,FALSE_POSITIVE,Unusual RDP Session — False Positive,Checked process execution history for HOST-1728 following T1021.001 alert.,2026-01-10T05:12:00Z
CASE-002936,SOC-004,,ALT-002936,2026-01-10T23:21:00Z,ANL-4009,LOW,CLOSED,TRUE_POSITIVE,LSASS Memory Access — True Positive,"Closed with minimal review — T1003 alert on HOST-1024, no further action taken.",2026-01-11T07:23:00Z
CASE-002937,SOC-004,,ALT-002937,2026-01-10T11:08:00Z,ANL-4009,MEDIUM,CLOSED,TRUE_POSITIVE,Internal Network Port Scan — True Positive,Checked process execution history for HOST-3136 following T1595 alert.,2026-01-10T14:23:00Z
CASE-002938,SOC-004,,ALT-002938,2026-01-10T00:00:00Z,ANL-4003,HIGH,CLOSED,TRUE_POSITIVE,New Registry Run Key Entry — True Positive,Reviewed and closed.,2026-01-10T01:33:00Z
CASE-002939,SOC-004,,ALT-002939,2026-01-10T14:42:00Z,ANL-4003,LOW,CLOSED,TRUE_POSITIVE,Unusual SMB Admin Share Access — True Positive,Reviewed and closed.,2026-01-10T19:59:00Z
CASE-002940,SOC-004,,ALT-002940,2026-01-10T15:09:00Z,ANL-4008,MEDIUM,CLOSED,TRUE_POSITIVE,Large Outbound Data Transfer — True Positive,No further action required.,2026-01-10T18:48:00Z
CASE-002941,SOC-004,,ALT-002941,2026-01-10T12:15:00Z,ANL-4005,CRITICAL,CLOSED,TRUE_POSITIVE,Ransomware Behaviour Detected — True Positive,Confirmed T1486 alert on HOST-3022 against recent change records.,2026-01-10T13:01:00Z
CASE-002942,SOC-004,,ALT-002942,2026-01-10T18:48:00Z,ANL-4001,MEDIUM,CLOSED,FALSE_POSITIVE,Internal Network Port Scan — False Positive,"Closed with minimal review — T1595 alert on HOST-4621, no further action taken.",2026-01-10T22:09:00Z
CASE-002943,SOC-004,,ALT-002943,2026-01-10T12:21:00Z,ANL-4001,MEDIUM,CLOSED,TRUE_POSITIVE,Ransomware Behaviour Detected — True Positive,Confirmed T1486 alert on HOST-1632 against recent change records.,2026-01-10T16:35:00Z
CASE-002944,SOC-004,,ALT-002944,2026-01-10T10:36:00Z,ANL-4006,LOW,CLOSED,TRUE_POSITIVE,Beaconing to Known C2 Domain — True Positive,"Closed with minimal review — T1071.001 alert on HOST-2399, no further action taken.",2026-01-10T11:38:00Z
CASE-002945,SOC-004,,ALT-002945,2026-01-10T14:00:00Z,ANL-4009,MEDIUM,CLOSED,TRUE_POSITIVE,Unusual Scheduled Task Created — True Positive,Confirmed T1053.005 alert on HOST-3067 against recent change records.,2026-01-11T08:32:00Z
CASE-002946,SOC-004,,ALT-002946,2026-01-10T00:28:00Z,ANL-4003,MEDIUM,CLOSED,FALSE_POSITIVE,Internal Network Port Scan — False Positive,Reviewed and closed.,2026-01-11T13:34:00Z
CASE-002947,SOC-004,,ALT-002947,2026-01-10T00:31:00Z,ANL-4010,HIGH,CLOSED,FALSE_POSITIVE,Suspicious CMD Execution — False Positive,Validated authentication logs tied to HOST-1008 to rule out credential compromise.,2026-01-10T06:05:00Z
CASE-002948,SOC-004,,ALT-002948,2026-01-10T13:31:00Z,ANL-4001,HIGH,CLOSED,FALSE_POSITIVE,Suspicious PowerShell — False Positive,Investigated T1059.001 indicators on HOST-3565; no further lateral movement observed.,2026-01-10T15:04:00Z
CASE-002949,SOC-004,,ALT-002949,2026-01-10T09:11:00Z,ANL-4005,LOW,CLOSED,TRUE_POSITIVE,Unusual Scheduled Task Created — True Positive,"Closed with minimal review — T1053.005 alert on HOST-4380, no further action taken.",2026-01-10T16:14:00Z
CASE-002950,SOC-004,INC-000104,ALT-002950,2026-01-10T05:30:00Z,ANL-4010,CRITICAL,CLOSED,TRUE_POSITIVE,Unusual RDP Session — True Positive,Investigated T1021.001 indicators on HOST-1487; no further lateral movement observed.,2026-01-10T06:31:00Z
CASE-002951,SOC-004,INC-000105,ALT-002951,2026-01-10T15:03:00Z,ANL-4006,CRITICAL,CLOSED,TRUE_POSITIVE,Unusual RDP Session — True Positive,Cross-referenced 10.125.11.38 against threat intelligence feeds for HOST-4188.,2026-01-10T15:57:00Z
CASE-002952,SOC-004,,ALT-002952,2026-01-10T09:08:00Z,ANL-4013,LOW,CLOSED,FALSE_POSITIVE,Suspicious Binary Download — False Positive,Manually reviewed HOST-3080 logs; findings documented against case ticket.,2026-01-10T17:54:00Z
CASE-002953,SOC-004,,ALT-002953,2026-01-10T11:06:00Z,ANL-4007,LOW,CLOSED,FALSE_POSITIVE,Large Outbound Data Transfer — False Positive,Traced network flow from 10.239.77.157 to determine scope of T1041 activity on HOST-2361.,2026-01-12T03:10:00Z
CASE-002954,SOC-004,,ALT-002954,2026-01-10T10:46:00Z,ANL-4012,HIGH,CLOSED,FALSE_POSITIVE,Password Spraying Detected — False Positive,"Closed with minimal review — T1110 alert on HOST-3400, no further action taken.",2026-01-10T11:59:00Z
CASE-002955,SOC-004,,ALT-002955,2026-01-10T15:17:00Z,ANL-4013,LOW,CLOSED,TRUE_POSITIVE,Unusual SMB Admin Share Access — True Positive,Validated authentication logs tied to HOST-1459 to rule out credential compromise.,2026-01-10T16:41:00Z
CASE-002956,SOC-004,INC-000106,ALT-002956,2026-01-10T02:52:00Z,ANL-4007,CRITICAL,CLOSED,TRUE_POSITIVE,New Registry Run Key Entry — True Positive,Investigated T1547.001 indicators on HOST-4467; no further lateral movement observed.,2026-01-10T06:00:00Z
CASE-002957,SOC-004,,ALT-002957,2026-01-10T21:20:00Z,ANL-4004,CRITICAL,CLOSED,FALSE_POSITIVE,Ransomware Behaviour Detected — False Positive,"Closed with minimal review — T1486 alert on HOST-2018, no further action taken.",2026-01-10T21:57:00Z
CASE-002958,SOC-004,,ALT-002958,2026-01-10T19:15:00Z,ANL-4005,MEDIUM,CLOSED,TRUE_POSITIVE,Ransomware Behaviour Detected — True Positive,"Closed with minimal review — T1486 alert on HOST-4943, no further action taken.",2026-01-10T19:44:00Z
CASE-002959,SOC-004,,ALT-002959,2026-01-10T12:08:00Z,ANL-4004,LOW,CLOSED,TRUE_POSITIVE,Upload to Unapproved Cloud Storage — True Positive,"Closed with minimal review — T1567 alert on HOST-3801, no further action taken.",2026-01-10T17:57:00Z
CASE-002960,SOC-004,,ALT-002960,2026-01-10T02:21:00Z,ANL-4008,LOW,CLOSED,FALSE_POSITIVE,Internal Network Port Scan — False Positive,No further action required.,2026-01-11T13:24:00Z
CASE-002961,SOC-004,,ALT-002961,2026-01-11T13:47:00Z,ANL-4002,LOW,CLOSED,FALSE_POSITIVE,Suspicious CMD Execution — False Positive,Reviewed and closed.,2026-01-11T21:18:00Z
CASE-002962,SOC-004,,ALT-002962,2026-01-11T22:05:00Z,ANL-4002,HIGH,CLOSED,TRUE_POSITIVE,Large Outbound Data Transfer — True Positive,"Closed with minimal review — T1041 alert on HOST-4222, no further action taken.",2026-01-11T22:36:00Z
CASE-002963,SOC-004,,ALT-002963,2026-01-11T12:04:00Z,ANL-4013,MEDIUM,CLOSED,FALSE_POSITIVE,Unusual RDP Session — False Positive,Confirmed T1021.001 alert on HOST-1876 against recent change records.,2026-01-11T14:34:00Z
CASE-002964,SOC-004,,ALT-002964,2026-01-11T03:29:00Z,ANL-4002,LOW,CLOSED,FALSE_POSITIVE,Ransomware Behaviour Detected — False Positive,Reviewed and closed.,2026-01-11T04:24:00Z
CASE-002965,SOC-004,,ALT-002965,2026-01-11T00:05:00Z,ANL-4001,HIGH,CLOSED,TRUE_POSITIVE,Beaconing to Known C2 Domain — True Positive,Validated authentication logs tied to HOST-1461 to rule out credential compromise.,2026-01-11T00:56:00Z
CASE-002966,SOC-004,,ALT-002966,2026-01-11T23:14:00Z,ANL-4012,MEDIUM,CLOSED,TRUE_POSITIVE,Ransomware Behaviour Detected — True Positive,Investigated T1486 indicators on HOST-3028; no further lateral movement observed.,2026-01-12T09:17:00Z
CASE-002967,SOC-004,,ALT-002967,2026-01-11T02:37:00Z,ANL-4009,CRITICAL,CLOSED,TRUE_POSITIVE,New Registry Run Key Entry — True Positive,Investigated T1547.001 indicators on HOST-1979; no further lateral movement observed.,2026-01-11T03:19:00Z
CASE-002968,SOC-004,,ALT-002968,2026-01-11T01:34:00Z,ANL-4009,MEDIUM,CLOSED,TRUE_POSITIVE,Suspicious CMD Execution — True Positive,Reviewed escalation criteria for HOST-4339; behaviour consistent with known baseline.,2026-01-11T11:36:00Z
CASE-002969,SOC-004,,ALT-002969,2026-01-11T21:17:00Z,ANL-4011,HIGH,CLOSED,TRUE_POSITIVE,Suspicious PowerShell — True Positive,Manually reviewed HOST-3433 logs; findings documented against case ticket.,2026-01-11T22:53:00Z
CASE-002970,SOC-004,,ALT-002970,2026-01-11T10:08:00Z,ANL-4010,LOW,CLOSED,FALSE_POSITIVE,LSASS Memory Access — False Positive,"Closed with minimal review — T1003 alert on HOST-1424, no further action taken.",2026-01-11T11:17:00Z
CASE-002971,SOC-004,,ALT-002971,2026-01-11T09:30:00Z,ANL-4003,HIGH,CLOSED,TRUE_POSITIVE,Suspicious CMD Execution — True Positive,Reviewed and closed.,2026-01-11T11:02:00Z
CASE-002972,SOC-004,,ALT-002972,2026-01-11T21:02:00Z,ANL-4006,HIGH,CLOSED,TRUE_POSITIVE,Internal Network Port Scan — True Positive,Traced network flow from 10.204.60.58 to determine scope of T1595 activity on HOST-3019.,2026-01-11T22:02:00Z
CASE-002973,SOC-004,,ALT-002973,2026-01-11T23:17:00Z,ANL-4005,MEDIUM,CLOSED,FALSE_POSITIVE,Ransomware Behaviour Detected — False Positive,Analysed endpoint telemetry for HOST-1546 tied to T1486 detection.,2026-01-12T16:51:00Z
CASE-002974,SOC-004,,ALT-002974,2026-01-11T17:53:00Z,ANL-4001,HIGH,CLOSED,TRUE_POSITIVE,Unusual Scheduled Task Created — True Positive,Investigated T1053.005 indicators on HOST-3652; no further lateral movement observed.,2026-01-11T19:09:00Z
CASE-002975,SOC-004,,ALT-002975,2026-01-11T12:38:00Z,ANL-4006,CRITICAL,CLOSED,TRUE_POSITIVE,New Registry Run Key Entry — True Positive,"Closed with minimal review — T1547.001 alert on HOST-1750, no further action taken.",2026-01-11T13:16:00Z
CASE-002976,SOC-004,,ALT-002976,2026-01-11T03:04:00Z,ANL-4009,MEDIUM,CLOSED,TRUE_POSITIVE,Large Outbound Data Transfer — True Positive,"Closed with minimal review — T1041 alert on HOST-1513, no further action taken.",2026-01-11T06:05:00Z
CASE-002977,SOC-004,,ALT-002977,2026-01-11T08:58:00Z,ANL-4002,MEDIUM,CLOSED,TRUE_POSITIVE,Upload to Unapproved Cloud Storage — True Positive,"Closed with minimal review — T1567 alert on HOST-1091, no further action taken.",2026-01-11T09:41:00Z
CASE-002978,SOC-004,,ALT-002978,2026-01-11T03:26:00Z,ANL-4012,HIGH,CLOSED,TRUE_POSITIVE,Suspicious CMD Execution — True Positive,Reviewed T1059.003 activity on HOST-2488; correlated with source 10.69.43.138.,2026-01-11T04:20:00Z
CASE-002979,SOC-004,,ALT-002979,2026-01-11T03:40:00Z,ANL-4001,LOW,CLOSED,TRUE_POSITIVE,Unusual RDP Session — True Positive,Manually reviewed HOST-1595 logs; findings documented against case ticket.,2026-01-11T11:18:00Z
CASE-002980,SOC-004,,ALT-002980,2026-01-11T03:38:00Z,ANL-4008,LOW,CLOSED,TRUE_POSITIVE,Ransomware Behaviour Detected — True Positive,No further action required.,2026-01-11T05:02:00Z
CASE-002981,SOC-004,,ALT-002981,2026-01-11T23:18:00Z,ANL-4002,MEDIUM,CLOSED,FALSE_POSITIVE,Internal Network Port Scan — False Positive,Reviewed and closed.,2026-01-12T02:11:00Z
CASE-002982,SOC-004,,ALT-002982,2026-01-11T21:03:00Z,ANL-4013,MEDIUM,CLOSED,TRUE_POSITIVE,Unusual SMB Admin Share Access — True Positive,Reviewed escalation criteria for HOST-3155; behaviour consistent with known baseline.,2026-01-12T00:44:00Z
CASE-002983,SOC-004,,ALT-002983,2026-01-11T15:01:00Z,ANL-4010,HIGH,CLOSED,FALSE_POSITIVE,Ransomware Behaviour Detected — False Positive,Analysed endpoint telemetry for HOST-1835 tied to T1486 detection.,2026-01-11T15:51:00Z
CASE-002984,SOC-004,,ALT-002984,2026-01-11T09:22:00Z,ANL-4004,LOW,CLOSED,FALSE_POSITIVE,Password Spraying Detected — False Positive,Reviewed T1110 activity on HOST-4793; correlated with source 10.71.154.232.,2026-01-12T23:25:00Z
CASE-002985,SOC-004,,ALT-002985,2026-01-11T17:44:00Z,ANL-4009,LOW,CLOSED,TRUE_POSITIVE,Internal Network Port Scan — True Positive,Reviewed T1595 activity on HOST-1695; correlated with source 10.188.167.59.,2026-01-12T15:47:00Z
CASE-002986,SOC-004,,ALT-002986,2026-01-11T22:17:00Z,ANL-4003,HIGH,CLOSED,TRUE_POSITIVE,Suspicious Binary Download — True Positive,Reviewed and closed.,2026-01-11T23:26:00Z
CASE-002987,SOC-004,,ALT-002987,2026-01-11T18:46:00Z,ANL-4010,MEDIUM,CLOSED,TRUE_POSITIVE,Internal Network Port Scan — True Positive,Analysed endpoint telemetry for HOST-1791 tied to T1595 detection.,2026-01-11T20:50:00Z
CASE-002988,SOC-004,,ALT-002988,2026-01-11T18:45:00Z,ANL-4009,LOW,CLOSED,TRUE_POSITIVE,Unusual SMB Admin Share Access — True Positive,Manually reviewed HOST-2687 logs; findings documented against case ticket.,2026-01-12T01:45:00Z
CASE-002989,SOC-004,,ALT-002989,2026-01-11T06:09:00Z,ANL-4007,LOW,CLOSED,TRUE_POSITIVE,New Registry Run Key Entry — True Positive,Checked process execution history for HOST-4891 following T1547.001 alert.,2026-01-12T17:11:00Z
CASE-002990,SOC-004,,ALT-002990,2026-01-11T08:41:00Z,ANL-4008,MEDIUM,CLOSED,TRUE_POSITIVE,LSASS Memory Access — True Positive,No further action required.,2026-01-11T09:46:00Z
CASE-002991,SOC-004,,ALT-002991,2026-01-11T11:19:00Z,ANL-4011,CRITICAL,CLOSED,TRUE_POSITIVE,Suspicious PowerShell — True Positive,Analysed endpoint telemetry for HOST-2903 tied to T1059.001 detection.,2026-01-11T12:07:00Z
CASE-002992,SOC-004,,ALT-002992,2026-01-11T23:27:00Z,ANL-4006,LOW,CLOSED,TRUE_POSITIVE,Ransomware Behaviour Detected — True Positive,Checked process execution history for HOST-4346 following T1486 alert.,2026-01-12T04:36:00Z
CASE-002993,SOC-004,,ALT-002993,2026-01-11T02:12:00Z,ANL-4006,LOW,CLOSED,TRUE_POSITIVE,Password Spraying Detected — True Positive,Cross-referenced 10.200.238.23 against threat intelligence feeds for HOST-2046.,2026-01-12T10:14:00Z
CASE-002994,SOC-004,,ALT-002994,2026-01-11T17:56:00Z,ANL-4012,HIGH,CLOSED,TRUE_POSITIVE,Unusual Scheduled Task Created — True Positive,Reviewed T1053.005 activity on HOST-4186; correlated with source 10.155.31.95.,2026-01-11T19:14:00Z
CASE-002995,SOC-004,,ALT-002995,2026-01-11T01:30:00Z,ANL-4012,HIGH,CLOSED,FALSE_POSITIVE,Unusual RDP Session — False Positive,"Closed with minimal review — T1021.001 alert on HOST-4390, no further action taken.",2026-01-11T03:17:00Z
CASE-002996,SOC-004,,ALT-002996,2026-01-11T02:53:00Z,ANL-4001,MEDIUM,CLOSED,TRUE_POSITIVE,Large Outbound Data Transfer — True Positive,Investigated T1041 indicators on HOST-4517; no further lateral movement observed.,2026-01-11T05:32:00Z
CASE-002997,SOC-004,,ALT-002997,2026-01-11T06:12:00Z,ANL-4001,LOW,CLOSED,TRUE_POSITIVE,Large Outbound Data Transfer — True Positive,Validated authentication logs tied to HOST-3361 to rule out credential compromise.,2026-01-11T11:17:00Z
CASE-002998,SOC-004,,ALT-002998,2026-01-11T05:47:00Z,ANL-4009,HIGH,CLOSED,TRUE_POSITIVE,Internal Network Port Scan — True Positive,Reviewed escalation criteria for HOST-3480; behaviour consistent with known baseline.,2026-01-11T12:51:00Z
CASE-002999,SOC-004,,ALT-002999,2026-01-11T01:59:00Z,ANL-4012,LOW,CLOSED,TRUE_POSITIVE,Unusual Scheduled Task Created — True Positive,Analysed endpoint telemetry for HOST-1328 tied to T1053.005 detection.,2026-01-11T08:33:00Z
CASE-003000,SOC-004,,ALT-003000,2026-01-11T14:21:00Z,ANL-4007,LOW,CLOSED,TRUE_POSITIVE,Unusual RDP Session — True Positive,"Closed with minimal review — T1021.001 alert on HOST-3083, no further action taken.",2026-01-11T15:03:00Z
CASE-003001,SOC-004,,ALT-003001,2026-01-12T21:29:00Z,ANL-4004,LOW,CLOSED,TRUE_POSITIVE,Ransomware Behaviour Detected — True Positive,Manually reviewed HOST-3279 logs; findings documented against case ticket.,2026-01-13T04:48:00Z
CASE-003002,SOC-004,,ALT-003002,2026-01-12T13:43:00Z,ANL-4009,LOW,CLOSED,TRUE_POSITIVE,Unusual RDP Session — True Positive,"Closed with minimal review — T1021.001 alert on HOST-2294, no further action taken.",2026-01-12T18:30:00Z
CASE-003003,SOC-004,,ALT-003003,2026-01-12T10:03:00Z,ANL-4003,LOW,CLOSED,TRUE_POSITIVE,LSASS Memory Access — True Positive,Reviewed and closed.,2026-01-13T17:07:00Z
CASE-003004,SOC-004,,ALT-003004,2026-01-12T23:15:00Z,ANL-4001,LOW,CLOSED,TRUE_POSITIVE,Suspicious CMD Execution — True Positive,Investigated T1059.003 indicators on HOST-1594; no further lateral movement observed.,2026-01-13T03:00:00Z
CASE-003005,SOC-004,,ALT-003005,2026-01-12T16:00:00Z,ANL-4001,LOW,CLOSED,TRUE_POSITIVE,Ransomware Behaviour Detected — True Positive,Validated authentication logs tied to HOST-4262 to rule out credential compromise.,2026-01-12T22:53:00Z
CASE-003006,SOC-004,,ALT-003006,2026-01-12T22:06:00Z,ANL-4013,LOW,CLOSED,FALSE_POSITIVE,Unusual RDP Session — False Positive,Cross-referenced 10.146.179.99 against threat intelligence feeds for HOST-2701.,2026-01-14T09:11:00Z
CASE-003007,SOC-004,,ALT-003007,2026-01-12T23:44:00Z,ANL-4004,LOW,CLOSED,FALSE_POSITIVE,Ransomware Behaviour Detected — False Positive,"Closed with minimal review — T1486 alert on HOST-1091, no further action taken.",2026-01-13T01:27:00Z
CASE-003008,SOC-004,,ALT-003008,2026-01-12T06:52:00Z,ANL-4007,HIGH,CLOSED,FALSE_POSITIVE,LSASS Memory Access — False Positive,Reviewed escalation criteria for HOST-1879; behaviour consistent with known baseline.,2026-01-12T08:09:00Z
CASE-003009,SOC-004,,ALT-003009,2026-01-12T05:08:00Z,ANL-4010,CRITICAL,CLOSED,TRUE_POSITIVE,Password Spraying Detected — True Positive,Validated authentication logs tied to HOST-4898 to rule out credential compromise.,2026-01-12T07:10:00Z
CASE-003010,SOC-004,INC-000107,ALT-003010,2026-01-12T08:32:00Z,ANL-4008,CRITICAL,CLOSED,TRUE_POSITIVE,Unusual Scheduled Task Created — True Positive,No further action required.,2026-01-12T19:22:00Z
CASE-003011,SOC-004,INC-000108,ALT-003011,2026-01-12T11:34:00Z,ANL-4011,CRITICAL,CLOSED,TRUE_POSITIVE,Beaconing to Known C2 Domain — True Positive,Validated authentication logs tied to HOST-1283 to rule out credential compromise.,2026-01-12T12:18:00Z
CASE-003012,SOC-004,,ALT-003012,2026-01-12T16:21:00Z,ANL-4009,MEDIUM,CLOSED,TRUE_POSITIVE,Unusual SMB Admin Share Access — True Positive,Validated authentication logs tied to HOST-3629 to rule out credential compromise.,2026-01-12T20:26:00Z
CASE-003013,SOC-004,,ALT-003013,2026-01-12T16:45:00Z,ANL-4007,HIGH,CLOSED,TRUE_POSITIVE,Unusual Scheduled Task Created — True Positive,Cross-referenced 10.121.250.94 against threat intelligence feeds for HOST-4571.,2026-01-13T04:29:00Z
CASE-003014,SOC-004,,ALT-003014,2026-01-12T01:04:00Z,ANL-4012,MEDIUM,CLOSED,TRUE_POSITIVE,Internal Network Port Scan — True Positive,Cross-referenced 10.51.91.25 against threat intelligence feeds for HOST-1079.,2026-01-12T04:35:00Z
CASE-003015,SOC-004,,ALT-003015,2026-01-12T19:10:00Z,ANL-4013,CRITICAL,CLOSED,TRUE_POSITIVE,Ransomware Behaviour Detected — True Positive,"Closed with minimal review — T1486 alert on HOST-1931, no further action taken.",2026-01-12T19:39:00Z
CASE-003016,SOC-004,,ALT-003016,2026-01-12T19:38:00Z,ANL-4005,CRITICAL,CLOSED,FALSE_POSITIVE,Beaconing to Known C2 Domain — False Positive,"Closed with minimal review — T1071.001 alert on HOST-1955, no further action taken.",2026-01-12T20:16:00Z
CASE-003017,SOC-004,,ALT-003017,2026-01-12T12:21:00Z,ANL-4001,LOW,CLOSED,FALSE_POSITIVE,LSASS Memory Access — False Positive,Reviewed escalation criteria for HOST-4798; behaviour consistent with known baseline.,2026-01-12T18:28:00Z
CASE-003018,SOC-004,,ALT-003018,2026-01-12T15:23:00Z,ANL-4007,LOW,CLOSED,TRUE_POSITIVE,Ransomware Behaviour Detected — True Positive,Manually reviewed HOST-3422 logs; findings documented against case ticket.,2026-01-13T20:25:00Z
CASE-003019,SOC-004,,ALT-003019,2026-01-12T09:12:00Z,ANL-4004,CRITICAL,CLOSED,FALSE_POSITIVE,Internal Network Port Scan — False Positive,Validated authentication logs tied to HOST-3287 to rule out credential compromise.,2026-01-12T09:59:00Z
CASE-003020,SOC-004,,ALT-003020,2026-01-12T15:31:00Z,ANL-4009,MEDIUM,CLOSED,FALSE_POSITIVE,Ransomware Behaviour Detected — False Positive,Checked process execution history for HOST-4307 following T1486 alert.,2026-01-13T10:35:00Z
CASE-003021,SOC-004,,ALT-003021,2026-01-12T13:47:00Z,ANL-4007,MEDIUM,CLOSED,FALSE_POSITIVE,Internal Network Port Scan — False Positive,Traced network flow from 10.172.146.16 to determine scope of T1595 activity on HOST-1174.,2026-01-12T16:21:00Z
CASE-003022,SOC-004,,ALT-003022,2026-01-12T09:51:00Z,ANL-4006,MEDIUM,CLOSED,TRUE_POSITIVE,Encoded PowerShell Command — True Positive,"Closed with minimal review — T1059.001 alert on HOST-3838, no further action taken.",2026-01-12T14:01:00Z
CASE-003023,SOC-004,,ALT-003023,2026-01-12T11:40:00Z,ANL-4007,LOW,CLOSED,TRUE_POSITIVE,New Registry Run Key Entry — True Positive,Confirmed T1547.001 alert on HOST-4707 against recent change records.,2026-01-12T18:58:00Z
CASE-003024,SOC-004,,ALT-003024,2026-01-12T06:32:00Z,ANL-4013,MEDIUM,CLOSED,FALSE_POSITIVE,Suspicious CMD Execution — False Positive,Analysed endpoint telemetry for HOST-4196 tied to T1059.003 detection.,2026-01-13T16:41:00Z
CASE-003025,SOC-004,,ALT-003025,2026-01-12T17:03:00Z,ANL-4010,HIGH,CLOSED,FALSE_POSITIVE,Upload to Unapproved Cloud Storage — False Positive,Reviewed escalation criteria for HOST-4849; behaviour consistent with known baseline.,2026-01-12T18:18:00Z
CASE-003026,SOC-004,,ALT-003026,2026-01-12T09:54:00Z,ANL-4005,LOW,CLOSED,TRUE_POSITIVE,Encoded PowerShell Command — True Positive,"Closed with minimal review — T1059.001 alert on HOST-4756, no further action taken.",2026-01-12T16:39:00Z
CASE-003027,SOC-004,,ALT-003027,2026-01-12T21:42:00Z,ANL-4001,HIGH,CLOSED,TRUE_POSITIVE,Suspicious CMD Execution — True Positive,"Closed with minimal review — T1059.003 alert on HOST-2708, no further action taken.",2026-01-12T22:25:00Z
CASE-003028,SOC-004,,ALT-003028,2026-01-12T21:34:00Z,ANL-4002,LOW,CLOSED,FALSE_POSITIVE,Password Spraying Detected — False Positive,Reviewed and closed.,2026-01-13T03:46:00Z
CASE-003029,SOC-004,,ALT-003029,2026-01-12T23:03:00Z,ANL-4013,HIGH,CLOSED,TRUE_POSITIVE,LSASS Memory Access — True Positive,Checked process execution history for HOST-4143 following T1003 alert.,2026-01-13T00:03:00Z
CASE-003030,SOC-004,,ALT-003030,2026-01-12T20:08:00Z,ANL-4009,MEDIUM,CLOSED,TRUE_POSITIVE,Suspicious Binary Download — True Positive,Cross-referenced 10.22.88.50 against threat intelligence feeds for HOST-2085.,2026-01-12T21:54:00Z
CASE-003031,SOC-004,,ALT-003031,2026-01-12T15:29:00Z,ANL-4006,MEDIUM,CLOSED,TRUE_POSITIVE,Suspicious CMD Execution — True Positive,Traced network flow from 10.73.254.118 to determine scope of T1059.003 activity on HOST-4001.,2026-01-12T18:59:00Z
CASE-003032,SOC-004,,ALT-003032,2026-01-12T16:23:00Z,ANL-4004,LOW,CLOSED,TRUE_POSITIVE,Suspicious Binary Download — True Positive,"Closed with minimal review — T1105 alert on HOST-1431, no further action taken.",2026-01-12T17:48:00Z
CASE-003033,SOC-004,,ALT-003033,2026-01-12T07:34:00Z,ANL-4013,MEDIUM,CLOSED,TRUE_POSITIVE,Suspicious Binary Download — True Positive,"Closed with minimal review — T1105 alert on HOST-1085, no further action taken.",2026-01-12T08:13:00Z
CASE-003034,SOC-004,,ALT-003034,2026-01-12T06:55:00Z,ANL-4006,HIGH,CLOSED,TRUE_POSITIVE,New Registry Run Key Entry — True Positive,Reviewed escalation criteria for HOST-3694; behaviour consistent with known baseline.,2026-01-12T07:35:00Z
CASE-003035,SOC-004,,ALT-003035,2026-01-12T19:46:00Z,ANL-4006,HIGH,CLOSED,TRUE_POSITIVE,Unusual RDP Session — True Positive,Validated authentication logs tied to HOST-4530 to rule out credential compromise.,2026-01-14T07:54:00Z
CASE-003036,SOC-004,,ALT-003036,2026-01-12T20:39:00Z,ANL-4009,HIGH,CLOSED,TRUE_POSITIVE,Password Spraying Detected — True Positive,Confirmed T1110 alert on HOST-4860 against recent change records.,2026-01-13T02:10:00Z
CASE-003037,SOC-004,,ALT-003037,2026-01-12T02:48:00Z,ANL-4002,HIGH,CLOSED,FALSE_POSITIVE,Unusual Scheduled Task Created — False Positive,Reviewed and closed.,2026-01-12T05:17:00Z
CASE-003038,SOC-004,,ALT-003038,2026-01-12T03:00:00Z,ANL-4013,MEDIUM,CLOSED,TRUE_POSITIVE,Ransomware Behaviour Detected — True Positive,"Closed with minimal review — T1486 alert on HOST-1711, no further action taken.",2026-01-12T03:55:00Z
CASE-003039,SOC-004,,ALT-003039,2026-01-12T04:01:00Z,ANL-4009,MEDIUM,CLOSED,FALSE_POSITIVE,Beaconing to Known C2 Domain — False Positive,Investigated T1071.001 indicators on HOST-1495; no further lateral movement observed.,2026-01-12T07:56:00Z
CASE-003040,SOC-004,,ALT-003040,2026-01-12T12:51:00Z,ANL-4002,HIGH,CLOSED,FALSE_POSITIVE,New Registry Run Key Entry — False Positive,"Closed with minimal review — T1547.001 alert on HOST-4896, no further action taken.",2026-01-12T14:03:00Z
CASE-003041,SOC-004,,ALT-003041,2026-01-13T12:15:00Z,ANL-4012,LOW,CLOSED,TRUE_POSITIVE,Encoded PowerShell Command — True Positive,Validated authentication logs tied to HOST-3820 to rule out credential compromise.,2026-01-13T19:26:00Z
CASE-003042,SOC-004,,ALT-003042,2026-01-13T21:18:00Z,ANL-4001,LOW,CLOSED,FALSE_POSITIVE,Ransomware Behaviour Detected — False Positive,Checked process execution history for HOST-1791 following T1486 alert.,2026-01-14T01:29:00Z
CASE-003043,SOC-004,,ALT-003043,2026-01-13T14:19:00Z,ANL-4010,LOW,CLOSED,FALSE_POSITIVE,LSASS Memory Access — False Positive,Analysed endpoint telemetry for HOST-4868 tied to T1003 detection.,2026-01-13T19:29:00Z
CASE-003044,SOC-004,,ALT-003044,2026-01-13T10:01:00Z,ANL-4007,LOW,CLOSED,TRUE_POSITIVE,Internal Network Port Scan — True Positive,Investigated T1595 indicators on HOST-3707; no further lateral movement observed.,2026-01-14T07:03:00Z
CASE-003045,SOC-004,,ALT-003045,2026-01-13T06:05:00Z,ANL-4011,HIGH,CLOSED,FALSE_POSITIVE,Repeated Failed Logins — False Positive,Traced network flow from 10.48.70.62 to determine scope of T1110 activity on HOST-4232.,2026-01-13T07:48:00Z
CASE-003046,SOC-004,,ALT-003046,2026-01-13T09:29:00Z,ANL-4002,LOW,CLOSED,TRUE_POSITIVE,Upload to Unapproved Cloud Storage — True Positive,Validated authentication logs tied to HOST-3470 to rule out credential compromise.,2026-01-13T13:40:00Z
CASE-003047,SOC-004,,ALT-003047,2026-01-13T06:18:00Z,ANL-4011,LOW,CLOSED,TRUE_POSITIVE,Unusual RDP Session — True Positive,Analysed endpoint telemetry for HOST-4898 tied to T1021.001 detection.,2026-01-13T13:50:00Z
CASE-003048,SOC-004,,ALT-003048,2026-01-13T01:04:00Z,ANL-4013,LOW,CLOSED,TRUE_POSITIVE,Password Spraying Detected — True Positive,Investigated T1110 indicators on HOST-2396; no further lateral movement observed.,2026-01-14T00:07:00Z
CASE-003049,SOC-004,,ALT-003049,2026-01-13T13:44:00Z,ANL-4010,LOW,CLOSED,TRUE_POSITIVE,Suspicious Binary Download — True Positive,Analysed endpoint telemetry for HOST-2738 tied to T1105 detection.,2026-01-15T11:59:00Z
CASE-003050,SOC-004,,ALT-003050,2026-01-13T13:43:00Z,ANL-4012,MEDIUM,CLOSED,TRUE_POSITIVE,Unusual RDP Session — True Positive,Investigated T1021.001 indicators on HOST-1204; no further lateral movement observed.,2026-01-14T09:16:00Z
CASE-003051,SOC-004,,ALT-003051,2026-01-13T06:13:00Z,ANL-4010,MEDIUM,CLOSED,FALSE_POSITIVE,Internal Network Port Scan — False Positive,Confirmed T1595 alert on HOST-2608 against recent change records.,2026-01-14T12:38:00Z
CASE-003052,SOC-004,,ALT-003052,2026-01-13T17:43:00Z,ANL-4010,MEDIUM,CLOSED,TRUE_POSITIVE,Internal Network Port Scan — True Positive,"Closed with minimal review — T1595 alert on HOST-4101, no further action taken.",2026-01-13T20:07:00Z
CASE-003053,SOC-004,,ALT-003053,2026-01-13T20:23:00Z,ANL-4007,LOW,CLOSED,TRUE_POSITIVE,Internal Network Port Scan — True Positive,Cross-referenced 10.16.167.142 against threat intelligence feeds for HOST-2930.,2026-01-14T03:11:00Z
CASE-003054,SOC-004,,ALT-003054,2026-01-13T11:33:00Z,ANL-4005,MEDIUM,CLOSED,TRUE_POSITIVE,Suspicious Binary Download — True Positive,"Closed with minimal review — T1105 alert on HOST-4257, no further action taken.",2026-01-13T14:15:00Z
CASE-003055,SOC-004,,ALT-003055,2026-01-13T19:09:00Z,ANL-4005,MEDIUM,CLOSED,TRUE_POSITIVE,Suspicious PowerShell — True Positive,Reviewed escalation criteria for HOST-3064; behaviour consistent with known baseline.,2026-01-13T22:17:00Z
CASE-003056,SOC-004,,ALT-003056,2026-01-13T21:29:00Z,ANL-4011,LOW,CLOSED,TRUE_POSITIVE,Unusual SMB Admin Share Access — True Positive,Cross-referenced 10.190.252.49 against threat intelligence feeds for HOST-4397.,2026-01-14T05:05:00Z
CASE-003057,SOC-004,,ALT-003057,2026-01-13T19:32:00Z,ANL-4008,LOW,CLOSED,TRUE_POSITIVE,Beaconing to Known C2 Domain — True Positive,No further action required.,2026-01-14T02:27:00Z
CASE-003058,SOC-004,,ALT-003058,2026-01-13T17:54:00Z,ANL-4007,LOW,CLOSED,FALSE_POSITIVE,Beaconing to Known C2 Domain — False Positive,"Closed with minimal review — T1071.001 alert on HOST-2751, no further action taken.",2026-01-13T19:10:00Z
CASE-003059,SOC-004,,ALT-003059,2026-01-13T04:49:00Z,ANL-4009,LOW,CLOSED,FALSE_POSITIVE,LSASS Memory Access — False Positive,Validated authentication logs tied to HOST-3943 to rule out credential compromise.,2026-01-13T10:01:00Z
CASE-003060,SOC-004,,ALT-003060,2026-01-13T08:11:00Z,ANL-4009,MEDIUM,CLOSED,TRUE_POSITIVE,Suspicious Binary Download — True Positive,Traced network flow from 10.158.218.40 to determine scope of T1105 activity on HOST-1990.,2026-01-13T12:02:00Z
CASE-003061,SOC-004,,ALT-003061,2026-01-13T12:37:00Z,ANL-4013,HIGH,CLOSED,FALSE_POSITIVE,Suspicious PowerShell — False Positive,Traced network flow from 10.255.63.83 to determine scope of T1059.001 activity on HOST-3899.,2026-01-13T13:44:00Z
CASE-003062,SOC-004,,ALT-003062,2026-01-13T03:15:00Z,ANL-4008,LOW,CLOSED,TRUE_POSITIVE,Suspicious PowerShell — True Positive,No further action required.,2026-01-13T03:58:00Z
CASE-003063,SOC-004,,ALT-003063,2026-01-13T13:39:00Z,ANL-4013,LOW,CLOSED,FALSE_POSITIVE,Suspicious CMD Execution — False Positive,"Closed with minimal review — T1059.003 alert on HOST-4344, no further action taken.",2026-01-13T19:26:00Z
CASE-003064,SOC-004,,ALT-003064,2026-01-13T12:37:00Z,ANL-4013,MEDIUM,CLOSED,TRUE_POSITIVE,Unusual RDP Session — True Positive,Confirmed T1021.001 alert on HOST-1966 against recent change records.,2026-01-14T07:38:00Z
CASE-003065,SOC-004,,ALT-003065,2026-01-13T18:51:00Z,ANL-4006,HIGH,CLOSED,TRUE_POSITIVE,LSASS Memory Access — True Positive,Checked process execution history for HOST-3147 following T1003 alert.,2026-01-13T20:10:00Z
CASE-003066,SOC-004,,ALT-003066,2026-01-13T11:22:00Z,ANL-4003,HIGH,CLOSED,FALSE_POSITIVE,Unusual Scheduled Task Created — False Positive,Reviewed and closed.,2026-01-13T12:10:00Z
CASE-003067,SOC-004,,ALT-003067,2026-01-13T10:44:00Z,ANL-4012,MEDIUM,CLOSED,TRUE_POSITIVE,Suspicious CMD Execution — True Positive,Analysed endpoint telemetry for HOST-1514 tied to T1059.003 detection.,2026-01-13T21:18:00Z
CASE-003068,SOC-004,,ALT-003068,2026-01-13T09:28:00Z,ANL-4005,MEDIUM,CLOSED,TRUE_POSITIVE,Large Outbound Data Transfer — True Positive,Traced network flow from 10.102.206.132 to determine scope of T1041 activity on HOST-3804.,2026-01-13T13:29:00Z
CASE-003069,SOC-004,,ALT-003069,2026-01-13T02:10:00Z,ANL-4008,HIGH,CLOSED,TRUE_POSITIVE,Suspicious Binary Download — True Positive,Investigated T1105 indicators on HOST-1917; no further lateral movement observed.,2026-01-13T02:49:00Z
CASE-003070,SOC-004,,ALT-003070,2026-01-13T22:33:00Z,ANL-4010,HIGH,CLOSED,FALSE_POSITIVE,Beaconing to Known C2 Domain — False Positive,Manually reviewed HOST-2386 logs; findings documented against case ticket.,2026-01-13T23:25:00Z
CASE-003071,SOC-004,INC-000109,ALT-003071,2026-01-13T04:15:00Z,ANL-4010,CRITICAL,CLOSED,TRUE_POSITIVE,Large Outbound Data Transfer — True Positive,Analysed endpoint telemetry for HOST-1472 tied to T1041 detection.,2026-01-13T04:49:00Z
CASE-003072,SOC-004,,ALT-003072,2026-01-13T23:26:00Z,ANL-4002,LOW,CLOSED,FALSE_POSITIVE,Suspicious CMD Execution — False Positive,Reviewed and closed.,2026-01-14T03:34:00Z
CASE-003073,SOC-004,,ALT-003073,2026-01-13T18:51:00Z,ANL-4012,MEDIUM,CLOSED,FALSE_POSITIVE,Suspicious Binary Download — False Positive,Manually reviewed HOST-3326 logs; findings documented against case ticket.,2026-01-14T09:54:00Z
CASE-003074,SOC-004,,ALT-003074,2026-01-13T16:15:00Z,ANL-4011,LOW,CLOSED,FALSE_POSITIVE,Unusual Scheduled Task Created — False Positive,"Closed with minimal review — T1053.005 alert on HOST-1919, no further action taken.",2026-01-13T23:48:00Z
CASE-003075,SOC-004,,ALT-003075,2026-01-13T04:32:00Z,ANL-4003,MEDIUM,CLOSED,TRUE_POSITIVE,Internal Network Port Scan — True Positive,Validated authentication logs tied to HOST-2244 to rule out credential compromise.,2026-01-13T15:06:00Z
CASE-003076,SOC-004,,ALT-003076,2026-01-13T08:53:00Z,ANL-4011,HIGH,CLOSED,TRUE_POSITIVE,Unusual RDP Session — True Positive,Analysed endpoint telemetry for HOST-4192 tied to T1021.001 detection.,2026-01-13T10:06:00Z
CASE-003077,SOC-004,,ALT-003077,2026-01-13T19:03:00Z,ANL-4010,MEDIUM,CLOSED,TRUE_POSITIVE,Password Spraying Detected — True Positive,Traced network flow from 10.176.192.61 to determine scope of T1110 activity on HOST-2425.,2026-01-14T05:36:00Z
CASE-003078,SOC-004,,ALT-003078,2026-01-13T08:39:00Z,ANL-4012,HIGH,CLOSED,TRUE_POSITIVE,New Registry Run Key Entry — True Positive,Reviewed escalation criteria for HOST-4281; behaviour consistent with known baseline.,2026-01-13T10:17:00Z
CASE-003079,SOC-004,,ALT-003079,2026-01-13T21:29:00Z,ANL-4003,LOW,CLOSED,TRUE_POSITIVE,Suspicious Binary Download — True Positive,Reviewed and closed.,2026-01-15T08:33:00Z
CASE-003080,SOC-004,,ALT-003080,2026-01-13T23:05:00Z,ANL-4001,LOW,CLOSED,TRUE_POSITIVE,Repeated Failed Logins — True Positive,Reviewed escalation criteria for HOST-3765; behaviour consistent with known baseline.,2026-01-14T05:17:00Z
CASE-003081,SOC-004,,ALT-003081,2026-01-14T04:35:00Z,ANL-4011,HIGH,CLOSED,TRUE_POSITIVE,Suspicious PowerShell — True Positive,Traced network flow from 10.172.163.173 to determine scope of T1059.001 activity on HOST-2373.,2026-01-14T06:53:00Z
CASE-003082,SOC-004,,ALT-003082,2026-01-14T08:42:00Z,ANL-4007,LOW,CLOSED,FALSE_POSITIVE,Internal Network Port Scan — False Positive,Reviewed escalation criteria for HOST-1078; behaviour consistent with known baseline.,2026-01-14T16:44:00Z
CASE-003083,SOC-004,,ALT-003083,2026-01-14T11:59:00Z,ANL-4002,MEDIUM,CLOSED,TRUE_POSITIVE,Suspicious PowerShell — True Positive,Reviewed and closed.,2026-01-14T13:00:00Z
CASE-003084,SOC-004,,ALT-003084,2026-01-14T04:10:00Z,ANL-4002,MEDIUM,CLOSED,FALSE_POSITIVE,Password Spraying Detected — False Positive,Reviewed and closed.,2026-01-14T07:37:00Z
CASE-003085,SOC-004,,ALT-003085,2026-01-14T19:09:00Z,ANL-4009,LOW,CLOSED,FALSE_POSITIVE,Unusual Scheduled Task Created — False Positive,Traced network flow from 10.24.79.43 to determine scope of T1053.005 activity on HOST-2892.,2026-01-14T23:13:00Z
CASE-003086,SOC-004,,ALT-003086,2026-01-14T23:46:00Z,ANL-4011,LOW,CLOSED,FALSE_POSITIVE,Large Outbound Data Transfer — False Positive,"Closed with minimal review — T1041 alert on HOST-1085, no further action taken.",2026-01-15T01:25:00Z
CASE-003087,SOC-004,,ALT-003087,2026-01-14T19:48:00Z,ANL-4005,LOW,CLOSED,TRUE_POSITIVE,Unusual RDP Session — True Positive,Reviewed escalation criteria for HOST-1306; behaviour consistent with known baseline.,2026-01-15T03:24:00Z
CASE-003088,SOC-004,,ALT-003088,2026-01-14T20:02:00Z,ANL-4002,LOW,CLOSED,TRUE_POSITIVE,Internal Network Port Scan — True Positive,Reviewed and closed.,2026-01-16T01:06:00Z
CASE-003089,SOC-004,,ALT-003089,2026-01-14T08:07:00Z,ANL-4003,MEDIUM,CLOSED,TRUE_POSITIVE,LSASS Memory Access — True Positive,Reviewed and closed.,2026-01-14T12:16:00Z
CASE-003090,SOC-004,,ALT-003090,2026-01-14T15:59:00Z,ANL-4010,HIGH,CLOSED,FALSE_POSITIVE,New Registry Run Key Entry — False Positive,"Closed with minimal review — T1547.001 alert on HOST-1085, no further action taken.",2026-01-14T16:44:00Z
CASE-003091,SOC-004,,ALT-003091,2026-01-14T08:04:00Z,ANL-4013,LOW,CLOSED,FALSE_POSITIVE,Internal Network Port Scan — False Positive,Reviewed escalation criteria for HOST-3263; behaviour consistent with known baseline.,2026-01-14T15:23:00Z
CASE-003092,SOC-004,,ALT-003092,2026-01-14T15:37:00Z,ANL-4005,CRITICAL,CLOSED,FALSE_POSITIVE,Suspicious Binary Download — False Positive,Investigated T1105 indicators on HOST-1353; no further lateral movement observed.,2026-01-14T19:20:00Z
CASE-003093,SOC-004,,ALT-003093,2026-01-14T09:47:00Z,ANL-4002,HIGH,CLOSED,TRUE_POSITIVE,Upload to Unapproved Cloud Storage — True Positive,Reviewed and closed.,2026-01-16T01:51:00Z
CASE-003094,SOC-004,,ALT-003094,2026-01-14T07:16:00Z,ANL-4011,MEDIUM,CLOSED,FALSE_POSITIVE,Internal Network Port Scan — False Positive,Validated authentication logs tied to HOST-2745 to rule out credential compromise.,2026-01-14T09:28:00Z
CASE-003095,SOC-004,,ALT-003095,2026-01-14T15:31:00Z,ANL-4011,HIGH,CLOSED,TRUE_POSITIVE,Suspicious CMD Execution — True Positive,"Closed with minimal review — T1059.003 alert on HOST-1663, no further action taken.",2026-01-14T16:03:00Z
CASE-003096,SOC-004,,ALT-003096,2026-01-14T15:22:00Z,ANL-4008,HIGH,CLOSED,TRUE_POSITIVE,Beaconing to Known C2 Domain — True Positive,No further action required.,2026-01-14T16:02:00Z
CASE-003097,SOC-004,,ALT-003097,2026-01-14T11:46:00Z,ANL-4008,LOW,CLOSED,TRUE_POSITIVE,Encoded PowerShell Command — True Positive,No further action required.,2026-01-14T16:28:00Z
CASE-003098,SOC-004,,ALT-003098,2026-01-14T06:59:00Z,ANL-4010,LOW,CLOSED,TRUE_POSITIVE,New Registry Run Key Entry — True Positive,"Closed with minimal review — T1547.001 alert on HOST-3130, no further action taken.",2026-01-14T08:00:00Z
CASE-003099,SOC-004,,ALT-003099,2026-01-14T21:14:00Z,ANL-4009,LOW,CLOSED,TRUE_POSITIVE,Unusual SMB Admin Share Access — True Positive,Reviewed escalation criteria for HOST-1549; behaviour consistent with known baseline.,2026-01-15T01:58:00Z
CASE-003100,SOC-004,,ALT-003100,2026-01-14T00:56:00Z,ANL-4009,CRITICAL,CLOSED,FALSE_POSITIVE,Unusual Scheduled Task Created — False Positive,Manually reviewed HOST-3075 logs; findings documented against case ticket.,2026-01-14T01:32:00Z
CASE-003101,SOC-004,,ALT-003101,2026-01-14T06:10:00Z,ANL-4007,CRITICAL,CLOSED,FALSE_POSITIVE,Beaconing to Known C2 Domain — False Positive,Confirmed T1071.001 alert on HOST-2091 against recent change records.,2026-01-14T06:49:00Z
CASE-003102,SOC-004,,ALT-003102,2026-01-14T19:53:00Z,ANL-4010,MEDIUM,CLOSED,FALSE_POSITIVE,Unusual RDP Session — False Positive,"Closed with minimal review — T1021.001 alert on HOST-2264, no further action taken.",2026-01-14T22:45:00Z
CASE-003103,SOC-004,,ALT-003103,2026-01-14T12:04:00Z,ANL-4009,LOW,CLOSED,TRUE_POSITIVE,Repeated Failed Logins — True Positive,Manually reviewed HOST-3346 logs; findings documented against case ticket.,2026-01-14T17:22:00Z
CASE-003104,SOC-004,,ALT-003104,2026-01-14T22:08:00Z,ANL-4011,MEDIUM,CLOSED,TRUE_POSITIVE,Beaconing to Known C2 Domain — True Positive,Checked process execution history for HOST-1292 following T1071.001 alert.,2026-01-15T02:35:00Z
CASE-003105,SOC-004,INC-000110,ALT-003105,2026-01-14T12:37:00Z,ANL-4004,CRITICAL,CLOSED,TRUE_POSITIVE,Ransomware Behaviour Detected — True Positive,Manually reviewed HOST-3339 logs; findings documented against case ticket.,2026-01-14T13:09:00Z
CASE-003106,SOC-004,,ALT-003106,2026-01-14T07:37:00Z,ANL-4001,HIGH,CLOSED,FALSE_POSITIVE,Large Outbound Data Transfer — False Positive,"Closed with minimal review — T1041 alert on HOST-4246, no further action taken.",2026-01-14T08:34:00Z
CASE-003107,SOC-004,,ALT-003107,2026-01-14T08:17:00Z,ANL-4008,HIGH,CLOSED,FALSE_POSITIVE,Suspicious Binary Download — False Positive,No further action required.,2026-01-14T09:45:00Z
CASE-003108,SOC-004,,ALT-003108,2026-01-14T05:33:00Z,ANL-4010,MEDIUM,CLOSED,TRUE_POSITIVE,Password Spraying Detected — True Positive,Traced network flow from 10.89.7.51 to determine scope of T1110 activity on HOST-1531.,2026-01-14T09:01:00Z
CASE-003109,SOC-004,,ALT-003109,2026-01-14T17:37:00Z,ANL-4007,MEDIUM,CLOSED,TRUE_POSITIVE,Ransomware Behaviour Detected — True Positive,Confirmed T1486 alert on HOST-3121 against recent change records.,2026-01-14T21:16:00Z
CASE-003110,SOC-004,,ALT-003110,2026-01-14T05:17:00Z,ANL-4012,LOW,CLOSED,TRUE_POSITIVE,Repeated Failed Logins — True Positive,Manually reviewed HOST-2588 logs; findings documented against case ticket.,2026-01-14T14:12:00Z
CASE-003111,SOC-004,,ALT-003111,2026-01-14T06:33:00Z,ANL-4013,HIGH,CLOSED,FALSE_POSITIVE,Beaconing to Known C2 Domain — False Positive,"Closed with minimal review — T1071.001 alert on HOST-1091, no further action taken.",2026-01-14T07:06:00Z
CASE-003112,SOC-004,,ALT-003112,2026-01-14T11:51:00Z,ANL-4005,CRITICAL,CLOSED,FALSE_POSITIVE,Ransomware Behaviour Detected — False Positive,Reviewed T1486 activity on HOST-4872; correlated with source 10.78.67.65.,2026-01-14T12:30:00Z
CASE-003113,SOC-004,,ALT-003113,2026-01-14T18:30:00Z,ANL-4013,LOW,CLOSED,FALSE_POSITIVE,Unusual SMB Admin Share Access — False Positive,Confirmed T1021.002 alert on HOST-4351 against recent change records.,2026-01-16T07:34:00Z
CASE-003114,SOC-004,INC-000111,ALT-003114,2026-01-14T10:30:00Z,ANL-4011,CRITICAL,CLOSED,TRUE_POSITIVE,Unusual Scheduled Task Created — True Positive,Investigated T1053.005 indicators on HOST-1108; no further lateral movement observed.,2026-01-14T11:19:00Z
CASE-003115,SOC-004,,ALT-003115,2026-01-14T06:10:00Z,ANL-4001,HIGH,CLOSED,TRUE_POSITIVE,Beaconing to Known C2 Domain — True Positive,Reviewed T1071.001 activity on HOST-1800; correlated with source 10.143.20.45.,2026-01-14T07:21:00Z
CASE-003116,SOC-004,,ALT-003116,2026-01-14T05:28:00Z,ANL-4003,MEDIUM,CLOSED,FALSE_POSITIVE,Repeated Failed Logins — False Positive,Traced network flow from 10.235.171.202 to determine scope of T1110 activity on HOST-3505.,2026-01-14T08:54:00Z
CASE-003117,SOC-004,,ALT-003117,2026-01-14T02:25:00Z,ANL-4001,MEDIUM,CLOSED,FALSE_POSITIVE,Upload to Unapproved Cloud Storage — False Positive,Traced network flow from 10.66.59.112 to determine scope of T1567 activity on HOST-1365.,2026-01-14T05:23:00Z
CASE-003118,SOC-004,,ALT-003118,2026-01-14T13:35:00Z,ANL-4003,MEDIUM,CLOSED,FALSE_POSITIVE,Beaconing to Known C2 Domain — False Positive,Validated authentication logs tied to HOST-1735 to rule out credential compromise.,2026-01-14T16:18:00Z
CASE-003119,SOC-004,,ALT-003119,2026-01-14T06:04:00Z,ANL-4006,MEDIUM,CLOSED,TRUE_POSITIVE,Internal Network Port Scan — True Positive,Traced network flow from 10.100.250.185 to determine scope of T1595 activity on HOST-3233.,2026-01-15T21:23:00Z
CASE-003120,SOC-004,,ALT-003120,2026-01-14T20:29:00Z,ANL-4007,MEDIUM,CLOSED,TRUE_POSITIVE,Beaconing to Known C2 Domain — True Positive,"Closed with minimal review — T1071.001 alert on HOST-4099, no further action taken.",2026-01-14T23:08:00Z
CASE-003121,SOC-005,,ALT-003121,2026-01-01T15:40:00Z,ANL-5009,LOW,CLOSED,TRUE_POSITIVE,Suspicious PowerShell — True Positive,Validated authentication logs tied to HOST-1933 to rule out credential compromise.,2026-01-01T21:27:00Z
CASE-003122,SOC-005,,ALT-003122,2026-01-01T13:30:00Z,ANL-5002,LOW,CLOSED,TRUE_POSITIVE,Suspicious Binary Download — True Positive,Traced network flow from 10.246.138.2 to determine scope of T1105 activity on HOST-4101.,2026-01-01T21:23:00Z
CASE-003123,SOC-005,,ALT-003123,2026-01-01T13:23:00Z,ANL-5007,MEDIUM,CLOSED,TRUE_POSITIVE,Suspicious CMD Execution — True Positive,Analysed endpoint telemetry for HOST-3126 tied to T1059.003 detection.,2026-01-01T23:55:00Z
CASE-003124,SOC-005,,ALT-003124,2026-01-01T22:45:00Z,ANL-5003,HIGH,CLOSED,FALSE_POSITIVE,Unusual SMB Admin Share Access — False Positive,Reviewed escalation criteria for HOST-1001; behaviour consistent with known baseline.,2026-01-01T23:41:00Z
CASE-003125,SOC-005,,ALT-003125,2026-01-01T06:17:00Z,ANL-5013,MEDIUM,CLOSED,TRUE_POSITIVE,Repeated Failed Logins — True Positive,Analysed endpoint telemetry for HOST-2322 tied to T1110 detection.,2026-01-01T08:09:00Z
CASE-003126,SOC-005,,ALT-003126,2026-01-01T23:47:00Z,ANL-5004,MEDIUM,CLOSED,FALSE_POSITIVE,Ransomware Behaviour Detected — False Positive,Confirmed T1486 alert on HOST-3688 against recent change records.,2026-01-02T03:46:00Z
CASE-003127,SOC-005,,ALT-003127,2026-01-01T01:04:00Z,ANL-5008,LOW,CLOSED,FALSE_POSITIVE,Ransomware Behaviour Detected — False Positive,"Closed with minimal review — T1486 alert on HOST-1003, no further action taken.",2026-01-01T02:05:00Z
CASE-003128,SOC-005,,ALT-003128,2026-01-01T00:11:00Z,ANL-5004,MEDIUM,CLOSED,FALSE_POSITIVE,Internal Network Port Scan — False Positive,"Closed with minimal review — T1595 alert on HOST-1071, no further action taken.",2026-01-01T01:02:00Z
CASE-003129,SOC-005,,ALT-003129,2026-01-01T19:30:00Z,ANL-5014,LOW,CLOSED,TRUE_POSITIVE,Unusual RDP Session — True Positive,Reviewed escalation criteria for HOST-1380; behaviour consistent with known baseline.,2026-01-02T03:11:00Z
CASE-003130,SOC-005,,ALT-003130,2026-01-01T02:10:00Z,ANL-5011,HIGH,CLOSED,TRUE_POSITIVE,Encoded PowerShell Command — True Positive,Reviewed escalation criteria for HOST-3272; behaviour consistent with known baseline.,2026-01-01T03:00:00Z
CASE-003131,SOC-005,,ALT-003131,2026-01-01T15:04:00Z,ANL-5009,LOW,CLOSED,TRUE_POSITIVE,Upload to Unapproved Cloud Storage — True Positive,"Closed with minimal review — T1567 alert on HOST-1071, no further action taken.",2026-01-01T16:17:00Z
CASE-003132,SOC-005,,ALT-003132,2026-01-01T23:33:00Z,ANL-5014,LOW,CLOSED,TRUE_POSITIVE,LSASS Memory Access — True Positive,Validated authentication logs tied to HOST-1321 to rule out credential compromise.,2026-01-02T04:57:00Z
CASE-003133,SOC-005,,ALT-003133,2026-01-01T04:20:00Z,ANL-5013,CRITICAL,CLOSED,FALSE_POSITIVE,Upload to Unapproved Cloud Storage — False Positive,Manually reviewed HOST-2995 logs; findings documented against case ticket.,2026-01-01T05:10:00Z
CASE-003134,SOC-005,,ALT-003134,2026-01-01T15:26:00Z,ANL-5003,LOW,CLOSED,TRUE_POSITIVE,Ransomware Behaviour Detected — True Positive,Confirmed T1486 alert on HOST-3630 against recent change records.,2026-01-01T23:45:00Z
CASE-003135,SOC-005,,ALT-003135,2026-01-01T15:46:00Z,ANL-5011,MEDIUM,CLOSED,FALSE_POSITIVE,Beaconing to Known C2 Domain — False Positive,Validated authentication logs tied to HOST-1153 to rule out credential compromise.,2026-01-01T18:16:00Z
CASE-003136,SOC-005,,ALT-003136,2026-01-01T21:31:00Z,ANL-5004,CRITICAL,CLOSED,FALSE_POSITIVE,Upload to Unapproved Cloud Storage — False Positive,"Closed with minimal review — T1567 alert on HOST-1071, no further action taken.",2026-01-01T22:01:00Z
CASE-003137,SOC-005,,ALT-003137,2026-01-01T08:15:00Z,ANL-5005,LOW,CLOSED,TRUE_POSITIVE,Unusual SMB Admin Share Access — True Positive,Investigated T1021.002 indicators on HOST-4779; no further lateral movement observed.,2026-01-01T16:17:00Z
CASE-003138,SOC-005,,ALT-003138,2026-01-01T17:14:00Z,ANL-5013,MEDIUM,CLOSED,FALSE_POSITIVE,Unusual RDP Session — False Positive,"Closed with minimal review — T1021.001 alert on HOST-1003, no further action taken.",2026-01-01T18:14:00Z
CASE-003139,SOC-005,,ALT-003139,2026-01-01T14:44:00Z,ANL-5008,HIGH,CLOSED,FALSE_POSITIVE,Internal Network Port Scan — False Positive,Cross-referenced 10.150.255.102 against threat intelligence feeds for HOST-3165.,2026-01-01T16:18:00Z
CASE-003140,SOC-005,,ALT-003140,2026-01-01T18:51:00Z,ANL-5001,CRITICAL,CLOSED,TRUE_POSITIVE,Ransomware Behaviour Detected — True Positive,Reviewed and closed.,2026-01-01T19:36:00Z
CASE-003141,SOC-005,,ALT-003141,2026-01-01T12:24:00Z,ANL-5007,HIGH,CLOSED,FALSE_POSITIVE,Large Outbound Data Transfer — False Positive,Analysed endpoint telemetry for HOST-3190 tied to T1041 detection.,2026-01-01T17:57:00Z
CASE-003142,SOC-005,,ALT-003142,2026-01-01T16:48:00Z,ANL-5003,LOW,CLOSED,TRUE_POSITIVE,Unusual Scheduled Task Created — True Positive,Reviewed T1053.005 activity on HOST-2320; correlated with source 10.106.45.175.,2026-01-01T21:07:00Z
CASE-003143,SOC-005,,ALT-003143,2026-01-01T22:15:00Z,ANL-5011,MEDIUM,CLOSED,TRUE_POSITIVE,LSASS Memory Access — True Positive,Confirmed T1003 alert on HOST-4224 against recent change records.,2026-01-02T01:32:00Z
CASE-003144,SOC-005,,ALT-003144,2026-01-01T05:22:00Z,ANL-5004,LOW,CLOSED,FALSE_POSITIVE,New Registry Run Key Entry — False Positive,Checked process execution history for HOST-3337 following T1547.001 alert.,2026-01-01T09:59:00Z
CASE-003145,SOC-005,,ALT-003145,2026-01-01T11:35:00Z,ANL-5007,HIGH,CLOSED,TRUE_POSITIVE,LSASS Memory Access — True Positive,Reviewed escalation criteria for HOST-3186; behaviour consistent with known baseline.,2026-01-01T12:39:00Z
CASE-003146,SOC-005,,ALT-003146,2026-01-01T09:47:00Z,ANL-5002,MEDIUM,CLOSED,TRUE_POSITIVE,New Registry Run Key Entry — True Positive,"Closed with minimal review — T1547.001 alert on HOST-4751, no further action taken.",2026-01-01T10:23:00Z
CASE-003147,SOC-005,,ALT-003147,2026-01-01T07:44:00Z,ANL-5010,LOW,CLOSED,TRUE_POSITIVE,Large Outbound Data Transfer — True Positive,Traced network flow from 10.90.156.57 to determine scope of T1041 activity on HOST-3026.,2026-01-01T11:43:00Z
CASE-003148,SOC-005,,ALT-003148,2026-01-01T06:47:00Z,ANL-5009,LOW,CLOSED,TRUE_POSITIVE,LSASS Memory Access — True Positive,Reviewed escalation criteria for HOST-4132; behaviour consistent with known baseline.,2026-01-01T11:51:00Z
CASE-003149,SOC-005,,ALT-003149,2026-01-01T00:01:00Z,ANL-5008,LOW,CLOSED,TRUE_POSITIVE,Upload to Unapproved Cloud Storage — True Positive,Validated authentication logs tied to HOST-3259 to rule out credential compromise.,2026-01-01T05:28:00Z
CASE-003150,SOC-005,,ALT-003150,2026-01-01T15:46:00Z,ANL-5012,HIGH,CLOSED,TRUE_POSITIVE,Beaconing to Known C2 Domain — True Positive,Traced network flow from 10.67.232.136 to determine scope of T1071.001 activity on HOST-2768.,2026-01-01T17:17:00Z
CASE-003151,SOC-005,,ALT-003151,2026-01-01T04:36:00Z,ANL-5005,MEDIUM,CLOSED,TRUE_POSITIVE,Ransomware Behaviour Detected — True Positive,Reviewed T1486 activity on HOST-4457; correlated with source 10.17.69.70.,2026-01-01T06:59:00Z
CASE-003152,SOC-005,,ALT-003152,2026-01-01T18:44:00Z,ANL-5001,MEDIUM,CLOSED,TRUE_POSITIVE,New Registry Run Key Entry — True Positive,Reviewed and closed.,2026-01-01T21:22:00Z
CASE-003153,SOC-005,,ALT-003153,2026-01-01T15:46:00Z,ANL-5006,LOW,CLOSED,FALSE_POSITIVE,Unusual Scheduled Task Created — False Positive,Manually reviewed HOST-4801 logs; findings documented against case ticket.,2026-01-02T04:35:00Z
CASE-003154,SOC-005,,ALT-003154,2026-01-01T04:35:00Z,ANL-5014,HIGH,CLOSED,TRUE_POSITIVE,Large Outbound Data Transfer — True Positive,Cross-referenced 10.120.73.108 against threat intelligence feeds for HOST-2093.,2026-01-01T05:53:00Z
CASE-003155,SOC-005,,ALT-003155,2026-01-01T23:57:00Z,ANL-5010,MEDIUM,CLOSED,TRUE_POSITIVE,New Registry Run Key Entry — True Positive,Reviewed escalation criteria for HOST-1421; behaviour consistent with known baseline.,2026-01-02T04:50:00Z
CASE-003156,SOC-005,,ALT-003156,2026-01-01T05:29:00Z,ANL-5011,HIGH,CLOSED,FALSE_POSITIVE,Internal Network Port Scan — False Positive,Validated authentication logs tied to HOST-2063 to rule out credential compromise.,2026-01-01T06:33:00Z
CASE-003157,SOC-005,,ALT-003157,2026-01-01T02:22:00Z,ANL-5007,HIGH,CLOSED,TRUE_POSITIVE,Suspicious Binary Download — True Positive,Confirmed T1105 alert on HOST-1473 against recent change records.,2026-01-01T03:44:00Z
CASE-003158,SOC-005,INC-000112,ALT-003158,2026-01-01T02:35:00Z,ANL-5004,CRITICAL,CLOSED,TRUE_POSITIVE,Suspicious PowerShell — True Positive,Reviewed escalation criteria for HOST-3089; behaviour consistent with known baseline.,2026-01-01T03:24:00Z
CASE-003159,SOC-005,,ALT-003159,2026-01-01T23:56:00Z,ANL-5009,HIGH,CLOSED,FALSE_POSITIVE,Unusual Scheduled Task Created — False Positive,Reviewed T1053.005 activity on HOST-1194; correlated with source 10.238.76.241.,2026-01-02T01:31:00Z
CASE-003160,SOC-005,,ALT-003160,2026-01-01T06:17:00Z,ANL-5001,HIGH,CLOSED,TRUE_POSITIVE,Repeated Failed Logins — True Positive,Reviewed and closed.,2026-01-01T07:50:00Z
CASE-003161,SOC-005,,ALT-003161,2026-01-02T13:27:00Z,ANL-5014,HIGH,CLOSED,TRUE_POSITIVE,Internal Network Port Scan — True Positive,Cross-referenced 10.133.79.242 against threat intelligence feeds for HOST-3136.,2026-01-02T14:12:00Z
CASE-003162,SOC-005,,ALT-003162,2026-01-02T01:28:00Z,ANL-5013,MEDIUM,CLOSED,TRUE_POSITIVE,Ransomware Behaviour Detected — True Positive,Checked process execution history for HOST-1258 following T1486 alert.,2026-01-02T05:17:00Z
CASE-003163,SOC-005,,ALT-003163,2026-01-02T14:48:00Z,ANL-5010,HIGH,CLOSED,TRUE_POSITIVE,Large Outbound Data Transfer — True Positive,Manually reviewed HOST-3690 logs; findings documented against case ticket.,2026-01-02T16:15:00Z
CASE-003164,SOC-005,,ALT-003164,2026-01-02T05:20:00Z,ANL-5013,HIGH,CLOSED,FALSE_POSITIVE,LSASS Memory Access — False Positive,Analysed endpoint telemetry for HOST-3188 tied to T1003 detection.,2026-01-02T06:46:00Z
CASE-003165,SOC-005,,ALT-003165,2026-01-02T08:24:00Z,ANL-5003,LOW,CLOSED,FALSE_POSITIVE,Internal Network Port Scan — False Positive,"Closed with minimal review — T1595 alert on HOST-1001, no further action taken.",2026-01-02T09:47:00Z
CASE-003166,SOC-005,,ALT-003166,2026-01-02T21:43:00Z,ANL-5011,CRITICAL,CLOSED,TRUE_POSITIVE,Ransomware Behaviour Detected — True Positive,Investigated T1486 indicators on HOST-1838; no further lateral movement observed.,2026-01-02T22:33:00Z
CASE-003167,SOC-005,,ALT-003167,2026-01-02T22:35:00Z,ANL-5001,LOW,CLOSED,FALSE_POSITIVE,New Registry Run Key Entry — False Positive,Confirmed T1547.001 alert on HOST-2472 against recent change records.,2026-01-03T06:21:00Z
CASE-003168,SOC-005,,ALT-003168,2026-01-02T00:58:00Z,ANL-5014,MEDIUM,CLOSED,FALSE_POSITIVE,Beaconing to Known C2 Domain — False Positive,"Closed with minimal review — T1071.001 alert on HOST-1003, no further action taken.",2026-01-02T01:50:00Z
CASE-003169,SOC-005,,ALT-003169,2026-01-02T22:38:00Z,ANL-5006,LOW,CLOSED,TRUE_POSITIVE,Suspicious PowerShell — True Positive,Reviewed escalation criteria for HOST-1389; behaviour consistent with known baseline.,2026-01-03T02:50:00Z
CASE-003170,SOC-005,,ALT-003170,2026-01-02T20:10:00Z,ANL-5009,LOW,CLOSED,FALSE_POSITIVE,Beaconing to Known C2 Domain — False Positive,Checked process execution history for HOST-4629 following T1071.001 alert.,2026-01-03T04:47:00Z
CASE-003171,SOC-005,,ALT-003171,2026-01-02T23:31:00Z,ANL-5011,HIGH,CLOSED,TRUE_POSITIVE,Unusual SMB Admin Share Access — True Positive,Reviewed T1021.002 activity on HOST-1595; correlated with source 10.146.8.134.,2026-01-03T01:09:00Z
CASE-003172,SOC-005,,ALT-003172,2026-01-02T23:51:00Z,ANL-5002,MEDIUM,CLOSED,FALSE_POSITIVE,Suspicious CMD Execution — False Positive,Checked process execution history for HOST-4901 following T1059.003 alert.,2026-01-03T04:04:00Z
CASE-003173,SOC-005,,ALT-003173,2026-01-02T23:48:00Z,ANL-5002,LOW,CLOSED,TRUE_POSITIVE,Internal Network Port Scan — True Positive,Analysed endpoint telemetry for HOST-3526 tied to T1595 detection.,2026-01-03T07:49:00Z
CASE-003174,SOC-005,,ALT-003174,2026-01-02T03:41:00Z,ANL-5003,MEDIUM,CLOSED,TRUE_POSITIVE,Suspicious Binary Download — True Positive,Cross-referenced 10.214.93.60 against threat intelligence feeds for HOST-2038.,2026-01-02T08:03:00Z
CASE-003175,SOC-005,,ALT-003175,2026-01-02T01:31:00Z,ANL-5007,HIGH,CLOSED,TRUE_POSITIVE,Ransomware Behaviour Detected — True Positive,Confirmed T1486 alert on HOST-4517 against recent change records.,2026-01-02T03:06:00Z
CASE-003176,SOC-005,,ALT-003176,2026-01-02T17:57:00Z,ANL-5009,LOW,CLOSED,FALSE_POSITIVE,Unusual RDP Session — False Positive,Manually reviewed HOST-2052 logs; findings documented against case ticket.,2026-01-02T23:48:00Z
CASE-003177,SOC-005,,ALT-003177,2026-01-02T00:33:00Z,ANL-5003,LOW,CLOSED,TRUE_POSITIVE,LSASS Memory Access — True Positive,"Closed with minimal review — T1003 alert on HOST-4285, no further action taken.",2026-01-02T07:48:00Z
CASE-003178,SOC-005,,ALT-003178,2026-01-02T19:49:00Z,ANL-5009,LOW,CLOSED,FALSE_POSITIVE,Beaconing to Known C2 Domain — False Positive,Reviewed T1071.001 activity on HOST-1881; correlated with source 10.220.213.121.,2026-01-03T03:49:00Z
CASE-003179,SOC-005,,ALT-003179,2026-01-02T17:02:00Z,ANL-5010,HIGH,CLOSED,FALSE_POSITIVE,Password Spraying Detected — False Positive,Reviewed T1110 activity on HOST-3320; correlated with source 10.234.158.115.,2026-01-02T17:54:00Z
CASE-003180,SOC-005,,ALT-003180,2026-01-02T16:32:00Z,ANL-5007,LOW,CLOSED,TRUE_POSITIVE,Suspicious CMD Execution — True Positive,Analysed endpoint telemetry for HOST-1291 tied to T1059.003 detection.,2026-01-02T22:11:00Z
CASE-003181,SOC-005,,ALT-003181,2026-01-02T10:39:00Z,ANL-5008,MEDIUM,CLOSED,TRUE_POSITIVE,Beaconing to Known C2 Domain — True Positive,Analysed endpoint telemetry for HOST-1144 tied to T1071.001 detection.,2026-01-02T14:44:00Z
CASE-003182,SOC-005,,ALT-003182,2026-01-02T17:57:00Z,ANL-5002,MEDIUM,CLOSED,TRUE_POSITIVE,Repeated Failed Logins — True Positive,Cross-referenced 10.128.108.38 against threat intelligence feeds for HOST-1806.,2026-01-02T20:11:00Z
CASE-003183,SOC-005,,ALT-003183,2026-01-02T06:21:00Z,ANL-5008,LOW,CLOSED,TRUE_POSITIVE,Upload to Unapproved Cloud Storage — True Positive,Manually reviewed HOST-2901 logs; findings documented against case ticket.,2026-01-02T14:01:00Z
CASE-003184,SOC-005,,ALT-003184,2026-01-02T15:16:00Z,ANL-5001,HIGH,CLOSED,FALSE_POSITIVE,Suspicious CMD Execution — False Positive,Investigated T1059.003 indicators on HOST-2578; no further lateral movement observed.,2026-01-02T16:13:00Z
CASE-003185,SOC-005,,ALT-003185,2026-01-02T06:22:00Z,ANL-5006,LOW,CLOSED,FALSE_POSITIVE,Internal Network Port Scan — False Positive,Analysed endpoint telemetry for HOST-2677 tied to T1595 detection.,2026-01-02T10:21:00Z
CASE-003186,SOC-005,,ALT-003186,2026-01-02T17:28:00Z,ANL-5004,MEDIUM,CLOSED,TRUE_POSITIVE,Unusual SMB Admin Share Access — True Positive,Validated authentication logs tied to HOST-3305 to rule out credential compromise.,2026-01-02T21:21:00Z
CASE-003187,SOC-005,,ALT-003187,2026-01-02T04:33:00Z,ANL-5013,LOW,CLOSED,TRUE_POSITIVE,Internal Network Port Scan — True Positive,Reviewed T1595 activity on HOST-3707; correlated with source 10.118.19.114.,2026-01-02T12:41:00Z
CASE-003188,SOC-005,,ALT-003188,2026-01-02T19:54:00Z,ANL-5004,MEDIUM,CLOSED,TRUE_POSITIVE,Unusual Scheduled Task Created — True Positive,Reviewed T1053.005 activity on HOST-4115; correlated with source 10.37.227.82.,2026-01-02T23:57:00Z
CASE-003189,SOC-005,INC-000113,ALT-003189,2026-01-02T22:19:00Z,ANL-5003,CRITICAL,CLOSED,TRUE_POSITIVE,Ransomware Behaviour Detected — True Positive,Cross-referenced 10.61.119.239 against threat intelligence feeds for HOST-4944.,2026-01-02T23:02:00Z
CASE-003190,SOC-005,INC-000114,ALT-003190,2026-01-02T07:51:00Z,ANL-5005,CRITICAL,CLOSED,TRUE_POSITIVE,LSASS Memory Access — True Positive,Confirmed T1003 alert on HOST-1362 against recent change records.,2026-01-02T08:26:00Z
CASE-003191,SOC-005,,ALT-003191,2026-01-02T11:59:00Z,ANL-5014,CRITICAL,CLOSED,FALSE_POSITIVE,New Registry Run Key Entry — False Positive,Cross-referenced 10.235.150.176 against threat intelligence feeds for HOST-3641.,2026-01-02T12:40:00Z
CASE-003192,SOC-005,,ALT-003192,2026-01-02T17:50:00Z,ANL-5010,LOW,CLOSED,FALSE_POSITIVE,Unusual RDP Session — False Positive,Cross-referenced 10.8.97.130 against threat intelligence feeds for HOST-4318.,2026-01-02T23:48:00Z
CASE-003193,SOC-005,,ALT-003193,2026-01-02T13:54:00Z,ANL-5013,HIGH,CLOSED,FALSE_POSITIVE,Unusual Scheduled Task Created — False Positive,Investigated T1053.005 indicators on HOST-4286; no further lateral movement observed.,2026-01-02T21:42:00Z
CASE-003194,SOC-005,,ALT-003194,2026-01-02T18:30:00Z,ANL-5005,LOW,CLOSED,TRUE_POSITIVE,Suspicious Binary Download — True Positive,Cross-referenced 10.78.217.25 against threat intelligence feeds for HOST-3088.,2026-01-03T00:29:00Z
CASE-003195,SOC-005,,ALT-003195,2026-01-02T15:12:00Z,ANL-5009,LOW,CLOSED,FALSE_POSITIVE,Large Outbound Data Transfer — False Positive,Validated authentication logs tied to HOST-4715 to rule out credential compromise.,2026-01-02T22:44:00Z
CASE-003196,SOC-005,,ALT-003196,2026-01-02T23:30:00Z,ANL-5007,LOW,CLOSED,FALSE_POSITIVE,Unusual RDP Session — False Positive,Checked process execution history for HOST-2713 following T1021.001 alert.,2026-01-03T05:14:00Z
CASE-003197,SOC-005,,ALT-003197,2026-01-02T09:36:00Z,ANL-5006,MEDIUM,CLOSED,TRUE_POSITIVE,Unusual RDP Session — True Positive,Traced network flow from 10.12.96.40 to determine scope of T1021.001 activity on HOST-1690.,2026-01-02T12:23:00Z
CASE-003198,SOC-005,,ALT-003198,2026-01-02T22:26:00Z,ANL-5007,HIGH,CLOSED,TRUE_POSITIVE,Unusual SMB Admin Share Access — True Positive,Manually reviewed HOST-4496 logs; findings documented against case ticket.,2026-01-02T23:24:00Z
CASE-003199,SOC-005,,ALT-003199,2026-01-02T12:10:00Z,ANL-5013,LOW,CLOSED,TRUE_POSITIVE,Ransomware Behaviour Detected — True Positive,Cross-referenced 10.210.194.16 against threat intelligence feeds for HOST-4964.,2026-01-02T17:24:00Z
CASE-003200,SOC-005,,ALT-003200,2026-01-02T19:31:00Z,ANL-5007,MEDIUM,CLOSED,TRUE_POSITIVE,Internal Network Port Scan — True Positive,Traced network flow from 10.74.207.144 to determine scope of T1595 activity on HOST-4885.,2026-01-02T22:19:00Z
CASE-003201,SOC-005,,ALT-003201,2026-01-03T07:17:00Z,ANL-5008,LOW,CLOSED,FALSE_POSITIVE,Internal Network Port Scan — False Positive,"Closed with minimal review — T1595 alert on HOST-1001, no further action taken.",2026-01-03T08:54:00Z
CASE-003202,SOC-005,,ALT-003202,2026-01-03T14:01:00Z,ANL-5012,CRITICAL,CLOSED,FALSE_POSITIVE,Suspicious Binary Download — False Positive,Analysed endpoint telemetry for HOST-4163 tied to T1105 detection.,2026-01-03T14:51:00Z
CASE-003203,SOC-005,,ALT-003203,2026-01-03T11:29:00Z,ANL-5001,HIGH,CLOSED,FALSE_POSITIVE,Large Outbound Data Transfer — False Positive,Reviewed and closed.,2026-01-03T12:54:00Z
CASE-003204,SOC-005,,ALT-003204,2026-01-03T02:31:00Z,ANL-5014,LOW,CLOSED,TRUE_POSITIVE,Upload to Unapproved Cloud Storage — True Positive,Checked process execution history for HOST-1644 following T1567 alert.,2026-01-03T07:57:00Z
CASE-003205,SOC-005,,ALT-003205,2026-01-03T07:09:00Z,ANL-5008,LOW,CLOSED,TRUE_POSITIVE,Ransomware Behaviour Detected — True Positive,Analysed endpoint telemetry for HOST-3477 tied to T1486 detection.,2026-01-03T14:57:00Z
CASE-003206,SOC-005,,ALT-003206,2026-01-03T08:08:00Z,ANL-5002,LOW,CLOSED,TRUE_POSITIVE,Password Spraying Detected — True Positive,Reviewed T1110 activity on HOST-3354; correlated with source 10.48.140.119.,2026-01-03T14:10:00Z
CASE-003207,SOC-005,,ALT-003207,2026-01-03T13:03:00Z,ANL-5005,MEDIUM,CLOSED,FALSE_POSITIVE,Internal Network Port Scan — False Positive,Manually reviewed HOST-3898 logs; findings documented against case ticket.,2026-01-03T17:00:00Z
CASE-003208,SOC-005,,ALT-003208,2026-01-03T00:34:00Z,ANL-5012,LOW,CLOSED,TRUE_POSITIVE,New Registry Run Key Entry — True Positive,Reviewed escalation criteria for HOST-4930; behaviour consistent with known baseline.,2026-01-03T07:55:00Z
CASE-003209,SOC-005,,ALT-003209,2026-01-03T10:29:00Z,ANL-5006,MEDIUM,CLOSED,FALSE_POSITIVE,Ransomware Behaviour Detected — False Positive,Traced network flow from 10.146.100.17 to determine scope of T1486 activity on HOST-3144.,2026-01-03T12:53:00Z
CASE-003210,SOC-005,,ALT-003210,2026-01-03T05:47:00Z,ANL-5011,HIGH,CLOSED,TRUE_POSITIVE,New Registry Run Key Entry — True Positive,Traced network flow from 10.140.36.210 to determine scope of T1547.001 activity on HOST-4434.,2026-01-03T07:20:00Z
CASE-003211,SOC-005,,ALT-003211,2026-01-03T19:55:00Z,ANL-5001,CRITICAL,CLOSED,TRUE_POSITIVE,Unusual SMB Admin Share Access — True Positive,Reviewed and closed.,2026-01-03T20:30:00Z
CASE-003212,SOC-005,,ALT-003212,2026-01-03T22:33:00Z,ANL-5005,HIGH,CLOSED,TRUE_POSITIVE,Suspicious PowerShell — True Positive,Reviewed escalation criteria for HOST-4819; behaviour consistent with known baseline.,2026-01-03T23:32:00Z
CASE-003213,SOC-005,,ALT-003213,2026-01-03T13:45:00Z,ANL-5005,LOW,CLOSED,FALSE_POSITIVE,Beaconing to Known C2 Domain — False Positive,Checked process execution history for HOST-1704 following T1071.001 alert.,2026-01-03T18:08:00Z
CASE-003214,SOC-005,,ALT-003214,2026-01-03T23:38:00Z,ANL-5005,HIGH,CLOSED,TRUE_POSITIVE,Upload to Unapproved Cloud Storage — True Positive,Confirmed T1567 alert on HOST-3846 against recent change records.,2026-01-04T00:46:00Z
CASE-003215,SOC-005,,ALT-003215,2026-01-03T11:09:00Z,ANL-5004,LOW,CLOSED,FALSE_POSITIVE,Suspicious PowerShell — False Positive,Traced network flow from 10.50.75.67 to determine scope of T1059.001 activity on HOST-1963.,2026-01-03T19:28:00Z
CASE-003216,SOC-005,,ALT-003216,2026-01-03T07:41:00Z,ANL-5014,LOW,CLOSED,TRUE_POSITIVE,Large Outbound Data Transfer — True Positive,Traced network flow from 10.184.81.41 to determine scope of T1041 activity on HOST-2208.,2026-01-03T13:43:00Z
CASE-003217,SOC-005,,ALT-003217,2026-01-03T18:19:00Z,ANL-5013,LOW,CLOSED,TRUE_POSITIVE,LSASS Memory Access — True Positive,Checked process execution history for HOST-3658 following T1003 alert.,2026-01-03T23:05:00Z
CASE-003218,SOC-005,,ALT-003218,2026-01-03T23:17:00Z,ANL-5009,HIGH,CLOSED,TRUE_POSITIVE,Large Outbound Data Transfer — True Positive,"Closed with minimal review — T1041 alert on HOST-2300, no further action taken.",2026-01-03T23:52:00Z
CASE-003219,SOC-005,,ALT-003219,2026-01-03T14:49:00Z,ANL-5006,MEDIUM,CLOSED,TRUE_POSITIVE,Upload to Unapproved Cloud Storage — True Positive,Validated authentication logs tied to HOST-2538 to rule out credential compromise.,2026-01-03T18:54:00Z
CASE-003220,SOC-005,,ALT-003220,2026-01-03T07:28:00Z,ANL-5005,MEDIUM,CLOSED,TRUE_POSITIVE,Large Outbound Data Transfer — True Positive,Checked process execution history for HOST-1748 following T1041 alert.,2026-01-03T11:20:00Z
CASE-003221,SOC-005,,ALT-003221,2026-01-03T19:38:00Z,ANL-5004,LOW,CLOSED,FALSE_POSITIVE,Suspicious Binary Download — False Positive,Checked process execution history for HOST-3176 following T1105 alert.,2026-01-04T01:12:00Z
CASE-003222,SOC-005,,ALT-003222,2026-01-03T06:03:00Z,ANL-5005,LOW,CLOSED,TRUE_POSITIVE,Suspicious Binary Download — True Positive,Traced network flow from 10.82.153.104 to determine scope of T1105 activity on HOST-4513.,2026-01-03T11:08:00Z
CASE-003223,SOC-005,,ALT-003223,2026-01-03T18:04:00Z,ANL-5010,LOW,CLOSED,TRUE_POSITIVE,Unusual Scheduled Task Created — True Positive,Validated authentication logs tied to HOST-1575 to rule out credential compromise.,2026-01-04T00:41:00Z
CASE-003224,SOC-005,,ALT-003224,2026-01-03T02:33:00Z,ANL-5001,MEDIUM,CLOSED,TRUE_POSITIVE,New Registry Run Key Entry — True Positive,Manually reviewed HOST-2959 logs; findings documented against case ticket.,2026-01-03T04:36:00Z
CASE-003225,SOC-005,,ALT-003225,2026-01-03T22:14:00Z,ANL-5003,LOW,CLOSED,TRUE_POSITIVE,New Registry Run Key Entry — True Positive,Investigated T1547.001 indicators on HOST-4854; no further lateral movement observed.,2026-01-04T05:18:00Z
CASE-003226,SOC-005,,ALT-003226,2026-01-03T10:50:00Z,ANL-5012,LOW,CLOSED,TRUE_POSITIVE,Suspicious CMD Execution — True Positive,Cross-referenced 10.105.50.250 against threat intelligence feeds for HOST-2693.,2026-01-03T17:57:00Z
CASE-003227,SOC-005,,ALT-003227,2026-01-03T02:43:00Z,ANL-5001,LOW,CLOSED,TRUE_POSITIVE,Upload to Unapproved Cloud Storage — True Positive,Cross-referenced 10.185.203.81 against threat intelligence feeds for HOST-3119.,2026-01-03T09:53:00Z
CASE-003228,SOC-005,,ALT-003228,2026-01-03T18:56:00Z,ANL-5014,MEDIUM,CLOSED,TRUE_POSITIVE,Unusual SMB Admin Share Access — True Positive,"Closed with minimal review — T1021.002 alert on HOST-1071, no further action taken.",2026-01-03T19:55:00Z
CASE-003229,SOC-005,,ALT-003229,2026-01-03T19:00:00Z,ANL-5003,LOW,CLOSED,TRUE_POSITIVE,Ransomware Behaviour Detected — True Positive,Checked process execution history for HOST-4549 following T1486 alert.,2026-01-04T02:14:00Z
CASE-003230,SOC-005,,ALT-003230,2026-01-03T18:27:00Z,ANL-5012,HIGH,CLOSED,TRUE_POSITIVE,Ransomware Behaviour Detected — True Positive,Reviewed escalation criteria for HOST-1462; behaviour consistent with known baseline.,2026-01-03T20:10:00Z
CASE-003231,SOC-005,,ALT-003231,2026-01-03T17:44:00Z,ANL-5009,CRITICAL,CLOSED,TRUE_POSITIVE,Unusual RDP Session — True Positive,Reviewed T1021.001 activity on HOST-2474; correlated with source 10.48.31.66.,2026-01-03T18:28:00Z
CASE-003232,SOC-005,,ALT-003232,2026-01-03T05:24:00Z,ANL-5001,LOW,CLOSED,TRUE_POSITIVE,Unusual RDP Session — True Positive,Reviewed and closed.,2026-01-03T09:46:00Z
CASE-003233,SOC-005,,ALT-003233,2026-01-03T08:35:00Z,ANL-5011,LOW,CLOSED,TRUE_POSITIVE,Internal Network Port Scan — True Positive,Traced network flow from 10.182.158.17 to determine scope of T1595 activity on HOST-3629.,2026-01-03T13:55:00Z
CASE-003234,SOC-005,,ALT-003234,2026-01-03T01:19:00Z,ANL-5014,MEDIUM,CLOSED,TRUE_POSITIVE,Internal Network Port Scan — True Positive,Validated authentication logs tied to HOST-3836 to rule out credential compromise.,2026-01-04T17:51:00Z
CASE-003235,SOC-005,,ALT-003235,2026-01-03T16:22:00Z,ANL-5013,HIGH,CLOSED,TRUE_POSITIVE,Internal Network Port Scan — True Positive,Traced network flow from 10.90.6.40 to determine scope of T1595 activity on HOST-4537.,2026-01-03T17:43:00Z
CASE-003236,SOC-005,,ALT-003236,2026-01-03T08:07:00Z,ANL-5002,LOW,CLOSED,TRUE_POSITIVE,Ransomware Behaviour Detected — True Positive,"Closed with minimal review — T1486 alert on HOST-3461, no further action taken.",2026-01-03T12:20:00Z
CASE-003237,SOC-005,,ALT-003237,2026-01-03T08:28:00Z,ANL-5009,HIGH,CLOSED,TRUE_POSITIVE,Unusual RDP Session — True Positive,Reviewed escalation criteria for HOST-2699; behaviour consistent with known baseline.,2026-01-03T09:56:00Z
CASE-003238,SOC-005,,ALT-003238,2026-01-03T17:04:00Z,ANL-5006,MEDIUM,CLOSED,TRUE_POSITIVE,Ransomware Behaviour Detected — True Positive,Validated authentication logs tied to HOST-4664 to rule out credential compromise.,2026-01-03T19:39:00Z
CASE-003239,SOC-005,,ALT-003239,2026-01-03T23:59:00Z,ANL-5002,HIGH,CLOSED,TRUE_POSITIVE,Unusual Scheduled Task Created — True Positive,Manually reviewed HOST-1696 logs; findings documented against case ticket.,2026-01-04T01:28:00Z
CASE-003240,SOC-005,,ALT-003240,2026-01-03T16:35:00Z,ANL-5010,LOW,CLOSED,FALSE_POSITIVE,Beaconing to Known C2 Domain — False Positive,"Closed with minimal review — T1071.001 alert on HOST-1001, no further action taken.",2026-01-03T18:24:00Z
CASE-003241,SOC-005,,ALT-003241,2026-01-04T21:33:00Z,ANL-5010,LOW,CLOSED,TRUE_POSITIVE,Encoded PowerShell Command — True Positive,Analysed endpoint telemetry for HOST-2370 tied to T1059.001 detection.,2026-01-05T01:21:00Z
CASE-003242,SOC-005,,ALT-003242,2026-01-04T02:56:00Z,ANL-5007,LOW,CLOSED,TRUE_POSITIVE,Internal Network Port Scan — True Positive,Traced network flow from 10.167.51.1 to determine scope of T1595 activity on HOST-3353.,2026-01-04T07:13:00Z
CASE-003243,SOC-005,,ALT-003243,2026-01-04T18:22:00Z,ANL-5003,MEDIUM,CLOSED,FALSE_POSITIVE,Repeated Failed Logins — False Positive,Cross-referenced 10.26.254.215 against threat intelligence feeds for HOST-2500.,2026-01-04T22:41:00Z
CASE-003244,SOC-005,,ALT-003244,2026-01-04T22:34:00Z,ANL-5003,HIGH,CLOSED,TRUE_POSITIVE,Suspicious Binary Download — True Positive,Checked process execution history for HOST-1631 following T1105 alert.,2026-01-05T00:04:00Z
CASE-003245,SOC-005,,ALT-003245,2026-01-04T12:28:00Z,ANL-5014,MEDIUM,CLOSED,TRUE_POSITIVE,Internal Network Port Scan — True Positive,Analysed endpoint telemetry for HOST-4819 tied to T1595 detection.,2026-01-04T16:53:00Z
CASE-003246,SOC-005,,ALT-003246,2026-01-04T03:21:00Z,ANL-5009,HIGH,CLOSED,FALSE_POSITIVE,Ransomware Behaviour Detected — False Positive,Validated authentication logs tied to HOST-1311 to rule out credential compromise.,2026-01-04T04:39:00Z
CASE-003247,SOC-005,,ALT-003247,2026-01-04T21:35:00Z,ANL-5009,LOW,CLOSED,TRUE_POSITIVE,Large Outbound Data Transfer — True Positive,Checked process execution history for HOST-4790 following T1041 alert.,2026-01-05T05:28:00Z
CASE-003248,SOC-005,,ALT-003248,2026-01-04T18:56:00Z,ANL-5014,CRITICAL,CLOSED,FALSE_POSITIVE,Upload to Unapproved Cloud Storage — False Positive,Analysed endpoint telemetry for HOST-4849 tied to T1567 detection.,2026-01-04T19:45:00Z
CASE-003249,SOC-005,,ALT-003249,2026-01-04T10:17:00Z,ANL-5011,HIGH,CLOSED,TRUE_POSITIVE,New Registry Run Key Entry — True Positive,Reviewed escalation criteria for HOST-1773; behaviour consistent with known baseline.,2026-01-04T11:31:00Z
CASE-003250,SOC-005,,ALT-003250,2026-01-04T17:13:00Z,ANL-5011,MEDIUM,CLOSED,TRUE_POSITIVE,Ransomware Behaviour Detected — True Positive,Manually reviewed HOST-2795 logs; findings documented against case ticket.,2026-01-04T20:41:00Z
CASE-003251,SOC-005,,ALT-003251,2026-01-04T06:19:00Z,ANL-5002,CRITICAL,CLOSED,FALSE_POSITIVE,Unusual SMB Admin Share Access — False Positive,Checked process execution history for HOST-3761 following T1021.002 alert.,2026-01-04T06:56:00Z
CASE-003252,SOC-005,,ALT-003252,2026-01-04T07:59:00Z,ANL-5004,LOW,CLOSED,FALSE_POSITIVE,Unusual RDP Session — False Positive,Reviewed T1021.001 activity on HOST-2825; correlated with source 10.26.127.242.,2026-01-04T13:42:00Z
CASE-003253,SOC-005,,ALT-003253,2026-01-04T09:19:00Z,ANL-5004,MEDIUM,CLOSED,TRUE_POSITIVE,Unusual Scheduled Task Created — True Positive,Investigated T1053.005 indicators on HOST-4640; no further lateral movement observed.,2026-01-04T11:55:00Z
CASE-003254,SOC-005,,ALT-003254,2026-01-04T23:14:00Z,ANL-5009,LOW,CLOSED,FALSE_POSITIVE,Suspicious Binary Download — False Positive,Checked process execution history for HOST-4400 following T1105 alert.,2026-01-05T05:31:00Z
CASE-003255,SOC-005,,ALT-003255,2026-01-04T10:59:00Z,ANL-5009,LOW,CLOSED,FALSE_POSITIVE,New Registry Run Key Entry — False Positive,Manually reviewed HOST-3217 logs; findings documented against case ticket.,2026-01-04T17:34:00Z
CASE-003256,SOC-005,,ALT-003256,2026-01-04T07:03:00Z,ANL-5001,HIGH,CLOSED,TRUE_POSITIVE,Unusual SMB Admin Share Access — True Positive,Reviewed and closed.,2026-01-04T08:27:00Z
CASE-003257,SOC-005,,ALT-003257,2026-01-04T10:05:00Z,ANL-5003,LOW,CLOSED,TRUE_POSITIVE,Suspicious PowerShell — True Positive,Manually reviewed HOST-3894 logs; findings documented against case ticket.,2026-01-04T14:36:00Z
CASE-003258,SOC-005,,ALT-003258,2026-01-04T22:16:00Z,ANL-5008,MEDIUM,CLOSED,TRUE_POSITIVE,Large Outbound Data Transfer — True Positive,"Closed with minimal review — T1041 alert on HOST-2153, no further action taken.",2026-01-05T02:27:00Z
CASE-003259,SOC-005,,ALT-003259,2026-01-04T09:40:00Z,ANL-5005,LOW,CLOSED,TRUE_POSITIVE,Internal Network Port Scan — True Positive,Cross-referenced 10.226.55.5 against threat intelligence feeds for HOST-4354.,2026-01-04T16:51:00Z
CASE-003260,SOC-005,,ALT-003260,2026-01-04T06:41:00Z,ANL-5007,HIGH,CLOSED,FALSE_POSITIVE,Large Outbound Data Transfer — False Positive,Reviewed T1041 activity on HOST-2361; correlated with source 10.25.228.43.,2026-01-04T07:32:00Z
CASE-003261,SOC-005,,ALT-003261,2026-01-04T23:56:00Z,ANL-5003,LOW,CLOSED,TRUE_POSITIVE,Ransomware Behaviour Detected — True Positive,Analysed endpoint telemetry for HOST-2655 tied to T1486 detection.,2026-01-05T05:42:00Z
CASE-003262,SOC-005,,ALT-003262,2026-01-04T02:20:00Z,ANL-5013,LOW,CLOSED,TRUE_POSITIVE,Unusual RDP Session — True Positive,Traced network flow from 10.221.234.177 to determine scope of T1021.001 activity on HOST-2179.,2026-01-04T06:25:00Z
CASE-003263,SOC-005,,ALT-003263,2026-01-04T10:03:00Z,ANL-5011,MEDIUM,CLOSED,TRUE_POSITIVE,Unusual RDP Session — True Positive,Reviewed escalation criteria for HOST-2336; behaviour consistent with known baseline.,2026-01-04T12:09:00Z
CASE-003264,SOC-005,,ALT-003264,2026-01-04T01:47:00Z,ANL-5006,MEDIUM,CLOSED,TRUE_POSITIVE,Ransomware Behaviour Detected — True Positive,Cross-referenced 10.71.196.115 against threat intelligence feeds for HOST-2550.,2026-01-04T04:35:00Z
CASE-003265,SOC-005,,ALT-003265,2026-01-04T01:20:00Z,ANL-5011,HIGH,CLOSED,FALSE_POSITIVE,Upload to Unapproved Cloud Storage — False Positive,Validated authentication logs tied to HOST-2744 to rule out credential compromise.,2026-01-04T02:43:00Z
CASE-003266,SOC-005,,ALT-003266,2026-01-04T12:09:00Z,ANL-5006,LOW,CLOSED,TRUE_POSITIVE,Suspicious Binary Download — True Positive,Reviewed T1105 activity on HOST-1865; correlated with source 10.53.27.28.,2026-01-04T18:23:00Z
CASE-003267,SOC-005,,ALT-003267,2026-01-04T22:44:00Z,ANL-5006,LOW,CLOSED,TRUE_POSITIVE,Internal Network Port Scan — True Positive,Checked process execution history for HOST-2902 following T1595 alert.,2026-01-05T05:35:00Z
CASE-003268,SOC-005,,ALT-003268,2026-01-04T08:17:00Z,ANL-5009,LOW,CLOSED,TRUE_POSITIVE,LSASS Memory Access — True Positive,Confirmed T1003 alert on HOST-1152 against recent change records.,2026-01-04T13:34:00Z
CASE-003269,SOC-005,,ALT-003269,2026-01-04T22:53:00Z,ANL-5010,LOW,CLOSED,TRUE_POSITIVE,Large Outbound Data Transfer — True Positive,Traced network flow from 10.247.108.14 to determine scope of T1041 activity on HOST-4984.,2026-01-05T03:23:00Z
CASE-003270,SOC-005,,ALT-003270,2026-01-04T15:16:00Z,ANL-5010,HIGH,CLOSED,FALSE_POSITIVE,Large Outbound Data Transfer — False Positive,"Closed with minimal review — T1041 alert on HOST-1071, no further action taken.",2026-01-04T15:46:00Z
CASE-003271,SOC-005,,ALT-003271,2026-01-04T03:40:00Z,ANL-5002,HIGH,CLOSED,FALSE_POSITIVE,Upload to Unapproved Cloud Storage — False Positive,Cross-referenced 10.77.121.15 against threat intelligence feeds for HOST-4535.,2026-01-04T04:43:00Z
CASE-003272,SOC-005,,ALT-003272,2026-01-04T07:07:00Z,ANL-5006,LOW,CLOSED,FALSE_POSITIVE,Internal Network Port Scan — False Positive,Checked process execution history for HOST-3175 following T1595 alert.,2026-01-04T13:28:00Z
CASE-003273,SOC-005,,ALT-003273,2026-01-04T01:44:00Z,ANL-5001,MEDIUM,CLOSED,TRUE_POSITIVE,LSASS Memory Access — True Positive,Reviewed and closed.,2026-01-04T02:33:00Z
CASE-003274,SOC-005,,ALT-003274,2026-01-04T19:45:00Z,ANL-5010,MEDIUM,CLOSED,FALSE_POSITIVE,Unusual Scheduled Task Created — False Positive,Cross-referenced 10.19.179.216 against threat intelligence feeds for HOST-4629.,2026-01-04T23:09:00Z
CASE-003275,SOC-005,,ALT-003275,2026-01-04T23:32:00Z,ANL-5014,LOW,CLOSED,FALSE_POSITIVE,Upload to Unapproved Cloud Storage — False Positive,Validated authentication logs tied to HOST-1613 to rule out credential compromise.,2026-01-05T03:24:00Z
CASE-003276,SOC-005,,ALT-003276,2026-01-04T11:03:00Z,ANL-5008,MEDIUM,CLOSED,TRUE_POSITIVE,Unusual RDP Session — True Positive,Reviewed T1021.001 activity on HOST-3777; correlated with source 10.58.105.216.,2026-01-04T14:52:00Z
CASE-003277,SOC-005,,ALT-003277,2026-01-04T12:43:00Z,ANL-5011,HIGH,CLOSED,FALSE_POSITIVE,Unusual Scheduled Task Created — False Positive,Traced network flow from 10.224.216.192 to determine scope of T1053.005 activity on HOST-2390.,2026-01-05T16:10:00Z
CASE-003278,SOC-005,,ALT-003278,2026-01-04T04:35:00Z,ANL-5010,LOW,CLOSED,TRUE_POSITIVE,Unusual SMB Admin Share Access — True Positive,Reviewed escalation criteria for HOST-2622; behaviour consistent with known baseline.,2026-01-04T12:41:00Z
CASE-003279,SOC-005,,ALT-003279,2026-01-04T14:43:00Z,ANL-5009,HIGH,CLOSED,FALSE_POSITIVE,Unusual RDP Session — False Positive,Investigated T1021.001 indicators on HOST-2514; no further lateral movement observed.,2026-01-04T15:43:00Z
CASE-003280,SOC-005,,ALT-003280,2026-01-04T00:52:00Z,ANL-5010,MEDIUM,CLOSED,TRUE_POSITIVE,Unusual Scheduled Task Created — True Positive,Analysed endpoint telemetry for HOST-1196 tied to T1053.005 detection.,2026-01-04T04:38:00Z
CASE-003281,SOC-005,,ALT-003281,2026-01-05T12:55:00Z,ANL-5004,MEDIUM,CLOSED,TRUE_POSITIVE,Unusual SMB Admin Share Access — True Positive,Confirmed T1021.002 alert on HOST-3092 against recent change records.,2026-01-05T16:44:00Z
CASE-003282,SOC-005,,ALT-003282,2026-01-05T13:09:00Z,ANL-5002,LOW,CLOSED,FALSE_POSITIVE,Ransomware Behaviour Detected — False Positive,Traced network flow from 10.141.164.173 to determine scope of T1486 activity on HOST-3916.,2026-01-05T16:40:00Z
CASE-003283,SOC-005,INC-000115,ALT-003283,2026-01-05T23:19:00Z,ANL-5010,CRITICAL,CLOSED,TRUE_POSITIVE,Unusual Scheduled Task Created — True Positive,Reviewed escalation criteria for HOST-4344; behaviour consistent with known baseline.,2026-01-06T00:02:00Z
CASE-003284,SOC-005,,ALT-003284,2026-01-05T02:51:00Z,ANL-5013,HIGH,CLOSED,TRUE_POSITIVE,Encoded PowerShell Command — True Positive,Manually reviewed HOST-3095 logs; findings documented against case ticket.,2026-01-05T03:56:00Z
CASE-003285,SOC-005,,ALT-003285,2026-01-05T07:40:00Z,ANL-5011,LOW,CLOSED,FALSE_POSITIVE,Ransomware Behaviour Detected — False Positive,Investigated T1486 indicators on HOST-2110; no further lateral movement observed.,2026-01-05T14:46:00Z
CASE-003286,SOC-005,,ALT-003286,2026-01-05T16:47:00Z,ANL-5006,CRITICAL,CLOSED,TRUE_POSITIVE,Upload to Unapproved Cloud Storage — True Positive,Manually reviewed HOST-1632 logs; findings documented against case ticket.,2026-01-05T17:40:00Z
CASE-003287,SOC-005,,ALT-003287,2026-01-05T08:06:00Z,ANL-5005,LOW,CLOSED,FALSE_POSITIVE,Suspicious CMD Execution — False Positive,Cross-referenced 10.237.144.83 against threat intelligence feeds for HOST-2127.,2026-01-05T14:18:00Z
CASE-003288,SOC-005,,ALT-003288,2026-01-05T01:48:00Z,ANL-5012,LOW,CLOSED,TRUE_POSITIVE,Suspicious Binary Download — True Positive,Reviewed escalation criteria for HOST-1080; behaviour consistent with known baseline.,2026-01-05T08:47:00Z
CASE-003289,SOC-005,INC-000116,ALT-003289,2026-01-05T16:53:00Z,ANL-5007,CRITICAL,CLOSED,TRUE_POSITIVE,New Registry Run Key Entry — True Positive,Traced network flow from 10.190.231.97 to determine scope of T1547.001 activity on HOST-2924.,2026-01-05T17:42:00Z
CASE-003290,SOC-005,,ALT-003290,2026-01-05T23:07:00Z,ANL-5011,HIGH,CLOSED,FALSE_POSITIVE,Suspicious PowerShell — False Positive,Manually reviewed HOST-4598 logs; findings documented against case ticket.,2026-01-06T00:06:00Z
CASE-003291,SOC-005,,ALT-003291,2026-01-05T01:30:00Z,ANL-5013,LOW,CLOSED,TRUE_POSITIVE,Suspicious CMD Execution — True Positive,Reviewed T1059.003 activity on HOST-4794; correlated with source 10.57.18.159.,2026-01-05T07:55:00Z
CASE-003292,SOC-005,,ALT-003292,2026-01-05T09:47:00Z,ANL-5014,HIGH,CLOSED,FALSE_POSITIVE,Beaconing to Known C2 Domain — False Positive,"Closed with minimal review — T1071.001 alert on HOST-1003, no further action taken.",2026-01-05T10:08:00Z
CASE-003293,SOC-005,,ALT-003293,2026-01-05T03:02:00Z,ANL-5013,LOW,CLOSED,FALSE_POSITIVE,Beaconing to Known C2 Domain — False Positive,Manually reviewed HOST-2217 logs; findings documented against case ticket.,2026-01-05T10:33:00Z
CASE-003294,SOC-005,,ALT-003294,2026-01-05T02:38:00Z,ANL-5013,HIGH,CLOSED,TRUE_POSITIVE,Ransomware Behaviour Detected — True Positive,Manually reviewed HOST-3566 logs; findings documented against case ticket.,2026-01-05T03:34:00Z
CASE-003295,SOC-005,,ALT-003295,2026-01-05T06:46:00Z,ANL-5011,MEDIUM,CLOSED,TRUE_POSITIVE,Unusual SMB Admin Share Access — True Positive,Reviewed escalation criteria for HOST-4909; behaviour consistent with known baseline.,2026-01-05T09:28:00Z
CASE-003296,SOC-005,,ALT-003296,2026-01-05T14:52:00Z,ANL-5005,LOW,CLOSED,TRUE_POSITIVE,Unusual SMB Admin Share Access — True Positive,Manually reviewed HOST-2305 logs; findings documented against case ticket.,2026-01-05T20:18:00Z
CASE-003297,SOC-005,,ALT-003297,2026-01-05T16:38:00Z,ANL-5011,LOW,CLOSED,FALSE_POSITIVE,Unusual SMB Admin Share Access — False Positive,Validated authentication logs tied to HOST-1355 to rule out credential compromise.,2026-01-05T23:27:00Z
CASE-003298,SOC-005,,ALT-003298,2026-01-05T15:33:00Z,ANL-5010,HIGH,CLOSED,TRUE_POSITIVE,Ransomware Behaviour Detected — True Positive,Reviewed T1486 activity on HOST-2634; correlated with source 10.210.83.45.,2026-01-05T16:24:00Z
CASE-003299,SOC-005,,ALT-003299,2026-01-05T23:07:00Z,ANL-5003,HIGH,CLOSED,TRUE_POSITIVE,Ransomware Behaviour Detected — True Positive,Manually reviewed HOST-4482 logs; findings documented against case ticket.,2026-01-06T00:10:00Z
CASE-003300,SOC-005,,ALT-003300,2026-01-05T15:50:00Z,ANL-5011,MEDIUM,CLOSED,TRUE_POSITIVE,Suspicious Binary Download — True Positive,Checked process execution history for HOST-4072 following T1105 alert.,2026-01-05T19:10:00Z
CASE-003301,SOC-005,,ALT-003301,2026-01-05T01:26:00Z,ANL-5007,MEDIUM,CLOSED,FALSE_POSITIVE,Unusual Scheduled Task Created — False Positive,Analysed endpoint telemetry for HOST-1590 tied to T1053.005 detection.,2026-01-05T04:14:00Z
CASE-003302,SOC-005,,ALT-003302,2026-01-05T10:37:00Z,ANL-5008,LOW,CLOSED,TRUE_POSITIVE,Suspicious PowerShell — True Positive,Traced network flow from 10.89.142.84 to determine scope of T1059.001 activity on HOST-3175.,2026-01-05T18:27:00Z
CASE-003303,SOC-005,,ALT-003303,2026-01-05T23:03:00Z,ANL-5014,MEDIUM,CLOSED,TRUE_POSITIVE,Encoded PowerShell Command — True Positive,Investigated T1059.001 indicators on HOST-3948; no further lateral movement observed.,2026-01-06T01:11:00Z
CASE-003304,SOC-005,,ALT-003304,2026-01-05T17:19:00Z,ANL-5004,MEDIUM,CLOSED,FALSE_POSITIVE,Beaconing to Known C2 Domain — False Positive,Traced network flow from 10.189.198.159 to determine scope of T1071.001 activity on HOST-4041.,2026-01-05T20:39:00Z
CASE-003305,SOC-005,,ALT-003305,2026-01-05T01:17:00Z,ANL-5009,LOW,CLOSED,TRUE_POSITIVE,Beaconing to Known C2 Domain — True Positive,Traced network flow from 10.237.217.239 to determine scope of T1071.001 activity on HOST-2073.,2026-01-05T08:27:00Z
CASE-003306,SOC-005,,ALT-003306,2026-01-05T20:28:00Z,ANL-5012,MEDIUM,CLOSED,TRUE_POSITIVE,Large Outbound Data Transfer — True Positive,Validated authentication logs tied to HOST-2509 to rule out credential compromise.,2026-01-05T22:49:00Z
CASE-003307,SOC-005,,ALT-003307,2026-01-05T17:17:00Z,ANL-5012,CRITICAL,CLOSED,FALSE_POSITIVE,Internal Network Port Scan — False Positive,Investigated T1595 indicators on HOST-3643; no further lateral movement observed.,2026-01-05T17:56:00Z
CASE-003308,SOC-005,,ALT-003308,2026-01-05T21:15:00Z,ANL-5011,LOW,CLOSED,TRUE_POSITIVE,Repeated Failed Logins — True Positive,Cross-referenced 10.92.247.161 against threat intelligence feeds for HOST-2977.,2026-01-06T02:41:00Z
CASE-003309,SOC-005,,ALT-003309,2026-01-05T15:22:00Z,ANL-5010,MEDIUM,CLOSED,FALSE_POSITIVE,Encoded PowerShell Command — False Positive,Manually reviewed HOST-1104 logs; findings documented against case ticket.,2026-01-05T17:33:00Z
CASE-003310,SOC-005,,ALT-003310,2026-01-05T16:17:00Z,ANL-5010,HIGH,CLOSED,TRUE_POSITIVE,New Registry Run Key Entry — True Positive,Reviewed escalation criteria for HOST-3857; behaviour consistent with known baseline.,2026-01-05T17:34:00Z
CASE-003311,SOC-005,,ALT-003311,2026-01-05T00:14:00Z,ANL-5014,MEDIUM,CLOSED,TRUE_POSITIVE,Internal Network Port Scan — True Positive,Manually reviewed HOST-2419 logs; findings documented against case ticket.,2026-01-05T02:30:00Z
CASE-003312,SOC-005,,ALT-003312,2026-01-05T22:47:00Z,ANL-5007,LOW,CLOSED,TRUE_POSITIVE,Unusual RDP Session — True Positive,Validated authentication logs tied to HOST-2717 to rule out credential compromise.,2026-01-06T06:45:00Z
CASE-003313,SOC-005,,ALT-003313,2026-01-05T11:40:00Z,ANL-5014,LOW,CLOSED,FALSE_POSITIVE,Unusual Scheduled Task Created — False Positive,Investigated T1053.005 indicators on HOST-4939; no further lateral movement observed.,2026-01-05T17:52:00Z
CASE-003314,SOC-005,,ALT-003314,2026-01-05T10:10:00Z,ANL-5009,MEDIUM,CLOSED,TRUE_POSITIVE,LSASS Memory Access — True Positive,Traced network flow from 10.227.20.42 to determine scope of T1003 activity on HOST-2872.,2026-01-05T13:47:00Z
CASE-003315,SOC-005,,ALT-003315,2026-01-05T16:26:00Z,ANL-5003,LOW,CLOSED,FALSE_POSITIVE,Unusual SMB Admin Share Access — False Positive,Reviewed escalation criteria for HOST-1083; behaviour consistent with known baseline.,2026-01-06T00:50:00Z
CASE-003316,SOC-005,,ALT-003316,2026-01-05T18:44:00Z,ANL-5007,MEDIUM,CLOSED,TRUE_POSITIVE,Beaconing to Known C2 Domain — True Positive,Cross-referenced 10.61.173.96 against threat intelligence feeds for HOST-1473.,2026-01-05T21:42:00Z
CASE-003317,SOC-005,,ALT-003317,2026-01-05T22:12:00Z,ANL-5002,CRITICAL,CLOSED,FALSE_POSITIVE,Ransomware Behaviour Detected — False Positive,Reviewed escalation criteria for HOST-1502; behaviour consistent with known baseline.,2026-01-05T22:50:00Z
CASE-003318,SOC-005,,ALT-003318,2026-01-05T05:54:00Z,ANL-5001,MEDIUM,CLOSED,FALSE_POSITIVE,Large Outbound Data Transfer — False Positive,Validated authentication logs tied to HOST-4821 to rule out credential compromise.,2026-01-05T06:30:00Z
CASE-003319,SOC-005,,ALT-003319,2026-01-05T06:01:00Z,ANL-5008,HIGH,CLOSED,FALSE_POSITIVE,LSASS Memory Access — False Positive,Analysed endpoint telemetry for HOST-4814 tied to T1003 detection.,2026-01-05T07:36:00Z
CASE-003320,SOC-005,,ALT-003320,2026-01-05T23:03:00Z,ANL-5002,MEDIUM,CLOSED,TRUE_POSITIVE,Suspicious Binary Download — True Positive,Reviewed T1105 activity on HOST-2693; correlated with source 10.96.27.217.,2026-01-06T02:42:00Z
CASE-003321,SOC-005,,ALT-003321,2026-01-06T23:17:00Z,ANL-5005,LOW,CLOSED,FALSE_POSITIVE,Suspicious CMD Execution — False Positive,"Closed with minimal review — T1059.003 alert on HOST-3649, no further action taken.",2026-01-07T07:18:00Z
CASE-003322,SOC-005,,ALT-003322,2026-01-06T07:46:00Z,ANL-5001,LOW,CLOSED,TRUE_POSITIVE,Upload to Unapproved Cloud Storage — True Positive,Reviewed and closed.,2026-01-06T15:23:00Z
CASE-003323,SOC-005,,ALT-003323,2026-01-06T08:12:00Z,ANL-5001,MEDIUM,CLOSED,FALSE_POSITIVE,Internal Network Port Scan — False Positive,Reviewed and closed.,2026-01-06T08:50:00Z
CASE-003324,SOC-005,,ALT-003324,2026-01-06T15:15:00Z,ANL-5011,MEDIUM,CLOSED,TRUE_POSITIVE,Large Outbound Data Transfer — True Positive,Cross-referenced 10.95.37.149 against threat intelligence feeds for HOST-1429.,2026-01-06T17:26:00Z
CASE-003325,SOC-005,,ALT-003325,2026-01-06T22:25:00Z,ANL-5002,LOW,CLOSED,TRUE_POSITIVE,Unusual SMB Admin Share Access — True Positive,Cross-referenced 10.212.88.141 against threat intelligence feeds for HOST-3505.,2026-01-07T04:27:00Z
CASE-003326,SOC-005,,ALT-003326,2026-01-06T21:56:00Z,ANL-5003,LOW,CLOSED,TRUE_POSITIVE,Large Outbound Data Transfer — True Positive,"Closed with minimal review — T1041 alert on HOST-1211, no further action taken.",2026-01-06T23:11:00Z
CASE-003327,SOC-005,,ALT-003327,2026-01-06T07:03:00Z,ANL-5012,LOW,CLOSED,TRUE_POSITIVE,Unusual Scheduled Task Created — True Positive,"Closed with minimal review — T1053.005 alert on HOST-4839, no further action taken.",2026-01-06T08:02:00Z
CASE-003328,SOC-005,,ALT-003328,2026-01-06T09:16:00Z,ANL-5006,MEDIUM,CLOSED,TRUE_POSITIVE,Suspicious Binary Download — True Positive,Reviewed escalation criteria for HOST-4414; behaviour consistent with known baseline.,2026-01-06T13:22:00Z
CASE-003329,SOC-005,,ALT-003329,2026-01-06T17:49:00Z,ANL-5014,MEDIUM,CLOSED,FALSE_POSITIVE,Ransomware Behaviour Detected — False Positive,"Closed with minimal review — T1486 alert on HOST-2225, no further action taken.",2026-01-06T19:49:00Z
CASE-003330,SOC-005,,ALT-003330,2026-01-06T14:39:00Z,ANL-5001,LOW,CLOSED,TRUE_POSITIVE,Unusual Scheduled Task Created — True Positive,Reviewed and closed.,2026-01-06T19:18:00Z
CASE-003331,SOC-005,,ALT-003331,2026-01-06T18:53:00Z,ANL-5010,MEDIUM,CLOSED,TRUE_POSITIVE,Internal Network Port Scan — True Positive,Checked process execution history for HOST-1297 following T1595 alert.,2026-01-06T21:06:00Z
CASE-003332,SOC-005,,ALT-003332,2026-01-06T01:59:00Z,ANL-5010,MEDIUM,CLOSED,FALSE_POSITIVE,LSASS Memory Access — False Positive,Analysed endpoint telemetry for HOST-1318 tied to T1003 detection.,2026-01-06T04:51:00Z
CASE-003333,SOC-005,,ALT-003333,2026-01-06T18:23:00Z,ANL-5007,HIGH,CLOSED,TRUE_POSITIVE,Unusual RDP Session — True Positive,Traced network flow from 10.188.81.74 to determine scope of T1021.001 activity on HOST-1593.,2026-01-06T19:40:00Z
CASE-003334,SOC-005,,ALT-003334,2026-01-06T08:31:00Z,ANL-5001,MEDIUM,CLOSED,FALSE_POSITIVE,Repeated Failed Logins — False Positive,Reviewed and closed.,2026-01-06T12:48:00Z
CASE-003335,SOC-005,,ALT-003335,2026-01-06T19:18:00Z,ANL-5011,CRITICAL,CLOSED,FALSE_POSITIVE,Unusual Scheduled Task Created — False Positive,Analysed endpoint telemetry for HOST-4340 tied to T1053.005 detection.,2026-01-06T19:58:00Z
CASE-003336,SOC-005,,ALT-003336,2026-01-06T13:25:00Z,ANL-5004,MEDIUM,CLOSED,TRUE_POSITIVE,Unusual RDP Session — True Positive,Checked process execution history for HOST-1502 following T1021.001 alert.,2026-01-06T17:38:00Z
CASE-003337,SOC-005,,ALT-003337,2026-01-06T11:39:00Z,ANL-5013,MEDIUM,CLOSED,FALSE_POSITIVE,LSASS Memory Access — False Positive,Manually reviewed HOST-3994 logs; findings documented against case ticket.,2026-01-06T14:38:00Z
CASE-003338,SOC-005,,ALT-003338,2026-01-06T07:04:00Z,ANL-5006,LOW,CLOSED,TRUE_POSITIVE,LSASS Memory Access — True Positive,Analysed endpoint telemetry for HOST-2587 tied to T1003 detection.,2026-01-06T11:39:00Z
CASE-003339,SOC-005,,ALT-003339,2026-01-06T20:31:00Z,ANL-5014,MEDIUM,CLOSED,FALSE_POSITIVE,Ransomware Behaviour Detected — False Positive,Analysed endpoint telemetry for HOST-2186 tied to T1486 detection.,2026-01-06T22:30:00Z
CASE-003340,SOC-005,,ALT-003340,2026-01-06T08:46:00Z,ANL-5010,LOW,CLOSED,FALSE_POSITIVE,Unusual SMB Admin Share Access — False Positive,Validated authentication logs tied to HOST-2055 to rule out credential compromise.,2026-01-07T22:50:00Z
CASE-003341,SOC-005,,ALT-003341,2026-01-06T05:46:00Z,ANL-5011,LOW,CLOSED,TRUE_POSITIVE,Unusual Scheduled Task Created — True Positive,Confirmed T1053.005 alert on HOST-3073 against recent change records.,2026-01-06T11:46:00Z
CASE-003342,SOC-005,,ALT-003342,2026-01-06T21:48:00Z,ANL-5007,HIGH,CLOSED,TRUE_POSITIVE,Ransomware Behaviour Detected — True Positive,Reviewed escalation criteria for HOST-4542; behaviour consistent with known baseline.,2026-01-06T22:47:00Z
CASE-003343,SOC-005,,ALT-003343,2026-01-06T19:32:00Z,ANL-5014,MEDIUM,CLOSED,TRUE_POSITIVE,Suspicious Binary Download — True Positive,Reviewed escalation criteria for HOST-4838; behaviour consistent with known baseline.,2026-01-06T22:01:00Z
CASE-003344,SOC-005,,ALT-003344,2026-01-06T00:15:00Z,ANL-5012,CRITICAL,CLOSED,FALSE_POSITIVE,Unusual RDP Session — False Positive,Traced network flow from 10.102.249.119 to determine scope of T1021.001 activity on HOST-2249.,2026-01-06T00:52:00Z
CASE-003345,SOC-005,,ALT-003345,2026-01-06T22:03:00Z,ANL-5005,LOW,CLOSED,TRUE_POSITIVE,Suspicious CMD Execution — True Positive,Investigated T1059.003 indicators on HOST-1934; no further lateral movement observed.,2026-01-07T02:37:00Z
CASE-003346,SOC-005,,ALT-003346,2026-01-06T14:56:00Z,ANL-5005,LOW,CLOSED,TRUE_POSITIVE,Upload to Unapproved Cloud Storage — True Positive,Reviewed escalation criteria for HOST-3644; behaviour consistent with known baseline.,2026-01-07T16:25:00Z
CASE-003347,SOC-005,,ALT-003347,2026-01-06T13:25:00Z,ANL-5006,LOW,CLOSED,FALSE_POSITIVE,Encoded PowerShell Command — False Positive,Investigated T1059.001 indicators on HOST-1802; no further lateral movement observed.,2026-01-06T17:58:00Z
CASE-003348,SOC-005,,ALT-003348,2026-01-06T00:35:00Z,ANL-5001,LOW,CLOSED,TRUE_POSITIVE,Unusual SMB Admin Share Access — True Positive,Reviewed and closed.,2026-01-06T05:52:00Z
CASE-003349,SOC-005,,ALT-003349,2026-01-06T20:33:00Z,ANL-5009,MEDIUM,CLOSED,TRUE_POSITIVE,Beaconing to Known C2 Domain — True Positive,Reviewed T1071.001 activity on HOST-2706; correlated with source 10.70.85.99.,2026-01-06T23:43:00Z
CASE-003350,SOC-005,,ALT-003350,2026-01-06T11:09:00Z,ANL-5014,HIGH,CLOSED,TRUE_POSITIVE,Beaconing to Known C2 Domain — True Positive,Investigated T1071.001 indicators on HOST-3593; no further lateral movement observed.,2026-01-06T12:16:00Z
CASE-003351,SOC-005,,ALT-003351,2026-01-06T02:04:00Z,ANL-5005,LOW,CLOSED,TRUE_POSITIVE,Unusual SMB Admin Share Access — True Positive,Analysed endpoint telemetry for HOST-2032 tied to T1021.002 detection.,2026-01-06T10:48:00Z
CASE-003352,SOC-005,,ALT-003352,2026-01-06T02:19:00Z,ANL-5006,CRITICAL,CLOSED,TRUE_POSITIVE,Ransomware Behaviour Detected — True Positive,Validated authentication logs tied to HOST-1435 to rule out credential compromise.,2026-01-06T02:57:00Z
CASE-003353,SOC-005,,ALT-003353,2026-01-06T11:21:00Z,ANL-5003,MEDIUM,CLOSED,TRUE_POSITIVE,Ransomware Behaviour Detected — True Positive,"Closed with minimal review — T1486 alert on HOST-3337, no further action taken.",2026-01-06T12:09:00Z
CASE-003354,SOC-005,,ALT-003354,2026-01-06T19:39:00Z,ANL-5001,CRITICAL,CLOSED,FALSE_POSITIVE,Ransomware Behaviour Detected — False Positive,Reviewed and closed.,2026-01-06T20:26:00Z
CASE-003355,SOC-005,,ALT-003355,2026-01-06T14:39:00Z,ANL-5013,LOW,CLOSED,TRUE_POSITIVE,Large Outbound Data Transfer — True Positive,Traced network flow from 10.3.238.102 to determine scope of T1041 activity on HOST-2123.,2026-01-06T21:03:00Z
CASE-003356,SOC-005,,ALT-003356,2026-01-06T07:23:00Z,ANL-5011,LOW,CLOSED,FALSE_POSITIVE,Upload to Unapproved Cloud Storage — False Positive,Analysed endpoint telemetry for HOST-1502 tied to T1567 detection.,2026-01-06T15:17:00Z
CASE-003357,SOC-005,,ALT-003357,2026-01-06T21:58:00Z,ANL-5006,HIGH,CLOSED,TRUE_POSITIVE,Upload to Unapproved Cloud Storage — True Positive,Analysed endpoint telemetry for HOST-3403 tied to T1567 detection.,2026-01-06T23:41:00Z
CASE-003358,SOC-005,,ALT-003358,2026-01-06T05:06:00Z,ANL-5004,LOW,CLOSED,TRUE_POSITIVE,Unusual SMB Admin Share Access — True Positive,"Closed with minimal review — T1021.002 alert on HOST-4796, no further action taken.",2026-01-06T09:53:00Z
CASE-003359,SOC-005,,ALT-003359,2026-01-06T10:51:00Z,ANL-5007,CRITICAL,CLOSED,TRUE_POSITIVE,Ransomware Behaviour Detected — True Positive,Traced network flow from 10.45.220.209 to determine scope of T1486 activity on HOST-2024.,2026-01-06T11:41:00Z
CASE-003360,SOC-005,,ALT-003360,2026-01-06T16:43:00Z,ANL-5011,LOW,CLOSED,FALSE_POSITIVE,Beaconing to Known C2 Domain — False Positive,Reviewed escalation criteria for HOST-3608; behaviour consistent with known baseline.,2026-01-07T01:19:00Z
CASE-003361,SOC-005,,ALT-003361,2026-01-07T06:42:00Z,ANL-5007,MEDIUM,CLOSED,FALSE_POSITIVE,New Registry Run Key Entry — False Positive,Cross-referenced 10.9.184.220 against threat intelligence feeds for HOST-3174.,2026-01-07T09:31:00Z
CASE-003362,SOC-005,,ALT-003362,2026-01-07T01:25:00Z,ANL-5006,MEDIUM,CLOSED,FALSE_POSITIVE,Unusual Scheduled Task Created — False Positive,Reviewed T1053.005 activity on HOST-2912; correlated with source 10.133.136.186.,2026-01-07T04:54:00Z
CASE-003363,SOC-005,,ALT-003363,2026-01-07T10:08:00Z,ANL-5013,MEDIUM,CLOSED,FALSE_POSITIVE,Beaconing to Known C2 Domain — False Positive,Traced network flow from 10.63.11.117 to determine scope of T1071.001 activity on HOST-1062.,2026-01-07T13:45:00Z
CASE-003364,SOC-005,,ALT-003364,2026-01-07T08:53:00Z,ANL-5005,HIGH,CLOSED,FALSE_POSITIVE,Suspicious CMD Execution — False Positive,Confirmed T1059.003 alert on HOST-4264 against recent change records.,2026-01-07T10:18:00Z
CASE-003365,SOC-005,,ALT-003365,2026-01-07T09:47:00Z,ANL-5014,MEDIUM,CLOSED,TRUE_POSITIVE,Ransomware Behaviour Detected — True Positive,Reviewed escalation criteria for HOST-1591; behaviour consistent with known baseline.,2026-01-07T13:29:00Z
CASE-003366,SOC-005,,ALT-003366,2026-01-07T20:42:00Z,ANL-5014,LOW,CLOSED,TRUE_POSITIVE,Upload to Unapproved Cloud Storage — True Positive,Reviewed T1567 activity on HOST-1086; correlated with source 10.23.47.85.,2026-01-08T02:23:00Z
CASE-003367,SOC-005,,ALT-003367,2026-01-07T00:11:00Z,ANL-5012,LOW,CLOSED,FALSE_POSITIVE,Ransomware Behaviour Detected — False Positive,Analysed endpoint telemetry for HOST-3462 tied to T1486 detection.,2026-01-07T05:28:00Z
CASE-003368,SOC-005,,ALT-003368,2026-01-07T10:59:00Z,ANL-5006,MEDIUM,CLOSED,TRUE_POSITIVE,Ransomware Behaviour Detected — True Positive,Investigated T1486 indicators on HOST-3662; no further lateral movement observed.,2026-01-07T13:56:00Z
CASE-003369,SOC-005,,ALT-003369,2026-01-07T17:13:00Z,ANL-5008,HIGH,CLOSED,TRUE_POSITIVE,Internal Network Port Scan — True Positive,Reviewed T1595 activity on HOST-4154; correlated with source 10.242.147.10.,2026-01-07T18:46:00Z
CASE-003370,SOC-005,,ALT-003370,2026-01-07T04:08:00Z,ANL-5014,LOW,CLOSED,TRUE_POSITIVE,LSASS Memory Access — True Positive,Reviewed escalation criteria for HOST-1309; behaviour consistent with known baseline.,2026-01-07T09:38:00Z
CASE-003371,SOC-005,,ALT-003371,2026-01-07T23:06:00Z,ANL-5007,HIGH,CLOSED,TRUE_POSITIVE,Internal Network Port Scan — True Positive,Investigated T1595 indicators on HOST-1713; no further lateral movement observed.,2026-01-08T00:13:00Z
CASE-003372,SOC-005,,ALT-003372,2026-01-07T09:19:00Z,ANL-5011,MEDIUM,CLOSED,TRUE_POSITIVE,Ransomware Behaviour Detected — True Positive,Investigated T1486 indicators on HOST-2675; no further lateral movement observed.,2026-01-07T13:12:00Z
CASE-003373,SOC-005,,ALT-003373,2026-01-07T18:26:00Z,ANL-5004,MEDIUM,CLOSED,TRUE_POSITIVE,Large Outbound Data Transfer — True Positive,Reviewed escalation criteria for HOST-2979; behaviour consistent with known baseline.,2026-01-07T20:55:00Z
CASE-003374,SOC-005,,ALT-003374,2026-01-07T11:31:00Z,ANL-5006,HIGH,CLOSED,TRUE_POSITIVE,Internal Network Port Scan — True Positive,Analysed endpoint telemetry for HOST-4507 tied to T1595 detection.,2026-01-07T12:24:00Z
CASE-003375,SOC-005,,ALT-003375,2026-01-07T23:55:00Z,ANL-5013,MEDIUM,CLOSED,TRUE_POSITIVE,Large Outbound Data Transfer — True Positive,Analysed endpoint telemetry for HOST-1623 tied to T1041 detection.,2026-01-08T03:26:00Z
CASE-003376,SOC-005,,ALT-003376,2026-01-07T00:14:00Z,ANL-5006,MEDIUM,CLOSED,TRUE_POSITIVE,Unusual Scheduled Task Created — True Positive,Checked process execution history for HOST-1281 following T1053.005 alert.,2026-01-07T02:24:00Z
CASE-003377,SOC-005,,ALT-003377,2026-01-07T18:46:00Z,ANL-5012,HIGH,CLOSED,TRUE_POSITIVE,Ransomware Behaviour Detected — True Positive,Reviewed escalation criteria for HOST-1550; behaviour consistent with known baseline.,2026-01-07T19:39:00Z
CASE-003378,SOC-005,,ALT-003378,2026-01-07T14:55:00Z,ANL-5006,MEDIUM,CLOSED,FALSE_POSITIVE,Beaconing to Known C2 Domain — False Positive,Reviewed escalation criteria for HOST-4234; behaviour consistent with known baseline.,2026-01-07T17:20:00Z
CASE-003379,SOC-005,,ALT-003379,2026-01-07T22:34:00Z,ANL-5001,LOW,CLOSED,TRUE_POSITIVE,Unusual SMB Admin Share Access — True Positive,Reviewed and closed.,2026-01-08T02:38:00Z
CASE-003380,SOC-005,,ALT-003380,2026-01-07T09:54:00Z,ANL-5009,LOW,CLOSED,TRUE_POSITIVE,Suspicious CMD Execution — True Positive,Validated authentication logs tied to HOST-4460 to rule out credential compromise.,2026-01-07T14:04:00Z
CASE-003381,SOC-005,,ALT-003381,2026-01-07T05:02:00Z,ANL-5014,CRITICAL,CLOSED,FALSE_POSITIVE,Internal Network Port Scan — False Positive,Traced network flow from 10.31.77.252 to determine scope of T1595 activity on HOST-1661.,2026-01-07T05:58:00Z
CASE-003382,SOC-005,,ALT-003382,2026-01-07T13:27:00Z,ANL-5006,HIGH,CLOSED,TRUE_POSITIVE,Internal Network Port Scan — True Positive,Confirmed T1595 alert on HOST-3718 against recent change records.,2026-01-07T14:17:00Z
CASE-003383,SOC-005,,ALT-003383,2026-01-07T02:53:00Z,ANL-5014,HIGH,CLOSED,TRUE_POSITIVE,Unusual RDP Session — True Positive,Validated authentication logs tied to HOST-1159 to rule out credential compromise.,2026-01-07T04:08:00Z
CASE-003384,SOC-005,,ALT-003384,2026-01-07T16:17:00Z,ANL-5014,LOW,CLOSED,TRUE_POSITIVE,Ransomware Behaviour Detected — True Positive,Manually reviewed HOST-1636 logs; findings documented against case ticket.,2026-01-07T22:42:00Z
CASE-003385,SOC-005,,ALT-003385,2026-01-07T11:10:00Z,ANL-5013,LOW,CLOSED,TRUE_POSITIVE,Unusual RDP Session — True Positive,Cross-referenced 10.97.194.240 against threat intelligence feeds for HOST-2931.,2026-01-07T15:11:00Z
CASE-003386,SOC-005,,ALT-003386,2026-01-07T23:52:00Z,ANL-5006,MEDIUM,CLOSED,FALSE_POSITIVE,Unusual Scheduled Task Created — False Positive,Investigated T1053.005 indicators on HOST-2011; no further lateral movement observed.,2026-01-08T03:58:00Z
CASE-003387,SOC-005,,ALT-003387,2026-01-07T11:33:00Z,ANL-5008,MEDIUM,CLOSED,FALSE_POSITIVE,Large Outbound Data Transfer — False Positive,Manually reviewed HOST-4041 logs; findings documented against case ticket.,2026-01-07T13:51:00Z
CASE-003388,SOC-005,,ALT-003388,2026-01-07T07:42:00Z,ANL-5001,MEDIUM,CLOSED,TRUE_POSITIVE,Ransomware Behaviour Detected — True Positive,Reviewed and closed.,2026-01-07T09:55:00Z
CASE-003389,SOC-005,,ALT-003389,2026-01-07T00:15:00Z,ANL-5006,LOW,CLOSED,TRUE_POSITIVE,Internal Network Port Scan — True Positive,Reviewed escalation criteria for HOST-3793; behaviour consistent with known baseline.,2026-01-07T07:54:00Z
CASE-003390,SOC-005,,ALT-003390,2026-01-07T16:04:00Z,ANL-5010,LOW,CLOSED,TRUE_POSITIVE,Internal Network Port Scan — True Positive,Traced network flow from 10.52.74.75 to determine scope of T1595 activity on HOST-4150.,2026-01-07T22:11:00Z
CASE-003391,SOC-005,,ALT-003391,2026-01-07T09:39:00Z,ANL-5011,LOW,CLOSED,TRUE_POSITIVE,Upload to Unapproved Cloud Storage — True Positive,Traced network flow from 10.34.112.42 to determine scope of T1567 activity on HOST-4964.,2026-01-07T16:39:00Z
CASE-003392,SOC-005,,ALT-003392,2026-01-07T09:30:00Z,ANL-5013,HIGH,CLOSED,FALSE_POSITIVE,New Registry Run Key Entry — False Positive,Confirmed T1547.001 alert on HOST-4981 against recent change records.,2026-01-07T10:37:00Z
CASE-003393,SOC-005,,ALT-003393,2026-01-07T10:27:00Z,ANL-5013,LOW,CLOSED,TRUE_POSITIVE,Unusual Scheduled Task Created — True Positive,Cross-referenced 10.30.57.75 against threat intelligence feeds for HOST-3573.,2026-01-07T17:57:00Z
CASE-003394,SOC-005,,ALT-003394,2026-01-07T12:12:00Z,ANL-5006,MEDIUM,CLOSED,FALSE_POSITIVE,Internal Network Port Scan — False Positive,Cross-referenced 10.134.224.2 against threat intelligence feeds for HOST-4000.,2026-01-07T14:41:00Z
CASE-003395,SOC-005,,ALT-003395,2026-01-07T00:45:00Z,ANL-5002,HIGH,CLOSED,TRUE_POSITIVE,New Registry Run Key Entry — True Positive,Traced network flow from 10.84.78.198 to determine scope of T1547.001 activity on HOST-1423.,2026-01-07T01:40:00Z
CASE-003396,SOC-005,,ALT-003396,2026-01-07T08:36:00Z,ANL-5006,LOW,CLOSED,TRUE_POSITIVE,Unusual SMB Admin Share Access — True Positive,Checked process execution history for HOST-1778 following T1021.002 alert.,2026-01-07T15:10:00Z
CASE-003397,SOC-005,,ALT-003397,2026-01-07T08:29:00Z,ANL-5004,HIGH,CLOSED,TRUE_POSITIVE,Suspicious CMD Execution — True Positive,Validated authentication logs tied to HOST-3588 to rule out credential compromise.,2026-01-07T09:23:00Z
CASE-003398,SOC-005,,ALT-003398,2026-01-07T12:51:00Z,ANL-5012,MEDIUM,CLOSED,TRUE_POSITIVE,Password Spraying Detected — True Positive,Investigated T1110 indicators on HOST-1734; no further lateral movement observed.,2026-01-07T15:23:00Z
CASE-003399,SOC-005,,ALT-003399,2026-01-07T04:35:00Z,ANL-5005,MEDIUM,CLOSED,TRUE_POSITIVE,Upload to Unapproved Cloud Storage — True Positive,Cross-referenced 10.139.117.31 against threat intelligence feeds for HOST-2498.,2026-01-07T05:30:00Z
CASE-003400,SOC-005,,ALT-003400,2026-01-07T08:11:00Z,ANL-5004,HIGH,CLOSED,TRUE_POSITIVE,LSASS Memory Access — True Positive,Reviewed escalation criteria for HOST-4201; behaviour consistent with known baseline.,2026-01-07T09:10:00Z
CASE-003401,SOC-005,,ALT-003401,2026-01-08T22:30:00Z,ANL-5012,LOW,CLOSED,TRUE_POSITIVE,Ransomware Behaviour Detected — True Positive,Traced network flow from 10.210.119.185 to determine scope of T1486 activity on HOST-1663.,2026-01-09T04:31:00Z
CASE-003402,SOC-005,INC-000117,ALT-003402,2026-01-08T19:05:00Z,ANL-5012,CRITICAL,CLOSED,TRUE_POSITIVE,Ransomware Behaviour Detected — True Positive,Reviewed escalation criteria for HOST-2397; behaviour consistent with known baseline.,2026-01-08T19:43:00Z
CASE-003403,SOC-005,,ALT-003403,2026-01-08T19:40:00Z,ANL-5003,MEDIUM,CLOSED,TRUE_POSITIVE,Encoded PowerShell Command — True Positive,Investigated T1059.001 indicators on HOST-4856; no further lateral movement observed.,2026-01-09T11:44:00Z
CASE-003404,SOC-005,,ALT-003404,2026-01-08T16:06:00Z,ANL-5004,LOW,CLOSED,TRUE_POSITIVE,New Registry Run Key Entry — True Positive,"Closed with minimal review — T1547.001 alert on HOST-4615, no further action taken.",2026-01-08T20:51:00Z
CASE-003405,SOC-005,,ALT-003405,2026-01-08T13:56:00Z,ANL-5010,MEDIUM,CLOSED,TRUE_POSITIVE,Upload to Unapproved Cloud Storage — True Positive,Cross-referenced 10.23.243.190 against threat intelligence feeds for HOST-2168.,2026-01-08T16:41:00Z
CASE-003406,SOC-005,,ALT-003406,2026-01-08T21:55:00Z,ANL-5001,MEDIUM,CLOSED,TRUE_POSITIVE,Large Outbound Data Transfer — True Positive,Reviewed and closed.,2026-01-09T01:01:00Z
CASE-003407,SOC-005,,ALT-003407,2026-01-08T14:09:00Z,ANL-5007,MEDIUM,CLOSED,TRUE_POSITIVE,Beaconing to Known C2 Domain — True Positive,Reviewed T1071.001 activity on HOST-2546; correlated with source 10.152.141.254.,2026-01-08T18:07:00Z
CASE-003408,SOC-005,,ALT-003408,2026-01-08T05:03:00Z,ANL-5005,MEDIUM,CLOSED,TRUE_POSITIVE,Unusual SMB Admin Share Access — True Positive,Analysed endpoint telemetry for HOST-1297 tied to T1021.002 detection.,2026-01-08T08:35:00Z
CASE-003409,SOC-005,,ALT-003409,2026-01-08T19:57:00Z,ANL-5001,MEDIUM,CLOSED,FALSE_POSITIVE,Unusual RDP Session — False Positive,Reviewed and closed.,2026-01-10T06:56:00Z
CASE-003410,SOC-005,,ALT-003410,2026-01-08T08:49:00Z,ANL-5003,MEDIUM,CLOSED,FALSE_POSITIVE,Ransomware Behaviour Detected — False Positive,Reviewed T1486 activity on HOST-1256; correlated with source 10.123.44.79.,2026-01-08T11:18:00Z
CASE-003411,SOC-005,,ALT-003411,2026-01-08T15:36:00Z,ANL-5014,LOW,CLOSED,TRUE_POSITIVE,Internal Network Port Scan — True Positive,Manually reviewed HOST-2035 logs; findings documented against case ticket.,2026-01-08T21:55:00Z
CASE-003412,SOC-005,,ALT-003412,2026-01-08T04:59:00Z,ANL-5005,HIGH,CLOSED,TRUE_POSITIVE,LSASS Memory Access — True Positive,Manually reviewed HOST-3618 logs; findings documented against case ticket.,2026-01-08T06:32:00Z
CASE-003413,SOC-005,,ALT-003413,2026-01-08T22:51:00Z,ANL-5009,LOW,CLOSED,TRUE_POSITIVE,Ransomware Behaviour Detected — True Positive,"Closed with minimal review — T1486 alert on HOST-2705, no further action taken.",2026-01-09T07:57:00Z
CASE-003414,SOC-005,,ALT-003414,2026-01-08T08:50:00Z,ANL-5009,MEDIUM,CLOSED,TRUE_POSITIVE,Unusual Scheduled Task Created — True Positive,Traced network flow from 10.2.53.7 to determine scope of T1053.005 activity on HOST-4182.,2026-01-08T12:15:00Z
CASE-003415,SOC-005,,ALT-003415,2026-01-08T13:25:00Z,ANL-5013,LOW,CLOSED,TRUE_POSITIVE,Beaconing to Known C2 Domain — True Positive,Reviewed T1071.001 activity on HOST-2855; correlated with source 10.27.239.23.,2026-01-08T21:47:00Z
CASE-003416,SOC-005,INC-000118,ALT-003416,2026-01-08T18:19:00Z,ANL-5008,CRITICAL,CLOSED,TRUE_POSITIVE,Beaconing to Known C2 Domain — True Positive,Manually reviewed HOST-3580 logs; findings documented against case ticket.,2026-01-08T19:08:00Z
CASE-003417,SOC-005,,ALT-003417,2026-01-08T09:17:00Z,ANL-5006,LOW,CLOSED,TRUE_POSITIVE,New Registry Run Key Entry — True Positive,Validated authentication logs tied to HOST-2591 to rule out credential compromise.,2026-01-08T13:39:00Z
CASE-003418,SOC-005,,ALT-003418,2026-01-08T01:12:00Z,ANL-5006,HIGH,CLOSED,TRUE_POSITIVE,New Registry Run Key Entry — True Positive,Validated authentication logs tied to HOST-2568 to rule out credential compromise.,2026-01-08T02:33:00Z
CASE-003419,SOC-005,,ALT-003419,2026-01-08T16:52:00Z,ANL-5012,HIGH,CLOSED,TRUE_POSITIVE,Suspicious PowerShell — True Positive,Checked process execution history for HOST-1241 following T1059.001 alert.,2026-01-08T18:34:00Z
CASE-003420,SOC-005,,ALT-003420,2026-01-08T11:29:00Z,ANL-5005,MEDIUM,CLOSED,TRUE_POSITIVE,Ransomware Behaviour Detected — True Positive,Investigated T1486 indicators on HOST-4108; no further lateral movement observed.,2026-01-08T13:51:00Z
CASE-003421,SOC-005,,ALT-003421,2026-01-08T14:10:00Z,ANL-5005,LOW,CLOSED,FALSE_POSITIVE,Suspicious CMD Execution — False Positive,Reviewed escalation criteria for HOST-1425; behaviour consistent with known baseline.,2026-01-08T19:12:00Z
CASE-003422,SOC-005,,ALT-003422,2026-01-08T12:30:00Z,ANL-5012,HIGH,CLOSED,TRUE_POSITIVE,Suspicious Binary Download — True Positive,"Closed with minimal review — T1105 alert on HOST-1003, no further action taken.",2026-01-08T12:55:00Z
CASE-003423,SOC-005,,ALT-003423,2026-01-08T19:24:00Z,ANL-5011,LOW,CLOSED,TRUE_POSITIVE,Suspicious CMD Execution — True Positive,Validated authentication logs tied to HOST-4482 to rule out credential compromise.,2026-01-08T23:44:00Z
CASE-003424,SOC-005,,ALT-003424,2026-01-08T00:11:00Z,ANL-5006,LOW,CLOSED,TRUE_POSITIVE,Unusual RDP Session — True Positive,Confirmed T1021.001 alert on HOST-3514 against recent change records.,2026-01-08T06:53:00Z
CASE-003425,SOC-005,,ALT-003425,2026-01-08T18:22:00Z,ANL-5005,MEDIUM,CLOSED,FALSE_POSITIVE,Ransomware Behaviour Detected — False Positive,Cross-referenced 10.4.136.24 against threat intelligence feeds for HOST-3217.,2026-01-08T21:03:00Z
CASE-003426,SOC-005,,ALT-003426,2026-01-08T21:08:00Z,ANL-5010,HIGH,CLOSED,FALSE_POSITIVE,Large Outbound Data Transfer — False Positive,Reviewed escalation criteria for HOST-4598; behaviour consistent with known baseline.,2026-01-08T22:41:00Z
CASE-003427,SOC-005,,ALT-003427,2026-01-08T13:15:00Z,ANL-5010,MEDIUM,CLOSED,FALSE_POSITIVE,LSASS Memory Access — False Positive,Analysed endpoint telemetry for HOST-2879 tied to T1003 detection.,2026-01-08T23:16:00Z
CASE-003428,SOC-005,,ALT-003428,2026-01-08T20:33:00Z,ANL-5009,MEDIUM,CLOSED,TRUE_POSITIVE,Unusual Scheduled Task Created — True Positive,Validated authentication logs tied to HOST-4447 to rule out credential compromise.,2026-01-08T22:48:00Z
CASE-003429,SOC-005,,ALT-003429,2026-01-08T23:36:00Z,ANL-5006,MEDIUM,CLOSED,TRUE_POSITIVE,New Registry Run Key Entry — True Positive,Traced network flow from 10.92.126.239 to determine scope of T1547.001 activity on HOST-4761.,2026-01-09T02:13:00Z
CASE-003430,SOC-005,,ALT-003430,2026-01-08T09:46:00Z,ANL-5012,MEDIUM,CLOSED,TRUE_POSITIVE,Beaconing to Known C2 Domain — True Positive,Confirmed T1071.001 alert on HOST-4105 against recent change records.,2026-01-08T13:15:00Z
CASE-003431,SOC-005,,ALT-003431,2026-01-08T08:28:00Z,ANL-5014,LOW,CLOSED,TRUE_POSITIVE,Ransomware Behaviour Detected — True Positive,Analysed endpoint telemetry for HOST-3462 tied to T1486 detection.,2026-01-08T13:20:00Z
CASE-003432,SOC-005,,ALT-003432,2026-01-08T04:19:00Z,ANL-5004,CRITICAL,CLOSED,TRUE_POSITIVE,Internal Network Port Scan — True Positive,Confirmed T1595 alert on HOST-4412 against recent change records.,2026-01-08T04:55:00Z
CASE-003433,SOC-005,,ALT-003433,2026-01-08T16:31:00Z,ANL-5014,LOW,CLOSED,FALSE_POSITIVE,Ransomware Behaviour Detected — False Positive,Validated authentication logs tied to HOST-1443 to rule out credential compromise.,2026-01-08T22:04:00Z
CASE-003434,SOC-005,,ALT-003434,2026-01-08T09:38:00Z,ANL-5008,CRITICAL,CLOSED,TRUE_POSITIVE,Large Outbound Data Transfer — True Positive,Confirmed T1041 alert on HOST-3288 against recent change records.,2026-01-08T10:17:00Z
CASE-003435,SOC-005,,ALT-003435,2026-01-08T22:32:00Z,ANL-5012,LOW,CLOSED,TRUE_POSITIVE,Internal Network Port Scan — True Positive,Reviewed escalation criteria for HOST-4354; behaviour consistent with known baseline.,2026-01-09T01:58:00Z
CASE-003436,SOC-005,,ALT-003436,2026-01-08T01:36:00Z,ANL-5010,MEDIUM,CLOSED,TRUE_POSITIVE,Beaconing to Known C2 Domain — True Positive,Reviewed T1071.001 activity on HOST-1449; correlated with source 10.132.227.147.,2026-01-08T05:27:00Z
CASE-003437,SOC-005,,ALT-003437,2026-01-08T18:02:00Z,ANL-5005,LOW,CLOSED,TRUE_POSITIVE,Password Spraying Detected — True Positive,Investigated T1110 indicators on HOST-2385; no further lateral movement observed.,2026-01-09T01:30:00Z
CASE-003438,SOC-005,,ALT-003438,2026-01-08T23:08:00Z,ANL-5002,HIGH,CLOSED,TRUE_POSITIVE,Suspicious Binary Download — True Positive,Investigated T1105 indicators on HOST-3239; no further lateral movement observed.,2026-01-09T00:34:00Z
CASE-003439,SOC-005,,ALT-003439,2026-01-08T01:46:00Z,ANL-5004,MEDIUM,CLOSED,TRUE_POSITIVE,Password Spraying Detected — True Positive,Validated authentication logs tied to HOST-4407 to rule out credential compromise.,2026-01-08T05:37:00Z
CASE-003440,SOC-005,,ALT-003440,2026-01-08T07:06:00Z,ANL-5007,CRITICAL,CLOSED,TRUE_POSITIVE,Suspicious PowerShell — True Positive,Checked process execution history for HOST-1184 following T1059.001 alert.,2026-01-08T07:47:00Z
CASE-003441,SOC-005,,ALT-003441,2026-01-09T21:30:00Z,ANL-5004,LOW,CLOSED,TRUE_POSITIVE,Unusual Scheduled Task Created — True Positive,Reviewed escalation criteria for HOST-4717; behaviour consistent with known baseline.,2026-01-10T01:37:00Z
CASE-003442,SOC-005,,ALT-003442,2026-01-09T01:12:00Z,ANL-5001,LOW,CLOSED,FALSE_POSITIVE,Upload to Unapproved Cloud Storage — False Positive,Reviewed and closed.,2026-01-09T05:09:00Z
CASE-003443,SOC-005,,ALT-003443,2026-01-09T14:58:00Z,ANL-5012,MEDIUM,CLOSED,TRUE_POSITIVE,Suspicious PowerShell — True Positive,"Closed with minimal review — T1059.001 alert on HOST-3069, no further action taken.",2026-01-09T15:31:00Z
CASE-003444,SOC-005,,ALT-003444,2026-01-09T06:34:00Z,ANL-5014,MEDIUM,CLOSED,TRUE_POSITIVE,Internal Network Port Scan — True Positive,Validated authentication logs tied to HOST-3779 to rule out credential compromise.,2026-01-09T10:29:00Z
CASE-003445,SOC-005,,ALT-003445,2026-01-09T20:46:00Z,ANL-5013,HIGH,CLOSED,FALSE_POSITIVE,Ransomware Behaviour Detected — False Positive,Reviewed escalation criteria for HOST-1120; behaviour consistent with known baseline.,2026-01-09T22:07:00Z
CASE-003446,SOC-005,,ALT-003446,2026-01-09T10:25:00Z,ANL-5014,HIGH,CLOSED,TRUE_POSITIVE,New Registry Run Key Entry — True Positive,Checked process execution history for HOST-2755 following T1547.001 alert.,2026-01-09T11:35:00Z
CASE-003447,SOC-005,,ALT-003447,2026-01-09T11:09:00Z,ANL-5013,MEDIUM,CLOSED,TRUE_POSITIVE,Ransomware Behaviour Detected — True Positive,Cross-referenced 10.179.179.63 against threat intelligence feeds for HOST-3362.,2026-01-09T14:24:00Z
CASE-003448,SOC-005,,ALT-003448,2026-01-09T10:50:00Z,ANL-5014,CRITICAL,CLOSED,FALSE_POSITIVE,Internal Network Port Scan — False Positive,Manually reviewed HOST-1006 logs; findings documented against case ticket.,2026-01-09T11:28:00Z
CASE-003449,SOC-005,,ALT-003449,2026-01-09T04:55:00Z,ANL-5014,HIGH,CLOSED,FALSE_POSITIVE,Unusual Scheduled Task Created — False Positive,Cross-referenced 10.180.152.209 against threat intelligence feeds for HOST-3785.,2026-01-09T06:11:00Z
CASE-003450,SOC-005,,ALT-003450,2026-01-09T20:36:00Z,ANL-5006,MEDIUM,CLOSED,TRUE_POSITIVE,Ransomware Behaviour Detected — True Positive,Validated authentication logs tied to HOST-1289 to rule out credential compromise.,2026-01-09T23:14:00Z
CASE-003451,SOC-005,,ALT-003451,2026-01-09T20:26:00Z,ANL-5014,MEDIUM,CLOSED,TRUE_POSITIVE,Unusual RDP Session — True Positive,Reviewed escalation criteria for HOST-2947; behaviour consistent with known baseline.,2026-01-09T23:03:00Z
CASE-003452,SOC-005,,ALT-003452,2026-01-09T03:35:00Z,ANL-5014,MEDIUM,CLOSED,FALSE_POSITIVE,Unusual SMB Admin Share Access — False Positive,Reviewed escalation criteria for HOST-2048; behaviour consistent with known baseline.,2026-01-09T08:05:00Z
CASE-003453,SOC-005,,ALT-003453,2026-01-09T22:19:00Z,ANL-5003,MEDIUM,CLOSED,TRUE_POSITIVE,Ransomware Behaviour Detected — True Positive,Traced network flow from 10.92.137.158 to determine scope of T1486 activity on HOST-4896.,2026-01-10T02:00:00Z
CASE-003454,SOC-005,,ALT-003454,2026-01-09T21:41:00Z,ANL-5013,MEDIUM,CLOSED,TRUE_POSITIVE,Unusual RDP Session — True Positive,Manually reviewed HOST-1642 logs; findings documented against case ticket.,2026-01-10T01:26:00Z
CASE-003455,SOC-005,,ALT-003455,2026-01-09T10:56:00Z,ANL-5001,CRITICAL,CLOSED,FALSE_POSITIVE,Large Outbound Data Transfer — False Positive,Reviewed and closed.,2026-01-09T11:25:00Z
CASE-003456,SOC-005,,ALT-003456,2026-01-09T12:29:00Z,ANL-5013,HIGH,CLOSED,FALSE_POSITIVE,Encoded PowerShell Command — False Positive,Reviewed escalation criteria for HOST-2109; behaviour consistent with known baseline.,2026-01-09T13:46:00Z
CASE-003457,SOC-005,,ALT-003457,2026-01-09T05:03:00Z,ANL-5010,LOW,CLOSED,TRUE_POSITIVE,Internal Network Port Scan — True Positive,Cross-referenced 10.52.9.55 against threat intelligence feeds for HOST-4719.,2026-01-09T09:16:00Z
CASE-003458,SOC-005,,ALT-003458,2026-01-09T12:26:00Z,ANL-5008,MEDIUM,CLOSED,TRUE_POSITIVE,Unusual RDP Session — True Positive,Cross-referenced 10.99.241.168 against threat intelligence feeds for HOST-1730.,2026-01-09T15:52:00Z
CASE-003459,SOC-005,,ALT-003459,2026-01-09T19:36:00Z,ANL-5004,MEDIUM,CLOSED,TRUE_POSITIVE,New Registry Run Key Entry — True Positive,Reviewed escalation criteria for HOST-2286; behaviour consistent with known baseline.,2026-01-09T22:05:00Z
CASE-003460,SOC-005,,ALT-003460,2026-01-09T00:52:00Z,ANL-5005,HIGH,CLOSED,FALSE_POSITIVE,Internal Network Port Scan — False Positive,Traced network flow from 10.5.79.152 to determine scope of T1595 activity on HOST-3091.,2026-01-09T01:44:00Z
CASE-003461,SOC-005,,ALT-003461,2026-01-09T21:01:00Z,ANL-5013,HIGH,CLOSED,FALSE_POSITIVE,Unusual Scheduled Task Created — False Positive,Investigated T1053.005 indicators on HOST-3002; no further lateral movement observed.,2026-01-09T22:12:00Z
CASE-003462,SOC-005,,ALT-003462,2026-01-09T22:31:00Z,ANL-5012,MEDIUM,CLOSED,TRUE_POSITIVE,Suspicious PowerShell — True Positive,Investigated T1059.001 indicators on HOST-1678; no further lateral movement observed.,2026-01-10T00:26:00Z
CASE-003463,SOC-005,,ALT-003463,2026-01-09T16:47:00Z,ANL-5005,LOW,CLOSED,TRUE_POSITIVE,Unusual SMB Admin Share Access — True Positive,Reviewed T1021.002 activity on HOST-1290; correlated with source 10.16.199.176.,2026-01-09T20:32:00Z
CASE-003464,SOC-005,,ALT-003464,2026-01-09T18:17:00Z,ANL-5007,MEDIUM,CLOSED,TRUE_POSITIVE,LSASS Memory Access — True Positive,Checked process execution history for HOST-3286 following T1003 alert.,2026-01-09T22:24:00Z
CASE-003465,SOC-005,,ALT-003465,2026-01-09T23:13:00Z,ANL-5002,MEDIUM,CLOSED,FALSE_POSITIVE,Suspicious Binary Download — False Positive,Manually reviewed HOST-3284 logs; findings documented against case ticket.,2026-01-10T01:28:00Z
CASE-003466,SOC-005,,ALT-003466,2026-01-09T23:31:00Z,ANL-5008,LOW,CLOSED,TRUE_POSITIVE,Unusual RDP Session — True Positive,Validated authentication logs tied to HOST-3499 to rule out credential compromise.,2026-01-11T02:29:00Z
CASE-003467,SOC-005,INC-000119,ALT-003467,2026-01-09T18:50:00Z,ANL-5004,CRITICAL,CLOSED,TRUE_POSITIVE,Ransomware Behaviour Detected — True Positive,Checked process execution history for HOST-3514 following T1486 alert.,2026-01-09T19:32:00Z
CASE-003468,SOC-005,,ALT-003468,2026-01-09T10:01:00Z,ANL-5007,LOW,CLOSED,TRUE_POSITIVE,Internal Network Port Scan — True Positive,Investigated T1595 indicators on HOST-2576; no further lateral movement observed.,2026-01-09T17:24:00Z
CASE-003469,SOC-005,,ALT-003469,2026-01-09T01:49:00Z,ANL-5011,LOW,CLOSED,TRUE_POSITIVE,LSASS Memory Access — True Positive,Traced network flow from 10.250.43.104 to determine scope of T1003 activity on HOST-2634.,2026-01-09T06:02:00Z
CASE-003470,SOC-005,,ALT-003470,2026-01-09T19:30:00Z,ANL-5007,MEDIUM,CLOSED,TRUE_POSITIVE,Ransomware Behaviour Detected — True Positive,Validated authentication logs tied to HOST-1143 to rule out credential compromise.,2026-01-09T23:46:00Z
CASE-003471,SOC-005,,ALT-003471,2026-01-09T04:43:00Z,ANL-5007,MEDIUM,CLOSED,TRUE_POSITIVE,Repeated Failed Logins — True Positive,Checked process execution history for HOST-4076 following T1110 alert.,2026-01-09T07:25:00Z
CASE-003472,SOC-005,,ALT-003472,2026-01-09T09:33:00Z,ANL-5014,HIGH,CLOSED,FALSE_POSITIVE,Ransomware Behaviour Detected — False Positive,Analysed endpoint telemetry for HOST-2061 tied to T1486 detection.,2026-01-09T10:50:00Z
CASE-003473,SOC-005,,ALT-003473,2026-01-09T07:16:00Z,ANL-5007,MEDIUM,CLOSED,TRUE_POSITIVE,Unusual Scheduled Task Created — True Positive,Analysed endpoint telemetry for HOST-3118 tied to T1053.005 detection.,2026-01-09T09:31:00Z
CASE-003474,SOC-005,,ALT-003474,2026-01-09T13:08:00Z,ANL-5006,MEDIUM,CLOSED,TRUE_POSITIVE,Unusual Scheduled Task Created — True Positive,Cross-referenced 10.99.197.234 against threat intelligence feeds for HOST-4714.,2026-01-09T16:50:00Z
CASE-003475,SOC-005,INC-000120,ALT-003475,2026-01-09T15:26:00Z,ANL-5013,CRITICAL,CLOSED,TRUE_POSITIVE,Suspicious PowerShell — True Positive,Reviewed escalation criteria for HOST-2043; behaviour consistent with known baseline.,2026-01-09T16:10:00Z
CASE-003476,SOC-005,,ALT-003476,2026-01-09T10:06:00Z,ANL-5014,HIGH,CLOSED,TRUE_POSITIVE,Beaconing to Known C2 Domain — True Positive,Validated authentication logs tied to HOST-2531 to rule out credential compromise.,2026-01-09T11:42:00Z
CASE-003477,SOC-005,,ALT-003477,2026-01-09T17:28:00Z,ANL-5009,LOW,CLOSED,TRUE_POSITIVE,Suspicious Binary Download — True Positive,Reviewed T1105 activity on HOST-4002; correlated with source 10.30.154.72.,2026-01-09T22:16:00Z
CASE-003478,SOC-005,,ALT-003478,2026-01-09T15:14:00Z,ANL-5004,LOW,CLOSED,TRUE_POSITIVE,Large Outbound Data Transfer — True Positive,"Closed with minimal review — T1041 alert on HOST-1003, no further action taken.",2026-01-09T16:40:00Z
CASE-003479,SOC-005,,ALT-003479,2026-01-09T10:52:00Z,ANL-5008,MEDIUM,CLOSED,FALSE_POSITIVE,LSASS Memory Access — False Positive,"Closed with minimal review — T1003 alert on HOST-1003, no further action taken.",2026-01-09T11:44:00Z
CASE-003480,SOC-005,,ALT-003480,2026-01-09T20:14:00Z,ANL-5008,HIGH,CLOSED,TRUE_POSITIVE,Internal Network Port Scan — True Positive,"Closed with minimal review — T1595 alert on HOST-2935, no further action taken.",2026-01-09T21:28:00Z
CASE-003481,SOC-005,,ALT-003481,2026-01-10T18:50:00Z,ANL-5005,LOW,CLOSED,FALSE_POSITIVE,Unusual Scheduled Task Created — False Positive,Reviewed T1053.005 activity on HOST-2637; correlated with source 10.34.86.111.,2026-01-11T00:55:00Z
CASE-003482,SOC-005,,ALT-003482,2026-01-10T05:42:00Z,ANL-5002,MEDIUM,CLOSED,FALSE_POSITIVE,Internal Network Port Scan — False Positive,Traced network flow from 10.6.218.29 to determine scope of T1595 activity on HOST-1178.,2026-01-10T09:41:00Z
CASE-003483,SOC-005,,ALT-003483,2026-01-10T21:16:00Z,ANL-5002,MEDIUM,CLOSED,TRUE_POSITIVE,Beaconing to Known C2 Domain — True Positive,Reviewed escalation criteria for HOST-1556; behaviour consistent with known baseline.,2026-01-11T00:55:00Z
CASE-003484,SOC-005,,ALT-003484,2026-01-10T20:27:00Z,ANL-5004,MEDIUM,CLOSED,TRUE_POSITIVE,Large Outbound Data Transfer — True Positive,Analysed endpoint telemetry for HOST-4165 tied to T1041 detection.,2026-01-10T22:44:00Z
CASE-003485,SOC-005,,ALT-003485,2026-01-10T13:41:00Z,ANL-5001,LOW,CLOSED,TRUE_POSITIVE,Internal Network Port Scan — True Positive,Reviewed and closed.,2026-01-12T01:53:00Z
CASE-003486,SOC-005,,ALT-003486,2026-01-10T18:17:00Z,ANL-5004,MEDIUM,CLOSED,FALSE_POSITIVE,Unusual Scheduled Task Created — False Positive,Checked process execution history for HOST-1758 following T1053.005 alert.,2026-01-10T20:31:00Z
CASE-003487,SOC-005,,ALT-003487,2026-01-10T06:51:00Z,ANL-5010,LOW,CLOSED,FALSE_POSITIVE,Unusual RDP Session — False Positive,Traced network flow from 10.240.146.136 to determine scope of T1021.001 activity on HOST-2987.,2026-01-10T15:04:00Z
CASE-003488,SOC-005,,ALT-003488,2026-01-10T14:43:00Z,ANL-5005,LOW,CLOSED,FALSE_POSITIVE,Suspicious PowerShell — False Positive,Validated authentication logs tied to HOST-1345 to rule out credential compromise.,2026-01-11T12:45:00Z
CASE-003489,SOC-005,,ALT-003489,2026-01-10T21:46:00Z,ANL-5010,LOW,CLOSED,TRUE_POSITIVE,New Registry Run Key Entry — True Positive,Cross-referenced 10.41.41.88 against threat intelligence feeds for HOST-4964.,2026-01-11T03:41:00Z
CASE-003490,SOC-005,,ALT-003490,2026-01-10T04:47:00Z,ANL-5011,CRITICAL,CLOSED,TRUE_POSITIVE,Internal Network Port Scan — True Positive,Cross-referenced 10.97.94.142 against threat intelligence feeds for HOST-3122.,2026-01-10T05:33:00Z
CASE-003491,SOC-005,,ALT-003491,2026-01-10T13:03:00Z,ANL-5001,MEDIUM,CLOSED,FALSE_POSITIVE,Beaconing to Known C2 Domain — False Positive,Reviewed and closed.,2026-01-10T15:05:00Z
CASE-003492,SOC-005,,ALT-003492,2026-01-10T21:05:00Z,ANL-5010,LOW,CLOSED,TRUE_POSITIVE,Unusual RDP Session — True Positive,Manually reviewed HOST-3799 logs; findings documented against case ticket.,2026-01-11T05:06:00Z
CASE-003493,SOC-005,,ALT-003493,2026-01-10T14:21:00Z,ANL-5012,MEDIUM,CLOSED,TRUE_POSITIVE,Suspicious CMD Execution — True Positive,Traced network flow from 10.65.248.164 to determine scope of T1059.003 activity on HOST-4893.,2026-01-10T17:20:00Z
CASE-003494,SOC-005,,ALT-003494,2026-01-10T22:07:00Z,ANL-5014,MEDIUM,CLOSED,TRUE_POSITIVE,Unusual SMB Admin Share Access — True Positive,Reviewed T1021.002 activity on HOST-3868; correlated with source 10.185.251.5.,2026-01-11T00:36:00Z
CASE-003495,SOC-005,,ALT-003495,2026-01-10T05:15:00Z,ANL-5005,CRITICAL,CLOSED,TRUE_POSITIVE,Unusual SMB Admin Share Access — True Positive,"Closed with minimal review — T1021.002 alert on HOST-4021, no further action taken.",2026-01-10T06:03:00Z
CASE-003496,SOC-005,,ALT-003496,2026-01-10T23:16:00Z,ANL-5010,MEDIUM,CLOSED,FALSE_POSITIVE,New Registry Run Key Entry — False Positive,Confirmed T1547.001 alert on HOST-2773 against recent change records.,2026-01-11T02:36:00Z
CASE-003497,SOC-005,,ALT-003497,2026-01-10T02:28:00Z,ANL-5008,MEDIUM,CLOSED,FALSE_POSITIVE,Suspicious CMD Execution — False Positive,Reviewed escalation criteria for HOST-2764; behaviour consistent with known baseline.,2026-01-10T05:09:00Z
CASE-003498,SOC-005,,ALT-003498,2026-01-10T14:47:00Z,ANL-5013,MEDIUM,CLOSED,TRUE_POSITIVE,Internal Network Port Scan — True Positive,Manually reviewed HOST-4485 logs; findings documented against case ticket.,2026-01-10T18:05:00Z
CASE-003499,SOC-005,,ALT-003499,2026-01-10T11:00:00Z,ANL-5011,HIGH,CLOSED,TRUE_POSITIVE,Suspicious PowerShell — True Positive,Checked process execution history for HOST-3381 following T1059.001 alert.,2026-01-10T12:14:00Z
CASE-003500,SOC-005,,ALT-003500,2026-01-10T04:27:00Z,ANL-5006,CRITICAL,CLOSED,FALSE_POSITIVE,Repeated Failed Logins — False Positive,Validated authentication logs tied to HOST-2583 to rule out credential compromise.,2026-01-10T05:14:00Z
CASE-003501,SOC-005,,ALT-003501,2026-01-10T16:35:00Z,ANL-5001,LOW,CLOSED,FALSE_POSITIVE,LSASS Memory Access — False Positive,Reviewed and closed.,2026-01-10T21:03:00Z
CASE-003502,SOC-005,,ALT-003502,2026-01-10T10:00:00Z,ANL-5005,HIGH,CLOSED,TRUE_POSITIVE,Unusual Scheduled Task Created — True Positive,Analysed endpoint telemetry for HOST-2164 tied to T1053.005 detection.,2026-01-10T11:27:00Z
CASE-003503,SOC-005,,ALT-003503,2026-01-10T20:45:00Z,ANL-5014,MEDIUM,CLOSED,TRUE_POSITIVE,Suspicious CMD Execution — True Positive,Reviewed escalation criteria for HOST-2478; behaviour consistent with known baseline.,2026-01-10T23:05:00Z
CASE-003504,SOC-005,,ALT-003504,2026-01-10T04:06:00Z,ANL-5014,CRITICAL,CLOSED,TRUE_POSITIVE,Beaconing to Known C2 Domain — True Positive,Cross-referenced 10.54.142.169 against threat intelligence feeds for HOST-4474.,2026-01-10T07:49:00Z
CASE-003505,SOC-005,,ALT-003505,2026-01-10T18:30:00Z,ANL-5007,LOW,CLOSED,FALSE_POSITIVE,LSASS Memory Access — False Positive,Reviewed escalation criteria for HOST-4283; behaviour consistent with known baseline.,2026-01-10T23:43:00Z
CASE-003506,SOC-005,,ALT-003506,2026-01-10T23:42:00Z,ANL-5001,CRITICAL,CLOSED,TRUE_POSITIVE,New Registry Run Key Entry — True Positive,Reviewed and closed.,2026-01-11T00:31:00Z
CASE-003507,SOC-005,,ALT-003507,2026-01-10T22:40:00Z,ANL-5003,LOW,CLOSED,FALSE_POSITIVE,Suspicious Binary Download — False Positive,Validated authentication logs tied to HOST-1282 to rule out credential compromise.,2026-01-11T06:22:00Z
CASE-003508,SOC-005,,ALT-003508,2026-01-10T11:18:00Z,ANL-5007,MEDIUM,CLOSED,TRUE_POSITIVE,Unusual SMB Admin Share Access — True Positive,Confirmed T1021.002 alert on HOST-2846 against recent change records.,2026-01-10T15:24:00Z
CASE-003509,SOC-005,,ALT-003509,2026-01-10T18:15:00Z,ANL-5014,LOW,CLOSED,TRUE_POSITIVE,LSASS Memory Access — True Positive,Reviewed T1003 activity on HOST-4409; correlated with source 10.211.100.142.,2026-01-10T22:36:00Z
CASE-003510,SOC-005,,ALT-003510,2026-01-10T22:50:00Z,ANL-5013,MEDIUM,CLOSED,TRUE_POSITIVE,Unusual SMB Admin Share Access — True Positive,Investigated T1021.002 indicators on HOST-4946; no further lateral movement observed.,2026-01-11T02:38:00Z
CASE-003511,SOC-005,,ALT-003511,2026-01-10T03:24:00Z,ANL-5012,MEDIUM,CLOSED,TRUE_POSITIVE,Internal Network Port Scan — True Positive,Analysed endpoint telemetry for HOST-3688 tied to T1595 detection.,2026-01-10T06:52:00Z
CASE-003512,SOC-005,,ALT-003512,2026-01-10T21:26:00Z,ANL-5012,LOW,CLOSED,TRUE_POSITIVE,Unusual Scheduled Task Created — True Positive,Reviewed T1053.005 activity on HOST-1147; correlated with source 10.221.139.21.,2026-01-11T03:59:00Z
CASE-003513,SOC-005,,ALT-003513,2026-01-10T06:19:00Z,ANL-5008,MEDIUM,CLOSED,TRUE_POSITIVE,Ransomware Behaviour Detected — True Positive,"Closed with minimal review — T1486 alert on HOST-1001, no further action taken.",2026-01-10T07:02:00Z
CASE-003514,SOC-005,,ALT-003514,2026-01-10T21:26:00Z,ANL-5001,CRITICAL,CLOSED,FALSE_POSITIVE,Suspicious Binary Download — False Positive,Reviewed and closed.,2026-01-10T22:01:00Z
CASE-003515,SOC-005,,ALT-003515,2026-01-10T00:36:00Z,ANL-5012,LOW,CLOSED,TRUE_POSITIVE,Beaconing to Known C2 Domain — True Positive,Analysed endpoint telemetry for HOST-3011 tied to T1071.001 detection.,2026-01-10T08:33:00Z
CASE-003516,SOC-005,,ALT-003516,2026-01-10T23:05:00Z,ANL-5006,CRITICAL,CLOSED,TRUE_POSITIVE,Suspicious CMD Execution — True Positive,Investigated T1059.003 indicators on HOST-1677; no further lateral movement observed.,2026-01-10T23:48:00Z
CASE-003517,SOC-005,,ALT-003517,2026-01-10T20:16:00Z,ANL-5005,LOW,CLOSED,TRUE_POSITIVE,Internal Network Port Scan — True Positive,Manually reviewed HOST-2950 logs; findings documented against case ticket.,2026-01-11T00:08:00Z
CASE-003518,SOC-005,,ALT-003518,2026-01-10T01:09:00Z,ANL-5012,HIGH,CLOSED,FALSE_POSITIVE,Encoded PowerShell Command — False Positive,"Closed with minimal review — T1059.001 alert on HOST-1003, no further action taken.",2026-01-10T01:40:00Z
CASE-003519,SOC-005,,ALT-003519,2026-01-10T21:13:00Z,ANL-5003,LOW,CLOSED,TRUE_POSITIVE,Suspicious CMD Execution — True Positive,Checked process execution history for HOST-1601 following T1059.003 alert.,2026-01-11T04:23:00Z
CASE-003520,SOC-005,,ALT-003520,2026-01-10T04:58:00Z,ANL-5014,MEDIUM,CLOSED,TRUE_POSITIVE,Internal Network Port Scan — True Positive,Manually reviewed HOST-3284 logs; findings documented against case ticket.,2026-01-10T07:46:00Z
CASE-003521,SOC-005,,ALT-003521,2026-01-11T18:35:00Z,ANL-5014,HIGH,CLOSED,TRUE_POSITIVE,Internal Network Port Scan — True Positive,Confirmed T1595 alert on HOST-4695 against recent change records.,2026-01-11T19:30:00Z
CASE-003522,SOC-005,,ALT-003522,2026-01-11T06:45:00Z,ANL-5009,MEDIUM,CLOSED,TRUE_POSITIVE,Unusual Scheduled Task Created — True Positive,Manually reviewed HOST-3629 logs; findings documented against case ticket.,2026-01-13T11:10:00Z
CASE-003523,SOC-005,,ALT-003523,2026-01-11T20:18:00Z,ANL-5005,HIGH,CLOSED,FALSE_POSITIVE,Unusual SMB Admin Share Access — False Positive,Validated authentication logs tied to HOST-1708 to rule out credential compromise.,2026-01-11T21:18:00Z
CASE-003524,SOC-005,,ALT-003524,2026-01-11T12:17:00Z,ANL-5005,LOW,CLOSED,TRUE_POSITIVE,Upload to Unapproved Cloud Storage — True Positive,Reviewed T1567 activity on HOST-3902; correlated with source 10.113.51.237.,2026-01-11T17:57:00Z
CASE-003525,SOC-005,,ALT-003525,2026-01-11T01:15:00Z,ANL-5013,MEDIUM,CLOSED,TRUE_POSITIVE,Upload to Unapproved Cloud Storage — True Positive,Reviewed T1567 activity on HOST-2170; correlated with source 10.86.3.52.,2026-01-11T05:00:00Z
CASE-003526,SOC-005,INC-000121,ALT-003526,2026-01-11T11:55:00Z,ANL-5003,CRITICAL,CLOSED,TRUE_POSITIVE,Suspicious CMD Execution — True Positive,Validated authentication logs tied to HOST-1919 to rule out credential compromise.,2026-01-11T15:31:00Z
CASE-003527,SOC-005,,ALT-003527,2026-01-11T15:59:00Z,ANL-5009,MEDIUM,CLOSED,FALSE_POSITIVE,Unusual Scheduled Task Created — False Positive,Reviewed T1053.005 activity on HOST-3194; correlated with source 10.170.170.76.,2026-01-11T18:05:00Z
CASE-003528,SOC-005,,ALT-003528,2026-01-11T01:30:00Z,ANL-5007,LOW,CLOSED,TRUE_POSITIVE,Upload to Unapproved Cloud Storage — True Positive,"Closed with minimal review — T1567 alert on HOST-2074, no further action taken.",2026-01-11T02:27:00Z
CASE-003529,SOC-005,,ALT-003529,2026-01-11T09:08:00Z,ANL-5010,MEDIUM,CLOSED,FALSE_POSITIVE,Internal Network Port Scan — False Positive,Cross-referenced 10.48.72.36 against threat intelligence feeds for HOST-3987.,2026-01-11T12:25:00Z
CASE-003530,SOC-005,,ALT-003530,2026-01-11T06:06:00Z,ANL-5007,MEDIUM,CLOSED,TRUE_POSITIVE,LSASS Memory Access — True Positive,Manually reviewed HOST-3776 logs; findings documented against case ticket.,2026-01-11T21:41:00Z
CASE-003531,SOC-005,,ALT-003531,2026-01-11T07:42:00Z,ANL-5002,MEDIUM,CLOSED,TRUE_POSITIVE,Suspicious CMD Execution — True Positive,Reviewed escalation criteria for HOST-2448; behaviour consistent with known baseline.,2026-01-11T10:30:00Z
CASE-003532,SOC-005,,ALT-003532,2026-01-11T02:33:00Z,ANL-5002,HIGH,CLOSED,TRUE_POSITIVE,Unusual SMB Admin Share Access — True Positive,"Closed with minimal review — T1021.002 alert on HOST-3202, no further action taken.",2026-01-11T04:50:00Z
CASE-003533,SOC-005,,ALT-003533,2026-01-11T08:04:00Z,ANL-5002,LOW,CLOSED,FALSE_POSITIVE,Unusual RDP Session — False Positive,Traced network flow from 10.185.52.239 to determine scope of T1021.001 activity on HOST-4259.,2026-01-11T13:58:00Z
CASE-003534,SOC-005,,ALT-003534,2026-01-11T20:39:00Z,ANL-5005,LOW,CLOSED,TRUE_POSITIVE,Ransomware Behaviour Detected — True Positive,Reviewed escalation criteria for HOST-1920; behaviour consistent with known baseline.,2026-01-12T01:53:00Z
CASE-003535,SOC-005,,ALT-003535,2026-01-11T06:18:00Z,ANL-5011,HIGH,CLOSED,TRUE_POSITIVE,Large Outbound Data Transfer — True Positive,Investigated T1041 indicators on HOST-1728; no further lateral movement observed.,2026-01-11T07:57:00Z
CASE-003536,SOC-005,,ALT-003536,2026-01-11T11:33:00Z,ANL-5013,LOW,CLOSED,TRUE_POSITIVE,Unusual SMB Admin Share Access — True Positive,Reviewed escalation criteria for HOST-4157; behaviour consistent with known baseline.,2026-01-11T18:18:00Z
CASE-003537,SOC-005,,ALT-003537,2026-01-11T19:09:00Z,ANL-5010,LOW,CLOSED,TRUE_POSITIVE,Unusual RDP Session — True Positive,Analysed endpoint telemetry for HOST-2031 tied to T1021.001 detection.,2026-01-12T03:17:00Z
CASE-003538,SOC-005,,ALT-003538,2026-01-11T22:54:00Z,ANL-5007,LOW,CLOSED,TRUE_POSITIVE,Ransomware Behaviour Detected — True Positive,"Closed with minimal review — T1486 alert on HOST-2609, no further action taken.",2026-01-12T05:23:00Z
CASE-003539,SOC-005,,ALT-003539,2026-01-11T00:40:00Z,ANL-5005,MEDIUM,CLOSED,TRUE_POSITIVE,Internal Network Port Scan — True Positive,Reviewed escalation criteria for HOST-1010; behaviour consistent with known baseline.,2026-01-11T04:24:00Z
CASE-003540,SOC-005,,ALT-003540,2026-01-11T20:36:00Z,ANL-5008,CRITICAL,CLOSED,FALSE_POSITIVE,Upload to Unapproved Cloud Storage — False Positive,Validated authentication logs tied to HOST-3032 to rule out credential compromise.,2026-01-11T21:13:00Z
CASE-003541,SOC-005,,ALT-003541,2026-01-11T13:33:00Z,ANL-5014,HIGH,CLOSED,FALSE_POSITIVE,Repeated Failed Logins — False Positive,Confirmed T1110 alert on HOST-4980 against recent change records.,2026-01-12T10:14:00Z
CASE-003542,SOC-005,,ALT-003542,2026-01-11T10:11:00Z,ANL-5010,LOW,CLOSED,TRUE_POSITIVE,Beaconing to Known C2 Domain — True Positive,Traced network flow from 10.82.151.202 to determine scope of T1071.001 activity on HOST-4338.,2026-01-11T14:55:00Z
CASE-003543,SOC-005,,ALT-003543,2026-01-11T17:43:00Z,ANL-5003,LOW,CLOSED,TRUE_POSITIVE,Encoded PowerShell Command — True Positive,Reviewed T1059.001 activity on HOST-1498; correlated with source 10.0.206.119.,2026-01-11T23:22:00Z
CASE-003544,SOC-005,,ALT-003544,2026-01-11T07:14:00Z,ANL-5008,LOW,CLOSED,FALSE_POSITIVE,Unusual Scheduled Task Created — False Positive,Traced network flow from 10.30.17.54 to determine scope of T1053.005 activity on HOST-3255.,2026-01-11T12:29:00Z
CASE-003545,SOC-005,,ALT-003545,2026-01-11T21:47:00Z,ANL-5009,CRITICAL,CLOSED,FALSE_POSITIVE,Encoded PowerShell Command — False Positive,Checked process execution history for HOST-4180 following T1059.001 alert.,2026-01-11T22:22:00Z
CASE-003546,SOC-005,,ALT-003546,2026-01-11T19:50:00Z,ANL-5012,MEDIUM,CLOSED,FALSE_POSITIVE,Large Outbound Data Transfer — False Positive,Investigated T1041 indicators on HOST-2026; no further lateral movement observed.,2026-01-11T21:41:00Z
CASE-003547,SOC-005,,ALT-003547,2026-01-11T02:50:00Z,ANL-5002,LOW,CLOSED,TRUE_POSITIVE,Ransomware Behaviour Detected — True Positive,Traced network flow from 10.142.135.235 to determine scope of T1486 activity on HOST-4329.,2026-01-11T06:38:00Z
CASE-003548,SOC-005,,ALT-003548,2026-01-11T15:35:00Z,ANL-5009,HIGH,CLOSED,TRUE_POSITIVE,Internal Network Port Scan — True Positive,Cross-referenced 10.59.0.226 against threat intelligence feeds for HOST-2638.,2026-01-11T16:50:00Z
CASE-003549,SOC-005,,ALT-003549,2026-01-11T05:14:00Z,ANL-5003,LOW,CLOSED,TRUE_POSITIVE,Ransomware Behaviour Detected — True Positive,Analysed endpoint telemetry for HOST-2174 tied to T1486 detection.,2026-01-11T12:54:00Z
CASE-003550,SOC-005,INC-000122,ALT-003550,2026-01-11T05:30:00Z,ANL-5001,CRITICAL,CLOSED,TRUE_POSITIVE,Repeated Failed Logins — True Positive,Reviewed and closed.,2026-01-11T06:12:00Z
CASE-003551,SOC-005,,ALT-003551,2026-01-11T18:12:00Z,ANL-5005,LOW,CLOSED,TRUE_POSITIVE,Large Outbound Data Transfer — True Positive,Confirmed T1041 alert on HOST-3763 against recent change records.,2026-01-12T02:27:00Z
CASE-003552,SOC-005,,ALT-003552,2026-01-11T03:44:00Z,ANL-5003,CRITICAL,CLOSED,FALSE_POSITIVE,Password Spraying Detected — False Positive,Cross-referenced 10.245.32.162 against threat intelligence feeds for HOST-2649.,2026-01-11T04:19:00Z
CASE-003553,SOC-005,,ALT-003553,2026-01-11T10:14:00Z,ANL-5006,MEDIUM,CLOSED,FALSE_POSITIVE,LSASS Memory Access — False Positive,"Closed with minimal review — T1003 alert on HOST-2890, no further action taken.",2026-01-11T13:56:00Z
CASE-003554,SOC-005,,ALT-003554,2026-01-11T17:14:00Z,ANL-5005,MEDIUM,CLOSED,TRUE_POSITIVE,Internal Network Port Scan — True Positive,Reviewed T1595 activity on HOST-3367; correlated with source 10.246.25.144.,2026-01-11T19:52:00Z
CASE-003555,SOC-005,,ALT-003555,2026-01-11T07:35:00Z,ANL-5001,MEDIUM,CLOSED,FALSE_POSITIVE,Beaconing to Known C2 Domain — False Positive,Checked process execution history for HOST-3805 following T1071.001 alert.,2026-01-11T10:41:00Z
CASE-003556,SOC-005,,ALT-003556,2026-01-11T01:57:00Z,ANL-5007,HIGH,CLOSED,TRUE_POSITIVE,Suspicious Binary Download — True Positive,Reviewed T1105 activity on HOST-3068; correlated with source 10.91.143.182.,2026-01-11T03:33:00Z
CASE-003557,SOC-005,,ALT-003557,2026-01-11T08:31:00Z,ANL-5014,HIGH,CLOSED,TRUE_POSITIVE,Large Outbound Data Transfer — True Positive,Cross-referenced 10.248.248.133 against threat intelligence feeds for HOST-1808.,2026-01-11T10:00:00Z
CASE-003558,SOC-005,,ALT-003558,2026-01-11T06:37:00Z,ANL-5006,HIGH,CLOSED,TRUE_POSITIVE,Ransomware Behaviour Detected — True Positive,Investigated T1486 indicators on HOST-3543; no further lateral movement observed.,2026-01-11T08:26:00Z
CASE-003559,SOC-005,,ALT-003559,2026-01-11T12:10:00Z,ANL-5004,MEDIUM,CLOSED,TRUE_POSITIVE,New Registry Run Key Entry — True Positive,Manually reviewed HOST-3970 logs; findings documented against case ticket.,2026-01-11T14:16:00Z
CASE-003560,SOC-005,,ALT-003560,2026-01-11T19:52:00Z,ANL-5001,MEDIUM,CLOSED,TRUE_POSITIVE,Unusual SMB Admin Share Access — True Positive,Analysed endpoint telemetry for HOST-4102 tied to T1021.002 detection.,2026-01-11T23:17:00Z
CASE-003561,SOC-005,,ALT-003561,2026-01-12T07:19:00Z,ANL-5010,HIGH,CLOSED,TRUE_POSITIVE,Ransomware Behaviour Detected — True Positive,Reviewed T1486 activity on HOST-1021; correlated with source 10.57.161.33.,2026-01-12T08:58:00Z
CASE-003562,SOC-005,,ALT-003562,2026-01-12T21:31:00Z,ANL-5009,LOW,CLOSED,TRUE_POSITIVE,Suspicious Binary Download — True Positive,Cross-referenced 10.226.221.129 against threat intelligence feeds for HOST-3246.,2026-01-13T02:11:00Z
CASE-003563,SOC-005,,ALT-003563,2026-01-12T19:13:00Z,ANL-5008,LOW,CLOSED,FALSE_POSITIVE,Unusual RDP Session — False Positive,Checked process execution history for HOST-3472 following T1021.001 alert.,2026-01-12T23:18:00Z
CASE-003564,SOC-005,,ALT-003564,2026-01-12T04:35:00Z,ANL-5004,LOW,CLOSED,TRUE_POSITIVE,Large Outbound Data Transfer — True Positive,Analysed endpoint telemetry for HOST-4717 tied to T1041 detection.,2026-01-12T12:18:00Z
CASE-003565,SOC-005,,ALT-003565,2026-01-12T04:38:00Z,ANL-5009,LOW,CLOSED,TRUE_POSITIVE,Ransomware Behaviour Detected — True Positive,Traced network flow from 10.92.94.146 to determine scope of T1486 activity on HOST-3693.,2026-01-12T12:34:00Z
CASE-003566,SOC-005,,ALT-003566,2026-01-12T22:57:00Z,ANL-5005,HIGH,CLOSED,FALSE_POSITIVE,Unusual Scheduled Task Created — False Positive,Reviewed escalation criteria for HOST-2507; behaviour consistent with known baseline.,2026-01-12T23:48:00Z
CASE-003567,SOC-005,,ALT-003567,2026-01-12T10:17:00Z,ANL-5007,CRITICAL,CLOSED,FALSE_POSITIVE,Beaconing to Known C2 Domain — False Positive,Reviewed escalation criteria for HOST-2677; behaviour consistent with known baseline.,2026-01-12T13:35:00Z
CASE-003568,SOC-005,,ALT-003568,2026-01-12T12:42:00Z,ANL-5013,MEDIUM,CLOSED,FALSE_POSITIVE,Beaconing to Known C2 Domain — False Positive,Analysed endpoint telemetry for HOST-4835 tied to T1071.001 detection.,2026-01-12T16:23:00Z
CASE-003569,SOC-005,,ALT-003569,2026-01-12T06:56:00Z,ANL-5002,MEDIUM,CLOSED,FALSE_POSITIVE,Unusual SMB Admin Share Access — False Positive,Cross-referenced 10.223.128.166 against threat intelligence feeds for HOST-2621.,2026-01-12T09:43:00Z
CASE-003570,SOC-005,,ALT-003570,2026-01-12T10:28:00Z,ANL-5010,MEDIUM,CLOSED,TRUE_POSITIVE,Beaconing to Known C2 Domain — True Positive,Manually reviewed HOST-1252 logs; findings documented against case ticket.,2026-01-12T13:23:00Z
CASE-003571,SOC-005,,ALT-003571,2026-01-12T05:41:00Z,ANL-5005,MEDIUM,CLOSED,FALSE_POSITIVE,Ransomware Behaviour Detected — False Positive,Investigated T1486 indicators on HOST-4699; no further lateral movement observed.,2026-01-12T09:33:00Z
CASE-003572,SOC-005,,ALT-003572,2026-01-12T01:38:00Z,ANL-5003,HIGH,CLOSED,TRUE_POSITIVE,Password Spraying Detected — True Positive,Checked process execution history for HOST-1640 following T1110 alert.,2026-01-12T02:44:00Z
CASE-003573,SOC-005,,ALT-003573,2026-01-12T23:07:00Z,ANL-5013,LOW,CLOSED,FALSE_POSITIVE,LSASS Memory Access — False Positive,Investigated T1003 indicators on HOST-1329; no further lateral movement observed.,2026-01-13T03:42:00Z
CASE-003574,SOC-005,,ALT-003574,2026-01-12T01:55:00Z,ANL-5001,LOW,CLOSED,TRUE_POSITIVE,New Registry Run Key Entry — True Positive,Investigated T1547.001 indicators on HOST-3526; no further lateral movement observed.,2026-01-12T10:29:00Z
CASE-003575,SOC-005,,ALT-003575,2026-01-12T14:26:00Z,ANL-5010,LOW,CLOSED,TRUE_POSITIVE,Unusual SMB Admin Share Access — True Positive,Investigated T1021.002 indicators on HOST-2603; no further lateral movement observed.,2026-01-12T21:03:00Z
CASE-003576,SOC-005,,ALT-003576,2026-01-12T05:27:00Z,ANL-5005,MEDIUM,CLOSED,FALSE_POSITIVE,Suspicious Binary Download — False Positive,Validated authentication logs tied to HOST-2651 to rule out credential compromise.,2026-01-12T09:17:00Z
CASE-003577,SOC-005,,ALT-003577,2026-01-12T20:08:00Z,ANL-5002,LOW,CLOSED,FALSE_POSITIVE,Internal Network Port Scan — False Positive,Checked process execution history for HOST-2610 following T1595 alert.,2026-01-13T01:25:00Z
CASE-003578,SOC-005,,ALT-003578,2026-01-12T02:54:00Z,ANL-5006,HIGH,CLOSED,TRUE_POSITIVE,Internal Network Port Scan — True Positive,Checked process execution history for HOST-3774 following T1595 alert.,2026-01-12T04:35:00Z
CASE-003579,SOC-005,,ALT-003579,2026-01-12T11:48:00Z,ANL-5011,MEDIUM,CLOSED,TRUE_POSITIVE,Large Outbound Data Transfer — True Positive,Manually reviewed HOST-2911 logs; findings documented against case ticket.,2026-01-12T15:47:00Z
CASE-003580,SOC-005,,ALT-003580,2026-01-12T21:28:00Z,ANL-5002,HIGH,CLOSED,TRUE_POSITIVE,LSASS Memory Access — True Positive,Traced network flow from 10.236.60.199 to determine scope of T1003 activity on HOST-1047.,2026-01-12T22:44:00Z
CASE-003581,SOC-005,,ALT-003581,2026-01-12T02:13:00Z,ANL-5012,MEDIUM,CLOSED,TRUE_POSITIVE,Unusual SMB Admin Share Access — True Positive,"Closed with minimal review — T1021.002 alert on HOST-3585, no further action taken.",2026-01-12T07:35:00Z
CASE-003582,SOC-005,,ALT-003582,2026-01-12T07:40:00Z,ANL-5005,LOW,CLOSED,TRUE_POSITIVE,Large Outbound Data Transfer — True Positive,Investigated T1041 indicators on HOST-1759; no further lateral movement observed.,2026-01-12T12:07:00Z
CASE-003583,SOC-005,,ALT-003583,2026-01-12T16:38:00Z,ANL-5001,LOW,CLOSED,FALSE_POSITIVE,Unusual Scheduled Task Created — False Positive,Reviewed and closed.,2026-01-12T23:52:00Z
CASE-003584,SOC-005,,ALT-003584,2026-01-12T15:29:00Z,ANL-5012,LOW,CLOSED,TRUE_POSITIVE,LSASS Memory Access — True Positive,Traced network flow from 10.192.63.42 to determine scope of T1003 activity on HOST-2793.,2026-01-12T21:40:00Z
CASE-003585,SOC-005,,ALT-003585,2026-01-12T07:06:00Z,ANL-5002,HIGH,CLOSED,TRUE_POSITIVE,Ransomware Behaviour Detected — True Positive,Traced network flow from 10.105.205.101 to determine scope of T1486 activity on HOST-4726.,2026-01-12T08:09:00Z
CASE-003586,SOC-005,,ALT-003586,2026-01-12T05:52:00Z,ANL-5008,LOW,CLOSED,FALSE_POSITIVE,Ransomware Behaviour Detected — False Positive,Analysed endpoint telemetry for HOST-1885 tied to T1486 detection.,2026-01-12T09:24:00Z
CASE-003587,SOC-005,,ALT-003587,2026-01-12T09:37:00Z,ANL-5006,HIGH,CLOSED,FALSE_POSITIVE,LSASS Memory Access — False Positive,Manually reviewed HOST-1574 logs; findings documented against case ticket.,2026-01-12T11:15:00Z
CASE-003588,SOC-005,,ALT-003588,2026-01-12T18:58:00Z,ANL-5002,LOW,CLOSED,FALSE_POSITIVE,Ransomware Behaviour Detected — False Positive,Analysed endpoint telemetry for HOST-4475 tied to T1486 detection.,2026-01-13T02:53:00Z
CASE-003589,SOC-005,,ALT-003589,2026-01-12T05:05:00Z,ANL-5003,MEDIUM,CLOSED,TRUE_POSITIVE,Internal Network Port Scan — True Positive,"Closed with minimal review — T1595 alert on HOST-4400, no further action taken.",2026-01-12T08:24:00Z
CASE-003590,SOC-005,,ALT-003590,2026-01-12T14:04:00Z,ANL-5002,HIGH,CLOSED,FALSE_POSITIVE,Ransomware Behaviour Detected — False Positive,Checked process execution history for HOST-1150 following T1486 alert.,2026-01-12T15:04:00Z
CASE-003591,SOC-005,,ALT-003591,2026-01-12T06:04:00Z,ANL-5013,LOW,CLOSED,FALSE_POSITIVE,Suspicious CMD Execution — False Positive,"Closed with minimal review — T1059.003 alert on HOST-1001, no further action taken.",2026-01-12T07:37:00Z
CASE-003592,SOC-005,,ALT-003592,2026-01-12T11:51:00Z,ANL-5006,MEDIUM,CLOSED,TRUE_POSITIVE,LSASS Memory Access — True Positive,Confirmed T1003 alert on HOST-4629 against recent change records.,2026-01-12T14:49:00Z
CASE-003593,SOC-005,,ALT-003593,2026-01-12T05:03:00Z,ANL-5006,LOW,CLOSED,TRUE_POSITIVE,Unusual SMB Admin Share Access — True Positive,Traced network flow from 10.231.231.230 to determine scope of T1021.002 activity on HOST-2646.,2026-01-12T10:56:00Z
CASE-003594,SOC-005,,ALT-003594,2026-01-12T14:32:00Z,ANL-5006,HIGH,CLOSED,TRUE_POSITIVE,Unusual Scheduled Task Created — True Positive,Reviewed T1053.005 activity on HOST-3808; correlated with source 10.80.18.6.,2026-01-12T16:13:00Z
CASE-003595,SOC-005,,ALT-003595,2026-01-12T11:49:00Z,ANL-5011,CRITICAL,CLOSED,TRUE_POSITIVE,Unusual Scheduled Task Created — True Positive,Validated authentication logs tied to HOST-3195 to rule out credential compromise.,2026-01-12T12:36:00Z
CASE-003596,SOC-005,,ALT-003596,2026-01-12T23:20:00Z,ANL-5004,LOW,CLOSED,FALSE_POSITIVE,Suspicious PowerShell — False Positive,Manually reviewed HOST-2668 logs; findings documented against case ticket.,2026-01-13T03:55:00Z
CASE-003597,SOC-005,,ALT-003597,2026-01-12T03:19:00Z,ANL-5010,LOW,CLOSED,FALSE_POSITIVE,LSASS Memory Access — False Positive,Analysed endpoint telemetry for HOST-3704 tied to T1003 detection.,2026-01-12T08:06:00Z
CASE-003598,SOC-005,,ALT-003598,2026-01-12T02:09:00Z,ANL-5003,HIGH,CLOSED,TRUE_POSITIVE,Ransomware Behaviour Detected — True Positive,Reviewed T1486 activity on HOST-2701; correlated with source 10.229.38.236.,2026-01-12T03:41:00Z
CASE-003599,SOC-005,,ALT-003599,2026-01-12T09:30:00Z,ANL-5005,LOW,CLOSED,TRUE_POSITIVE,Suspicious Binary Download — True Positive,Traced network flow from 10.5.246.211 to determine scope of T1105 activity on HOST-3617.,2026-01-12T15:19:00Z
CASE-003600,SOC-005,,ALT-003600,2026-01-12T10:43:00Z,ANL-5014,MEDIUM,CLOSED,FALSE_POSITIVE,Upload to Unapproved Cloud Storage — False Positive,Cross-referenced 10.38.120.20 against threat intelligence feeds for HOST-4906.,2026-01-12T12:52:00Z
CASE-003601,SOC-005,,ALT-003601,2026-01-13T21:39:00Z,ANL-5010,LOW,CLOSED,TRUE_POSITIVE,Ransomware Behaviour Detected — True Positive,Manually reviewed HOST-1325 logs; findings documented against case ticket.,2026-01-14T04:54:00Z
CASE-003602,SOC-005,,ALT-003602,2026-01-13T14:36:00Z,ANL-5005,MEDIUM,CLOSED,TRUE_POSITIVE,Suspicious CMD Execution — True Positive,Traced network flow from 10.175.195.71 to determine scope of T1059.003 activity on HOST-4923.,2026-01-13T18:00:00Z
CASE-003603,SOC-005,,ALT-003603,2026-01-13T03:39:00Z,ANL-5007,LOW,CLOSED,FALSE_POSITIVE,Encoded PowerShell Command — False Positive,Reviewed T1059.001 activity on HOST-3055; correlated with source 10.209.151.147.,2026-01-13T07:54:00Z
CASE-003604,SOC-005,,ALT-003604,2026-01-13T12:57:00Z,ANL-5007,MEDIUM,CLOSED,TRUE_POSITIVE,Internal Network Port Scan — True Positive,Manually reviewed HOST-1117 logs; findings documented against case ticket.,2026-01-13T15:10:00Z
CASE-003605,SOC-005,,ALT-003605,2026-01-13T09:21:00Z,ANL-5011,MEDIUM,CLOSED,TRUE_POSITIVE,Repeated Failed Logins — True Positive,Analysed endpoint telemetry for HOST-2179 tied to T1110 detection.,2026-01-13T12:51:00Z
CASE-003606,SOC-005,,ALT-003606,2026-01-13T20:50:00Z,ANL-5006,LOW,CLOSED,TRUE_POSITIVE,Ransomware Behaviour Detected — True Positive,"Closed with minimal review — T1486 alert on HOST-4123, no further action taken.",2026-01-13T22:00:00Z
CASE-003607,SOC-005,,ALT-003607,2026-01-13T01:15:00Z,ANL-5009,MEDIUM,CLOSED,TRUE_POSITIVE,Unusual SMB Admin Share Access — True Positive,Manually reviewed HOST-4298 logs; findings documented against case ticket.,2026-01-13T03:39:00Z
CASE-003608,SOC-005,,ALT-003608,2026-01-13T12:23:00Z,ANL-5011,LOW,CLOSED,TRUE_POSITIVE,Internal Network Port Scan — True Positive,Manually reviewed HOST-2834 logs; findings documented against case ticket.,2026-01-13T16:36:00Z
CASE-003609,SOC-005,,ALT-003609,2026-01-13T11:42:00Z,ANL-5003,HIGH,CLOSED,TRUE_POSITIVE,Encoded PowerShell Command — True Positive,Investigated T1059.001 indicators on HOST-4298; no further lateral movement observed.,2026-01-13T12:50:00Z
CASE-003610,SOC-005,,ALT-003610,2026-01-13T11:37:00Z,ANL-5007,LOW,CLOSED,TRUE_POSITIVE,New Registry Run Key Entry — True Positive,Manually reviewed HOST-1816 logs; findings documented against case ticket.,2026-01-13T20:13:00Z
CASE-003611,SOC-005,,ALT-003611,2026-01-13T09:01:00Z,ANL-5009,MEDIUM,CLOSED,TRUE_POSITIVE,LSASS Memory Access — True Positive,Validated authentication logs tied to HOST-3713 to rule out credential compromise.,2026-01-13T12:02:00Z
CASE-003612,SOC-005,,ALT-003612,2026-01-13T12:52:00Z,ANL-5005,MEDIUM,CLOSED,TRUE_POSITIVE,Encoded PowerShell Command — True Positive,"Closed with minimal review — T1059.001 alert on HOST-2084, no further action taken.",2026-01-13T14:45:00Z
CASE-003613,SOC-005,INC-000123,ALT-003613,2026-01-13T02:16:00Z,ANL-5006,CRITICAL,CLOSED,TRUE_POSITIVE,Unusual Scheduled Task Created — True Positive,Validated authentication logs tied to HOST-2185 to rule out credential compromise.,2026-01-13T03:00:00Z
CASE-003614,SOC-005,,ALT-003614,2026-01-13T09:15:00Z,ANL-5007,MEDIUM,CLOSED,TRUE_POSITIVE,Ransomware Behaviour Detected — True Positive,Traced network flow from 10.76.227.243 to determine scope of T1486 activity on HOST-3848.,2026-01-13T12:36:00Z
CASE-003615,SOC-005,,ALT-003615,2026-01-13T07:42:00Z,ANL-5002,HIGH,CLOSED,TRUE_POSITIVE,LSASS Memory Access — True Positive,Reviewed escalation criteria for HOST-1420; behaviour consistent with known baseline.,2026-01-13T08:26:00Z
CASE-003616,SOC-005,,ALT-003616,2026-01-13T16:55:00Z,ANL-5009,CRITICAL,CLOSED,FALSE_POSITIVE,Internal Network Port Scan — False Positive,Investigated T1595 indicators on HOST-2156; no further lateral movement observed.,2026-01-13T17:24:00Z
CASE-003617,SOC-005,,ALT-003617,2026-01-13T09:25:00Z,ANL-5002,MEDIUM,CLOSED,TRUE_POSITIVE,Unusual Scheduled Task Created — True Positive,Reviewed T1053.005 activity on HOST-4822; correlated with source 10.128.124.74.,2026-01-13T12:16:00Z
CASE-003618,SOC-005,,ALT-003618,2026-01-13T23:30:00Z,ANL-5006,LOW,CLOSED,TRUE_POSITIVE,Large Outbound Data Transfer — True Positive,Cross-referenced 10.206.189.71 against threat intelligence feeds for HOST-1468.,2026-01-14T03:46:00Z
CASE-003619,SOC-005,,ALT-003619,2026-01-13T08:34:00Z,ANL-5005,LOW,CLOSED,FALSE_POSITIVE,LSASS Memory Access — False Positive,Reviewed escalation criteria for HOST-2656; behaviour consistent with known baseline.,2026-01-13T14:57:00Z
CASE-003620,SOC-005,,ALT-003620,2026-01-13T19:56:00Z,ANL-5005,LOW,CLOSED,TRUE_POSITIVE,Ransomware Behaviour Detected — True Positive,Manually reviewed HOST-1988 logs; findings documented against case ticket.,2026-01-14T04:16:00Z
CASE-003621,SOC-005,,ALT-003621,2026-01-13T10:48:00Z,ANL-5005,LOW,CLOSED,TRUE_POSITIVE,Unusual RDP Session — True Positive,Manually reviewed HOST-3308 logs; findings documented against case ticket.,2026-01-13T16:06:00Z
CASE-003622,SOC-005,,ALT-003622,2026-01-13T00:50:00Z,ANL-5012,LOW,CLOSED,TRUE_POSITIVE,Suspicious CMD Execution — True Positive,Validated authentication logs tied to HOST-1712 to rule out credential compromise.,2026-01-13T06:43:00Z
CASE-003623,SOC-005,,ALT-003623,2026-01-13T18:53:00Z,ANL-5001,LOW,CLOSED,TRUE_POSITIVE,New Registry Run Key Entry — True Positive,Reviewed and closed.,2026-01-14T00:54:00Z
CASE-003624,SOC-005,,ALT-003624,2026-01-13T19:37:00Z,ANL-5004,LOW,CLOSED,TRUE_POSITIVE,Large Outbound Data Transfer — True Positive,Cross-referenced 10.245.196.8 against threat intelligence feeds for HOST-3377.,2026-01-14T03:13:00Z
CASE-003625,SOC-005,,ALT-003625,2026-01-13T19:06:00Z,ANL-5008,LOW,CLOSED,TRUE_POSITIVE,Ransomware Behaviour Detected — True Positive,Confirmed T1486 alert on HOST-4158 against recent change records.,2026-01-14T02:28:00Z
CASE-003626,SOC-005,,ALT-003626,2026-01-13T05:58:00Z,ANL-5011,MEDIUM,CLOSED,TRUE_POSITIVE,Ransomware Behaviour Detected — True Positive,Analysed endpoint telemetry for HOST-4386 tied to T1486 detection.,2026-01-13T09:09:00Z
CASE-003627,SOC-005,,ALT-003627,2026-01-13T00:05:00Z,ANL-5008,HIGH,CLOSED,TRUE_POSITIVE,Password Spraying Detected — True Positive,Cross-referenced 10.115.107.127 against threat intelligence feeds for HOST-2626.,2026-01-13T01:20:00Z
CASE-003628,SOC-005,,ALT-003628,2026-01-13T09:19:00Z,ANL-5004,LOW,CLOSED,FALSE_POSITIVE,Suspicious CMD Execution — False Positive,Analysed endpoint telemetry for HOST-1997 tied to T1059.003 detection.,2026-01-13T16:10:00Z
CASE-003629,SOC-005,,ALT-003629,2026-01-13T08:38:00Z,ANL-5003,LOW,CLOSED,TRUE_POSITIVE,LSASS Memory Access — True Positive,Validated authentication logs tied to HOST-1442 to rule out credential compromise.,2026-01-13T13:07:00Z
CASE-003630,SOC-005,,ALT-003630,2026-01-13T09:24:00Z,ANL-5007,HIGH,CLOSED,TRUE_POSITIVE,Unusual RDP Session — True Positive,Checked process execution history for HOST-3732 following T1021.001 alert.,2026-01-13T10:20:00Z
CASE-003631,SOC-005,,ALT-003631,2026-01-13T19:38:00Z,ANL-5009,LOW,CLOSED,FALSE_POSITIVE,Upload to Unapproved Cloud Storage — False Positive,Investigated T1567 indicators on HOST-2156; no further lateral movement observed.,2026-01-15T10:00:00Z
CASE-003632,SOC-005,,ALT-003632,2026-01-13T01:00:00Z,ANL-5009,MEDIUM,CLOSED,FALSE_POSITIVE,Upload to Unapproved Cloud Storage — False Positive,Traced network flow from 10.22.133.92 to determine scope of T1567 activity on HOST-1612.,2026-01-13T05:23:00Z
CASE-003633,SOC-005,,ALT-003633,2026-01-13T12:04:00Z,ANL-5007,MEDIUM,CLOSED,FALSE_POSITIVE,Upload to Unapproved Cloud Storage — False Positive,Manually reviewed HOST-2716 logs; findings documented against case ticket.,2026-01-13T14:15:00Z
CASE-003634,SOC-005,,ALT-003634,2026-01-13T19:17:00Z,ANL-5001,HIGH,CLOSED,FALSE_POSITIVE,Password Spraying Detected — False Positive,Reviewed and closed.,2026-01-13T20:31:00Z
CASE-003635,SOC-005,,ALT-003635,2026-01-13T11:00:00Z,ANL-5013,MEDIUM,CLOSED,TRUE_POSITIVE,LSASS Memory Access — True Positive,Manually reviewed HOST-1506 logs; findings documented against case ticket.,2026-01-13T13:54:00Z
CASE-003636,SOC-005,,ALT-003636,2026-01-13T16:33:00Z,ANL-5007,HIGH,CLOSED,TRUE_POSITIVE,Large Outbound Data Transfer — True Positive,Manually reviewed HOST-2390 logs; findings documented against case ticket.,2026-01-13T17:44:00Z
CASE-003637,SOC-005,,ALT-003637,2026-01-13T02:16:00Z,ANL-5004,HIGH,CLOSED,TRUE_POSITIVE,Unusual SMB Admin Share Access — True Positive,Analysed endpoint telemetry for HOST-3781 tied to T1021.002 detection.,2026-01-13T03:30:00Z
CASE-003638,SOC-005,,ALT-003638,2026-01-13T07:29:00Z,ANL-5014,HIGH,CLOSED,FALSE_POSITIVE,Suspicious CMD Execution — False Positive,Reviewed escalation criteria for HOST-3142; behaviour consistent with known baseline.,2026-01-13T08:56:00Z
CASE-003639,SOC-005,,ALT-003639,2026-01-13T13:53:00Z,ANL-5007,LOW,CLOSED,TRUE_POSITIVE,Suspicious CMD Execution — True Positive,Confirmed T1059.003 alert on HOST-4654 against recent change records.,2026-01-13T19:17:00Z
CASE-003640,SOC-005,,ALT-003640,2026-01-13T09:13:00Z,ANL-5005,MEDIUM,CLOSED,FALSE_POSITIVE,New Registry Run Key Entry — False Positive,Traced network flow from 10.106.161.168 to determine scope of T1547.001 activity on HOST-1812.,2026-01-13T12:40:00Z
CASE-003641,SOC-005,,ALT-003641,2026-01-14T02:52:00Z,ANL-5005,LOW,CLOSED,TRUE_POSITIVE,Unusual SMB Admin Share Access — True Positive,"Closed with minimal review — T1021.002 alert on HOST-4225, no further action taken.",2026-01-14T04:01:00Z
CASE-003642,SOC-005,,ALT-003642,2026-01-14T02:46:00Z,ANL-5004,MEDIUM,CLOSED,TRUE_POSITIVE,Unusual SMB Admin Share Access — True Positive,Reviewed escalation criteria for HOST-1779; behaviour consistent with known baseline.,2026-01-14T05:37:00Z
CASE-003643,SOC-005,INC-000124,ALT-003643,2026-01-14T05:27:00Z,ANL-5001,CRITICAL,CLOSED,TRUE_POSITIVE,Internal Network Port Scan — True Positive,Reviewed and closed.,2026-01-14T06:17:00Z
CASE-003644,SOC-005,,ALT-003644,2026-01-14T06:47:00Z,ANL-5010,MEDIUM,CLOSED,TRUE_POSITIVE,Internal Network Port Scan — True Positive,Validated authentication logs tied to HOST-2534 to rule out credential compromise.,2026-01-14T09:13:00Z
CASE-003645,SOC-005,,ALT-003645,2026-01-14T22:20:00Z,ANL-5003,HIGH,CLOSED,FALSE_POSITIVE,Ransomware Behaviour Detected — False Positive,Manually reviewed HOST-2492 logs; findings documented against case ticket.,2026-01-14T23:35:00Z
CASE-003646,SOC-005,,ALT-003646,2026-01-14T14:12:00Z,ANL-5013,LOW,CLOSED,TRUE_POSITIVE,Ransomware Behaviour Detected — True Positive,Manually reviewed HOST-4769 logs; findings documented against case ticket.,2026-01-14T20:36:00Z
CASE-003647,SOC-005,,ALT-003647,2026-01-14T05:54:00Z,ANL-5010,LOW,CLOSED,FALSE_POSITIVE,Internal Network Port Scan — False Positive,Cross-referenced 10.221.59.143 against threat intelligence feeds for HOST-1878.,2026-01-14T11:03:00Z
CASE-003648,SOC-005,,ALT-003648,2026-01-14T19:56:00Z,ANL-5003,HIGH,CLOSED,TRUE_POSITIVE,Unusual Scheduled Task Created — True Positive,Checked process execution history for HOST-1245 following T1053.005 alert.,2026-01-14T21:16:00Z
CASE-003649,SOC-005,,ALT-003649,2026-01-14T07:11:00Z,ANL-5010,LOW,CLOSED,TRUE_POSITIVE,Internal Network Port Scan — True Positive,Reviewed T1595 activity on HOST-2216; correlated with source 10.200.12.8.,2026-01-14T14:19:00Z
CASE-003650,SOC-005,,ALT-003650,2026-01-14T23:05:00Z,ANL-5014,MEDIUM,CLOSED,TRUE_POSITIVE,Unusual SMB Admin Share Access — True Positive,Investigated T1021.002 indicators on HOST-4616; no further lateral movement observed.,2026-01-15T01:42:00Z
CASE-003651,SOC-005,,ALT-003651,2026-01-14T06:36:00Z,ANL-5014,MEDIUM,CLOSED,TRUE_POSITIVE,Unusual Scheduled Task Created — True Positive,Traced network flow from 10.148.133.27 to determine scope of T1053.005 activity on HOST-4578.,2026-01-14T10:14:00Z
CASE-003652,SOC-005,INC-000125,ALT-003652,2026-01-14T15:38:00Z,ANL-5003,CRITICAL,CLOSED,TRUE_POSITIVE,Repeated Failed Logins — True Positive,Confirmed T1110 alert on HOST-4488 against recent change records.,2026-01-14T16:11:00Z
CASE-003653,SOC-005,,ALT-003653,2026-01-14T16:12:00Z,ANL-5008,LOW,CLOSED,FALSE_POSITIVE,Ransomware Behaviour Detected — False Positive,Validated authentication logs tied to HOST-2630 to rule out credential compromise.,2026-01-14T20:19:00Z
CASE-003654,SOC-005,,ALT-003654,2026-01-14T15:23:00Z,ANL-5009,LOW,CLOSED,TRUE_POSITIVE,Unusual SMB Admin Share Access — True Positive,Confirmed T1021.002 alert on HOST-4643 against recent change records.,2026-01-14T20:03:00Z
CASE-003655,SOC-005,,ALT-003655,2026-01-14T04:29:00Z,ANL-5009,HIGH,CLOSED,FALSE_POSITIVE,Beaconing to Known C2 Domain — False Positive,Analysed endpoint telemetry for HOST-2740 tied to T1071.001 detection.,2026-01-14T05:19:00Z
CASE-003656,SOC-005,,ALT-003656,2026-01-14T17:00:00Z,ANL-5006,HIGH,CLOSED,TRUE_POSITIVE,Internal Network Port Scan — True Positive,Validated authentication logs tied to HOST-1793 to rule out credential compromise.,2026-01-14T17:48:00Z
CASE-003657,SOC-005,,ALT-003657,2026-01-14T11:24:00Z,ANL-5009,LOW,CLOSED,FALSE_POSITIVE,Ransomware Behaviour Detected — False Positive,Checked process execution history for HOST-3266 following T1486 alert.,2026-01-14T18:44:00Z
CASE-003658,SOC-005,,ALT-003658,2026-01-14T05:51:00Z,ANL-5005,LOW,CLOSED,TRUE_POSITIVE,Large Outbound Data Transfer — True Positive,Reviewed escalation criteria for HOST-2024; behaviour consistent with known baseline.,2026-01-14T13:28:00Z
CASE-003659,SOC-005,,ALT-003659,2026-01-14T16:11:00Z,ANL-5011,LOW,CLOSED,FALSE_POSITIVE,Internal Network Port Scan — False Positive,Checked process execution history for HOST-4410 following T1595 alert.,2026-01-14T22:24:00Z
CASE-003660,SOC-005,INC-000126,ALT-003660,2026-01-14T05:35:00Z,ANL-5009,CRITICAL,CLOSED,TRUE_POSITIVE,Beaconing to Known C2 Domain — True Positive,Traced network flow from 10.23.90.226 to determine scope of T1071.001 activity on HOST-2572.,2026-01-14T06:23:00Z
CASE-003661,SOC-005,,ALT-003661,2026-01-14T09:39:00Z,ANL-5001,LOW,CLOSED,TRUE_POSITIVE,Unusual RDP Session — True Positive,Reviewed and closed.,2026-01-14T17:26:00Z
CASE-003662,SOC-005,,ALT-003662,2026-01-14T12:52:00Z,ANL-5011,HIGH,CLOSED,TRUE_POSITIVE,New Registry Run Key Entry — True Positive,Traced network flow from 10.93.157.148 to determine scope of T1547.001 activity on HOST-1535.,2026-01-14T13:56:00Z
CASE-003663,SOC-005,,ALT-003663,2026-01-14T06:10:00Z,ANL-5012,LOW,CLOSED,TRUE_POSITIVE,Unusual SMB Admin Share Access — True Positive,Analysed endpoint telemetry for HOST-3909 tied to T1021.002 detection.,2026-01-14T14:07:00Z
CASE-003664,SOC-005,,ALT-003664,2026-01-14T08:16:00Z,ANL-5012,LOW,CLOSED,FALSE_POSITIVE,Unusual SMB Admin Share Access — False Positive,Traced network flow from 10.117.232.235 to determine scope of T1021.002 activity on HOST-3989.,2026-01-14T13:31:00Z
CASE-003665,SOC-005,,ALT-003665,2026-01-14T20:34:00Z,ANL-5011,HIGH,CLOSED,TRUE_POSITIVE,Suspicious Binary Download — True Positive,Manually reviewed HOST-2225 logs; findings documented against case ticket.,2026-01-14T21:27:00Z
CASE-003666,SOC-005,,ALT-003666,2026-01-14T19:48:00Z,ANL-5008,MEDIUM,CLOSED,TRUE_POSITIVE,Unusual Scheduled Task Created — True Positive,Investigated T1053.005 indicators on HOST-4760; no further lateral movement observed.,2026-01-14T21:29:00Z
CASE-003667,SOC-005,,ALT-003667,2026-01-14T23:33:00Z,ANL-5010,MEDIUM,CLOSED,TRUE_POSITIVE,Ransomware Behaviour Detected — True Positive,Cross-referenced 10.99.64.9 against threat intelligence feeds for HOST-1971.,2026-01-15T03:13:00Z
CASE-003668,SOC-005,,ALT-003668,2026-01-14T01:48:00Z,ANL-5013,MEDIUM,CLOSED,TRUE_POSITIVE,Large Outbound Data Transfer — True Positive,Validated authentication logs tied to HOST-4532 to rule out credential compromise.,2026-01-14T04:17:00Z
CASE-003669,SOC-005,INC-000127,ALT-003669,2026-01-14T18:03:00Z,ANL-5013,CRITICAL,CLOSED,TRUE_POSITIVE,Internal Network Port Scan — True Positive,Validated authentication logs tied to HOST-3082 to rule out credential compromise.,2026-01-14T18:56:00Z
CASE-003670,SOC-005,,ALT-003670,2026-01-14T11:03:00Z,ANL-5002,CRITICAL,CLOSED,TRUE_POSITIVE,Upload to Unapproved Cloud Storage — True Positive,Reviewed T1567 activity on HOST-3954; correlated with source 10.248.111.252.,2026-01-14T11:46:00Z
CASE-003671,SOC-005,,ALT-003671,2026-01-14T00:48:00Z,ANL-5011,LOW,CLOSED,TRUE_POSITIVE,Upload to Unapproved Cloud Storage — True Positive,Analysed endpoint telemetry for HOST-4363 tied to T1567 detection.,2026-01-14T19:53:00Z
CASE-003672,SOC-005,,ALT-003672,2026-01-14T13:08:00Z,ANL-5009,HIGH,CLOSED,TRUE_POSITIVE,Large Outbound Data Transfer — True Positive,Checked process execution history for HOST-2611 following T1041 alert.,2026-01-16T13:41:00Z
CASE-003673,SOC-005,,ALT-003673,2026-01-14T18:39:00Z,ANL-5013,CRITICAL,CLOSED,FALSE_POSITIVE,Ransomware Behaviour Detected — False Positive,Validated authentication logs tied to HOST-3846 to rule out credential compromise.,2026-01-14T19:34:00Z
CASE-003674,SOC-005,,ALT-003674,2026-01-14T18:38:00Z,ANL-5012,LOW,CLOSED,TRUE_POSITIVE,Large Outbound Data Transfer — True Positive,Manually reviewed HOST-4941 logs; findings documented against case ticket.,2026-01-14T23:39:00Z
CASE-003675,SOC-005,,ALT-003675,2026-01-14T14:20:00Z,ANL-5010,HIGH,CLOSED,TRUE_POSITIVE,Unusual SMB Admin Share Access — True Positive,"Closed with minimal review — T1021.002 alert on HOST-4417, no further action taken.",2026-01-14T15:36:00Z
CASE-003676,SOC-005,,ALT-003676,2026-01-14T06:20:00Z,ANL-5007,LOW,CLOSED,FALSE_POSITIVE,Internal Network Port Scan — False Positive,Checked process execution history for HOST-3580 following T1595 alert.,2026-01-14T11:10:00Z
CASE-003677,SOC-005,,ALT-003677,2026-01-14T23:27:00Z,ANL-5007,LOW,CLOSED,TRUE_POSITIVE,Ransomware Behaviour Detected — True Positive,Confirmed T1486 alert on HOST-4176 against recent change records.,2026-01-15T07:10:00Z
CASE-003678,SOC-005,,ALT-003678,2026-01-14T21:53:00Z,ANL-5004,MEDIUM,CLOSED,TRUE_POSITIVE,Suspicious Binary Download — True Positive,Reviewed T1105 activity on HOST-1683; correlated with source 10.47.139.112.,2026-01-15T00:24:00Z
CASE-003679,SOC-005,,ALT-003679,2026-01-14T03:55:00Z,ANL-5007,LOW,CLOSED,TRUE_POSITIVE,Internal Network Port Scan — True Positive,Confirmed T1595 alert on HOST-3269 against recent change records.,2026-01-14T11:32:00Z
CASE-003680,SOC-005,,ALT-003680,2026-01-14T11:46:00Z,ANL-5008,LOW,CLOSED,FALSE_POSITIVE,Suspicious CMD Execution — False Positive,Manually reviewed HOST-1546 logs; findings documented against case ticket.,2026-01-14T18:03:00Z
