escalation_id,alert_id,case_id,required,required_level,trigger_reason,initiated,initiated_at,initiated_by,target_team,completed,completed_at,delay_minutes
ESC-000001,ALT-000001,CASE-000001,True,L3,CRITICAL severity per policy,True,2026-01-01T13:37:00Z,ANL-1007,Incident Response,True,2026-01-01T13:52:00Z,38.0
ESC-000002,ALT-000002,CASE-000002,True,L2,HIGH severity per policy,True,2026-01-01T09:32:00Z,ANL-1007,Incident Response,True,2026-01-01T09:47:00Z,39.0
ESC-000003,ALT-000003,CASE-000003,True,L3,CRITICAL severity per policy,True,2026-01-01T18:44:00Z,ANL-1005,Incident Response,True,2026-01-01T18:59:00Z,31.0
ESC-000004,ALT-000004,CASE-000004,True,L2,HIGH severity per policy,True,2026-01-01T20:53:00Z,ANL-1010,Incident Response,True,2026-01-01T21:08:00Z,31.0
ESC-000005,ALT-000005,CASE-000005,False,,Not required,False,,,,False,,
ESC-000006,ALT-000006,CASE-000006,True,L2,HIGH severity per policy,True,2026-01-01T10:15:00Z,ANL-1004,Incident Response,True,2026-01-01T10:30:00Z,45.0
ESC-000007,ALT-000007,CASE-000007,False,,Not required,False,,,,False,,
ESC-000008,ALT-000008,CASE-000008,False,,Not required,False,,,,False,,
ESC-000009,ALT-000009,CASE-000009,False,,Not required,False,,,,False,,
ESC-000010,ALT-000010,CASE-000010,False,,Not required,False,,,,False,,
ESC-000011,ALT-000011,CASE-000011,False,,Not required,False,,,,False,,
ESC-000012,ALT-000012,CASE-000012,False,,Not required,False,,,,False,,
ESC-000013,ALT-000013,CASE-000013,False,,Not required,False,,,,False,,
ESC-000014,ALT-000014,CASE-000014,True,L2,HIGH severity per policy,True,2026-01-01T13:44:00Z,ANL-1011,Incident Response,True,2026-01-01T13:59:00Z,63.0
ESC-000015,ALT-000015,CASE-000015,True,L2,HIGH severity per policy,True,2026-01-01T20:12:00Z,ANL-1004,Incident Response,True,2026-01-01T20:27:00Z,51.0
ESC-000016,ALT-000016,CASE-000016,False,,Not required,False,,,,False,,
ESC-000017,ALT-000017,CASE-000017,False,,Not required,False,,,,False,,
ESC-000018,ALT-000018,CASE-000018,True,L3,CRITICAL severity per policy,True,2026-01-02T00:14:00Z,ANL-1003,Incident Response,True,2026-01-02T00:29:00Z,41.0
ESC-000019,ALT-000019,CASE-000019,False,,Not required,False,,,,False,,
ESC-000020,ALT-000020,CASE-000020,False,,Not required,False,,,,False,,
ESC-000021,ALT-000021,CASE-000021,False,,Not required,False,,,,False,,
ESC-000022,ALT-000022,CASE-000022,True,L2,HIGH severity per policy,True,2026-01-01T19:26:00Z,ANL-1001,Incident Response,True,2026-01-01T19:41:00Z,52.0
ESC-000023,ALT-000023,CASE-000023,False,,Not required,False,,,,False,,
ESC-000024,ALT-000024,CASE-000024,False,,Not required,False,,,,False,,
ESC-000025,ALT-000025,CASE-000025,False,,Not required,False,,,,False,,
ESC-000026,ALT-000026,CASE-000026,False,,Not required,False,,,,False,,
ESC-000027,ALT-000027,CASE-000027,False,,Not required,False,,,,False,,
ESC-000028,ALT-000028,CASE-000028,False,,Not required,False,,,,False,,
ESC-000029,ALT-000029,CASE-000029,True,L2,HIGH severity per policy,True,2026-01-01T11:34:00Z,ANL-1003,Incident Response,True,2026-01-01T11:49:00Z,41.0
ESC-000030,ALT-000030,CASE-000030,False,,Not required,False,,,,False,,
ESC-000031,ALT-000031,CASE-000031,False,,Not required,False,,,,False,,
ESC-000032,ALT-000032,CASE-000032,False,,Not required,False,,,,False,,
ESC-000033,ALT-000033,CASE-000033,False,,Not required,False,,,,False,,
ESC-000034,ALT-000034,CASE-000034,False,,Not required,False,,,,False,,
ESC-000035,ALT-000035,CASE-000035,True,L3,CRITICAL severity per policy,True,2026-01-01T15:18:00Z,ANL-1006,Incident Response,True,2026-01-01T15:33:00Z,14.0
ESC-000036,ALT-000036,CASE-000036,False,,Not required,False,,,,False,,
ESC-000037,ALT-000037,CASE-000037,False,,Not required,False,,,,False,,
ESC-000038,ALT-000038,CASE-000038,True,L2,HIGH severity per policy,True,2026-01-01T22:59:00Z,ANL-1008,Incident Response,True,2026-01-01T23:14:00Z,85.0
ESC-000039,ALT-000039,CASE-000039,False,,Not required,False,,,,False,,
ESC-000040,ALT-000040,CASE-000040,False,,Not required,False,,,,False,,
ESC-000041,ALT-000041,CASE-000041,True,L3,CRITICAL severity per policy,True,2026-01-02T15:40:00Z,ANL-1002,Incident Response,True,2026-01-02T15:55:00Z,41.0
ESC-000042,ALT-000042,CASE-000042,True,L2,HIGH severity per policy,True,2026-01-02T12:12:00Z,ANL-1006,Incident Response,True,2026-01-02T12:27:00Z,77.0
ESC-000043,ALT-000043,CASE-000043,False,,Not required,False,,,,False,,
ESC-000044,ALT-000044,CASE-000044,False,,Not required,False,,,,False,,
ESC-000045,ALT-000045,CASE-000045,False,,Not required,False,,,,False,,
ESC-000046,ALT-000046,CASE-000046,False,,Not required,False,,,,False,,
ESC-000047,ALT-000047,CASE-000047,False,,Not required,False,,,,False,,
ESC-000048,ALT-000048,CASE-000048,True,L3,CRITICAL severity per policy,True,2026-01-02T12:29:00Z,ANL-1006,Incident Response,True,2026-01-02T12:44:00Z,27.0
ESC-000049,ALT-000049,CASE-000049,True,L2,HIGH severity per policy,True,2026-01-02T12:14:00Z,ANL-1002,Incident Response,True,2026-01-02T12:29:00Z,81.0
ESC-000050,ALT-000050,CASE-000050,True,L2,HIGH severity per policy,True,2026-01-03T00:26:00Z,ANL-1003,Incident Response,True,2026-01-03T00:41:00Z,65.0
ESC-000051,ALT-000051,CASE-000051,False,,Not required,False,,,,False,,
ESC-000052,ALT-000052,CASE-000052,False,,Not required,False,,,,False,,
ESC-000053,ALT-000053,CASE-000053,False,,Not required,False,,,,False,,
ESC-000054,ALT-000054,CASE-000054,True,L2,HIGH severity per policy,True,2026-01-02T10:22:00Z,ANL-1011,Incident Response,True,2026-01-02T10:37:00Z,35.0
ESC-000055,ALT-000055,CASE-000055,False,,Not required,False,,,,False,,
ESC-000056,ALT-000056,CASE-000056,False,,Not required,False,,,,False,,
ESC-000057,ALT-000057,CASE-000057,False,,Not required,False,,,,False,,
ESC-000058,ALT-000058,CASE-000058,True,L2,HIGH severity per policy,True,2026-01-02T13:33:00Z,ANL-1002,Incident Response,True,2026-01-02T13:48:00Z,57.0
ESC-000059,ALT-000059,CASE-000059,False,,Not required,False,,,,False,,
ESC-000060,ALT-000060,CASE-000060,True,L2,HIGH severity per policy,True,2026-01-02T17:13:00Z,ANL-1007,Incident Response,True,2026-01-02T17:28:00Z,44.0
ESC-000061,ALT-000061,CASE-000061,False,,Not required,False,,,,False,,
ESC-000062,ALT-000062,CASE-000062,True,L2,HIGH severity per policy,True,2026-01-02T11:05:00Z,ANL-1001,Incident Response,True,2026-01-02T11:20:00Z,56.0
ESC-000063,ALT-000063,CASE-000063,False,,Not required,False,,,,False,,
ESC-000064,ALT-000064,CASE-000064,True,L3,CRITICAL severity per policy,True,2026-01-02T20:41:00Z,ANL-1009,Incident Response,True,2026-01-02T20:56:00Z,26.0
ESC-000065,ALT-000065,CASE-000065,False,,Not required,False,,,,False,,
ESC-000066,ALT-000066,CASE-000066,False,,Not required,False,,,,False,,
ESC-000067,ALT-000067,CASE-000067,True,L3,CRITICAL severity per policy,True,2026-01-02T06:20:00Z,ANL-1004,Incident Response,True,2026-01-02T06:35:00Z,40.0
ESC-000068,ALT-000068,CASE-000068,False,,Not required,False,,,,False,,
ESC-000069,ALT-000069,CASE-000069,False,,Not required,False,,,,False,,
ESC-000070,ALT-000070,CASE-000070,False,,Not required,False,,,,False,,
ESC-000071,ALT-000071,CASE-000071,True,L3,CRITICAL severity per policy,True,2026-01-02T11:09:00Z,ANL-1011,Incident Response,True,2026-01-02T11:24:00Z,38.0
ESC-000072,ALT-000072,CASE-000072,True,L3,CRITICAL severity per policy,True,2026-01-02T18:44:00Z,ANL-1009,Incident Response,True,2026-01-02T18:59:00Z,12.0
ESC-000073,ALT-000073,CASE-000073,False,,Not required,False,,,,False,,
ESC-000074,ALT-000074,CASE-000074,True,L2,HIGH severity per policy,True,2026-01-02T02:30:00Z,ANL-1006,Incident Response,True,2026-01-02T02:45:00Z,78.0
ESC-000075,ALT-000075,CASE-000075,False,,Not required,False,,,,False,,
ESC-000076,ALT-000076,CASE-000076,False,,Not required,False,,,,False,,
ESC-000077,ALT-000077,CASE-000077,True,L2,HIGH severity per policy,True,2026-01-02T15:59:00Z,ANL-1002,Incident Response,True,2026-01-02T16:14:00Z,43.0
ESC-000078,ALT-000078,CASE-000078,True,L2,HIGH severity per policy,True,2026-01-02T08:31:00Z,ANL-1001,Incident Response,True,2026-01-02T08:46:00Z,58.0
ESC-000079,ALT-000079,CASE-000079,False,,Not required,False,,,,False,,
ESC-000080,ALT-000080,CASE-000080,False,,Not required,False,,,,False,,
ESC-000081,ALT-000081,CASE-000081,False,,Not required,False,,,,False,,
ESC-000082,ALT-000082,CASE-000082,False,,Not required,False,,,,False,,
ESC-000083,ALT-000083,CASE-000083,True,L2,HIGH severity per policy,True,2026-01-04T00:34:00Z,ANL-1007,Incident Response,True,2026-01-04T00:49:00Z,79.0
ESC-000084,ALT-000084,CASE-000084,False,,Not required,False,,,,False,,
ESC-000085,ALT-000085,CASE-000085,False,,Not required,False,,,,False,,
ESC-000086,ALT-000086,CASE-000086,False,,Not required,False,,,,False,,
ESC-000087,ALT-000087,CASE-000087,False,,Not required,False,,,,False,,
ESC-000088,ALT-000088,CASE-000088,False,,Not required,False,,,,False,,
ESC-000089,ALT-000089,CASE-000089,False,,Not required,False,,,,False,,
ESC-000090,ALT-000090,CASE-000090,True,L2,HIGH severity per policy,True,2026-01-03T15:38:00Z,ANL-1002,Incident Response,True,2026-01-03T15:53:00Z,41.0
ESC-000091,ALT-000091,CASE-000091,False,,Not required,False,,,,False,,
ESC-000092,ALT-000092,CASE-000092,True,L3,CRITICAL severity per policy,True,2026-01-03T15:03:00Z,ANL-1009,Incident Response,True,2026-01-03T15:18:00Z,17.0
ESC-000093,ALT-000093,CASE-000093,False,,Not required,False,,,,False,,
ESC-000094,ALT-000094,CASE-000094,False,,Not required,False,,,,False,,
ESC-000095,ALT-000095,CASE-000095,False,,Not required,False,,,,False,,
ESC-000096,ALT-000096,CASE-000096,False,,Not required,False,,,,False,,
ESC-000097,ALT-000097,CASE-000097,False,,Not required,False,,,,False,,
ESC-000098,ALT-000098,CASE-000098,True,L2,HIGH severity per policy,True,2026-01-03T01:21:00Z,ANL-1007,Incident Response,True,2026-01-03T01:36:00Z,73.0
ESC-000099,ALT-000099,CASE-000099,True,L2,HIGH severity per policy,True,2026-01-03T03:38:00Z,ANL-1010,Incident Response,True,2026-01-03T03:53:00Z,64.0
ESC-000100,ALT-000100,CASE-000100,False,,Not required,False,,,,False,,
ESC-000101,ALT-000101,CASE-000101,False,,Not required,False,,,,False,,
ESC-000102,ALT-000102,CASE-000102,True,L3,CRITICAL severity per policy,True,2026-01-03T05:40:00Z,ANL-1004,Incident Response,True,2026-01-03T05:55:00Z,22.0
ESC-000103,ALT-000103,CASE-000103,False,,Not required,False,,,,False,,
ESC-000104,ALT-000104,CASE-000104,True,L2,HIGH severity per policy,True,2026-01-03T11:42:00Z,ANL-1005,Incident Response,True,2026-01-03T11:57:00Z,34.0
ESC-000105,ALT-000105,CASE-000105,True,L2,HIGH severity per policy,True,2026-01-03T06:04:00Z,ANL-1009,Incident Response,True,2026-01-03T06:19:00Z,62.0
ESC-000106,ALT-000106,CASE-000106,False,,Not required,False,,,,False,,
ESC-000107,ALT-000107,CASE-000107,True,L2,HIGH severity per policy,True,2026-01-03T21:06:00Z,ANL-1007,Incident Response,True,2026-01-03T21:21:00Z,39.0
ESC-000108,ALT-000108,CASE-000108,True,L2,HIGH severity per policy,True,2026-01-03T20:12:00Z,ANL-1011,Incident Response,True,2026-01-03T20:27:00Z,31.0
ESC-000109,ALT-000109,CASE-000109,True,L2,HIGH severity per policy,True,2026-01-04T03:21:00Z,ANL-1009,Incident Response,True,2026-01-04T03:36:00Z,262.0
ESC-000110,ALT-000110,CASE-000110,False,,Not required,False,,,,False,,
ESC-000111,ALT-000111,CASE-000111,False,,Not required,False,,,,False,,
ESC-000112,ALT-000112,CASE-000112,True,L2,HIGH severity per policy,True,2026-01-03T10:54:00Z,ANL-1009,Incident Response,True,2026-01-03T11:09:00Z,69.0
ESC-000113,ALT-000113,CASE-000113,True,L2,HIGH severity per policy,True,2026-01-03T02:27:00Z,ANL-1001,Incident Response,True,2026-01-03T02:42:00Z,35.0
ESC-000114,ALT-000114,CASE-000114,True,L2,HIGH severity per policy,True,2026-01-03T07:34:00Z,ANL-1004,Incident Response,True,2026-01-03T07:49:00Z,51.0
ESC-000115,ALT-000115,CASE-000115,False,,Not required,False,,,,False,,
ESC-000116,ALT-000116,CASE-000116,True,L3,CRITICAL severity per policy,True,2026-01-03T23:48:00Z,ANL-1006,Incident Response,True,2026-01-04T00:03:00Z,34.0
ESC-000117,ALT-000117,CASE-000117,True,L2,HIGH severity per policy,True,2026-01-04T00:47:00Z,ANL-1003,Incident Response,True,2026-01-04T01:02:00Z,39.0
ESC-000118,ALT-000118,CASE-000118,True,L2,HIGH severity per policy,True,2026-01-03T06:07:00Z,ANL-1008,Incident Response,True,2026-01-03T06:22:00Z,45.0
ESC-000119,ALT-000119,CASE-000119,True,L2,HIGH severity per policy,True,2026-01-03T08:16:00Z,ANL-1011,Incident Response,True,2026-01-03T08:31:00Z,85.0
ESC-000120,ALT-000120,CASE-000120,True,L2,HIGH severity per policy,True,2026-01-03T06:01:00Z,ANL-1007,Incident Response,True,2026-01-03T06:16:00Z,54.0
ESC-000121,ALT-000121,CASE-000121,True,L2,HIGH severity per policy,True,2026-01-04T04:00:00Z,ANL-1011,Incident Response,True,2026-01-04T04:15:00Z,32.0
ESC-000122,ALT-000122,CASE-000122,True,L3,CRITICAL severity per policy,True,2026-01-04T06:12:00Z,ANL-1009,Incident Response,True,2026-01-04T06:27:00Z,33.0
ESC-000123,ALT-000123,CASE-000123,True,L2,HIGH severity per policy,True,2026-01-04T21:19:00Z,ANL-1011,Incident Response,True,2026-01-04T21:34:00Z,77.0
ESC-000124,ALT-000124,CASE-000124,False,,Not required,False,,,,False,,
ESC-000125,ALT-000125,CASE-000125,False,,Not required,False,,,,False,,
ESC-000126,ALT-000126,CASE-000126,False,,Not required,False,,,,False,,
ESC-000127,ALT-000127,CASE-000127,False,,Not required,False,,,,False,,
ESC-000128,ALT-000128,CASE-000128,False,,Not required,False,,,,False,,
ESC-000129,ALT-000129,CASE-000129,False,,Not required,False,,,,False,,
ESC-000130,ALT-000130,CASE-000130,False,,Not required,False,,,,False,,
ESC-000131,ALT-000131,CASE-000131,False,,Not required,False,,,,False,,
ESC-000132,ALT-000132,CASE-000132,False,,Not required,False,,,,False,,
ESC-000133,ALT-000133,CASE-000133,False,,Not required,False,,,,False,,
ESC-000134,ALT-000134,CASE-000134,False,,Not required,False,,,,False,,
ESC-000135,ALT-000135,CASE-000135,False,,Not required,False,,,,False,,
ESC-000136,ALT-000136,CASE-000136,False,,Not required,False,,,,False,,
ESC-000137,ALT-000137,CASE-000137,False,,Not required,False,,,,False,,
ESC-000138,ALT-000138,CASE-000138,False,,Not required,False,,,,False,,
ESC-000139,ALT-000139,CASE-000139,False,,Not required,False,,,,False,,
ESC-000140,ALT-000140,CASE-000140,False,,Not required,False,,,,False,,
ESC-000141,ALT-000141,CASE-000141,True,L2,HIGH severity per policy,True,2026-01-04T22:41:00Z,ANL-1007,Incident Response,True,2026-01-04T22:56:00Z,60.0
ESC-000142,ALT-000142,CASE-000142,False,,Not required,False,,,,False,,
ESC-000143,ALT-000143,CASE-000143,False,,Not required,False,,,,False,,
ESC-000144,ALT-000144,CASE-000144,False,,Not required,False,,,,False,,
ESC-000145,ALT-000145,CASE-000145,False,,Not required,False,,,,False,,
ESC-000146,ALT-000146,CASE-000146,True,L2,HIGH severity per policy,True,2026-01-04T06:18:00Z,ANL-1003,Incident Response,True,2026-01-04T06:33:00Z,77.0
ESC-000147,ALT-000147,CASE-000147,False,,Not required,False,,,,False,,
ESC-000148,ALT-000148,CASE-000148,False,,Not required,False,,,,False,,
ESC-000149,ALT-000149,CASE-000149,True,L2,HIGH severity per policy,True,2026-01-04T09:29:00Z,ANL-1002,Incident Response,True,2026-01-04T09:44:00Z,33.0
ESC-000150,ALT-000150,CASE-000150,False,,Not required,False,,,,False,,
ESC-000151,ALT-000151,CASE-000151,False,,Not required,False,,,,False,,
ESC-000152,ALT-000152,CASE-000152,False,,Not required,False,,,,False,,
ESC-000153,ALT-000153,CASE-000153,False,,Not required,False,,,,False,,
ESC-000154,ALT-000154,CASE-000154,False,,Not required,False,,,,False,,
ESC-000155,ALT-000155,CASE-000155,False,,Not required,False,,,,False,,
ESC-000156,ALT-000156,CASE-000156,False,,Not required,False,,,,False,,
ESC-000157,ALT-000157,CASE-000157,False,,Not required,False,,,,False,,
ESC-000158,ALT-000158,CASE-000158,False,,Not required,False,,,,False,,
ESC-000159,ALT-000159,CASE-000159,True,L2,HIGH severity per policy,True,2026-01-04T23:11:00Z,ANL-1010,Incident Response,True,2026-01-04T23:26:00Z,61.0
ESC-000160,ALT-000160,CASE-000160,True,L2,HIGH severity per policy,True,2026-01-04T06:34:00Z,ANL-1007,Incident Response,True,2026-01-04T06:49:00Z,49.0
ESC-000161,ALT-000161,CASE-000161,False,,Not required,False,,,,False,,
ESC-000162,ALT-000162,CASE-000162,False,,Not required,False,,,,False,,
ESC-000163,ALT-000163,CASE-000163,False,,Not required,False,,,,False,,
ESC-000164,ALT-000164,CASE-000164,False,,Not required,False,,,,False,,
ESC-000165,ALT-000165,CASE-000165,False,,Not required,False,,,,False,,
ESC-000166,ALT-000166,CASE-000166,False,,Not required,False,,,,False,,
ESC-000167,ALT-000167,CASE-000167,False,,Not required,False,,,,False,,
ESC-000168,ALT-000168,CASE-000168,False,,Not required,False,,,,False,,
ESC-000169,ALT-000169,CASE-000169,False,,Not required,False,,,,False,,
ESC-000170,ALT-000170,CASE-000170,False,,Not required,False,,,,False,,
ESC-000171,ALT-000171,CASE-000171,True,L2,HIGH severity per policy,True,2026-01-05T13:50:00Z,ANL-1001,Incident Response,True,2026-01-05T14:05:00Z,46.0
ESC-000172,ALT-000172,CASE-000172,False,,Not required,False,,,,False,,
ESC-000173,ALT-000173,CASE-000173,True,L2,HIGH severity per policy,True,2026-01-05T11:57:00Z,ANL-1009,Incident Response,True,2026-01-05T12:12:00Z,49.0
ESC-000174,ALT-000174,CASE-000174,False,,Not required,False,,,,False,,
ESC-000175,ALT-000175,CASE-000175,False,,Not required,False,,,,False,,
ESC-000176,ALT-000176,CASE-000176,False,,Not required,False,,,,False,,
ESC-000177,ALT-000177,CASE-000177,True,L2,HIGH severity per policy,True,2026-01-05T01:23:00Z,ANL-1001,Incident Response,True,2026-01-05T01:38:00Z,71.0
ESC-000178,ALT-000178,CASE-000178,False,,Not required,False,,,,False,,
ESC-000179,ALT-000179,CASE-000179,False,,Not required,False,,,,False,,
ESC-000180,ALT-000180,CASE-000180,True,L2,HIGH severity per policy,True,2026-01-05T17:29:00Z,ANL-1004,Incident Response,True,2026-01-05T17:44:00Z,67.0
ESC-000181,ALT-000181,CASE-000181,False,,Not required,False,,,,False,,
ESC-000182,ALT-000182,CASE-000182,False,,Not required,False,,,,False,,
ESC-000183,ALT-000183,CASE-000183,False,,Not required,False,,,,False,,
ESC-000184,ALT-000184,CASE-000184,False,,Not required,False,,,,False,,
ESC-000185,ALT-000185,CASE-000185,True,L2,HIGH severity per policy,True,2026-01-05T20:16:00Z,ANL-1008,Incident Response,True,2026-01-05T20:31:00Z,63.0
ESC-000186,ALT-000186,CASE-000186,False,,Not required,False,,,,False,,
ESC-000187,ALT-000187,CASE-000187,False,,Not required,False,,,,False,,
ESC-000188,ALT-000188,CASE-000188,True,L3,CRITICAL severity per policy,True,2026-01-05T02:49:00Z,ANL-1011,Incident Response,True,2026-01-05T03:04:00Z,35.0
ESC-000189,ALT-000189,CASE-000189,False,,Not required,False,,,,False,,
ESC-000190,ALT-000190,CASE-000190,False,,Not required,False,,,,False,,
ESC-000191,ALT-000191,CASE-000191,False,,Not required,False,,,,False,,
ESC-000192,ALT-000192,CASE-000192,False,,Not required,False,,,,False,,
ESC-000193,ALT-000193,CASE-000193,True,L2,HIGH severity per policy,True,2026-01-05T08:48:00Z,ANL-1011,Incident Response,True,2026-01-05T09:03:00Z,55.0
ESC-000194,ALT-000194,CASE-000194,True,L3,CRITICAL severity per policy,True,2026-01-05T04:07:00Z,ANL-1002,Incident Response,True,2026-01-05T04:22:00Z,16.0
ESC-000195,ALT-000195,CASE-000195,False,,Not required,False,,,,False,,
ESC-000196,ALT-000196,CASE-000196,False,,Not required,False,,,,False,,
ESC-000197,ALT-000197,CASE-000197,False,,Not required,False,,,,False,,
ESC-000198,ALT-000198,CASE-000198,False,,Not required,False,,,,False,,
ESC-000199,ALT-000199,CASE-000199,False,,Not required,False,,,,False,,
ESC-000200,ALT-000200,CASE-000200,True,L3,CRITICAL severity per policy,True,2026-01-05T06:31:00Z,ANL-1011,Incident Response,True,2026-01-05T06:46:00Z,80.0
ESC-000201,ALT-000201,CASE-000201,False,,Not required,False,,,,False,,
ESC-000202,ALT-000202,CASE-000202,True,L2,HIGH severity per policy,True,2026-01-07T00:56:00Z,ANL-1003,Incident Response,True,2026-01-07T01:11:00Z,358.0
ESC-000203,ALT-000203,CASE-000203,False,,Not required,False,,,,False,,
ESC-000204,ALT-000204,CASE-000204,False,,Not required,False,,,,False,,
ESC-000205,ALT-000205,CASE-000205,False,,Not required,False,,,,False,,
ESC-000206,ALT-000206,CASE-000206,True,L2,HIGH severity per policy,True,2026-01-06T21:13:00Z,ANL-1007,Incident Response,True,2026-01-06T21:28:00Z,55.0
ESC-000207,ALT-000207,CASE-000207,False,,Not required,False,,,,False,,
ESC-000208,ALT-000208,CASE-000208,False,,Not required,False,,,,False,,
ESC-000209,ALT-000209,CASE-000209,False,,Not required,False,,,,False,,
ESC-000210,ALT-000210,CASE-000210,False,,Not required,False,,,,False,,
ESC-000211,ALT-000211,CASE-000211,False,,Not required,False,,,,False,,
ESC-000212,ALT-000212,CASE-000212,False,,Not required,False,,,,False,,
ESC-000213,ALT-000213,CASE-000213,True,L2,HIGH severity per policy,True,2026-01-06T06:51:00Z,ANL-1007,Incident Response,True,2026-01-06T07:06:00Z,49.0
ESC-000214,ALT-000214,CASE-000214,True,L2,HIGH severity per policy,True,2026-01-06T18:26:00Z,ANL-1001,Incident Response,True,2026-01-06T18:41:00Z,45.0
ESC-000215,ALT-000215,CASE-000215,True,L2,HIGH severity per policy,True,2026-01-06T22:39:00Z,ANL-1002,Incident Response,True,2026-01-06T22:54:00Z,53.0
ESC-000216,ALT-000216,CASE-000216,False,,Not required,False,,,,False,,
ESC-000217,ALT-000217,CASE-000217,False,,Not required,False,,,,False,,
ESC-000218,ALT-000218,CASE-000218,True,L2,HIGH severity per policy,True,2026-01-06T01:32:00Z,ANL-1002,Incident Response,True,2026-01-06T01:47:00Z,13.0
ESC-000219,ALT-000219,CASE-000219,True,L2,HIGH severity per policy,True,2026-01-07T01:07:00Z,ANL-1004,Incident Response,True,2026-01-07T01:22:00Z,70.0
ESC-000220,ALT-000220,CASE-000220,False,,Not required,False,,,,False,,
ESC-000221,ALT-000221,CASE-000221,False,,Not required,False,,,,False,,
ESC-000222,ALT-000222,CASE-000222,False,,Not required,False,,,,False,,
ESC-000223,ALT-000223,CASE-000223,True,L2,HIGH severity per policy,True,2026-01-06T10:52:00Z,ANL-1008,Incident Response,True,2026-01-06T11:07:00Z,62.0
ESC-000224,ALT-000224,CASE-000224,False,,Not required,False,,,,False,,
ESC-000225,ALT-000225,CASE-000225,False,,Not required,False,,,,False,,
ESC-000226,ALT-000226,CASE-000226,False,,Not required,False,,,,False,,
ESC-000227,ALT-000227,CASE-000227,False,,Not required,False,,,,False,,
ESC-000228,ALT-000228,CASE-000228,False,,Not required,False,,,,False,,
ESC-000229,ALT-000229,CASE-000229,False,,Not required,False,,,,False,,
ESC-000230,ALT-000230,CASE-000230,False,,Not required,False,,,,False,,
ESC-000231,ALT-000231,CASE-000231,False,,Not required,False,,,,False,,
ESC-000232,ALT-000232,CASE-000232,True,L3,CRITICAL severity per policy,True,2026-01-06T14:29:00Z,ANL-1011,Incident Response,True,2026-01-06T14:44:00Z,179.0
ESC-000233,ALT-000233,CASE-000233,False,,Not required,False,,,,False,,
ESC-000234,ALT-000234,CASE-000234,True,L3,CRITICAL severity per policy,True,2026-01-06T20:10:00Z,ANL-1004,Incident Response,True,2026-01-06T20:25:00Z,23.0
ESC-000235,ALT-000235,CASE-000235,False,,Not required,False,,,,False,,
ESC-000236,ALT-000236,CASE-000236,False,,Not required,False,,,,False,,
ESC-000237,ALT-000237,CASE-000237,True,L2,HIGH severity per policy,True,2026-01-06T05:33:00Z,ANL-1002,Incident Response,True,2026-01-06T05:48:00Z,68.0
ESC-000238,ALT-000238,CASE-000238,False,,Not required,False,,,,False,,
ESC-000239,ALT-000239,CASE-000239,False,,Not required,False,,,,False,,
ESC-000240,ALT-000240,CASE-000240,False,,Not required,False,,,,False,,
ESC-000241,ALT-000241,CASE-000241,False,,Not required,False,,,,False,,
ESC-000242,ALT-000242,CASE-000242,False,,Not required,False,,,,False,,
ESC-000243,ALT-000243,CASE-000243,False,,Not required,False,,,,False,,
ESC-000244,ALT-000244,CASE-000244,False,,Not required,False,,,,False,,
ESC-000245,ALT-000245,CASE-000245,False,,Not required,False,,,,False,,
ESC-000246,ALT-000246,CASE-000246,False,,Not required,False,,,,False,,
ESC-000247,ALT-000247,CASE-000247,False,,Not required,False,,,,False,,
ESC-000248,ALT-000248,CASE-000248,False,,Not required,False,,,,False,,
ESC-000249,ALT-000249,CASE-000249,True,L3,CRITICAL severity per policy,True,2026-01-07T15:19:00Z,ANL-1002,Incident Response,True,2026-01-07T15:34:00Z,18.0
ESC-000250,ALT-000250,CASE-000250,False,,Not required,False,,,,False,,
ESC-000251,ALT-000251,CASE-000251,False,,Not required,False,,,,False,,
ESC-000252,ALT-000252,CASE-000252,False,,Not required,False,,,,False,,
ESC-000253,ALT-000253,CASE-000253,False,,Not required,False,,,,False,,
ESC-000254,ALT-000254,CASE-000254,False,,Not required,False,,,,False,,
ESC-000255,ALT-000255,CASE-000255,False,,Not required,False,,,,False,,
ESC-000256,ALT-000256,CASE-000256,True,L2,HIGH severity per policy,True,2026-01-07T16:41:00Z,ANL-1005,Incident Response,True,2026-01-07T16:56:00Z,51.0
ESC-000257,ALT-000257,CASE-000257,False,,Not required,False,,,,False,,
ESC-000258,ALT-000258,CASE-000258,False,,Not required,False,,,,False,,
ESC-000259,ALT-000259,CASE-000259,True,L2,HIGH severity per policy,True,2026-01-07T14:01:00Z,ANL-1002,Incident Response,True,2026-01-07T14:16:00Z,56.0
ESC-000260,ALT-000260,CASE-000260,False,,Not required,False,,,,False,,
ESC-000261,ALT-000261,CASE-000261,True,L2,HIGH severity per policy,True,2026-01-07T03:21:00Z,ANL-1002,Incident Response,True,2026-01-07T03:36:00Z,55.0
ESC-000262,ALT-000262,CASE-000262,False,,Not required,False,,,,False,,
ESC-000263,ALT-000263,CASE-000263,False,,Not required,False,,,,False,,
ESC-000264,ALT-000264,CASE-000264,True,L2,HIGH severity per policy,True,2026-01-07T09:45:00Z,ANL-1011,Incident Response,True,2026-01-07T10:00:00Z,80.0
ESC-000265,ALT-000265,CASE-000265,False,,Not required,False,,,,False,,
ESC-000266,ALT-000266,CASE-000266,True,L2,HIGH severity per policy,True,2026-01-07T08:01:00Z,ANL-1010,Incident Response,True,2026-01-07T08:16:00Z,49.0
ESC-000267,ALT-000267,CASE-000267,False,,Not required,False,,,,False,,
ESC-000268,ALT-000268,CASE-000268,False,,Not required,False,,,,False,,
ESC-000269,ALT-000269,CASE-000269,False,,Not required,False,,,,False,,
ESC-000270,ALT-000270,CASE-000270,False,,Not required,False,,,,False,,
ESC-000271,ALT-000271,CASE-000271,False,,Not required,False,,,,False,,
ESC-000272,ALT-000272,CASE-000272,True,L3,CRITICAL severity per policy,True,2026-01-07T02:28:00Z,ANL-1010,Incident Response,True,2026-01-07T02:43:00Z,27.0
ESC-000273,ALT-000273,CASE-000273,False,,Not required,False,,,,False,,
ESC-000274,ALT-000274,CASE-000274,False,,Not required,False,,,,False,,
ESC-000275,ALT-000275,CASE-000275,False,,Not required,False,,,,False,,
ESC-000276,ALT-000276,CASE-000276,False,,Not required,False,,,,False,,
ESC-000277,ALT-000277,CASE-000277,True,L3,CRITICAL severity per policy,True,2026-01-07T19:10:00Z,ANL-1010,Incident Response,True,2026-01-07T19:25:00Z,19.0
ESC-000278,ALT-000278,CASE-000278,True,L3,CRITICAL severity per policy,True,2026-01-07T09:43:00Z,ANL-1004,Incident Response,True,2026-01-07T09:58:00Z,24.0
ESC-000279,ALT-000279,CASE-000279,False,,Not required,False,,,,False,,
ESC-000280,ALT-000280,CASE-000280,False,,Not required,False,,,,False,,
ESC-000281,ALT-000281,CASE-000281,True,L2,HIGH severity per policy,False,,,Incident Response,False,,
ESC-000282,ALT-000282,CASE-000282,False,,Not required,False,,,,False,,
ESC-000283,ALT-000283,CASE-000283,False,,Not required,False,,,,False,,
ESC-000284,ALT-000284,CASE-000284,False,,Not required,False,,,,False,,
ESC-000285,ALT-000285,CASE-000285,False,,Not required,False,,,,False,,
ESC-000286,ALT-000286,CASE-000286,False,,Not required,False,,,,False,,
ESC-000287,ALT-000287,CASE-000287,True,L3,CRITICAL severity per policy,True,2026-01-08T20:44:00Z,ANL-1004,Incident Response,True,2026-01-08T20:59:00Z,24.0
ESC-000288,ALT-000288,CASE-000288,False,,Not required,False,,,,False,,
ESC-000289,ALT-000289,CASE-000289,True,L2,HIGH severity per policy,True,2026-01-08T06:22:00Z,ANL-1004,Incident Response,True,2026-01-08T06:37:00Z,76.0
ESC-000290,ALT-000290,CASE-000290,False,,Not required,False,,,,False,,
ESC-000291,ALT-000291,CASE-000291,False,,Not required,False,,,,False,,
ESC-000292,ALT-000292,CASE-000292,True,L2,HIGH severity per policy,True,2026-01-08T16:35:00Z,ANL-1009,Incident Response,True,2026-01-08T16:50:00Z,71.0
ESC-000293,ALT-000293,CASE-000293,False,,Not required,False,,,,False,,
ESC-000294,ALT-000294,CASE-000294,True,L3,CRITICAL severity per policy,True,2026-01-08T11:24:00Z,ANL-1002,Incident Response,True,2026-01-08T11:39:00Z,19.0
ESC-000295,ALT-000295,CASE-000295,True,L2,HIGH severity per policy,True,2026-01-08T20:21:00Z,ANL-1003,Incident Response,True,2026-01-08T20:36:00Z,50.0
ESC-000296,ALT-000296,CASE-000296,True,L2,HIGH severity per policy,True,2026-01-08T16:41:00Z,ANL-1011,Incident Response,True,2026-01-08T16:56:00Z,37.0
ESC-000297,ALT-000297,CASE-000297,True,L2,HIGH severity per policy,True,2026-01-08T19:42:00Z,ANL-1003,Incident Response,True,2026-01-08T19:57:00Z,70.0
ESC-000298,ALT-000298,CASE-000298,False,,Not required,False,,,,False,,
ESC-000299,ALT-000299,CASE-000299,True,L3,CRITICAL severity per policy,True,2026-01-08T13:14:00Z,ANL-1002,Incident Response,True,2026-01-08T13:29:00Z,36.0
ESC-000300,ALT-000300,CASE-000300,False,,Not required,False,,,,False,,
ESC-000301,ALT-000301,CASE-000301,True,L2,HIGH severity per policy,True,2026-01-08T21:34:00Z,ANL-1005,Incident Response,True,2026-01-08T21:49:00Z,57.0
ESC-000302,ALT-000302,CASE-000302,False,,Not required,False,,,,False,,
ESC-000303,ALT-000303,CASE-000303,False,,Not required,False,,,,False,,
ESC-000304,ALT-000304,CASE-000304,False,,Not required,False,,,,False,,
ESC-000305,ALT-000305,CASE-000305,True,L2,HIGH severity per policy,True,2026-01-08T13:52:00Z,ANL-1001,Incident Response,True,2026-01-08T14:07:00Z,16.0
ESC-000306,ALT-000306,CASE-000306,False,,Not required,False,,,,False,,
ESC-000307,ALT-000307,CASE-000307,False,,Not required,False,,,,False,,
ESC-000308,ALT-000308,CASE-000308,True,L2,HIGH severity per policy,False,,,Incident Response,False,,
ESC-000309,ALT-000309,CASE-000309,True,L2,HIGH severity per policy,True,2026-01-08T12:20:00Z,ANL-1007,Incident Response,True,2026-01-08T12:35:00Z,59.0
ESC-000310,ALT-000310,CASE-000310,False,,Not required,False,,,,False,,
ESC-000311,ALT-000311,CASE-000311,True,L2,HIGH severity per policy,True,2026-01-08T09:27:00Z,ANL-1008,Incident Response,True,2026-01-08T09:42:00Z,73.0
ESC-000312,ALT-000312,CASE-000312,True,L2,HIGH severity per policy,True,2026-01-08T05:19:00Z,ANL-1007,Incident Response,True,2026-01-08T05:34:00Z,55.0
ESC-000313,ALT-000313,CASE-000313,False,,Not required,False,,,,False,,
ESC-000314,ALT-000314,CASE-000314,False,,Not required,False,,,,False,,
ESC-000315,ALT-000315,CASE-000315,False,,Not required,False,,,,False,,
ESC-000316,ALT-000316,CASE-000316,True,L2,HIGH severity per policy,True,2026-01-08T04:35:00Z,ANL-1009,Incident Response,True,2026-01-08T04:50:00Z,84.0
ESC-000317,ALT-000317,CASE-000317,False,,Not required,False,,,,False,,
ESC-000318,ALT-000318,CASE-000318,False,,Not required,False,,,,False,,
ESC-000319,ALT-000319,CASE-000319,False,,Not required,False,,,,False,,
ESC-000320,ALT-000320,CASE-000320,False,,Not required,False,,,,False,,
ESC-000321,ALT-000321,CASE-000321,False,,Not required,False,,,,False,,
ESC-000322,ALT-000322,CASE-000322,False,,Not required,False,,,,False,,
ESC-000323,ALT-000323,CASE-000323,False,,Not required,False,,,,False,,
ESC-000324,ALT-000324,CASE-000324,True,L3,CRITICAL severity per policy,True,2026-01-09T12:50:00Z,ANL-1005,Incident Response,True,2026-01-09T13:05:00Z,37.0
ESC-000325,ALT-000325,CASE-000325,False,,Not required,False,,,,False,,
ESC-000326,ALT-000326,CASE-000326,False,,Not required,False,,,,False,,
ESC-000327,ALT-000327,CASE-000327,False,,Not required,False,,,,False,,
ESC-000328,ALT-000328,CASE-000328,True,L2,HIGH severity per policy,True,2026-01-09T15:49:00Z,ANL-1005,Incident Response,True,2026-01-09T16:04:00Z,70.0
ESC-000329,ALT-000329,CASE-000329,False,,Not required,False,,,,False,,
ESC-000330,ALT-000330,CASE-000330,False,,Not required,False,,,,False,,
ESC-000331,ALT-000331,CASE-000331,False,,Not required,False,,,,False,,
ESC-000332,ALT-000332,CASE-000332,True,L2,HIGH severity per policy,True,2026-01-09T18:58:00Z,ANL-1002,Incident Response,True,2026-01-09T19:13:00Z,59.0
ESC-000333,ALT-000333,CASE-000333,True,L2,HIGH severity per policy,True,2026-01-09T22:20:00Z,ANL-1008,Incident Response,True,2026-01-09T22:35:00Z,60.0
ESC-000334,ALT-000334,CASE-000334,False,,Not required,False,,,,False,,
ESC-000335,ALT-000335,CASE-000335,True,L3,CRITICAL severity per policy,True,2026-01-09T12:35:00Z,ANL-1006,Incident Response,True,2026-01-09T12:50:00Z,23.0
ESC-000336,ALT-000336,CASE-000336,False,,Not required,False,,,,False,,
ESC-000337,ALT-000337,CASE-000337,False,,Not required,False,,,,False,,
ESC-000338,ALT-000338,CASE-000338,False,,Not required,False,,,,False,,
ESC-000339,ALT-000339,CASE-000339,True,L2,HIGH severity per policy,True,2026-01-09T08:38:00Z,ANL-1001,Incident Response,True,2026-01-09T08:53:00Z,263.0
ESC-000340,ALT-000340,CASE-000340,False,,Not required,False,,,,False,,
ESC-000341,ALT-000341,CASE-000341,True,L3,CRITICAL severity per policy,True,2026-01-10T00:02:00Z,ANL-1007,Incident Response,True,2026-01-10T00:17:00Z,42.0
ESC-000342,ALT-000342,CASE-000342,True,L2,HIGH severity per policy,True,2026-01-09T15:43:00Z,ANL-1011,Incident Response,True,2026-01-09T15:58:00Z,48.0
ESC-000343,ALT-000343,CASE-000343,False,,Not required,False,,,,False,,
ESC-000344,ALT-000344,CASE-000344,False,,Not required,False,,,,False,,
ESC-000345,ALT-000345,CASE-000345,False,,Not required,False,,,,False,,
ESC-000346,ALT-000346,CASE-000346,False,,Not required,False,,,,False,,
ESC-000347,ALT-000347,CASE-000347,False,,Not required,False,,,,False,,
ESC-000348,ALT-000348,CASE-000348,False,,Not required,False,,,,False,,
ESC-000349,ALT-000349,CASE-000349,False,,Not required,False,,,,False,,
ESC-000350,ALT-000350,CASE-000350,True,L2,HIGH severity per policy,False,,,Incident Response,False,,
ESC-000351,ALT-000351,CASE-000351,False,,Not required,False,,,,False,,
ESC-000352,ALT-000352,CASE-000352,False,,Not required,False,,,,False,,
ESC-000353,ALT-000353,CASE-000353,False,,Not required,False,,,,False,,
ESC-000354,ALT-000354,CASE-000354,False,,Not required,False,,,,False,,
ESC-000355,ALT-000355,CASE-000355,False,,Not required,False,,,,False,,
ESC-000356,ALT-000356,CASE-000356,False,,Not required,False,,,,False,,
ESC-000357,ALT-000357,CASE-000357,False,,Not required,False,,,,False,,
ESC-000358,ALT-000358,CASE-000358,True,L3,CRITICAL severity per policy,True,2026-01-09T09:52:00Z,ANL-1001,Incident Response,True,2026-01-09T10:07:00Z,34.0
ESC-000359,ALT-000359,CASE-000359,False,,Not required,False,,,,False,,
ESC-000360,ALT-000360,CASE-000360,False,,Not required,False,,,,False,,
ESC-000361,ALT-000361,CASE-000361,False,,Not required,False,,,,False,,
ESC-000362,ALT-000362,CASE-000362,False,,Not required,False,,,,False,,
ESC-000363,ALT-000363,CASE-000363,False,,Not required,False,,,,False,,
ESC-000364,ALT-000364,CASE-000364,False,,Not required,False,,,,False,,
ESC-000365,ALT-000365,CASE-000365,True,L3,CRITICAL severity per policy,True,2026-01-10T17:36:00Z,ANL-1009,Incident Response,True,2026-01-10T17:51:00Z,30.0
ESC-000366,ALT-000366,CASE-000366,False,,Not required,False,,,,False,,
ESC-000367,ALT-000367,CASE-000367,False,,Not required,False,,,,False,,
ESC-000368,ALT-000368,CASE-000368,False,,Not required,False,,,,False,,
ESC-000369,ALT-000369,CASE-000369,True,L2,HIGH severity per policy,False,,,Incident Response,False,,
ESC-000370,ALT-000370,CASE-000370,False,,Not required,False,,,,False,,
ESC-000371,ALT-000371,CASE-000371,False,,Not required,False,,,,False,,
ESC-000372,ALT-000372,CASE-000372,True,L2,HIGH severity per policy,False,,,Incident Response,False,,
ESC-000373,ALT-000373,CASE-000373,False,,Not required,False,,,,False,,
ESC-000374,ALT-000374,CASE-000374,False,,Not required,False,,,,False,,
ESC-000375,ALT-000375,CASE-000375,False,,Not required,False,,,,False,,
ESC-000376,ALT-000376,CASE-000376,False,,Not required,False,,,,False,,
ESC-000377,ALT-000377,CASE-000377,False,,Not required,False,,,,False,,
ESC-000378,ALT-000378,CASE-000378,False,,Not required,False,,,,False,,
ESC-000379,ALT-000379,CASE-000379,True,L3,CRITICAL severity per policy,True,2026-01-10T19:37:00Z,ANL-1003,Incident Response,True,2026-01-10T19:52:00Z,24.0
ESC-000380,ALT-000380,CASE-000380,False,,Not required,False,,,,False,,
ESC-000381,ALT-000381,CASE-000381,False,,Not required,False,,,,False,,
ESC-000382,ALT-000382,CASE-000382,True,L2,HIGH severity per policy,True,2026-01-10T02:59:00Z,ANL-1007,Incident Response,True,2026-01-10T03:14:00Z,46.0
ESC-000383,ALT-000383,CASE-000383,True,L2,HIGH severity per policy,True,2026-01-10T20:11:00Z,ANL-1009,Incident Response,True,2026-01-10T20:26:00Z,64.0
ESC-000384,ALT-000384,CASE-000384,False,,Not required,False,,,,False,,
ESC-000385,ALT-000385,CASE-000385,False,,Not required,False,,,,False,,
ESC-000386,ALT-000386,CASE-000386,True,L2,HIGH severity per policy,True,2026-01-10T13:21:00Z,ANL-1002,Incident Response,True,2026-01-10T13:36:00Z,72.0
ESC-000387,ALT-000387,CASE-000387,False,,Not required,False,,,,False,,
ESC-000388,ALT-000388,CASE-000388,False,,Not required,False,,,,False,,
ESC-000389,ALT-000389,CASE-000389,False,,Not required,False,,,,False,,
ESC-000390,ALT-000390,CASE-000390,True,L2,HIGH severity per policy,True,2026-01-10T20:29:00Z,ANL-1006,Incident Response,True,2026-01-10T20:44:00Z,42.0
ESC-000391,ALT-000391,CASE-000391,True,L3,CRITICAL severity per policy,True,2026-01-10T01:21:00Z,ANL-1009,Incident Response,True,2026-01-10T01:36:00Z,22.0
ESC-000392,ALT-000392,CASE-000392,True,L2,HIGH severity per policy,True,2026-01-10T17:51:00Z,ANL-1001,Incident Response,True,2026-01-10T18:06:00Z,47.0
ESC-000393,ALT-000393,CASE-000393,False,,Not required,False,,,,False,,
ESC-000394,ALT-000394,CASE-000394,False,,Not required,False,,,,False,,
ESC-000395,ALT-000395,CASE-000395,False,,Not required,False,,,,False,,
ESC-000396,ALT-000396,CASE-000396,False,,Not required,False,,,,False,,
ESC-000397,ALT-000397,CASE-000397,False,,Not required,False,,,,False,,
ESC-000398,ALT-000398,CASE-000398,True,L3,CRITICAL severity per policy,True,2026-01-10T20:13:00Z,ANL-1008,Incident Response,True,2026-01-10T20:28:00Z,23.0
ESC-000399,ALT-000399,CASE-000399,False,,Not required,False,,,,False,,
ESC-000400,ALT-000400,CASE-000400,False,,Not required,False,,,,False,,
ESC-000401,ALT-000401,CASE-000401,True,L2,HIGH severity per policy,True,2026-01-11T19:16:00Z,ANL-1002,Incident Response,True,2026-01-11T19:31:00Z,70.0
ESC-000402,ALT-000402,CASE-000402,False,,Not required,False,,,,False,,
ESC-000403,ALT-000403,CASE-000403,True,L2,HIGH severity per policy,True,2026-01-11T11:56:00Z,ANL-1011,Incident Response,True,2026-01-11T12:11:00Z,67.0
ESC-000404,ALT-000404,CASE-000404,True,L3,CRITICAL severity per policy,True,2026-01-11T23:14:00Z,ANL-1005,Incident Response,True,2026-01-11T23:29:00Z,31.0
ESC-000405,ALT-000405,CASE-000405,False,,Not required,False,,,,False,,
ESC-000406,ALT-000406,CASE-000406,False,,Not required,False,,,,False,,
ESC-000407,ALT-000407,CASE-000407,True,L3,CRITICAL severity per policy,True,2026-01-11T04:25:00Z,ANL-1011,Incident Response,True,2026-01-11T04:40:00Z,15.0
ESC-000408,ALT-000408,CASE-000408,False,,Not required,False,,,,False,,
ESC-000409,ALT-000409,CASE-000409,True,L2,HIGH severity per policy,True,2026-01-11T12:41:00Z,ANL-1009,Incident Response,True,2026-01-11T12:56:00Z,62.0
ESC-000410,ALT-000410,CASE-000410,False,,Not required,False,,,,False,,
ESC-000411,ALT-000411,CASE-000411,True,L2,HIGH severity per policy,True,2026-01-11T18:52:00Z,ANL-1002,Incident Response,True,2026-01-11T19:07:00Z,72.0
ESC-000412,ALT-000412,CASE-000412,False,,Not required,False,,,,False,,
ESC-000413,ALT-000413,CASE-000413,True,L3,CRITICAL severity per policy,True,2026-01-11T19:39:00Z,ANL-1009,Incident Response,True,2026-01-11T19:54:00Z,21.0
ESC-000414,ALT-000414,CASE-000414,False,,Not required,False,,,,False,,
ESC-000415,ALT-000415,CASE-000415,False,,Not required,False,,,,False,,
ESC-000416,ALT-000416,CASE-000416,False,,Not required,False,,,,False,,
ESC-000417,ALT-000417,CASE-000417,True,L3,CRITICAL severity per policy,True,2026-01-11T09:52:00Z,ANL-1003,Incident Response,True,2026-01-11T10:07:00Z,32.0
ESC-000418,ALT-000418,CASE-000418,False,,Not required,False,,,,False,,
ESC-000419,ALT-000419,CASE-000419,True,L2,HIGH severity per policy,True,2026-01-11T21:16:00Z,ANL-1009,Incident Response,True,2026-01-11T21:31:00Z,45.0
ESC-000420,ALT-000420,CASE-000420,False,,Not required,False,,,,False,,
ESC-000421,ALT-000421,CASE-000421,True,L2,HIGH severity per policy,True,2026-01-11T02:10:00Z,ANL-1007,Incident Response,True,2026-01-11T02:25:00Z,35.0
ESC-000422,ALT-000422,CASE-000422,False,,Not required,False,,,,False,,
ESC-000423,ALT-000423,CASE-000423,False,,Not required,False,,,,False,,
ESC-000424,ALT-000424,CASE-000424,False,,Not required,False,,,,False,,
ESC-000425,ALT-000425,CASE-000425,False,,Not required,False,,,,False,,
ESC-000426,ALT-000426,CASE-000426,False,,Not required,False,,,,False,,
ESC-000427,ALT-000427,CASE-000427,False,,Not required,False,,,,False,,
ESC-000428,ALT-000428,CASE-000428,True,L2,HIGH severity per policy,True,2026-01-11T10:26:00Z,ANL-1005,Incident Response,True,2026-01-11T10:41:00Z,39.0
ESC-000429,ALT-000429,CASE-000429,False,,Not required,False,,,,False,,
ESC-000430,ALT-000430,CASE-000430,False,,Not required,False,,,,False,,
ESC-000431,ALT-000431,CASE-000431,True,L3,CRITICAL severity per policy,True,2026-01-11T14:16:00Z,ANL-1003,Incident Response,True,2026-01-11T14:31:00Z,18.0
ESC-000432,ALT-000432,CASE-000432,False,,Not required,False,,,,False,,
ESC-000433,ALT-000433,CASE-000433,True,L2,HIGH severity per policy,True,2026-01-11T03:21:00Z,ANL-1008,Incident Response,True,2026-01-11T03:36:00Z,30.0
ESC-000434,ALT-000434,CASE-000434,False,,Not required,False,,,,False,,
ESC-000435,ALT-000435,CASE-000435,False,,Not required,False,,,,False,,
ESC-000436,ALT-000436,CASE-000436,True,L2,HIGH severity per policy,True,2026-01-11T16:38:00Z,ANL-1010,Incident Response,True,2026-01-11T16:53:00Z,36.0
ESC-000437,ALT-000437,CASE-000437,False,,Not required,False,,,,False,,
ESC-000438,ALT-000438,CASE-000438,False,,Not required,False,,,,False,,
ESC-000439,ALT-000439,CASE-000439,False,,Not required,False,,,,False,,
ESC-000440,ALT-000440,CASE-000440,False,,Not required,False,,,,False,,
ESC-000441,ALT-000441,CASE-000441,False,,Not required,False,,,,False,,
ESC-000442,ALT-000442,CASE-000442,False,,Not required,False,,,,False,,
ESC-000443,ALT-000443,CASE-000443,False,,Not required,False,,,,False,,
ESC-000444,ALT-000444,CASE-000444,False,,Not required,False,,,,False,,
ESC-000445,ALT-000445,CASE-000445,True,L2,HIGH severity per policy,True,2026-01-13T01:02:00Z,ANL-1010,Incident Response,True,2026-01-13T01:17:00Z,65.0
ESC-000446,ALT-000446,CASE-000446,True,L2,HIGH severity per policy,True,2026-01-13T00:54:00Z,ANL-1005,Incident Response,True,2026-01-13T01:09:00Z,78.0
ESC-000447,ALT-000447,CASE-000447,False,,Not required,False,,,,False,,
ESC-000448,ALT-000448,CASE-000448,True,L2,HIGH severity per policy,True,2026-01-12T12:43:00Z,ANL-1008,Incident Response,True,2026-01-12T12:58:00Z,55.0
ESC-000449,ALT-000449,CASE-000449,True,L2,HIGH severity per policy,True,2026-01-12T07:43:00Z,ANL-1009,Incident Response,True,2026-01-12T07:58:00Z,59.0
ESC-000450,ALT-000450,CASE-000450,False,,Not required,False,,,,False,,
ESC-000451,ALT-000451,CASE-000451,True,L3,CRITICAL severity per policy,True,2026-01-13T00:16:00Z,ANL-1005,Incident Response,True,2026-01-13T00:31:00Z,18.0
ESC-000452,ALT-000452,CASE-000452,False,,Not required,False,,,,False,,
ESC-000453,ALT-000453,CASE-000453,True,L2,HIGH severity per policy,True,2026-01-13T00:01:00Z,ANL-1009,Incident Response,True,2026-01-13T00:16:00Z,73.0
ESC-000454,ALT-000454,CASE-000454,True,L2,HIGH severity per policy,True,2026-01-12T14:27:00Z,ANL-1003,Incident Response,True,2026-01-12T14:42:00Z,35.0
ESC-000455,ALT-000455,CASE-000455,False,,Not required,False,,,,False,,
ESC-000456,ALT-000456,CASE-000456,False,,Not required,False,,,,False,,
ESC-000457,ALT-000457,CASE-000457,False,,Not required,False,,,,False,,
ESC-000458,ALT-000458,CASE-000458,False,,Not required,False,,,,False,,
ESC-000459,ALT-000459,CASE-000459,False,,Not required,False,,,,False,,
ESC-000460,ALT-000460,CASE-000460,False,,Not required,False,,,,False,,
ESC-000461,ALT-000461,CASE-000461,False,,Not required,False,,,,False,,
ESC-000462,ALT-000462,CASE-000462,False,,Not required,False,,,,False,,
ESC-000463,ALT-000463,CASE-000463,True,L2,HIGH severity per policy,True,2026-01-12T04:58:00Z,ANL-1002,Incident Response,True,2026-01-12T05:13:00Z,58.0
ESC-000464,ALT-000464,CASE-000464,True,L2,HIGH severity per policy,True,2026-01-12T10:55:00Z,ANL-1010,Incident Response,True,2026-01-12T11:10:00Z,50.0
ESC-000465,ALT-000465,CASE-000465,False,,Not required,False,,,,False,,
ESC-000466,ALT-000466,CASE-000466,False,,Not required,False,,,,False,,
ESC-000467,ALT-000467,CASE-000467,True,L2,HIGH severity per policy,True,2026-01-12T10:34:00Z,ANL-1001,Incident Response,True,2026-01-12T10:49:00Z,67.0
ESC-000468,ALT-000468,CASE-000468,True,L3,CRITICAL severity per policy,True,2026-01-12T22:36:00Z,ANL-1010,Incident Response,True,2026-01-12T22:51:00Z,34.0
ESC-000469,ALT-000469,CASE-000469,False,,Not required,False,,,,False,,
ESC-000470,ALT-000470,CASE-000470,False,,Not required,False,,,,False,,
ESC-000471,ALT-000471,CASE-000471,False,,Not required,False,,,,False,,
ESC-000472,ALT-000472,CASE-000472,False,,Not required,False,,,,False,,
ESC-000473,ALT-000473,CASE-000473,False,,Not required,False,,,,False,,
ESC-000474,ALT-000474,CASE-000474,True,L2,HIGH severity per policy,True,2026-01-12T14:56:00Z,ANL-1006,Incident Response,True,2026-01-12T15:11:00Z,74.0
ESC-000475,ALT-000475,CASE-000475,False,,Not required,False,,,,False,,
ESC-000476,ALT-000476,CASE-000476,False,,Not required,False,,,,False,,
ESC-000477,ALT-000477,CASE-000477,False,,Not required,False,,,,False,,
ESC-000478,ALT-000478,CASE-000478,False,,Not required,False,,,,False,,
ESC-000479,ALT-000479,CASE-000479,False,,Not required,False,,,,False,,
ESC-000480,ALT-000480,CASE-000480,False,,Not required,False,,,,False,,
ESC-000481,ALT-000481,CASE-000481,False,,Not required,False,,,,False,,
ESC-000482,ALT-000482,CASE-000482,False,,Not required,False,,,,False,,
ESC-000483,ALT-000483,CASE-000483,True,L2,HIGH severity per policy,True,2026-01-13T16:07:00Z,ANL-1004,Incident Response,True,2026-01-13T16:22:00Z,47.0
ESC-000484,ALT-000484,CASE-000484,False,,Not required,False,,,,False,,
ESC-000485,ALT-000485,CASE-000485,False,,Not required,False,,,,False,,
ESC-000486,ALT-000486,CASE-000486,False,,Not required,False,,,,False,,
ESC-000487,ALT-000487,CASE-000487,False,,Not required,False,,,,False,,
ESC-000488,ALT-000488,CASE-000488,False,,Not required,False,,,,False,,
ESC-000489,ALT-000489,CASE-000489,False,,Not required,False,,,,False,,
ESC-000490,ALT-000490,CASE-000490,False,,Not required,False,,,,False,,
ESC-000491,ALT-000491,CASE-000491,False,,Not required,False,,,,False,,
ESC-000492,ALT-000492,CASE-000492,False,,Not required,False,,,,False,,
ESC-000493,ALT-000493,CASE-000493,False,,Not required,False,,,,False,,
ESC-000494,ALT-000494,CASE-000494,True,L3,CRITICAL severity per policy,True,2026-01-13T15:17:00Z,ANL-1009,Incident Response,True,2026-01-13T15:32:00Z,39.0
ESC-000495,ALT-000495,CASE-000495,False,,Not required,False,,,,False,,
ESC-000496,ALT-000496,CASE-000496,False,,Not required,False,,,,False,,
ESC-000497,ALT-000497,CASE-000497,False,,Not required,False,,,,False,,
ESC-000498,ALT-000498,CASE-000498,False,,Not required,False,,,,False,,
ESC-000499,ALT-000499,CASE-000499,False,,Not required,False,,,,False,,
ESC-000500,ALT-000500,CASE-000500,False,,Not required,False,,,,False,,
ESC-000501,ALT-000501,CASE-000501,False,,Not required,False,,,,False,,
ESC-000502,ALT-000502,CASE-000502,False,,Not required,False,,,,False,,
ESC-000503,ALT-000503,CASE-000503,True,L3,CRITICAL severity per policy,True,2026-01-13T08:58:00Z,ANL-1001,Incident Response,True,2026-01-13T09:13:00Z,23.0
ESC-000504,ALT-000504,CASE-000504,True,L2,HIGH severity per policy,True,2026-01-13T05:53:00Z,ANL-1011,Incident Response,True,2026-01-13T06:08:00Z,58.0
ESC-000505,ALT-000505,CASE-000505,True,L2,HIGH severity per policy,True,2026-01-13T17:28:00Z,ANL-1006,Incident Response,True,2026-01-13T17:43:00Z,62.0
ESC-000506,ALT-000506,CASE-000506,False,,Not required,False,,,,False,,
ESC-000507,ALT-000507,CASE-000507,False,,Not required,False,,,,False,,
ESC-000508,ALT-000508,CASE-000508,False,,Not required,False,,,,False,,
ESC-000509,ALT-000509,CASE-000509,False,,Not required,False,,,,False,,
ESC-000510,ALT-000510,CASE-000510,False,,Not required,False,,,,False,,
ESC-000511,ALT-000511,CASE-000511,False,,Not required,False,,,,False,,
ESC-000512,ALT-000512,CASE-000512,False,,Not required,False,,,,False,,
ESC-000513,ALT-000513,CASE-000513,False,,Not required,False,,,,False,,
ESC-000514,ALT-000514,CASE-000514,True,L2,HIGH severity per policy,True,2026-01-13T11:17:00Z,ANL-1005,Incident Response,True,2026-01-13T11:32:00Z,266.0
ESC-000515,ALT-000515,CASE-000515,False,,Not required,False,,,,False,,
ESC-000516,ALT-000516,CASE-000516,False,,Not required,False,,,,False,,
ESC-000517,ALT-000517,CASE-000517,False,,Not required,False,,,,False,,
ESC-000518,ALT-000518,CASE-000518,False,,Not required,False,,,,False,,
ESC-000519,ALT-000519,CASE-000519,False,,Not required,False,,,,False,,
ESC-000520,ALT-000520,CASE-000520,False,,Not required,False,,,,False,,
ESC-000521,ALT-000521,CASE-000521,False,,Not required,False,,,,False,,
ESC-000522,ALT-000522,CASE-000522,False,,Not required,False,,,,False,,
ESC-000523,ALT-000523,CASE-000523,False,,Not required,False,,,,False,,
ESC-000524,ALT-000524,CASE-000524,True,L2,HIGH severity per policy,True,2026-01-14T14:03:00Z,ANL-1008,Incident Response,True,2026-01-14T14:18:00Z,60.0
ESC-000525,ALT-000525,CASE-000525,False,,Not required,False,,,,False,,
ESC-000526,ALT-000526,CASE-000526,True,L3,CRITICAL severity per policy,True,2026-01-14T22:16:00Z,ANL-1010,Incident Response,True,2026-01-14T22:31:00Z,34.0
ESC-000527,ALT-000527,CASE-000527,True,L3,CRITICAL severity per policy,True,2026-01-14T02:51:00Z,ANL-1006,Incident Response,True,2026-01-14T03:06:00Z,16.0
ESC-000528,ALT-000528,CASE-000528,False,,Not required,False,,,,False,,
ESC-000529,ALT-000529,CASE-000529,False,,Not required,False,,,,False,,
ESC-000530,ALT-000530,CASE-000530,False,,Not required,False,,,,False,,
ESC-000531,ALT-000531,CASE-000531,False,,Not required,False,,,,False,,
ESC-000532,ALT-000532,CASE-000532,True,L3,CRITICAL severity per policy,True,2026-01-14T21:07:00Z,ANL-1001,Incident Response,True,2026-01-14T21:22:00Z,39.0
ESC-000533,ALT-000533,CASE-000533,False,,Not required,False,,,,False,,
ESC-000534,ALT-000534,CASE-000534,False,,Not required,False,,,,False,,
ESC-000535,ALT-000535,CASE-000535,False,,Not required,False,,,,False,,
ESC-000536,ALT-000536,CASE-000536,False,,Not required,False,,,,False,,
ESC-000537,ALT-000537,CASE-000537,False,,Not required,False,,,,False,,
ESC-000538,ALT-000538,CASE-000538,False,,Not required,False,,,,False,,
ESC-000539,ALT-000539,CASE-000539,False,,Not required,False,,,,False,,
ESC-000540,ALT-000540,CASE-000540,False,,Not required,False,,,,False,,
ESC-000541,ALT-000541,CASE-000541,False,,Not required,False,,,,False,,
ESC-000542,ALT-000542,CASE-000542,False,,Not required,False,,,,False,,
ESC-000543,ALT-000543,CASE-000543,False,,Not required,False,,,,False,,
ESC-000544,ALT-000544,CASE-000544,False,,Not required,False,,,,False,,
ESC-000545,ALT-000545,CASE-000545,False,,Not required,False,,,,False,,
ESC-000546,ALT-000546,CASE-000546,False,,Not required,False,,,,False,,
ESC-000547,ALT-000547,CASE-000547,True,L3,CRITICAL severity per policy,True,2026-01-14T01:01:00Z,ANL-1007,Incident Response,True,2026-01-14T01:16:00Z,35.0
ESC-000548,ALT-000548,CASE-000548,False,,Not required,False,,,,False,,
ESC-000549,ALT-000549,CASE-000549,True,L2,HIGH severity per policy,True,2026-01-14T02:25:00Z,ANL-1011,Incident Response,True,2026-01-14T02:40:00Z,80.0
ESC-000550,ALT-000550,CASE-000550,False,,Not required,False,,,,False,,
ESC-000551,ALT-000551,CASE-000551,False,,Not required,False,,,,False,,
ESC-000552,ALT-000552,CASE-000552,False,,Not required,False,,,,False,,
ESC-000553,ALT-000553,CASE-000553,False,,Not required,False,,,,False,,
ESC-000554,ALT-000554,CASE-000554,False,,Not required,False,,,,False,,
ESC-000555,ALT-000555,CASE-000555,False,,Not required,False,,,,False,,
ESC-000556,ALT-000556,CASE-000556,True,L2,HIGH severity per policy,True,2026-01-14T04:03:00Z,ANL-1002,Incident Response,True,2026-01-14T04:18:00Z,53.0
ESC-000557,ALT-000557,CASE-000557,False,,Not required,False,,,,False,,
ESC-000558,ALT-000558,CASE-000558,True,L2,HIGH severity per policy,False,,,Incident Response,False,,
ESC-000559,ALT-000559,CASE-000559,False,,Not required,False,,,,False,,
ESC-000560,ALT-000560,CASE-000560,False,,Not required,False,,,,False,,
ESC-000561,ALT-000561,CASE-000561,True,L2,HIGH severity per policy,True,2026-01-01T18:03:00Z,ANL-2014,Incident Response,True,2026-01-01T18:18:00Z,40.0
ESC-000562,ALT-000562,CASE-000562,False,,Not required,False,,,,False,,
ESC-000563,ALT-000563,CASE-000563,True,L3,CRITICAL severity per policy,True,2026-01-01T06:07:00Z,ANL-2020,Incident Response,True,2026-01-01T06:22:00Z,36.0
ESC-000564,ALT-000564,CASE-000564,True,L2,HIGH severity per policy,True,2026-01-01T07:05:00Z,ANL-2008,Incident Response,True,2026-01-01T07:20:00Z,62.0
ESC-000565,ALT-000565,CASE-000565,False,,Not required,False,,,,False,,
ESC-000566,ALT-000566,CASE-000566,False,,Not required,False,,,,False,,
ESC-000567,ALT-000567,CASE-000567,False,,Not required,False,,,,False,,
ESC-000568,ALT-000568,CASE-000568,True,L3,CRITICAL severity per policy,True,2026-01-01T16:47:00Z,ANL-2020,Incident Response,True,2026-01-01T17:02:00Z,39.0
ESC-000569,ALT-000569,CASE-000569,True,L2,HIGH severity per policy,True,2026-01-01T13:50:00Z,ANL-2014,Incident Response,True,2026-01-01T14:05:00Z,46.0
ESC-000570,ALT-000570,CASE-000570,True,L2,HIGH severity per policy,True,2026-01-01T07:30:00Z,ANL-2013,Incident Response,True,2026-01-01T07:45:00Z,51.0
ESC-000571,ALT-000571,CASE-000571,False,,Not required,False,,,,False,,
ESC-000572,ALT-000572,CASE-000572,True,L2,HIGH severity per policy,True,2026-01-01T16:24:00Z,ANL-2004,Incident Response,True,2026-01-01T16:39:00Z,43.0
ESC-000573,ALT-000573,CASE-000573,True,L2,HIGH severity per policy,True,2026-01-01T17:08:00Z,ANL-2018,Incident Response,True,2026-01-01T17:23:00Z,50.0
ESC-000574,ALT-000574,CASE-000574,False,,Not required,False,,,,False,,
ESC-000575,ALT-000575,CASE-000575,False,,Not required,False,,,,False,,
ESC-000576,ALT-000576,CASE-000576,False,,Not required,False,,,,False,,
ESC-000577,ALT-000577,CASE-000577,False,,Not required,False,,,,False,,
ESC-000578,ALT-000578,CASE-000578,False,,Not required,False,,,,False,,
ESC-000579,ALT-000579,CASE-000579,False,,Not required,False,,,,False,,
ESC-000580,ALT-000580,CASE-000580,False,,Not required,False,,,,False,,
ESC-000581,ALT-000581,CASE-000581,False,,Not required,False,,,,False,,
ESC-000582,ALT-000582,CASE-000582,False,,Not required,False,,,,False,,
ESC-000583,ALT-000583,CASE-000583,False,,Not required,False,,,,False,,
ESC-000584,ALT-000584,CASE-000584,True,L2,HIGH severity per policy,True,2026-01-01T13:21:00Z,ANL-2011,Incident Response,True,2026-01-01T13:36:00Z,76.0
ESC-000585,ALT-000585,CASE-000585,False,,Not required,False,,,,False,,
ESC-000586,ALT-000586,CASE-000586,False,,Not required,False,,,,False,,
ESC-000587,ALT-000587,CASE-000587,False,,Not required,False,,,,False,,
ESC-000588,ALT-000588,CASE-000588,False,,Not required,False,,,,False,,
ESC-000589,ALT-000589,CASE-000589,False,,Not required,False,,,,False,,
ESC-000590,ALT-000590,CASE-000590,True,L2,HIGH severity per policy,True,2026-01-02T04:02:00Z,ANL-2016,Incident Response,True,2026-01-02T04:17:00Z,179.0
ESC-000591,ALT-000591,CASE-000591,True,L2,HIGH severity per policy,True,2026-01-01T16:55:00Z,ANL-2011,Incident Response,True,2026-01-01T17:10:00Z,60.0
ESC-000592,ALT-000592,CASE-000592,False,,Not required,False,,,,False,,
ESC-000593,ALT-000593,CASE-000593,False,,Not required,False,,,,False,,
ESC-000594,ALT-000594,CASE-000594,False,,Not required,False,,,,False,,
ESC-000595,ALT-000595,CASE-000595,True,L3,CRITICAL severity per policy,True,2026-01-01T23:39:00Z,ANL-2002,Incident Response,True,2026-01-01T23:54:00Z,22.0
ESC-000596,ALT-000596,CASE-000596,False,,Not required,False,,,,False,,
ESC-000597,ALT-000597,CASE-000597,False,,Not required,False,,,,False,,
ESC-000598,ALT-000598,CASE-000598,False,,Not required,False,,,,False,,
ESC-000599,ALT-000599,CASE-000599,False,,Not required,False,,,,False,,
ESC-000600,ALT-000600,CASE-000600,False,,Not required,False,,,,False,,
ESC-000601,ALT-000601,CASE-000601,False,,Not required,False,,,,False,,
ESC-000602,ALT-000602,CASE-000602,False,,Not required,False,,,,False,,
ESC-000603,ALT-000603,CASE-000603,False,,Not required,False,,,,False,,
ESC-000604,ALT-000604,CASE-000604,False,,Not required,False,,,,False,,
ESC-000605,ALT-000605,CASE-000605,False,,Not required,False,,,,False,,
ESC-000606,ALT-000606,CASE-000606,False,,Not required,False,,,,False,,
ESC-000607,ALT-000607,CASE-000607,True,L3,CRITICAL severity per policy,True,2026-01-02T03:52:00Z,ANL-2015,Incident Response,True,2026-01-02T04:07:00Z,41.0
ESC-000608,ALT-000608,CASE-000608,False,,Not required,False,,,,False,,
ESC-000609,ALT-000609,CASE-000609,False,,Not required,False,,,,False,,
ESC-000610,ALT-000610,CASE-000610,False,,Not required,False,,,,False,,
ESC-000611,ALT-000611,CASE-000611,False,,Not required,False,,,,False,,
ESC-000612,ALT-000612,CASE-000612,False,,Not required,False,,,,False,,
ESC-000613,ALT-000613,CASE-000613,True,L3,CRITICAL severity per policy,True,2026-01-02T10:10:00Z,ANL-2005,Incident Response,True,2026-01-02T10:25:00Z,25.0
ESC-000614,ALT-000614,CASE-000614,True,L2,HIGH severity per policy,False,,,Incident Response,False,,
ESC-000615,ALT-000615,CASE-000615,False,,Not required,False,,,,False,,
ESC-000616,ALT-000616,CASE-000616,False,,Not required,False,,,,False,,
ESC-000617,ALT-000617,CASE-000617,False,,Not required,False,,,,False,,
ESC-000618,ALT-000618,CASE-000618,True,L2,HIGH severity per policy,True,2026-01-02T21:36:00Z,ANL-2014,Incident Response,True,2026-01-02T21:51:00Z,74.0
ESC-000619,ALT-000619,CASE-000619,False,,Not required,False,,,,False,,
ESC-000620,ALT-000620,CASE-000620,True,L3,CRITICAL severity per policy,True,2026-01-02T01:36:00Z,ANL-2009,Incident Response,True,2026-01-02T01:51:00Z,34.0
ESC-000621,ALT-000621,CASE-000621,False,,Not required,False,,,,False,,
ESC-000622,ALT-000622,CASE-000622,False,,Not required,False,,,,False,,
ESC-000623,ALT-000623,CASE-000623,True,L2,HIGH severity per policy,True,2026-01-02T02:29:00Z,ANL-2020,Incident Response,True,2026-01-02T02:44:00Z,52.0
ESC-000624,ALT-000624,CASE-000624,False,,Not required,False,,,,False,,
ESC-000625,ALT-000625,CASE-000625,True,L2,HIGH severity per policy,True,2026-01-03T01:16:00Z,ANL-2002,Incident Response,True,2026-01-03T01:31:00Z,81.0
ESC-000626,ALT-000626,CASE-000626,False,,Not required,False,,,,False,,
ESC-000627,ALT-000627,CASE-000627,True,L2,HIGH severity per policy,True,2026-01-02T03:24:00Z,ANL-2017,Incident Response,True,2026-01-02T03:39:00Z,29.0
ESC-000628,ALT-000628,CASE-000628,False,,Not required,False,,,,False,,
ESC-000629,ALT-000629,CASE-000629,False,,Not required,False,,,,False,,
ESC-000630,ALT-000630,CASE-000630,False,,Not required,False,,,,False,,
ESC-000631,ALT-000631,CASE-000631,False,,Not required,False,,,,False,,
ESC-000632,ALT-000632,CASE-000632,False,,Not required,False,,,,False,,
ESC-000633,ALT-000633,CASE-000633,False,,Not required,False,,,,False,,
ESC-000634,ALT-000634,CASE-000634,True,L3,CRITICAL severity per policy,False,,,Incident Response,False,,
ESC-000635,ALT-000635,CASE-000635,False,,Not required,False,,,,False,,
ESC-000636,ALT-000636,CASE-000636,False,,Not required,False,,,,False,,
ESC-000637,ALT-000637,CASE-000637,False,,Not required,False,,,,False,,
ESC-000638,ALT-000638,CASE-000638,True,L3,CRITICAL severity per policy,True,2026-01-02T12:03:00Z,ANL-2009,Incident Response,True,2026-01-02T12:18:00Z,26.0
ESC-000639,ALT-000639,CASE-000639,False,,Not required,False,,,,False,,
ESC-000640,ALT-000640,CASE-000640,False,,Not required,False,,,,False,,
ESC-000641,ALT-000641,CASE-000641,False,,Not required,False,,,,False,,
ESC-000642,ALT-000642,CASE-000642,False,,Not required,False,,,,False,,
ESC-000643,ALT-000643,CASE-000643,False,,Not required,False,,,,False,,
ESC-000644,ALT-000644,CASE-000644,True,L2,HIGH severity per policy,True,2026-01-03T12:32:00Z,ANL-2019,Incident Response,True,2026-01-03T12:47:00Z,36.0
ESC-000645,ALT-000645,CASE-000645,True,L2,HIGH severity per policy,True,2026-01-03T07:51:00Z,ANL-2007,Incident Response,True,2026-01-03T08:06:00Z,55.0
ESC-000646,ALT-000646,CASE-000646,True,L2,HIGH severity per policy,True,2026-01-03T09:51:00Z,ANL-2015,Incident Response,True,2026-01-03T10:06:00Z,35.0
ESC-000647,ALT-000647,CASE-000647,False,,Not required,False,,,,False,,
ESC-000648,ALT-000648,CASE-000648,False,,Not required,False,,,,False,,
ESC-000649,ALT-000649,CASE-000649,False,,Not required,False,,,,False,,
ESC-000650,ALT-000650,CASE-000650,False,,Not required,False,,,,False,,
ESC-000651,ALT-000651,CASE-000651,False,,Not required,False,,,,False,,
ESC-000652,ALT-000652,CASE-000652,True,L3,CRITICAL severity per policy,True,2026-01-03T17:24:00Z,ANL-2004,Incident Response,True,2026-01-03T17:39:00Z,27.0
ESC-000653,ALT-000653,CASE-000653,False,,Not required,False,,,,False,,
ESC-000654,ALT-000654,CASE-000654,True,L2,HIGH severity per policy,True,2026-01-03T11:05:00Z,ANL-2024,Incident Response,True,2026-01-03T11:20:00Z,264.0
ESC-000655,ALT-000655,CASE-000655,False,,Not required,False,,,,False,,
ESC-000656,ALT-000656,CASE-000656,False,,Not required,False,,,,False,,
ESC-000657,ALT-000657,CASE-000657,False,,Not required,False,,,,False,,
ESC-000658,ALT-000658,CASE-000658,False,,Not required,False,,,,False,,
ESC-000659,ALT-000659,CASE-000659,False,,Not required,False,,,,False,,
ESC-000660,ALT-000660,CASE-000660,True,L2,HIGH severity per policy,True,2026-01-03T19:13:00Z,ANL-2013,Incident Response,True,2026-01-03T19:28:00Z,41.0
ESC-000661,ALT-000661,CASE-000661,True,L3,CRITICAL severity per policy,True,2026-01-03T12:20:00Z,ANL-2018,Incident Response,True,2026-01-03T12:35:00Z,178.0
ESC-000662,ALT-000662,CASE-000662,True,L3,CRITICAL severity per policy,True,2026-01-03T12:16:00Z,ANL-2018,Incident Response,True,2026-01-03T12:31:00Z,16.0
ESC-000663,ALT-000663,CASE-000663,False,,Not required,False,,,,False,,
ESC-000664,ALT-000664,CASE-000664,False,,Not required,False,,,,False,,
ESC-000665,ALT-000665,CASE-000665,False,,Not required,False,,,,False,,
ESC-000666,ALT-000666,CASE-000666,False,,Not required,False,,,,False,,
ESC-000667,ALT-000667,CASE-000667,False,,Not required,False,,,,False,,
ESC-000668,ALT-000668,CASE-000668,False,,Not required,False,,,,False,,
ESC-000669,ALT-000669,CASE-000669,False,,Not required,False,,,,False,,
ESC-000670,ALT-000670,CASE-000670,False,,Not required,False,,,,False,,
ESC-000671,ALT-000671,CASE-000671,False,,Not required,False,,,,False,,
ESC-000672,ALT-000672,CASE-000672,True,L2,HIGH severity per policy,True,2026-01-03T05:43:00Z,ANL-2003,Incident Response,True,2026-01-03T05:58:00Z,77.0
ESC-000673,ALT-000673,CASE-000673,False,,Not required,False,,,,False,,
ESC-000674,ALT-000674,CASE-000674,False,,Not required,False,,,,False,,
ESC-000675,ALT-000675,CASE-000675,False,,Not required,False,,,,False,,
ESC-000676,ALT-000676,CASE-000676,False,,Not required,False,,,,False,,
ESC-000677,ALT-000677,CASE-000677,False,,Not required,False,,,,False,,
ESC-000678,ALT-000678,CASE-000678,False,,Not required,False,,,,False,,
ESC-000679,ALT-000679,CASE-000679,False,,Not required,False,,,,False,,
ESC-000680,ALT-000680,CASE-000680,False,,Not required,False,,,,False,,
ESC-000681,ALT-000681,CASE-000681,True,L3,CRITICAL severity per policy,True,2026-01-04T11:48:00Z,ANL-2007,Incident Response,True,2026-01-04T12:03:00Z,40.0
ESC-000682,ALT-000682,CASE-000682,False,,Not required,False,,,,False,,
ESC-000683,ALT-000683,CASE-000683,True,L3,CRITICAL severity per policy,True,2026-01-04T06:28:00Z,ANL-2018,Incident Response,True,2026-01-04T06:43:00Z,31.0
ESC-000684,ALT-000684,CASE-000684,False,,Not required,False,,,,False,,
ESC-000685,ALT-000685,CASE-000685,True,L3,CRITICAL severity per policy,True,2026-01-04T08:25:00Z,ANL-2019,Incident Response,True,2026-01-04T08:40:00Z,28.0
ESC-000686,ALT-000686,CASE-000686,False,,Not required,False,,,,False,,
ESC-000687,ALT-000687,CASE-000687,True,L3,CRITICAL severity per policy,True,2026-01-04T23:36:00Z,ANL-2008,Incident Response,True,2026-01-04T23:51:00Z,22.0
ESC-000688,ALT-000688,CASE-000688,True,L2,HIGH severity per policy,True,2026-01-04T08:14:00Z,ANL-2005,Incident Response,True,2026-01-04T08:29:00Z,33.0
ESC-000689,ALT-000689,CASE-000689,False,,Not required,False,,,,False,,
ESC-000690,ALT-000690,CASE-000690,False,,Not required,False,,,,False,,
ESC-000691,ALT-000691,CASE-000691,False,,Not required,False,,,,False,,
ESC-000692,ALT-000692,CASE-000692,True,L2,HIGH severity per policy,True,2026-01-04T10:19:00Z,ANL-2006,Incident Response,True,2026-01-04T10:34:00Z,22.0
ESC-000693,ALT-000693,CASE-000693,False,,Not required,False,,,,False,,
ESC-000694,ALT-000694,CASE-000694,True,L3,CRITICAL severity per policy,True,2026-01-04T05:33:00Z,ANL-2022,Incident Response,True,2026-01-04T05:48:00Z,28.0
ESC-000695,ALT-000695,CASE-000695,False,,Not required,False,,,,False,,
ESC-000696,ALT-000696,CASE-000696,True,L2,HIGH severity per policy,False,,,Incident Response,False,,
ESC-000697,ALT-000697,CASE-000697,False,,Not required,False,,,,False,,
ESC-000698,ALT-000698,CASE-000698,False,,Not required,False,,,,False,,
ESC-000699,ALT-000699,CASE-000699,False,,Not required,False,,,,False,,
ESC-000700,ALT-000700,CASE-000700,False,,Not required,False,,,,False,,
ESC-000701,ALT-000701,CASE-000701,False,,Not required,False,,,,False,,
ESC-000702,ALT-000702,CASE-000702,True,L2,HIGH severity per policy,True,2026-01-04T20:33:00Z,ANL-2016,Incident Response,True,2026-01-04T20:48:00Z,53.0
ESC-000703,ALT-000703,CASE-000703,False,,Not required,False,,,,False,,
ESC-000704,ALT-000704,CASE-000704,False,,Not required,False,,,,False,,
ESC-000705,ALT-000705,CASE-000705,True,L3,CRITICAL severity per policy,True,2026-01-04T00:49:00Z,ANL-2002,Incident Response,True,2026-01-04T01:04:00Z,23.0
ESC-000706,ALT-000706,CASE-000706,False,,Not required,False,,,,False,,
ESC-000707,ALT-000707,CASE-000707,False,,Not required,False,,,,False,,
ESC-000708,ALT-000708,CASE-000708,False,,Not required,False,,,,False,,
ESC-000709,ALT-000709,CASE-000709,False,,Not required,False,,,,False,,
ESC-000710,ALT-000710,CASE-000710,False,,Not required,False,,,,False,,
ESC-000711,ALT-000711,CASE-000711,False,,Not required,False,,,,False,,
ESC-000712,ALT-000712,CASE-000712,True,L2,HIGH severity per policy,False,,,Incident Response,False,,
ESC-000713,ALT-000713,CASE-000713,True,L3,CRITICAL severity per policy,True,2026-01-04T11:14:00Z,ANL-2017,Incident Response,True,2026-01-04T11:29:00Z,173.0
ESC-000714,ALT-000714,CASE-000714,False,,Not required,False,,,,False,,
ESC-000715,ALT-000715,CASE-000715,True,L2,HIGH severity per policy,True,2026-01-04T16:58:00Z,ANL-2020,Incident Response,True,2026-01-04T17:13:00Z,24.0
ESC-000716,ALT-000716,CASE-000716,False,,Not required,False,,,,False,,
ESC-000717,ALT-000717,CASE-000717,True,L2,HIGH severity per policy,True,2026-01-04T04:04:00Z,ANL-2008,Incident Response,True,2026-01-04T04:19:00Z,73.0
ESC-000718,ALT-000718,CASE-000718,False,,Not required,False,,,,False,,
ESC-000719,ALT-000719,CASE-000719,False,,Not required,False,,,,False,,
ESC-000720,ALT-000720,CASE-000720,False,,Not required,False,,,,False,,
ESC-000721,ALT-000721,CASE-000721,False,,Not required,False,,,,False,,
ESC-000722,ALT-000722,CASE-000722,False,,Not required,False,,,,False,,
ESC-000723,ALT-000723,CASE-000723,True,L3,CRITICAL severity per policy,True,2026-01-05T08:50:00Z,ANL-2016,Incident Response,True,2026-01-05T09:05:00Z,34.0
ESC-000724,ALT-000724,CASE-000724,True,L3,CRITICAL severity per policy,True,2026-01-05T15:24:00Z,ANL-2009,Incident Response,True,2026-01-05T15:39:00Z,23.0
ESC-000725,ALT-000725,CASE-000725,False,,Not required,False,,,,False,,
ESC-000726,ALT-000726,CASE-000726,True,L3,CRITICAL severity per policy,True,2026-01-05T20:58:00Z,ANL-2013,Incident Response,True,2026-01-05T21:13:00Z,179.0
ESC-000727,ALT-000727,CASE-000727,False,,Not required,False,,,,False,,
ESC-000728,ALT-000728,CASE-000728,True,L2,HIGH severity per policy,True,2026-01-05T09:29:00Z,ANL-2009,Incident Response,True,2026-01-05T09:44:00Z,14.0
ESC-000729,ALT-000729,CASE-000729,False,,Not required,False,,,,False,,
ESC-000730,ALT-000730,CASE-000730,True,L3,CRITICAL severity per policy,True,2026-01-05T00:50:00Z,ANL-2015,Incident Response,True,2026-01-05T01:05:00Z,37.0
ESC-000731,ALT-000731,CASE-000731,True,L2,HIGH severity per policy,True,2026-01-05T04:47:00Z,ANL-2004,Incident Response,True,2026-01-05T05:02:00Z,60.0
ESC-000732,ALT-000732,CASE-000732,True,L3,CRITICAL severity per policy,True,2026-01-05T02:38:00Z,ANL-2024,Incident Response,True,2026-01-05T02:53:00Z,21.0
ESC-000733,ALT-000733,CASE-000733,True,L3,CRITICAL severity per policy,True,2026-01-05T13:39:00Z,ANL-2021,Incident Response,True,2026-01-05T13:54:00Z,27.0
ESC-000734,ALT-000734,CASE-000734,False,,Not required,False,,,,False,,
ESC-000735,ALT-000735,CASE-000735,False,,Not required,False,,,,False,,
ESC-000736,ALT-000736,CASE-000736,False,,Not required,False,,,,False,,
ESC-000737,ALT-000737,CASE-000737,False,,Not required,False,,,,False,,
ESC-000738,ALT-000738,CASE-000738,True,L3,CRITICAL severity per policy,True,2026-01-05T17:55:00Z,ANL-2016,Incident Response,True,2026-01-05T18:10:00Z,15.0
ESC-000739,ALT-000739,CASE-000739,False,,Not required,False,,,,False,,
ESC-000740,ALT-000740,CASE-000740,True,L2,HIGH severity per policy,True,2026-01-05T02:03:00Z,ANL-2005,Incident Response,True,2026-01-05T02:18:00Z,22.0
ESC-000741,ALT-000741,CASE-000741,True,L3,CRITICAL severity per policy,True,2026-01-05T08:35:00Z,ANL-2012,Incident Response,True,2026-01-05T08:50:00Z,33.0
ESC-000742,ALT-000742,CASE-000742,False,,Not required,False,,,,False,,
ESC-000743,ALT-000743,CASE-000743,False,,Not required,False,,,,False,,
ESC-000744,ALT-000744,CASE-000744,False,,Not required,False,,,,False,,
ESC-000745,ALT-000745,CASE-000745,True,L3,CRITICAL severity per policy,True,2026-01-05T23:33:00Z,ANL-2013,Incident Response,True,2026-01-05T23:48:00Z,36.0
ESC-000746,ALT-000746,CASE-000746,False,,Not required,False,,,,False,,
ESC-000747,ALT-000747,CASE-000747,False,,Not required,False,,,,False,,
ESC-000748,ALT-000748,CASE-000748,True,L3,CRITICAL severity per policy,True,2026-01-05T02:36:00Z,ANL-2012,Incident Response,True,2026-01-05T02:51:00Z,19.0
ESC-000749,ALT-000749,CASE-000749,False,,Not required,False,,,,False,,
ESC-000750,ALT-000750,CASE-000750,True,L2,HIGH severity per policy,True,2026-01-05T15:53:00Z,ANL-2017,Incident Response,True,2026-01-05T16:08:00Z,46.0
ESC-000751,ALT-000751,CASE-000751,False,,Not required,False,,,,False,,
ESC-000752,ALT-000752,CASE-000752,True,L2,HIGH severity per policy,True,2026-01-05T17:00:00Z,ANL-2001,Incident Response,True,2026-01-05T17:15:00Z,52.0
ESC-000753,ALT-000753,CASE-000753,True,L2,HIGH severity per policy,True,2026-01-05T22:43:00Z,ANL-2003,Incident Response,True,2026-01-05T22:58:00Z,69.0
ESC-000754,ALT-000754,CASE-000754,True,L2,HIGH severity per policy,True,2026-01-06T00:42:00Z,ANL-2004,Incident Response,True,2026-01-06T00:57:00Z,42.0
ESC-000755,ALT-000755,CASE-000755,False,,Not required,False,,,,False,,
ESC-000756,ALT-000756,CASE-000756,True,L2,HIGH severity per policy,True,2026-01-05T11:27:00Z,ANL-2008,Incident Response,True,2026-01-05T11:42:00Z,54.0
ESC-000757,ALT-000757,CASE-000757,False,,Not required,False,,,,False,,
ESC-000758,ALT-000758,CASE-000758,False,,Not required,False,,,,False,,
ESC-000759,ALT-000759,CASE-000759,True,L2,HIGH severity per policy,True,2026-01-05T22:29:00Z,ANL-2013,Incident Response,True,2026-01-05T22:44:00Z,41.0
ESC-000760,ALT-000760,CASE-000760,False,,Not required,False,,,,False,,
ESC-000761,ALT-000761,CASE-000761,True,L2,HIGH severity per policy,True,2026-01-06T11:41:00Z,ANL-2015,Incident Response,True,2026-01-06T11:56:00Z,50.0
ESC-000762,ALT-000762,CASE-000762,True,L2,HIGH severity per policy,True,2026-01-06T23:44:00Z,ANL-2001,Incident Response,True,2026-01-06T23:59:00Z,36.0
ESC-000763,ALT-000763,CASE-000763,False,,Not required,False,,,,False,,
ESC-000764,ALT-000764,CASE-000764,False,,Not required,False,,,,False,,
ESC-000765,ALT-000765,CASE-000765,False,,Not required,False,,,,False,,
ESC-000766,ALT-000766,CASE-000766,False,,Not required,False,,,,False,,
ESC-000767,ALT-000767,CASE-000767,False,,Not required,False,,,,False,,
ESC-000768,ALT-000768,CASE-000768,False,,Not required,False,,,,False,,
ESC-000769,ALT-000769,CASE-000769,False,,Not required,False,,,,False,,
ESC-000770,ALT-000770,CASE-000770,True,L2,HIGH severity per policy,True,2026-01-06T10:13:00Z,ANL-2009,Incident Response,True,2026-01-06T10:28:00Z,76.0
ESC-000771,ALT-000771,CASE-000771,False,,Not required,False,,,,False,,
ESC-000772,ALT-000772,CASE-000772,False,,Not required,False,,,,False,,
ESC-000773,ALT-000773,CASE-000773,False,,Not required,False,,,,False,,
ESC-000774,ALT-000774,CASE-000774,False,,Not required,False,,,,False,,
ESC-000775,ALT-000775,CASE-000775,True,L3,CRITICAL severity per policy,True,2026-01-06T23:02:00Z,ANL-2023,Incident Response,True,2026-01-06T23:17:00Z,24.0
ESC-000776,ALT-000776,CASE-000776,False,,Not required,False,,,,False,,
ESC-000777,ALT-000777,CASE-000777,False,,Not required,False,,,,False,,
ESC-000778,ALT-000778,CASE-000778,True,L2,HIGH severity per policy,True,2026-01-06T20:35:00Z,ANL-2005,Incident Response,True,2026-01-06T20:50:00Z,74.0
ESC-000779,ALT-000779,CASE-000779,False,,Not required,False,,,,False,,
ESC-000780,ALT-000780,CASE-000780,True,L3,CRITICAL severity per policy,True,2026-01-06T04:49:00Z,ANL-2023,Incident Response,True,2026-01-06T05:04:00Z,24.0
ESC-000781,ALT-000781,CASE-000781,False,,Not required,False,,,,False,,
ESC-000782,ALT-000782,CASE-000782,False,,Not required,False,,,,False,,
ESC-000783,ALT-000783,CASE-000783,False,,Not required,False,,,,False,,
ESC-000784,ALT-000784,CASE-000784,False,,Not required,False,,,,False,,
ESC-000785,ALT-000785,CASE-000785,True,L2,HIGH severity per policy,True,2026-01-06T20:42:00Z,ANL-2002,Incident Response,True,2026-01-06T20:57:00Z,61.0
ESC-000786,ALT-000786,CASE-000786,False,,Not required,False,,,,False,,
ESC-000787,ALT-000787,CASE-000787,False,,Not required,False,,,,False,,
ESC-000788,ALT-000788,CASE-000788,False,,Not required,False,,,,False,,
ESC-000789,ALT-000789,CASE-000789,False,,Not required,False,,,,False,,
ESC-000790,ALT-000790,CASE-000790,False,,Not required,False,,,,False,,
ESC-000791,ALT-000791,CASE-000791,False,,Not required,False,,,,False,,
ESC-000792,ALT-000792,CASE-000792,False,,Not required,False,,,,False,,
ESC-000793,ALT-000793,CASE-000793,False,,Not required,False,,,,False,,
ESC-000794,ALT-000794,CASE-000794,False,,Not required,False,,,,False,,
ESC-000795,ALT-000795,CASE-000795,False,,Not required,False,,,,False,,
ESC-000796,ALT-000796,CASE-000796,False,,Not required,False,,,,False,,
ESC-000797,ALT-000797,CASE-000797,False,,Not required,False,,,,False,,
ESC-000798,ALT-000798,CASE-000798,True,L2,HIGH severity per policy,True,2026-01-06T21:02:00Z,ANL-2020,Incident Response,True,2026-01-06T21:17:00Z,69.0
ESC-000799,ALT-000799,CASE-000799,False,,Not required,False,,,,False,,
ESC-000800,ALT-000800,CASE-000800,False,,Not required,False,,,,False,,
ESC-000801,ALT-000801,CASE-000801,False,,Not required,False,,,,False,,
ESC-000802,ALT-000802,CASE-000802,True,L2,HIGH severity per policy,True,2026-01-07T10:09:00Z,ANL-2010,Incident Response,True,2026-01-07T10:24:00Z,36.0
ESC-000803,ALT-000803,CASE-000803,False,,Not required,False,,,,False,,
ESC-000804,ALT-000804,CASE-000804,False,,Not required,False,,,,False,,
ESC-000805,ALT-000805,CASE-000805,False,,Not required,False,,,,False,,
ESC-000806,ALT-000806,CASE-000806,False,,Not required,False,,,,False,,
ESC-000807,ALT-000807,CASE-000807,True,L2,HIGH severity per policy,True,2026-01-08T00:54:00Z,ANL-2002,Incident Response,True,2026-01-08T01:09:00Z,52.0
ESC-000808,ALT-000808,CASE-000808,True,L2,HIGH severity per policy,True,2026-01-07T10:03:00Z,ANL-2007,Incident Response,True,2026-01-07T10:18:00Z,175.0
ESC-000809,ALT-000809,CASE-000809,False,,Not required,False,,,,False,,
ESC-000810,ALT-000810,CASE-000810,False,,Not required,False,,,,False,,
ESC-000811,ALT-000811,CASE-000811,False,,Not required,False,,,,False,,
ESC-000812,ALT-000812,CASE-000812,False,,Not required,False,,,,False,,
ESC-000813,ALT-000813,CASE-000813,False,,Not required,False,,,,False,,
ESC-000814,ALT-000814,CASE-000814,False,,Not required,False,,,,False,,
ESC-000815,ALT-000815,CASE-000815,False,,Not required,False,,,,False,,
ESC-000816,ALT-000816,CASE-000816,True,L2,HIGH severity per policy,True,2026-01-07T13:25:00Z,ANL-2005,Incident Response,True,2026-01-07T13:40:00Z,70.0
ESC-000817,ALT-000817,CASE-000817,False,,Not required,False,,,,False,,
ESC-000818,ALT-000818,CASE-000818,False,,Not required,False,,,,False,,
ESC-000819,ALT-000819,CASE-000819,True,L3,CRITICAL severity per policy,True,2026-01-07T16:29:00Z,ANL-2016,Incident Response,True,2026-01-07T16:44:00Z,29.0
ESC-000820,ALT-000820,CASE-000820,False,,Not required,False,,,,False,,
ESC-000821,ALT-000821,CASE-000821,False,,Not required,False,,,,False,,
ESC-000822,ALT-000822,CASE-000822,True,L3,CRITICAL severity per policy,True,2026-01-07T10:50:00Z,ANL-2019,Incident Response,True,2026-01-07T11:05:00Z,13.0
ESC-000823,ALT-000823,CASE-000823,True,L3,CRITICAL severity per policy,True,2026-01-08T00:10:00Z,ANL-2023,Incident Response,True,2026-01-08T00:25:00Z,26.0
ESC-000824,ALT-000824,CASE-000824,False,,Not required,False,,,,False,,
ESC-000825,ALT-000825,CASE-000825,True,L3,CRITICAL severity per policy,False,,,Incident Response,False,,
ESC-000826,ALT-000826,CASE-000826,False,,Not required,False,,,,False,,
ESC-000827,ALT-000827,CASE-000827,False,,Not required,False,,,,False,,
ESC-000828,ALT-000828,CASE-000828,False,,Not required,False,,,,False,,
ESC-000829,ALT-000829,CASE-000829,False,,Not required,False,,,,False,,
ESC-000830,ALT-000830,CASE-000830,False,,Not required,False,,,,False,,
ESC-000831,ALT-000831,CASE-000831,True,L2,HIGH severity per policy,True,2026-01-07T07:17:00Z,ANL-2017,Incident Response,True,2026-01-07T07:32:00Z,50.0
ESC-000832,ALT-000832,CASE-000832,True,L2,HIGH severity per policy,True,2026-01-08T00:43:00Z,ANL-2018,Incident Response,True,2026-01-08T00:58:00Z,84.0
ESC-000833,ALT-000833,CASE-000833,False,,Not required,False,,,,False,,
ESC-000834,ALT-000834,CASE-000834,True,L2,HIGH severity per policy,True,2026-01-07T06:02:00Z,ANL-2017,Incident Response,True,2026-01-07T06:17:00Z,174.0
ESC-000835,ALT-000835,CASE-000835,True,L2,HIGH severity per policy,False,,,Incident Response,False,,
ESC-000836,ALT-000836,CASE-000836,True,L2,HIGH severity per policy,True,2026-01-07T21:38:00Z,ANL-2004,Incident Response,True,2026-01-07T21:53:00Z,264.0
ESC-000837,ALT-000837,CASE-000837,True,L3,CRITICAL severity per policy,True,2026-01-07T04:47:00Z,ANL-2005,Incident Response,True,2026-01-07T05:02:00Z,29.0
ESC-000838,ALT-000838,CASE-000838,False,,Not required,False,,,,False,,
ESC-000839,ALT-000839,CASE-000839,False,,Not required,False,,,,False,,
ESC-000840,ALT-000840,CASE-000840,True,L2,HIGH severity per policy,True,2026-01-07T21:24:00Z,ANL-2016,Incident Response,True,2026-01-07T21:39:00Z,16.0
ESC-000841,ALT-000841,CASE-000841,False,,Not required,False,,,,False,,
ESC-000842,ALT-000842,CASE-000842,False,,Not required,False,,,,False,,
ESC-000843,ALT-000843,CASE-000843,False,,Not required,False,,,,False,,
ESC-000844,ALT-000844,CASE-000844,True,L3,CRITICAL severity per policy,True,2026-01-08T00:38:00Z,ANL-2014,Incident Response,True,2026-01-08T00:53:00Z,25.0
ESC-000845,ALT-000845,CASE-000845,False,,Not required,False,,,,False,,
ESC-000846,ALT-000846,CASE-000846,True,L3,CRITICAL severity per policy,False,,,Incident Response,False,,
ESC-000847,ALT-000847,CASE-000847,True,L2,HIGH severity per policy,True,2026-01-08T01:26:00Z,ANL-2005,Incident Response,True,2026-01-08T01:41:00Z,30.0
ESC-000848,ALT-000848,CASE-000848,False,,Not required,False,,,,False,,
ESC-000849,ALT-000849,CASE-000849,True,L2,HIGH severity per policy,True,2026-01-08T03:43:00Z,ANL-2005,Incident Response,True,2026-01-08T03:58:00Z,71.0
ESC-000850,ALT-000850,CASE-000850,True,L2,HIGH severity per policy,True,2026-01-08T07:06:00Z,ANL-2019,Incident Response,True,2026-01-08T07:21:00Z,51.0
ESC-000851,ALT-000851,CASE-000851,True,L2,HIGH severity per policy,True,2026-01-08T09:44:00Z,ANL-2010,Incident Response,True,2026-01-08T09:59:00Z,45.0
ESC-000852,ALT-000852,CASE-000852,False,,Not required,False,,,,False,,
ESC-000853,ALT-000853,CASE-000853,False,,Not required,False,,,,False,,
ESC-000854,ALT-000854,CASE-000854,False,,Not required,False,,,,False,,
ESC-000855,ALT-000855,CASE-000855,False,,Not required,False,,,,False,,
ESC-000856,ALT-000856,CASE-000856,False,,Not required,False,,,,False,,
ESC-000857,ALT-000857,CASE-000857,False,,Not required,False,,,,False,,
ESC-000858,ALT-000858,CASE-000858,False,,Not required,False,,,,False,,
ESC-000859,ALT-000859,CASE-000859,False,,Not required,False,,,,False,,
ESC-000860,ALT-000860,CASE-000860,False,,Not required,False,,,,False,,
ESC-000861,ALT-000861,CASE-000861,False,,Not required,False,,,,False,,
ESC-000862,ALT-000862,CASE-000862,True,L2,HIGH severity per policy,False,,,Incident Response,False,,
ESC-000863,ALT-000863,CASE-000863,True,L3,CRITICAL severity per policy,True,2026-01-08T13:12:00Z,ANL-2007,Incident Response,True,2026-01-08T13:27:00Z,13.0
ESC-000864,ALT-000864,CASE-000864,True,L2,HIGH severity per policy,True,2026-01-08T19:07:00Z,ANL-2010,Incident Response,True,2026-01-08T19:22:00Z,23.0
ESC-000865,ALT-000865,CASE-000865,False,,Not required,False,,,,False,,
ESC-000866,ALT-000866,CASE-000866,True,L2,HIGH severity per policy,True,2026-01-08T10:36:00Z,ANL-2014,Incident Response,True,2026-01-08T10:51:00Z,353.0
ESC-000867,ALT-000867,CASE-000867,True,L2,HIGH severity per policy,True,2026-01-08T02:25:00Z,ANL-2010,Incident Response,True,2026-01-08T02:40:00Z,67.0
ESC-000868,ALT-000868,CASE-000868,False,,Not required,False,,,,False,,
ESC-000869,ALT-000869,CASE-000869,True,L3,CRITICAL severity per policy,True,2026-01-08T19:57:00Z,ANL-2014,Incident Response,True,2026-01-08T20:12:00Z,36.0
ESC-000870,ALT-000870,CASE-000870,False,,Not required,False,,,,False,,
ESC-000871,ALT-000871,CASE-000871,True,L2,HIGH severity per policy,True,2026-01-09T00:35:00Z,ANL-2003,Incident Response,True,2026-01-09T00:50:00Z,62.0
ESC-000872,ALT-000872,CASE-000872,False,,Not required,False,,,,False,,
ESC-000873,ALT-000873,CASE-000873,True,L3,CRITICAL severity per policy,False,,,Incident Response,False,,
ESC-000874,ALT-000874,CASE-000874,True,L2,HIGH severity per policy,True,2026-01-08T07:06:00Z,ANL-2008,Incident Response,True,2026-01-08T07:21:00Z,71.0
ESC-000875,ALT-000875,CASE-000875,False,,Not required,False,,,,False,,
ESC-000876,ALT-000876,CASE-000876,False,,Not required,False,,,,False,,
ESC-000877,ALT-000877,CASE-000877,True,L2,HIGH severity per policy,True,2026-01-08T05:54:00Z,ANL-2002,Incident Response,True,2026-01-08T06:09:00Z,65.0
ESC-000878,ALT-000878,CASE-000878,True,L3,CRITICAL severity per policy,True,2026-01-08T12:15:00Z,ANL-2019,Incident Response,True,2026-01-08T12:30:00Z,33.0
ESC-000879,ALT-000879,CASE-000879,False,,Not required,False,,,,False,,
ESC-000880,ALT-000880,CASE-000880,True,L2,HIGH severity per policy,True,2026-01-08T07:11:00Z,ANL-2010,Incident Response,True,2026-01-08T07:26:00Z,351.0
ESC-000881,ALT-000881,CASE-000881,False,,Not required,False,,,,False,,
ESC-000882,ALT-000882,CASE-000882,False,,Not required,False,,,,False,,
ESC-000883,ALT-000883,CASE-000883,False,,Not required,False,,,,False,,
ESC-000884,ALT-000884,CASE-000884,False,,Not required,False,,,,False,,
ESC-000885,ALT-000885,CASE-000885,False,,Not required,False,,,,False,,
ESC-000886,ALT-000886,CASE-000886,True,L3,CRITICAL severity per policy,True,2026-01-09T14:27:00Z,ANL-2014,Incident Response,True,2026-01-09T14:42:00Z,33.0
ESC-000887,ALT-000887,CASE-000887,False,,Not required,False,,,,False,,
ESC-000888,ALT-000888,CASE-000888,False,,Not required,False,,,,False,,
ESC-000889,ALT-000889,CASE-000889,True,L3,CRITICAL severity per policy,True,2026-01-09T18:22:00Z,ANL-2009,Incident Response,True,2026-01-09T18:37:00Z,26.0
ESC-000890,ALT-000890,CASE-000890,False,,Not required,False,,,,False,,
ESC-000891,ALT-000891,CASE-000891,False,,Not required,False,,,,False,,
ESC-000892,ALT-000892,CASE-000892,False,,Not required,False,,,,False,,
ESC-000893,ALT-000893,CASE-000893,True,L3,CRITICAL severity per policy,True,2026-01-09T19:21:00Z,ANL-2005,Incident Response,True,2026-01-09T19:36:00Z,43.0
ESC-000894,ALT-000894,CASE-000894,True,L2,HIGH severity per policy,True,2026-01-09T16:52:00Z,ANL-2024,Incident Response,True,2026-01-09T17:07:00Z,76.0
ESC-000895,ALT-000895,CASE-000895,True,L2,HIGH severity per policy,True,2026-01-09T22:39:00Z,ANL-2001,Incident Response,True,2026-01-09T22:54:00Z,179.0
ESC-000896,ALT-000896,CASE-000896,False,,Not required,False,,,,False,,
ESC-000897,ALT-000897,CASE-000897,False,,Not required,False,,,,False,,
ESC-000898,ALT-000898,CASE-000898,False,,Not required,False,,,,False,,
ESC-000899,ALT-000899,CASE-000899,False,,Not required,False,,,,False,,
ESC-000900,ALT-000900,CASE-000900,True,L2,HIGH severity per policy,False,,,Incident Response,False,,
ESC-000901,ALT-000901,CASE-000901,False,,Not required,False,,,,False,,
ESC-000902,ALT-000902,CASE-000902,True,L3,CRITICAL severity per policy,True,2026-01-09T18:01:00Z,ANL-2007,Incident Response,True,2026-01-09T18:16:00Z,27.0
ESC-000903,ALT-000903,CASE-000903,False,,Not required,False,,,,False,,
ESC-000904,ALT-000904,CASE-000904,True,L3,CRITICAL severity per policy,True,2026-01-09T19:08:00Z,ANL-2021,Incident Response,True,2026-01-09T19:23:00Z,19.0
ESC-000905,ALT-000905,CASE-000905,True,L2,HIGH severity per policy,False,,,Incident Response,False,,
ESC-000906,ALT-000906,CASE-000906,False,,Not required,False,,,,False,,
ESC-000907,ALT-000907,CASE-000907,False,,Not required,False,,,,False,,
ESC-000908,ALT-000908,CASE-000908,False,,Not required,False,,,,False,,
ESC-000909,ALT-000909,CASE-000909,True,L3,CRITICAL severity per policy,True,2026-01-09T14:33:00Z,ANL-2021,Incident Response,True,2026-01-09T14:48:00Z,28.0
ESC-000910,ALT-000910,CASE-000910,False,,Not required,False,,,,False,,
ESC-000911,ALT-000911,CASE-000911,False,,Not required,False,,,,False,,
ESC-000912,ALT-000912,CASE-000912,False,,Not required,False,,,,False,,
ESC-000913,ALT-000913,CASE-000913,True,L2,HIGH severity per policy,True,2026-01-09T21:21:00Z,ANL-2015,Incident Response,True,2026-01-09T21:36:00Z,62.0
ESC-000914,ALT-000914,CASE-000914,False,,Not required,False,,,,False,,
ESC-000915,ALT-000915,CASE-000915,True,L2,HIGH severity per policy,True,2026-01-09T13:21:00Z,ANL-2016,Incident Response,True,2026-01-09T13:36:00Z,54.0
ESC-000916,ALT-000916,CASE-000916,False,,Not required,False,,,,False,,
ESC-000917,ALT-000917,CASE-000917,False,,Not required,False,,,,False,,
ESC-000918,ALT-000918,CASE-000918,False,,Not required,False,,,,False,,
ESC-000919,ALT-000919,CASE-000919,False,,Not required,False,,,,False,,
ESC-000920,ALT-000920,CASE-000920,False,,Not required,False,,,,False,,
ESC-000921,ALT-000921,CASE-000921,False,,Not required,False,,,,False,,
ESC-000922,ALT-000922,CASE-000922,False,,Not required,False,,,,False,,
ESC-000923,ALT-000923,CASE-000923,False,,Not required,False,,,,False,,
ESC-000924,ALT-000924,CASE-000924,False,,Not required,False,,,,False,,
ESC-000925,ALT-000925,CASE-000925,False,,Not required,False,,,,False,,
ESC-000926,ALT-000926,CASE-000926,False,,Not required,False,,,,False,,
ESC-000927,ALT-000927,CASE-000927,False,,Not required,False,,,,False,,
ESC-000928,ALT-000928,CASE-000928,False,,Not required,False,,,,False,,
ESC-000929,ALT-000929,CASE-000929,True,L2,HIGH severity per policy,True,2026-01-10T09:20:00Z,ANL-2003,Incident Response,True,2026-01-10T09:35:00Z,63.0
ESC-000930,ALT-000930,CASE-000930,True,L2,HIGH severity per policy,True,2026-01-10T17:24:00Z,ANL-2008,Incident Response,True,2026-01-10T17:39:00Z,42.0
ESC-000931,ALT-000931,CASE-000931,False,,Not required,False,,,,False,,
ESC-000932,ALT-000932,CASE-000932,False,,Not required,False,,,,False,,
ESC-000933,ALT-000933,CASE-000933,False,,Not required,False,,,,False,,
ESC-000934,ALT-000934,CASE-000934,False,,Not required,False,,,,False,,
ESC-000935,ALT-000935,CASE-000935,False,,Not required,False,,,,False,,
ESC-000936,ALT-000936,CASE-000936,False,,Not required,False,,,,False,,
ESC-000937,ALT-000937,CASE-000937,False,,Not required,False,,,,False,,
ESC-000938,ALT-000938,CASE-000938,True,L2,HIGH severity per policy,True,2026-01-10T10:31:00Z,ANL-2021,Incident Response,True,2026-01-10T10:46:00Z,67.0
ESC-000939,ALT-000939,CASE-000939,False,,Not required,False,,,,False,,
ESC-000940,ALT-000940,CASE-000940,False,,Not required,False,,,,False,,
ESC-000941,ALT-000941,CASE-000941,True,L3,CRITICAL severity per policy,True,2026-01-10T04:04:00Z,ANL-2004,Incident Response,True,2026-01-10T04:19:00Z,23.0
ESC-000942,ALT-000942,CASE-000942,True,L2,HIGH severity per policy,True,2026-01-10T14:12:00Z,ANL-2014,Incident Response,True,2026-01-10T14:27:00Z,48.0
ESC-000943,ALT-000943,CASE-000943,False,,Not required,False,,,,False,,
ESC-000944,ALT-000944,CASE-000944,True,L2,HIGH severity per policy,True,2026-01-10T08:02:00Z,ANL-2021,Incident Response,True,2026-01-10T08:17:00Z,72.0
ESC-000945,ALT-000945,CASE-000945,False,,Not required,False,,,,False,,
ESC-000946,ALT-000946,CASE-000946,True,L3,CRITICAL severity per policy,True,2026-01-10T18:17:00Z,ANL-2020,Incident Response,True,2026-01-10T18:32:00Z,24.0
ESC-000947,ALT-000947,CASE-000947,True,L2,HIGH severity per policy,True,2026-01-10T02:04:00Z,ANL-2006,Incident Response,True,2026-01-10T02:19:00Z,68.0
ESC-000948,ALT-000948,CASE-000948,False,,Not required,False,,,,False,,
ESC-000949,ALT-000949,CASE-000949,False,,Not required,False,,,,False,,
ESC-000950,ALT-000950,CASE-000950,True,L2,HIGH severity per policy,False,,,Incident Response,False,,
ESC-000951,ALT-000951,CASE-000951,False,,Not required,False,,,,False,,
ESC-000952,ALT-000952,CASE-000952,False,,Not required,False,,,,False,,
ESC-000953,ALT-000953,CASE-000953,False,,Not required,False,,,,False,,
ESC-000954,ALT-000954,CASE-000954,False,,Not required,False,,,,False,,
ESC-000955,ALT-000955,CASE-000955,True,L3,CRITICAL severity per policy,True,2026-01-10T04:03:00Z,ANL-2016,Incident Response,True,2026-01-10T04:18:00Z,29.0
ESC-000956,ALT-000956,CASE-000956,False,,Not required,False,,,,False,,
ESC-000957,ALT-000957,CASE-000957,True,L2,HIGH severity per policy,True,2026-01-10T02:27:00Z,ANL-2013,Incident Response,True,2026-01-10T02:42:00Z,35.0
ESC-000958,ALT-000958,CASE-000958,True,L2,HIGH severity per policy,True,2026-01-10T07:04:00Z,ANL-2011,Incident Response,True,2026-01-10T07:19:00Z,33.0
ESC-000959,ALT-000959,CASE-000959,False,,Not required,False,,,,False,,
ESC-000960,ALT-000960,CASE-000960,False,,Not required,False,,,,False,,
ESC-000961,ALT-000961,CASE-000961,False,,Not required,False,,,,False,,
ESC-000962,ALT-000962,CASE-000962,False,,Not required,False,,,,False,,
ESC-000963,ALT-000963,CASE-000963,False,,Not required,False,,,,False,,
ESC-000964,ALT-000964,CASE-000964,False,,Not required,False,,,,False,,
ESC-000965,ALT-000965,CASE-000965,True,L2,HIGH severity per policy,True,2026-01-11T09:10:00Z,ANL-2008,Incident Response,True,2026-01-11T09:25:00Z,71.0
ESC-000966,ALT-000966,CASE-000966,False,,Not required,False,,,,False,,
ESC-000967,ALT-000967,CASE-000967,True,L3,CRITICAL severity per policy,True,2026-01-12T00:07:00Z,ANL-2023,Incident Response,True,2026-01-12T00:22:00Z,18.0
ESC-000968,ALT-000968,CASE-000968,False,,Not required,False,,,,False,,
ESC-000969,ALT-000969,CASE-000969,False,,Not required,False,,,,False,,
ESC-000970,ALT-000970,CASE-000970,False,,Not required,False,,,,False,,
ESC-000971,ALT-000971,CASE-000971,False,,Not required,False,,,,False,,
ESC-000972,ALT-000972,CASE-000972,True,L3,CRITICAL severity per policy,True,2026-01-11T23:26:00Z,ANL-2013,Incident Response,True,2026-01-11T23:41:00Z,30.0
ESC-000973,ALT-000973,CASE-000973,False,,Not required,False,,,,False,,
ESC-000974,ALT-000974,CASE-000974,False,,Not required,False,,,,False,,
ESC-000975,ALT-000975,CASE-000975,True,L2,HIGH severity per policy,True,2026-01-11T16:21:00Z,ANL-2016,Incident Response,True,2026-01-11T16:36:00Z,264.0
ESC-000976,ALT-000976,CASE-000976,False,,Not required,False,,,,False,,
ESC-000977,ALT-000977,CASE-000977,False,,Not required,False,,,,False,,
ESC-000978,ALT-000978,CASE-000978,True,L2,HIGH severity per policy,True,2026-01-12T00:39:00Z,ANL-2005,Incident Response,True,2026-01-12T00:54:00Z,77.0
ESC-000979,ALT-000979,CASE-000979,False,,Not required,False,,,,False,,
ESC-000980,ALT-000980,CASE-000980,False,,Not required,False,,,,False,,
ESC-000981,ALT-000981,CASE-000981,False,,Not required,False,,,,False,,
ESC-000982,ALT-000982,CASE-000982,True,L2,HIGH severity per policy,True,2026-01-11T19:18:00Z,ANL-2021,Incident Response,True,2026-01-11T19:33:00Z,32.0
ESC-000983,ALT-000983,CASE-000983,False,,Not required,False,,,,False,,
ESC-000984,ALT-000984,CASE-000984,False,,Not required,False,,,,False,,
ESC-000985,ALT-000985,CASE-000985,True,L3,CRITICAL severity per policy,True,2026-01-11T11:49:00Z,ANL-2024,Incident Response,True,2026-01-11T12:04:00Z,26.0
ESC-000986,ALT-000986,CASE-000986,False,,Not required,False,,,,False,,
ESC-000987,ALT-000987,CASE-000987,False,,Not required,False,,,,False,,
ESC-000988,ALT-000988,CASE-000988,False,,Not required,False,,,,False,,
ESC-000989,ALT-000989,CASE-000989,False,,Not required,False,,,,False,,
ESC-000990,ALT-000990,CASE-000990,False,,Not required,False,,,,False,,
ESC-000991,ALT-000991,CASE-000991,True,L2,HIGH severity per policy,True,2026-01-11T17:39:00Z,ANL-2009,Incident Response,True,2026-01-11T17:54:00Z,42.0
ESC-000992,ALT-000992,CASE-000992,True,L2,HIGH severity per policy,True,2026-01-11T11:27:00Z,ANL-2017,Incident Response,True,2026-01-11T11:42:00Z,77.0
ESC-000993,ALT-000993,CASE-000993,False,,Not required,False,,,,False,,
ESC-000994,ALT-000994,CASE-000994,True,L2,HIGH severity per policy,True,2026-01-11T14:16:00Z,ANL-2016,Incident Response,True,2026-01-11T14:31:00Z,69.0
ESC-000995,ALT-000995,CASE-000995,False,,Not required,False,,,,False,,
ESC-000996,ALT-000996,CASE-000996,True,L3,CRITICAL severity per policy,True,2026-01-11T13:53:00Z,ANL-2024,Incident Response,True,2026-01-11T14:08:00Z,30.0
ESC-000997,ALT-000997,CASE-000997,True,L2,HIGH severity per policy,True,2026-01-11T05:02:00Z,ANL-2016,Incident Response,True,2026-01-11T05:17:00Z,81.0
ESC-000998,ALT-000998,CASE-000998,False,,Not required,False,,,,False,,
ESC-000999,ALT-000999,CASE-000999,False,,Not required,False,,,,False,,
ESC-001000,ALT-001000,CASE-001000,True,L3,CRITICAL severity per policy,True,2026-01-12T00:04:00Z,ANL-2001,Incident Response,True,2026-01-12T00:19:00Z,23.0
ESC-001001,ALT-001001,CASE-001001,False,,Not required,False,,,,False,,
ESC-001002,ALT-001002,CASE-001002,False,,Not required,False,,,,False,,
ESC-001003,ALT-001003,CASE-001003,False,,Not required,False,,,,False,,
ESC-001004,ALT-001004,CASE-001004,False,,Not required,False,,,,False,,
ESC-001005,ALT-001005,CASE-001005,False,,Not required,False,,,,False,,
ESC-001006,ALT-001006,CASE-001006,False,,Not required,False,,,,False,,
ESC-001007,ALT-001007,CASE-001007,True,L2,HIGH severity per policy,True,2026-01-12T02:02:00Z,ANL-2013,Incident Response,True,2026-01-12T02:17:00Z,51.0
ESC-001008,ALT-001008,CASE-001008,False,,Not required,False,,,,False,,
ESC-001009,ALT-001009,CASE-001009,True,L2,HIGH severity per policy,True,2026-01-12T10:15:00Z,ANL-2024,Incident Response,True,2026-01-12T10:30:00Z,22.0
ESC-001010,ALT-001010,CASE-001010,True,L2,HIGH severity per policy,True,2026-01-13T00:55:00Z,ANL-2024,Incident Response,True,2026-01-13T01:10:00Z,60.0
ESC-001011,ALT-001011,CASE-001011,False,,Not required,False,,,,False,,
ESC-001012,ALT-001012,CASE-001012,False,,Not required,False,,,,False,,
ESC-001013,ALT-001013,CASE-001013,True,L2,HIGH severity per policy,True,2026-01-12T09:52:00Z,ANL-2018,Incident Response,True,2026-01-12T10:07:00Z,71.0
ESC-001014,ALT-001014,CASE-001014,False,,Not required,False,,,,False,,
ESC-001015,ALT-001015,CASE-001015,False,,Not required,False,,,,False,,
ESC-001016,ALT-001016,CASE-001016,False,,Not required,False,,,,False,,
ESC-001017,ALT-001017,CASE-001017,False,,Not required,False,,,,False,,
ESC-001018,ALT-001018,CASE-001018,False,,Not required,False,,,,False,,
ESC-001019,ALT-001019,CASE-001019,False,,Not required,False,,,,False,,
ESC-001020,ALT-001020,CASE-001020,True,L3,CRITICAL severity per policy,True,2026-01-12T01:33:00Z,ANL-2009,Incident Response,True,2026-01-12T01:48:00Z,32.0
ESC-001021,ALT-001021,CASE-001021,True,L3,CRITICAL severity per policy,True,2026-01-12T10:29:00Z,ANL-2006,Incident Response,True,2026-01-12T10:44:00Z,24.0
ESC-001022,ALT-001022,CASE-001022,False,,Not required,False,,,,False,,
ESC-001023,ALT-001023,CASE-001023,False,,Not required,False,,,,False,,
ESC-001024,ALT-001024,CASE-001024,False,,Not required,False,,,,False,,
ESC-001025,ALT-001025,CASE-001025,False,,Not required,False,,,,False,,
ESC-001026,ALT-001026,CASE-001026,True,L3,CRITICAL severity per policy,True,2026-01-12T19:28:00Z,ANL-2006,Incident Response,True,2026-01-12T19:43:00Z,21.0
ESC-001027,ALT-001027,CASE-001027,False,,Not required,False,,,,False,,
ESC-001028,ALT-001028,CASE-001028,False,,Not required,False,,,,False,,
ESC-001029,ALT-001029,CASE-001029,False,,Not required,False,,,,False,,
ESC-001030,ALT-001030,CASE-001030,True,L2,HIGH severity per policy,True,2026-01-12T12:11:00Z,ANL-2018,Incident Response,True,2026-01-12T12:26:00Z,35.0
ESC-001031,ALT-001031,CASE-001031,True,L2,HIGH severity per policy,True,2026-01-12T13:35:00Z,ANL-2001,Incident Response,True,2026-01-12T13:50:00Z,83.0
ESC-001032,ALT-001032,CASE-001032,True,L2,HIGH severity per policy,True,2026-01-12T04:31:00Z,ANL-2014,Incident Response,True,2026-01-12T04:46:00Z,42.0
ESC-001033,ALT-001033,CASE-001033,False,,Not required,False,,,,False,,
ESC-001034,ALT-001034,CASE-001034,True,L2,HIGH severity per policy,True,2026-01-12T17:28:00Z,ANL-2004,Incident Response,True,2026-01-12T17:43:00Z,41.0
ESC-001035,ALT-001035,CASE-001035,False,,Not required,False,,,,False,,
ESC-001036,ALT-001036,CASE-001036,True,L3,CRITICAL severity per policy,True,2026-01-12T20:10:00Z,ANL-2021,Incident Response,True,2026-01-12T20:25:00Z,24.0
ESC-001037,ALT-001037,CASE-001037,False,,Not required,False,,,,False,,
ESC-001038,ALT-001038,CASE-001038,False,,Not required,False,,,,False,,
ESC-001039,ALT-001039,CASE-001039,False,,Not required,False,,,,False,,
ESC-001040,ALT-001040,CASE-001040,False,,Not required,False,,,,False,,
ESC-001041,ALT-001041,CASE-001041,False,,Not required,False,,,,False,,
ESC-001042,ALT-001042,CASE-001042,True,L2,HIGH severity per policy,True,2026-01-13T00:56:00Z,ANL-2003,Incident Response,True,2026-01-13T01:11:00Z,28.0
ESC-001043,ALT-001043,CASE-001043,False,,Not required,False,,,,False,,
ESC-001044,ALT-001044,CASE-001044,True,L3,CRITICAL severity per policy,True,2026-01-13T04:24:00Z,ANL-2008,Incident Response,True,2026-01-13T04:39:00Z,32.0
ESC-001045,ALT-001045,CASE-001045,True,L3,CRITICAL severity per policy,True,2026-01-13T08:41:00Z,ANL-2009,Incident Response,True,2026-01-13T08:56:00Z,34.0
ESC-001046,ALT-001046,CASE-001046,False,,Not required,False,,,,False,,
ESC-001047,ALT-001047,CASE-001047,False,,Not required,False,,,,False,,
ESC-001048,ALT-001048,CASE-001048,True,L3,CRITICAL severity per policy,True,2026-01-13T21:03:00Z,ANL-2002,Incident Response,True,2026-01-13T21:18:00Z,22.0
ESC-001049,ALT-001049,CASE-001049,False,,Not required,False,,,,False,,
ESC-001050,ALT-001050,CASE-001050,False,,Not required,False,,,,False,,
ESC-001051,ALT-001051,CASE-001051,False,,Not required,False,,,,False,,
ESC-001052,ALT-001052,CASE-001052,True,L3,CRITICAL severity per policy,True,2026-01-13T10:37:00Z,ANL-2014,Incident Response,True,2026-01-13T10:52:00Z,34.0
ESC-001053,ALT-001053,CASE-001053,False,,Not required,False,,,,False,,
ESC-001054,ALT-001054,CASE-001054,True,L3,CRITICAL severity per policy,True,2026-01-14T00:49:00Z,ANL-2011,Incident Response,True,2026-01-14T01:04:00Z,177.0
ESC-001055,ALT-001055,CASE-001055,True,L2,HIGH severity per policy,True,2026-01-13T04:23:00Z,ANL-2024,Incident Response,True,2026-01-13T04:38:00Z,34.0
ESC-001056,ALT-001056,CASE-001056,False,,Not required,False,,,,False,,
ESC-001057,ALT-001057,CASE-001057,False,,Not required,False,,,,False,,
ESC-001058,ALT-001058,CASE-001058,False,,Not required,False,,,,False,,
ESC-001059,ALT-001059,CASE-001059,True,L2,HIGH severity per policy,True,2026-01-14T00:26:00Z,ANL-2014,Incident Response,True,2026-01-14T00:41:00Z,31.0
ESC-001060,ALT-001060,CASE-001060,False,,Not required,False,,,,False,,
ESC-001061,ALT-001061,CASE-001061,False,,Not required,False,,,,False,,
ESC-001062,ALT-001062,CASE-001062,True,L3,CRITICAL severity per policy,True,2026-01-13T14:27:00Z,ANL-2007,Incident Response,True,2026-01-13T14:42:00Z,20.0
ESC-001063,ALT-001063,CASE-001063,False,,Not required,False,,,,False,,
ESC-001064,ALT-001064,CASE-001064,False,,Not required,False,,,,False,,
ESC-001065,ALT-001065,CASE-001065,False,,Not required,False,,,,False,,
ESC-001066,ALT-001066,CASE-001066,False,,Not required,False,,,,False,,
ESC-001067,ALT-001067,CASE-001067,False,,Not required,False,,,,False,,
ESC-001068,ALT-001068,CASE-001068,False,,Not required,False,,,,False,,
ESC-001069,ALT-001069,CASE-001069,False,,Not required,False,,,,False,,
ESC-001070,ALT-001070,CASE-001070,False,,Not required,False,,,,False,,
ESC-001071,ALT-001071,CASE-001071,False,,Not required,False,,,,False,,
ESC-001072,ALT-001072,CASE-001072,False,,Not required,False,,,,False,,
ESC-001073,ALT-001073,CASE-001073,True,L2,HIGH severity per policy,True,2026-01-13T13:11:00Z,ANL-2001,Incident Response,True,2026-01-13T13:26:00Z,57.0
ESC-001074,ALT-001074,CASE-001074,False,,Not required,False,,,,False,,
ESC-001075,ALT-001075,CASE-001075,True,L2,HIGH severity per policy,True,2026-01-13T15:40:00Z,ANL-2021,Incident Response,True,2026-01-13T15:55:00Z,51.0
ESC-001076,ALT-001076,CASE-001076,False,,Not required,False,,,,False,,
ESC-001077,ALT-001077,CASE-001077,False,,Not required,False,,,,False,,
ESC-001078,ALT-001078,CASE-001078,False,,Not required,False,,,,False,,
ESC-001079,ALT-001079,CASE-001079,False,,Not required,False,,,,False,,
ESC-001080,ALT-001080,CASE-001080,False,,Not required,False,,,,False,,
ESC-001081,ALT-001081,CASE-001081,True,L3,CRITICAL severity per policy,True,2026-01-14T12:10:00Z,ANL-2011,Incident Response,True,2026-01-14T12:25:00Z,36.0
ESC-001082,ALT-001082,CASE-001082,False,,Not required,False,,,,False,,
ESC-001083,ALT-001083,CASE-001083,True,L3,CRITICAL severity per policy,True,2026-01-14T11:27:00Z,ANL-2004,Incident Response,True,2026-01-14T11:42:00Z,36.0
ESC-001084,ALT-001084,CASE-001084,True,L2,HIGH severity per policy,True,2026-01-14T05:08:00Z,ANL-2001,Incident Response,True,2026-01-14T05:23:00Z,52.0
ESC-001085,ALT-001085,CASE-001085,True,L2,HIGH severity per policy,True,2026-01-14T19:37:00Z,ANL-2005,Incident Response,True,2026-01-14T19:52:00Z,80.0
ESC-001086,ALT-001086,CASE-001086,False,,Not required,False,,,,False,,
ESC-001087,ALT-001087,CASE-001087,False,,Not required,False,,,,False,,
ESC-001088,ALT-001088,CASE-001088,False,,Not required,False,,,,False,,
ESC-001089,ALT-001089,CASE-001089,True,L2,HIGH severity per policy,False,,,Incident Response,False,,
ESC-001090,ALT-001090,CASE-001090,False,,Not required,False,,,,False,,
ESC-001091,ALT-001091,CASE-001091,False,,Not required,False,,,,False,,
ESC-001092,ALT-001092,CASE-001092,False,,Not required,False,,,,False,,
ESC-001093,ALT-001093,CASE-001093,True,L2,HIGH severity per policy,True,2026-01-14T23:02:00Z,ANL-2015,Incident Response,True,2026-01-14T23:17:00Z,75.0
ESC-001094,ALT-001094,CASE-001094,False,,Not required,False,,,,False,,
ESC-001095,ALT-001095,CASE-001095,False,,Not required,False,,,,False,,
ESC-001096,ALT-001096,CASE-001096,False,,Not required,False,,,,False,,
ESC-001097,ALT-001097,CASE-001097,True,L2,HIGH severity per policy,True,2026-01-14T09:46:00Z,ANL-2016,Incident Response,True,2026-01-14T10:01:00Z,50.0
ESC-001098,ALT-001098,CASE-001098,False,,Not required,False,,,,False,,
ESC-001099,ALT-001099,CASE-001099,True,L2,HIGH severity per policy,True,2026-01-14T17:06:00Z,ANL-2010,Incident Response,True,2026-01-14T17:21:00Z,29.0
ESC-001100,ALT-001100,CASE-001100,False,,Not required,False,,,,False,,
ESC-001101,ALT-001101,CASE-001101,False,,Not required,False,,,,False,,
ESC-001102,ALT-001102,CASE-001102,False,,Not required,False,,,,False,,
ESC-001103,ALT-001103,CASE-001103,True,L2,HIGH severity per policy,True,2026-01-14T06:17:00Z,ANL-2024,Incident Response,True,2026-01-14T06:32:00Z,50.0
ESC-001104,ALT-001104,CASE-001104,False,,Not required,False,,,,False,,
ESC-001105,ALT-001105,CASE-001105,True,L2,HIGH severity per policy,True,2026-01-14T15:49:00Z,ANL-2021,Incident Response,True,2026-01-14T16:04:00Z,64.0
ESC-001106,ALT-001106,CASE-001106,False,,Not required,False,,,,False,,
ESC-001107,ALT-001107,CASE-001107,True,L2,HIGH severity per policy,True,2026-01-14T11:27:00Z,ANL-2020,Incident Response,True,2026-01-14T11:42:00Z,47.0
ESC-001108,ALT-001108,CASE-001108,True,L3,CRITICAL severity per policy,False,,,Incident Response,False,,
ESC-001109,ALT-001109,CASE-001109,True,L3,CRITICAL severity per policy,True,2026-01-14T06:57:00Z,ANL-2015,Incident Response,True,2026-01-14T07:12:00Z,31.0
ESC-001110,ALT-001110,CASE-001110,True,L2,HIGH severity per policy,True,2026-01-14T21:27:00Z,ANL-2023,Incident Response,True,2026-01-14T21:42:00Z,64.0
ESC-001111,ALT-001111,CASE-001111,False,,Not required,False,,,,False,,
ESC-001112,ALT-001112,CASE-001112,True,L2,HIGH severity per policy,True,2026-01-14T23:12:00Z,ANL-2008,Incident Response,True,2026-01-14T23:27:00Z,64.0
ESC-001113,ALT-001113,CASE-001113,True,L2,HIGH severity per policy,True,2026-01-14T16:15:00Z,ANL-2009,Incident Response,True,2026-01-14T16:30:00Z,23.0
ESC-001114,ALT-001114,CASE-001114,False,,Not required,False,,,,False,,
ESC-001115,ALT-001115,CASE-001115,False,,Not required,False,,,,False,,
ESC-001116,ALT-001116,CASE-001116,True,L2,HIGH severity per policy,True,2026-01-15T00:15:00Z,ANL-2019,Incident Response,True,2026-01-15T00:30:00Z,87.0
ESC-001117,ALT-001117,CASE-001117,False,,Not required,False,,,,False,,
ESC-001118,ALT-001118,CASE-001118,False,,Not required,False,,,,False,,
ESC-001119,ALT-001119,CASE-001119,False,,Not required,False,,,,False,,
ESC-001120,ALT-001120,CASE-001120,False,,Not required,False,,,,False,,
ESC-001121,ALT-001121,CASE-001121,False,,Not required,False,,,,False,,
ESC-001122,ALT-001122,CASE-001122,False,,Not required,False,,,,False,,
ESC-001123,ALT-001123,CASE-001123,True,L2,HIGH severity per policy,True,2026-01-01T10:46:00Z,ANL-3006,Incident Response,True,2026-01-01T11:01:00Z,14.0
ESC-001124,ALT-001124,CASE-001124,True,L2,HIGH severity per policy,True,2026-01-01T22:36:00Z,ANL-3007,Incident Response,True,2026-01-01T22:51:00Z,64.0
ESC-001125,ALT-001125,CASE-001125,True,L3,CRITICAL severity per policy,True,2026-01-01T22:04:00Z,ANL-3008,Incident Response,True,2026-01-01T22:19:00Z,16.0
ESC-001126,ALT-001126,CASE-001126,True,L2,HIGH severity per policy,True,2026-01-01T10:54:00Z,ANL-3003,Incident Response,True,2026-01-01T11:09:00Z,61.0
ESC-001127,ALT-001127,CASE-001127,False,,Not required,False,,,,False,,
ESC-001128,ALT-001128,CASE-001128,False,,Not required,False,,,,False,,
ESC-001129,ALT-001129,CASE-001129,False,,Not required,False,,,,False,,
ESC-001130,ALT-001130,CASE-001130,False,,Not required,False,,,,False,,
ESC-001131,ALT-001131,CASE-001131,False,,Not required,False,,,,False,,
ESC-001132,ALT-001132,CASE-001132,False,,Not required,False,,,,False,,
ESC-001133,ALT-001133,CASE-001133,True,L2,HIGH severity per policy,True,2026-01-01T19:03:00Z,ANL-3003,Incident Response,True,2026-01-01T19:18:00Z,38.0
ESC-001134,ALT-001134,CASE-001134,False,,Not required,False,,,,False,,
ESC-001135,ALT-001135,CASE-001135,False,,Not required,False,,,,False,,
ESC-001136,ALT-001136,CASE-001136,False,,Not required,False,,,,False,,
ESC-001137,ALT-001137,CASE-001137,False,,Not required,False,,,,False,,
ESC-001138,ALT-001138,CASE-001138,True,L3,CRITICAL severity per policy,True,2026-01-01T07:17:00Z,ANL-3008,Incident Response,True,2026-01-01T07:32:00Z,20.0
ESC-001139,ALT-001139,CASE-001139,False,,Not required,False,,,,False,,
ESC-001140,ALT-001140,CASE-001140,True,L2,HIGH severity per policy,True,2026-01-01T17:56:00Z,ANL-3004,Incident Response,True,2026-01-01T18:11:00Z,77.0
ESC-001141,ALT-001141,CASE-001141,False,,Not required,False,,,,False,,
ESC-001142,ALT-001142,CASE-001142,False,,Not required,False,,,,False,,
ESC-001143,ALT-001143,CASE-001143,False,,Not required,False,,,,False,,
ESC-001144,ALT-001144,CASE-001144,True,L3,CRITICAL severity per policy,True,2026-01-01T10:43:00Z,ANL-3009,Incident Response,True,2026-01-01T10:58:00Z,38.0
ESC-001145,ALT-001145,CASE-001145,False,,Not required,False,,,,False,,
ESC-001146,ALT-001146,CASE-001146,False,,Not required,False,,,,False,,
ESC-001147,ALT-001147,CASE-001147,False,,Not required,False,,,,False,,
ESC-001148,ALT-001148,CASE-001148,False,,Not required,False,,,,False,,
ESC-001149,ALT-001149,CASE-001149,False,,Not required,False,,,,False,,
ESC-001150,ALT-001150,CASE-001150,False,,Not required,False,,,,False,,
ESC-001151,ALT-001151,CASE-001151,False,,Not required,False,,,,False,,
ESC-001152,ALT-001152,CASE-001152,False,,Not required,False,,,,False,,
ESC-001153,ALT-001153,CASE-001153,True,L2,HIGH severity per policy,True,2026-01-01T17:41:00Z,ANL-3007,Incident Response,True,2026-01-01T17:56:00Z,32.0
ESC-001154,ALT-001154,CASE-001154,False,,Not required,False,,,,False,,
ESC-001155,ALT-001155,CASE-001155,False,,Not required,False,,,,False,,
ESC-001156,ALT-001156,CASE-001156,False,,Not required,False,,,,False,,
ESC-001157,ALT-001157,CASE-001157,False,,Not required,False,,,,False,,
ESC-001158,ALT-001158,CASE-001158,False,,Not required,False,,,,False,,
ESC-001159,ALT-001159,CASE-001159,True,L2,HIGH severity per policy,True,2026-01-01T22:13:00Z,ANL-3007,Incident Response,True,2026-01-01T22:28:00Z,70.0
ESC-001160,ALT-001160,CASE-001160,False,,Not required,False,,,,False,,
ESC-001161,ALT-001161,CASE-001161,False,,Not required,False,,,,False,,
ESC-001162,ALT-001162,CASE-001162,False,,Not required,False,,,,False,,
ESC-001163,ALT-001163,CASE-001163,True,L2,HIGH severity per policy,True,2026-01-02T14:41:00Z,ANL-3008,Incident Response,True,2026-01-02T14:56:00Z,72.0
ESC-001164,ALT-001164,CASE-001164,False,,Not required,False,,,,False,,
ESC-001165,ALT-001165,CASE-001165,True,L2,HIGH severity per policy,True,2026-01-02T21:46:00Z,ANL-3002,Incident Response,True,2026-01-02T22:01:00Z,269.0
ESC-001166,ALT-001166,CASE-001166,True,L2,HIGH severity per policy,False,,,Incident Response,False,,
ESC-001167,ALT-001167,CASE-001167,False,,Not required,False,,,,False,,
ESC-001168,ALT-001168,CASE-001168,False,,Not required,False,,,,False,,
ESC-001169,ALT-001169,CASE-001169,False,,Not required,False,,,,False,,
ESC-001170,ALT-001170,CASE-001170,False,,Not required,False,,,,False,,
ESC-001171,ALT-001171,CASE-001171,False,,Not required,False,,,,False,,
ESC-001172,ALT-001172,CASE-001172,False,,Not required,False,,,,False,,
ESC-001173,ALT-001173,CASE-001173,False,,Not required,False,,,,False,,
ESC-001174,ALT-001174,CASE-001174,False,,Not required,False,,,,False,,
ESC-001175,ALT-001175,CASE-001175,True,L3,CRITICAL severity per policy,True,2026-01-02T02:52:00Z,ANL-3001,Incident Response,True,2026-01-02T03:07:00Z,82.0
ESC-001176,ALT-001176,CASE-001176,True,L3,CRITICAL severity per policy,False,,,Incident Response,False,,
ESC-001177,ALT-001177,CASE-001177,False,,Not required,False,,,,False,,
ESC-001178,ALT-001178,CASE-001178,False,,Not required,False,,,,False,,
ESC-001179,ALT-001179,CASE-001179,False,,Not required,False,,,,False,,
ESC-001180,ALT-001180,CASE-001180,False,,Not required,False,,,,False,,
ESC-001181,ALT-001181,CASE-001181,False,,Not required,False,,,,False,,
ESC-001182,ALT-001182,CASE-001182,False,,Not required,False,,,,False,,
ESC-001183,ALT-001183,CASE-001183,False,,Not required,False,,,,False,,
ESC-001184,ALT-001184,CASE-001184,True,L2,HIGH severity per policy,True,2026-01-02T17:48:00Z,ANL-3004,Incident Response,True,2026-01-02T18:03:00Z,64.0
ESC-001185,ALT-001185,CASE-001185,True,L3,CRITICAL severity per policy,True,2026-01-02T07:04:00Z,ANL-3002,Incident Response,True,2026-01-02T07:19:00Z,25.0
ESC-001186,ALT-001186,CASE-001186,False,,Not required,False,,,,False,,
ESC-001187,ALT-001187,CASE-001187,False,,Not required,False,,,,False,,
ESC-001188,ALT-001188,CASE-001188,True,L2,HIGH severity per policy,False,,,Incident Response,False,,
ESC-001189,ALT-001189,CASE-001189,False,,Not required,False,,,,False,,
ESC-001190,ALT-001190,CASE-001190,True,L3,CRITICAL severity per policy,True,2026-01-02T02:01:00Z,ANL-3009,Incident Response,True,2026-01-02T02:16:00Z,34.0
ESC-001191,ALT-001191,CASE-001191,False,,Not required,False,,,,False,,
ESC-001192,ALT-001192,CASE-001192,True,L2,HIGH severity per policy,True,2026-01-02T20:18:00Z,ANL-3005,Incident Response,True,2026-01-02T20:33:00Z,54.0
ESC-001193,ALT-001193,CASE-001193,False,,Not required,False,,,,False,,
ESC-001194,ALT-001194,CASE-001194,False,,Not required,False,,,,False,,
ESC-001195,ALT-001195,CASE-001195,False,,Not required,False,,,,False,,
ESC-001196,ALT-001196,CASE-001196,False,,Not required,False,,,,False,,
ESC-001197,ALT-001197,CASE-001197,False,,Not required,False,,,,False,,
ESC-001198,ALT-001198,CASE-001198,True,L3,CRITICAL severity per policy,True,2026-01-02T16:21:00Z,ANL-3006,Incident Response,True,2026-01-02T16:36:00Z,35.0
ESC-001199,ALT-001199,CASE-001199,False,,Not required,False,,,,False,,
ESC-001200,ALT-001200,CASE-001200,True,L3,CRITICAL severity per policy,True,2026-01-02T16:47:00Z,ANL-3007,Incident Response,True,2026-01-02T17:02:00Z,35.0
ESC-001201,ALT-001201,CASE-001201,True,L2,HIGH severity per policy,True,2026-01-03T07:49:00Z,ANL-3008,Incident Response,True,2026-01-03T08:04:00Z,88.0
ESC-001202,ALT-001202,CASE-001202,True,L3,CRITICAL severity per policy,True,2026-01-03T20:27:00Z,ANL-3006,Incident Response,True,2026-01-03T20:42:00Z,29.0
ESC-001203,ALT-001203,CASE-001203,False,,Not required,False,,,,False,,
ESC-001204,ALT-001204,CASE-001204,True,L2,HIGH severity per policy,True,2026-01-03T18:53:00Z,ANL-3006,Incident Response,True,2026-01-03T19:08:00Z,22.0
ESC-001205,ALT-001205,CASE-001205,False,,Not required,False,,,,False,,
ESC-001206,ALT-001206,CASE-001206,True,L2,HIGH severity per policy,True,2026-01-03T13:05:00Z,ANL-3002,Incident Response,True,2026-01-03T13:20:00Z,72.0
ESC-001207,ALT-001207,CASE-001207,True,L2,HIGH severity per policy,True,2026-01-03T06:49:00Z,ANL-3009,Incident Response,True,2026-01-03T07:04:00Z,28.0
ESC-001208,ALT-001208,CASE-001208,False,,Not required,False,,,,False,,
ESC-001209,ALT-001209,CASE-001209,True,L2,HIGH severity per policy,True,2026-01-03T14:57:00Z,ANL-3005,Incident Response,True,2026-01-03T15:12:00Z,35.0
ESC-001210,ALT-001210,CASE-001210,False,,Not required,False,,,,False,,
ESC-001211,ALT-001211,CASE-001211,False,,Not required,False,,,,False,,
ESC-001212,ALT-001212,CASE-001212,False,,Not required,False,,,,False,,
ESC-001213,ALT-001213,CASE-001213,True,L2,HIGH severity per policy,True,2026-01-03T03:06:00Z,ANL-3004,Incident Response,True,2026-01-03T03:21:00Z,84.0
ESC-001214,ALT-001214,CASE-001214,False,,Not required,False,,,,False,,
ESC-001215,ALT-001215,CASE-001215,False,,Not required,False,,,,False,,
ESC-001216,ALT-001216,CASE-001216,False,,Not required,False,,,,False,,
ESC-001217,ALT-001217,CASE-001217,False,,Not required,False,,,,False,,
ESC-001218,ALT-001218,CASE-001218,False,,Not required,False,,,,False,,
ESC-001219,ALT-001219,CASE-001219,False,,Not required,False,,,,False,,
ESC-001220,ALT-001220,CASE-001220,False,,Not required,False,,,,False,,
ESC-001221,ALT-001221,CASE-001221,False,,Not required,False,,,,False,,
ESC-001222,ALT-001222,CASE-001222,False,,Not required,False,,,,False,,
ESC-001223,ALT-001223,CASE-001223,False,,Not required,False,,,,False,,
ESC-001224,ALT-001224,CASE-001224,False,,Not required,False,,,,False,,
ESC-001225,ALT-001225,CASE-001225,True,L2,HIGH severity per policy,True,2026-01-03T14:55:00Z,ANL-3001,Incident Response,True,2026-01-03T15:10:00Z,36.0
ESC-001226,ALT-001226,CASE-001226,True,L2,HIGH severity per policy,True,2026-01-03T22:15:00Z,ANL-3005,Incident Response,True,2026-01-03T22:30:00Z,62.0
ESC-001227,ALT-001227,CASE-001227,True,L3,CRITICAL severity per policy,True,2026-01-03T20:57:00Z,ANL-3004,Incident Response,True,2026-01-03T21:12:00Z,13.0
ESC-001228,ALT-001228,CASE-001228,False,,Not required,False,,,,False,,
ESC-001229,ALT-001229,CASE-001229,True,L3,CRITICAL severity per policy,True,2026-01-03T20:45:00Z,ANL-3006,Incident Response,True,2026-01-03T21:00:00Z,31.0
ESC-001230,ALT-001230,CASE-001230,True,L3,CRITICAL severity per policy,True,2026-01-03T10:02:00Z,ANL-3002,Incident Response,True,2026-01-03T10:17:00Z,18.0
ESC-001231,ALT-001231,CASE-001231,False,,Not required,False,,,,False,,
ESC-001232,ALT-001232,CASE-001232,False,,Not required,False,,,,False,,
ESC-001233,ALT-001233,CASE-001233,False,,Not required,False,,,,False,,
ESC-001234,ALT-001234,CASE-001234,False,,Not required,False,,,,False,,
ESC-001235,ALT-001235,CASE-001235,False,,Not required,False,,,,False,,
ESC-001236,ALT-001236,CASE-001236,False,,Not required,False,,,,False,,
ESC-001237,ALT-001237,CASE-001237,False,,Not required,False,,,,False,,
ESC-001238,ALT-001238,CASE-001238,True,L2,HIGH severity per policy,True,2026-01-03T14:57:00Z,ANL-3003,Incident Response,True,2026-01-03T15:12:00Z,65.0
ESC-001239,ALT-001239,CASE-001239,False,,Not required,False,,,,False,,
ESC-001240,ALT-001240,CASE-001240,False,,Not required,False,,,,False,,
ESC-001241,ALT-001241,CASE-001241,False,,Not required,False,,,,False,,
ESC-001242,ALT-001242,CASE-001242,True,L3,CRITICAL severity per policy,True,2026-01-04T08:35:00Z,ANL-3008,Incident Response,True,2026-01-04T08:50:00Z,35.0
ESC-001243,ALT-001243,CASE-001243,False,,Not required,False,,,,False,,
ESC-001244,ALT-001244,CASE-001244,False,,Not required,False,,,,False,,
ESC-001245,ALT-001245,CASE-001245,False,,Not required,False,,,,False,,
ESC-001246,ALT-001246,CASE-001246,False,,Not required,False,,,,False,,
ESC-001247,ALT-001247,CASE-001247,True,L2,HIGH severity per policy,False,,,Incident Response,False,,
ESC-001248,ALT-001248,CASE-001248,False,,Not required,False,,,,False,,
ESC-001249,ALT-001249,CASE-001249,False,,Not required,False,,,,False,,
ESC-001250,ALT-001250,CASE-001250,False,,Not required,False,,,,False,,
ESC-001251,ALT-001251,CASE-001251,False,,Not required,False,,,,False,,
ESC-001252,ALT-001252,CASE-001252,False,,Not required,False,,,,False,,
ESC-001253,ALT-001253,CASE-001253,False,,Not required,False,,,,False,,
ESC-001254,ALT-001254,CASE-001254,False,,Not required,False,,,,False,,
ESC-001255,ALT-001255,CASE-001255,False,,Not required,False,,,,False,,
ESC-001256,ALT-001256,CASE-001256,True,L3,CRITICAL severity per policy,True,2026-01-04T22:21:00Z,ANL-3005,Incident Response,True,2026-01-04T22:36:00Z,24.0
ESC-001257,ALT-001257,CASE-001257,False,,Not required,False,,,,False,,
ESC-001258,ALT-001258,CASE-001258,True,L2,HIGH severity per policy,False,,,Incident Response,False,,
ESC-001259,ALT-001259,CASE-001259,False,,Not required,False,,,,False,,
ESC-001260,ALT-001260,CASE-001260,False,,Not required,False,,,,False,,
ESC-001261,ALT-001261,CASE-001261,False,,Not required,False,,,,False,,
ESC-001262,ALT-001262,CASE-001262,False,,Not required,False,,,,False,,
ESC-001263,ALT-001263,CASE-001263,True,L3,CRITICAL severity per policy,True,2026-01-04T00:45:00Z,ANL-3003,Incident Response,True,2026-01-04T01:00:00Z,25.0
ESC-001264,ALT-001264,CASE-001264,False,,Not required,False,,,,False,,
ESC-001265,ALT-001265,CASE-001265,False,,Not required,False,,,,False,,
ESC-001266,ALT-001266,CASE-001266,False,,Not required,False,,,,False,,
ESC-001267,ALT-001267,CASE-001267,True,L3,CRITICAL severity per policy,True,2026-01-04T15:09:00Z,ANL-3008,Incident Response,True,2026-01-04T15:24:00Z,39.0
ESC-001268,ALT-001268,CASE-001268,False,,Not required,False,,,,False,,
ESC-001269,ALT-001269,CASE-001269,False,,Not required,False,,,,False,,
ESC-001270,ALT-001270,CASE-001270,False,,Not required,False,,,,False,,
ESC-001271,ALT-001271,CASE-001271,False,,Not required,False,,,,False,,
ESC-001272,ALT-001272,CASE-001272,False,,Not required,False,,,,False,,
ESC-001273,ALT-001273,CASE-001273,True,L3,CRITICAL severity per policy,True,2026-01-04T07:49:00Z,ANL-3001,Incident Response,True,2026-01-04T08:04:00Z,38.0
ESC-001274,ALT-001274,CASE-001274,False,,Not required,False,,,,False,,
ESC-001275,ALT-001275,CASE-001275,False,,Not required,False,,,,False,,
ESC-001276,ALT-001276,CASE-001276,True,L2,HIGH severity per policy,True,2026-01-04T17:21:00Z,ANL-3005,Incident Response,True,2026-01-04T17:36:00Z,78.0
ESC-001277,ALT-001277,CASE-001277,False,,Not required,False,,,,False,,
ESC-001278,ALT-001278,CASE-001278,False,,Not required,False,,,,False,,
ESC-001279,ALT-001279,CASE-001279,True,L2,HIGH severity per policy,True,2026-01-04T14:39:00Z,ANL-3007,Incident Response,True,2026-01-04T14:54:00Z,59.0
ESC-001280,ALT-001280,CASE-001280,True,L3,CRITICAL severity per policy,True,2026-01-04T12:02:00Z,ANL-3005,Incident Response,True,2026-01-04T12:17:00Z,32.0
ESC-001281,ALT-001281,CASE-001281,False,,Not required,False,,,,False,,
ESC-001282,ALT-001282,CASE-001282,False,,Not required,False,,,,False,,
ESC-001283,ALT-001283,CASE-001283,True,L2,HIGH severity per policy,True,2026-01-06T00:01:00Z,ANL-3006,Incident Response,True,2026-01-06T00:16:00Z,51.0
ESC-001284,ALT-001284,CASE-001284,True,L2,HIGH severity per policy,True,2026-01-05T17:35:00Z,ANL-3003,Incident Response,True,2026-01-05T17:50:00Z,11.0
ESC-001285,ALT-001285,CASE-001285,True,L3,CRITICAL severity per policy,True,2026-01-05T12:17:00Z,ANL-3002,Incident Response,True,2026-01-05T12:32:00Z,33.0
ESC-001286,ALT-001286,CASE-001286,False,,Not required,False,,,,False,,
ESC-001287,ALT-001287,CASE-001287,True,L3,CRITICAL severity per policy,True,2026-01-05T02:40:00Z,ANL-3008,Incident Response,True,2026-01-05T02:55:00Z,39.0
ESC-001288,ALT-001288,CASE-001288,False,,Not required,False,,,,False,,
ESC-001289,ALT-001289,CASE-001289,True,L3,CRITICAL severity per policy,True,2026-01-05T07:34:00Z,ANL-3005,Incident Response,True,2026-01-05T07:49:00Z,31.0
ESC-001290,ALT-001290,CASE-001290,False,,Not required,False,,,,False,,
ESC-001291,ALT-001291,CASE-001291,True,L2,HIGH severity per policy,True,2026-01-05T08:56:00Z,ANL-3007,Incident Response,True,2026-01-05T09:11:00Z,42.0
ESC-001292,ALT-001292,CASE-001292,True,L2,HIGH severity per policy,True,2026-01-05T15:57:00Z,ANL-3009,Incident Response,True,2026-01-05T16:12:00Z,45.0
ESC-001293,ALT-001293,CASE-001293,False,,Not required,False,,,,False,,
ESC-001294,ALT-001294,CASE-001294,True,L2,HIGH severity per policy,True,2026-01-05T19:49:00Z,ANL-3007,Incident Response,True,2026-01-05T20:04:00Z,353.0
ESC-001295,ALT-001295,CASE-001295,True,L2,HIGH severity per policy,True,2026-01-05T03:22:00Z,ANL-3004,Incident Response,True,2026-01-05T03:37:00Z,77.0
ESC-001296,ALT-001296,CASE-001296,False,,Not required,False,,,,False,,
ESC-001297,ALT-001297,CASE-001297,False,,Not required,False,,,,False,,
ESC-001298,ALT-001298,CASE-001298,False,,Not required,False,,,,False,,
ESC-001299,ALT-001299,CASE-001299,False,,Not required,False,,,,False,,
ESC-001300,ALT-001300,CASE-001300,False,,Not required,False,,,,False,,
ESC-001301,ALT-001301,CASE-001301,False,,Not required,False,,,,False,,
ESC-001302,ALT-001302,CASE-001302,False,,Not required,False,,,,False,,
ESC-001303,ALT-001303,CASE-001303,False,,Not required,False,,,,False,,
ESC-001304,ALT-001304,CASE-001304,False,,Not required,False,,,,False,,
ESC-001305,ALT-001305,CASE-001305,False,,Not required,False,,,,False,,
ESC-001306,ALT-001306,CASE-001306,False,,Not required,False,,,,False,,
ESC-001307,ALT-001307,CASE-001307,False,,Not required,False,,,,False,,
ESC-001308,ALT-001308,CASE-001308,False,,Not required,False,,,,False,,
ESC-001309,ALT-001309,CASE-001309,False,,Not required,False,,,,False,,
ESC-001310,ALT-001310,CASE-001310,False,,Not required,False,,,,False,,
ESC-001311,ALT-001311,CASE-001311,False,,Not required,False,,,,False,,
ESC-001312,ALT-001312,CASE-001312,False,,Not required,False,,,,False,,
ESC-001313,ALT-001313,CASE-001313,False,,Not required,False,,,,False,,
ESC-001314,ALT-001314,CASE-001314,False,,Not required,False,,,,False,,
ESC-001315,ALT-001315,CASE-001315,False,,Not required,False,,,,False,,
ESC-001316,ALT-001316,CASE-001316,True,L2,HIGH severity per policy,True,2026-01-05T10:51:00Z,ANL-3001,Incident Response,True,2026-01-05T11:06:00Z,50.0
ESC-001317,ALT-001317,CASE-001317,False,,Not required,False,,,,False,,
ESC-001318,ALT-001318,CASE-001318,True,L2,HIGH severity per policy,True,2026-01-05T10:04:00Z,ANL-3004,Incident Response,True,2026-01-05T10:19:00Z,27.0
ESC-001319,ALT-001319,CASE-001319,False,,Not required,False,,,,False,,
ESC-001320,ALT-001320,CASE-001320,False,,Not required,False,,,,False,,
ESC-001321,ALT-001321,CASE-001321,False,,Not required,False,,,,False,,
ESC-001322,ALT-001322,CASE-001322,True,L3,CRITICAL severity per policy,True,2026-01-06T01:42:00Z,ANL-3008,Incident Response,True,2026-01-06T01:57:00Z,17.0
ESC-001323,ALT-001323,CASE-001323,False,,Not required,False,,,,False,,
ESC-001324,ALT-001324,CASE-001324,False,,Not required,False,,,,False,,
ESC-001325,ALT-001325,CASE-001325,False,,Not required,False,,,,False,,
ESC-001326,ALT-001326,CASE-001326,True,L2,HIGH severity per policy,True,2026-01-06T06:11:00Z,ANL-3001,Incident Response,True,2026-01-06T06:26:00Z,54.0
ESC-001327,ALT-001327,CASE-001327,False,,Not required,False,,,,False,,
ESC-001328,ALT-001328,CASE-001328,False,,Not required,False,,,,False,,
ESC-001329,ALT-001329,CASE-001329,False,,Not required,False,,,,False,,
ESC-001330,ALT-001330,CASE-001330,False,,Not required,False,,,,False,,
ESC-001331,ALT-001331,CASE-001331,True,L3,CRITICAL severity per policy,True,2026-01-06T07:22:00Z,ANL-3004,Incident Response,True,2026-01-06T07:37:00Z,35.0
ESC-001332,ALT-001332,CASE-001332,False,,Not required,False,,,,False,,
ESC-001333,ALT-001333,CASE-001333,True,L2,HIGH severity per policy,True,2026-01-06T04:17:00Z,ANL-3006,Incident Response,True,2026-01-06T04:32:00Z,32.0
ESC-001334,ALT-001334,CASE-001334,False,,Not required,False,,,,False,,
ESC-001335,ALT-001335,CASE-001335,True,L3,CRITICAL severity per policy,True,2026-01-06T13:51:00Z,ANL-3009,Incident Response,True,2026-01-06T14:06:00Z,27.0
ESC-001336,ALT-001336,CASE-001336,True,L2,HIGH severity per policy,False,,,Incident Response,False,,
ESC-001337,ALT-001337,CASE-001337,False,,Not required,False,,,,False,,
ESC-001338,ALT-001338,CASE-001338,True,L2,HIGH severity per policy,True,2026-01-06T12:08:00Z,ANL-3001,Incident Response,True,2026-01-06T12:23:00Z,59.0
ESC-001339,ALT-001339,CASE-001339,True,L2,HIGH severity per policy,True,2026-01-06T16:20:00Z,ANL-3003,Incident Response,True,2026-01-06T16:35:00Z,46.0
ESC-001340,ALT-001340,CASE-001340,False,,Not required,False,,,,False,,
ESC-001341,ALT-001341,CASE-001341,False,,Not required,False,,,,False,,
ESC-001342,ALT-001342,CASE-001342,False,,Not required,False,,,,False,,
ESC-001343,ALT-001343,CASE-001343,False,,Not required,False,,,,False,,
ESC-001344,ALT-001344,CASE-001344,False,,Not required,False,,,,False,,
ESC-001345,ALT-001345,CASE-001345,True,L2,HIGH severity per policy,True,2026-01-06T14:02:00Z,ANL-3002,Incident Response,True,2026-01-06T14:17:00Z,54.0
ESC-001346,ALT-001346,CASE-001346,False,,Not required,False,,,,False,,
ESC-001347,ALT-001347,CASE-001347,False,,Not required,False,,,,False,,
ESC-001348,ALT-001348,CASE-001348,True,L2,HIGH severity per policy,True,2026-01-06T03:28:00Z,ANL-3006,Incident Response,True,2026-01-06T03:43:00Z,50.0
ESC-001349,ALT-001349,CASE-001349,True,L3,CRITICAL severity per policy,True,2026-01-06T12:39:00Z,ANL-3006,Incident Response,True,2026-01-06T12:54:00Z,22.0
ESC-001350,ALT-001350,CASE-001350,False,,Not required,False,,,,False,,
ESC-001351,ALT-001351,CASE-001351,False,,Not required,False,,,,False,,
ESC-001352,ALT-001352,CASE-001352,False,,Not required,False,,,,False,,
ESC-001353,ALT-001353,CASE-001353,False,,Not required,False,,,,False,,
ESC-001354,ALT-001354,CASE-001354,False,,Not required,False,,,,False,,
ESC-001355,ALT-001355,CASE-001355,True,L2,HIGH severity per policy,False,,,Incident Response,False,,
ESC-001356,ALT-001356,CASE-001356,False,,Not required,False,,,,False,,
ESC-001357,ALT-001357,CASE-001357,True,L2,HIGH severity per policy,True,2026-01-06T23:19:00Z,ANL-3002,Incident Response,True,2026-01-06T23:34:00Z,176.0
ESC-001358,ALT-001358,CASE-001358,False,,Not required,False,,,,False,,
ESC-001359,ALT-001359,CASE-001359,True,L2,HIGH severity per policy,True,2026-01-06T08:29:00Z,ANL-3003,Incident Response,True,2026-01-06T08:44:00Z,77.0
ESC-001360,ALT-001360,CASE-001360,False,,Not required,False,,,,False,,
ESC-001361,ALT-001361,CASE-001361,False,,Not required,False,,,,False,,
ESC-001362,ALT-001362,CASE-001362,True,L3,CRITICAL severity per policy,True,2026-01-07T10:42:00Z,ANL-3004,Incident Response,True,2026-01-07T10:57:00Z,176.0
ESC-001363,ALT-001363,CASE-001363,True,L2,HIGH severity per policy,True,2026-01-07T02:12:00Z,ANL-3002,Incident Response,True,2026-01-07T02:27:00Z,35.0
ESC-001364,ALT-001364,CASE-001364,False,,Not required,False,,,,False,,
ESC-001365,ALT-001365,CASE-001365,False,,Not required,False,,,,False,,
ESC-001366,ALT-001366,CASE-001366,False,,Not required,False,,,,False,,
ESC-001367,ALT-001367,CASE-001367,False,,Not required,False,,,,False,,
ESC-001368,ALT-001368,CASE-001368,False,,Not required,False,,,,False,,
ESC-001369,ALT-001369,CASE-001369,True,L2,HIGH severity per policy,True,2026-01-07T04:38:00Z,ANL-3007,Incident Response,True,2026-01-07T04:53:00Z,70.0
ESC-001370,ALT-001370,CASE-001370,False,,Not required,False,,,,False,,
ESC-001371,ALT-001371,CASE-001371,False,,Not required,False,,,,False,,
ESC-001372,ALT-001372,CASE-001372,False,,Not required,False,,,,False,,
ESC-001373,ALT-001373,CASE-001373,False,,Not required,False,,,,False,,
ESC-001374,ALT-001374,CASE-001374,True,L2,HIGH severity per policy,True,2026-01-07T07:55:00Z,ANL-3004,Incident Response,True,2026-01-07T08:10:00Z,38.0
ESC-001375,ALT-001375,CASE-001375,True,L2,HIGH severity per policy,True,2026-01-07T07:16:00Z,ANL-3001,Incident Response,True,2026-01-07T07:31:00Z,48.0
ESC-001376,ALT-001376,CASE-001376,False,,Not required,False,,,,False,,
ESC-001377,ALT-001377,CASE-001377,True,L2,HIGH severity per policy,True,2026-01-07T13:49:00Z,ANL-3007,Incident Response,True,2026-01-07T14:04:00Z,78.0
ESC-001378,ALT-001378,CASE-001378,True,L2,HIGH severity per policy,True,2026-01-07T20:14:00Z,ANL-3005,Incident Response,True,2026-01-07T20:29:00Z,88.0
ESC-001379,ALT-001379,CASE-001379,False,,Not required,False,,,,False,,
ESC-001380,ALT-001380,CASE-001380,False,,Not required,False,,,,False,,
ESC-001381,ALT-001381,CASE-001381,True,L2,HIGH severity per policy,True,2026-01-07T11:31:00Z,ANL-3008,Incident Response,True,2026-01-07T11:46:00Z,37.0
ESC-001382,ALT-001382,CASE-001382,True,L2,HIGH severity per policy,True,2026-01-07T11:47:00Z,ANL-3005,Incident Response,True,2026-01-07T12:02:00Z,76.0
ESC-001383,ALT-001383,CASE-001383,False,,Not required,False,,,,False,,
ESC-001384,ALT-001384,CASE-001384,False,,Not required,False,,,,False,,
ESC-001385,ALT-001385,CASE-001385,False,,Not required,False,,,,False,,
ESC-001386,ALT-001386,CASE-001386,False,,Not required,False,,,,False,,
ESC-001387,ALT-001387,CASE-001387,False,,Not required,False,,,,False,,
ESC-001388,ALT-001388,CASE-001388,True,L3,CRITICAL severity per policy,False,,,Incident Response,False,,
ESC-001389,ALT-001389,CASE-001389,False,,Not required,False,,,,False,,
ESC-001390,ALT-001390,CASE-001390,True,L2,HIGH severity per policy,True,2026-01-07T06:12:00Z,ANL-3001,Incident Response,True,2026-01-07T06:27:00Z,15.0
ESC-001391,ALT-001391,CASE-001391,False,,Not required,False,,,,False,,
ESC-001392,ALT-001392,CASE-001392,False,,Not required,False,,,,False,,
ESC-001393,ALT-001393,CASE-001393,False,,Not required,False,,,,False,,
ESC-001394,ALT-001394,CASE-001394,False,,Not required,False,,,,False,,
ESC-001395,ALT-001395,CASE-001395,True,L3,CRITICAL severity per policy,True,2026-01-07T14:22:00Z,ANL-3006,Incident Response,True,2026-01-07T14:37:00Z,23.0
ESC-001396,ALT-001396,CASE-001396,True,L2,HIGH severity per policy,True,2026-01-07T08:19:00Z,ANL-3001,Incident Response,True,2026-01-07T08:34:00Z,73.0
ESC-001397,ALT-001397,CASE-001397,True,L3,CRITICAL severity per policy,True,2026-01-07T07:51:00Z,ANL-3002,Incident Response,True,2026-01-07T08:06:00Z,35.0
ESC-001398,ALT-001398,CASE-001398,True,L2,HIGH severity per policy,True,2026-01-07T01:27:00Z,ANL-3003,Incident Response,True,2026-01-07T01:42:00Z,19.0
ESC-001399,ALT-001399,CASE-001399,False,,Not required,False,,,,False,,
ESC-001400,ALT-001400,CASE-001400,True,L3,CRITICAL severity per policy,True,2026-01-07T04:41:00Z,ANL-3004,Incident Response,True,2026-01-07T04:56:00Z,33.0
ESC-001401,ALT-001401,CASE-001401,False,,Not required,False,,,,False,,
ESC-001402,ALT-001402,CASE-001402,False,,Not required,False,,,,False,,
ESC-001403,ALT-001403,CASE-001403,True,L2,HIGH severity per policy,True,2026-01-08T09:12:00Z,ANL-3002,Incident Response,True,2026-01-08T09:27:00Z,67.0
ESC-001404,ALT-001404,CASE-001404,True,L2,HIGH severity per policy,True,2026-01-08T12:47:00Z,ANL-3002,Incident Response,True,2026-01-08T13:02:00Z,33.0
ESC-001405,ALT-001405,CASE-001405,False,,Not required,False,,,,False,,
ESC-001406,ALT-001406,CASE-001406,True,L2,HIGH severity per policy,True,2026-01-08T22:55:00Z,ANL-3008,Incident Response,True,2026-01-08T23:10:00Z,85.0
ESC-001407,ALT-001407,CASE-001407,False,,Not required,False,,,,False,,
ESC-001408,ALT-001408,CASE-001408,False,,Not required,False,,,,False,,
ESC-001409,ALT-001409,CASE-001409,True,L2,HIGH severity per policy,True,2026-01-08T17:38:00Z,ANL-3007,Incident Response,True,2026-01-08T17:53:00Z,38.0
ESC-001410,ALT-001410,CASE-001410,True,L3,CRITICAL severity per policy,True,2026-01-08T06:32:00Z,ANL-3003,Incident Response,True,2026-01-08T06:47:00Z,36.0
ESC-001411,ALT-001411,CASE-001411,False,,Not required,False,,,,False,,
ESC-001412,ALT-001412,CASE-001412,True,L3,CRITICAL severity per policy,True,2026-01-08T21:46:00Z,ANL-3003,Incident Response,True,2026-01-08T22:01:00Z,37.0
ESC-001413,ALT-001413,CASE-001413,False,,Not required,False,,,,False,,
ESC-001414,ALT-001414,CASE-001414,False,,Not required,False,,,,False,,
ESC-001415,ALT-001415,CASE-001415,False,,Not required,False,,,,False,,
ESC-001416,ALT-001416,CASE-001416,False,,Not required,False,,,,False,,
ESC-001417,ALT-001417,CASE-001417,False,,Not required,False,,,,False,,
ESC-001418,ALT-001418,CASE-001418,False,,Not required,False,,,,False,,
ESC-001419,ALT-001419,CASE-001419,False,,Not required,False,,,,False,,
ESC-001420,ALT-001420,CASE-001420,False,,Not required,False,,,,False,,
ESC-001421,ALT-001421,CASE-001421,True,L2,HIGH severity per policy,True,2026-01-08T18:34:00Z,ANL-3001,Incident Response,True,2026-01-08T18:49:00Z,70.0
ESC-001422,ALT-001422,CASE-001422,False,,Not required,False,,,,False,,
ESC-001423,ALT-001423,CASE-001423,False,,Not required,False,,,,False,,
ESC-001424,ALT-001424,CASE-001424,False,,Not required,False,,,,False,,
ESC-001425,ALT-001425,CASE-001425,True,L2,HIGH severity per policy,True,2026-01-08T06:22:00Z,ANL-3008,Incident Response,True,2026-01-08T06:37:00Z,46.0
ESC-001426,ALT-001426,CASE-001426,True,L2,HIGH severity per policy,True,2026-01-08T20:26:00Z,ANL-3009,Incident Response,True,2026-01-08T20:41:00Z,74.0
ESC-001427,ALT-001427,CASE-001427,False,,Not required,False,,,,False,,
ESC-001428,ALT-001428,CASE-001428,False,,Not required,False,,,,False,,
ESC-001429,ALT-001429,CASE-001429,False,,Not required,False,,,,False,,
ESC-001430,ALT-001430,CASE-001430,False,,Not required,False,,,,False,,
ESC-001431,ALT-001431,CASE-001431,False,,Not required,False,,,,False,,
ESC-001432,ALT-001432,CASE-001432,True,L2,HIGH severity per policy,True,2026-01-08T03:47:00Z,ANL-3007,Incident Response,True,2026-01-08T04:02:00Z,20.0
ESC-001433,ALT-001433,CASE-001433,False,,Not required,False,,,,False,,
ESC-001434,ALT-001434,CASE-001434,False,,Not required,False,,,,False,,
ESC-001435,ALT-001435,CASE-001435,False,,Not required,False,,,,False,,
ESC-001436,ALT-001436,CASE-001436,False,,Not required,False,,,,False,,
ESC-001437,ALT-001437,CASE-001437,False,,Not required,False,,,,False,,
ESC-001438,ALT-001438,CASE-001438,False,,Not required,False,,,,False,,
ESC-001439,ALT-001439,CASE-001439,False,,Not required,False,,,,False,,
ESC-001440,ALT-001440,CASE-001440,False,,Not required,False,,,,False,,
ESC-001441,ALT-001441,CASE-001441,True,L3,CRITICAL severity per policy,True,2026-01-09T07:53:00Z,ANL-3006,Incident Response,True,2026-01-09T08:08:00Z,35.0
ESC-001442,ALT-001442,CASE-001442,True,L2,HIGH severity per policy,False,,,Incident Response,False,,
ESC-001443,ALT-001443,CASE-001443,False,,Not required,False,,,,False,,
ESC-001444,ALT-001444,CASE-001444,True,L2,HIGH severity per policy,False,,,Incident Response,False,,
ESC-001445,ALT-001445,CASE-001445,False,,Not required,False,,,,False,,
ESC-001446,ALT-001446,CASE-001446,True,L3,CRITICAL severity per policy,True,2026-01-09T17:43:00Z,ANL-3002,Incident Response,True,2026-01-09T17:58:00Z,37.0
ESC-001447,ALT-001447,CASE-001447,False,,Not required,False,,,,False,,
ESC-001448,ALT-001448,CASE-001448,True,L2,HIGH severity per policy,True,2026-01-10T06:18:00Z,ANL-3009,Incident Response,True,2026-01-10T06:33:00Z,356.0
ESC-001449,ALT-001449,CASE-001449,False,,Not required,False,,,,False,,
ESC-001450,ALT-001450,CASE-001450,False,,Not required,False,,,,False,,
ESC-001451,ALT-001451,CASE-001451,False,,Not required,False,,,,False,,
ESC-001452,ALT-001452,CASE-001452,True,L2,HIGH severity per policy,True,2026-01-09T01:37:00Z,ANL-3001,Incident Response,True,2026-01-09T01:52:00Z,73.0
ESC-001453,ALT-001453,CASE-001453,False,,Not required,False,,,,False,,
ESC-001454,ALT-001454,CASE-001454,True,L2,HIGH severity per policy,True,2026-01-09T13:44:00Z,ANL-3009,Incident Response,True,2026-01-09T13:59:00Z,60.0
ESC-001455,ALT-001455,CASE-001455,True,L3,CRITICAL severity per policy,False,,,Incident Response,False,,
ESC-001456,ALT-001456,CASE-001456,True,L2,HIGH severity per policy,True,2026-01-09T02:27:00Z,ANL-3004,Incident Response,True,2026-01-09T02:42:00Z,37.0
ESC-001457,ALT-001457,CASE-001457,True,L3,CRITICAL severity per policy,True,2026-01-09T04:16:00Z,ANL-3002,Incident Response,True,2026-01-09T04:31:00Z,131.0
ESC-001458,ALT-001458,CASE-001458,True,L2,HIGH severity per policy,True,2026-01-09T17:31:00Z,ANL-3007,Incident Response,True,2026-01-09T17:46:00Z,35.0
ESC-001459,ALT-001459,CASE-001459,False,,Not required,False,,,,False,,
ESC-001460,ALT-001460,CASE-001460,False,,Not required,False,,,,False,,
ESC-001461,ALT-001461,CASE-001461,False,,Not required,False,,,,False,,
ESC-001462,ALT-001462,CASE-001462,False,,Not required,False,,,,False,,
ESC-001463,ALT-001463,CASE-001463,True,L2,HIGH severity per policy,True,2026-01-09T11:17:00Z,ANL-3002,Incident Response,True,2026-01-09T11:32:00Z,81.0
ESC-001464,ALT-001464,CASE-001464,False,,Not required,False,,,,False,,
ESC-001465,ALT-001465,CASE-001465,False,,Not required,False,,,,False,,
ESC-001466,ALT-001466,CASE-001466,False,,Not required,False,,,,False,,
ESC-001467,ALT-001467,CASE-001467,False,,Not required,False,,,,False,,
ESC-001468,ALT-001468,CASE-001468,True,L2,HIGH severity per policy,True,2026-01-09T12:56:00Z,ANL-3001,Incident Response,True,2026-01-09T13:11:00Z,15.0
ESC-001469,ALT-001469,CASE-001469,False,,Not required,False,,,,False,,
ESC-001470,ALT-001470,CASE-001470,False,,Not required,False,,,,False,,
ESC-001471,ALT-001471,CASE-001471,False,,Not required,False,,,,False,,
ESC-001472,ALT-001472,CASE-001472,False,,Not required,False,,,,False,,
ESC-001473,ALT-001473,CASE-001473,False,,Not required,False,,,,False,,
ESC-001474,ALT-001474,CASE-001474,False,,Not required,False,,,,False,,
ESC-001475,ALT-001475,CASE-001475,False,,Not required,False,,,,False,,
ESC-001476,ALT-001476,CASE-001476,True,L3,CRITICAL severity per policy,True,2026-01-09T21:05:00Z,ANL-3009,Incident Response,True,2026-01-09T21:20:00Z,26.0
ESC-001477,ALT-001477,CASE-001477,True,L3,CRITICAL severity per policy,True,2026-01-09T09:31:00Z,ANL-3006,Incident Response,True,2026-01-09T09:46:00Z,16.0
ESC-001478,ALT-001478,CASE-001478,False,,Not required,False,,,,False,,
ESC-001479,ALT-001479,CASE-001479,True,L2,HIGH severity per policy,True,2026-01-09T06:57:00Z,ANL-3005,Incident Response,True,2026-01-09T07:12:00Z,46.0
ESC-001480,ALT-001480,CASE-001480,True,L3,CRITICAL severity per policy,True,2026-01-10T00:43:00Z,ANL-3001,Incident Response,True,2026-01-10T00:58:00Z,42.0
ESC-001481,ALT-001481,CASE-001481,True,L3,CRITICAL severity per policy,True,2026-01-10T16:06:00Z,ANL-3006,Incident Response,True,2026-01-10T16:21:00Z,174.0
ESC-001482,ALT-001482,CASE-001482,True,L3,CRITICAL severity per policy,True,2026-01-10T10:11:00Z,ANL-3005,Incident Response,True,2026-01-10T10:26:00Z,29.0
ESC-001483,ALT-001483,CASE-001483,False,,Not required,False,,,,False,,
ESC-001484,ALT-001484,CASE-001484,False,,Not required,False,,,,False,,
ESC-001485,ALT-001485,CASE-001485,False,,Not required,False,,,,False,,
ESC-001486,ALT-001486,CASE-001486,True,L2,HIGH severity per policy,True,2026-01-10T18:53:00Z,ANL-3005,Incident Response,True,2026-01-10T19:08:00Z,41.0
ESC-001487,ALT-001487,CASE-001487,False,,Not required,False,,,,False,,
ESC-001488,ALT-001488,CASE-001488,False,,Not required,False,,,,False,,
ESC-001489,ALT-001489,CASE-001489,False,,Not required,False,,,,False,,
ESC-001490,ALT-001490,CASE-001490,False,,Not required,False,,,,False,,
ESC-001491,ALT-001491,CASE-001491,True,L3,CRITICAL severity per policy,True,2026-01-10T05:19:00Z,ANL-3003,Incident Response,True,2026-01-10T05:34:00Z,32.0
ESC-001492,ALT-001492,CASE-001492,True,L3,CRITICAL severity per policy,True,2026-01-10T13:27:00Z,ANL-3002,Incident Response,True,2026-01-10T13:42:00Z,31.0
ESC-001493,ALT-001493,CASE-001493,False,,Not required,False,,,,False,,
ESC-001494,ALT-001494,CASE-001494,False,,Not required,False,,,,False,,
ESC-001495,ALT-001495,CASE-001495,True,L3,CRITICAL severity per policy,True,2026-01-10T04:49:00Z,ANL-3004,Incident Response,True,2026-01-10T05:04:00Z,37.0
ESC-001496,ALT-001496,CASE-001496,False,,Not required,False,,,,False,,
ESC-001497,ALT-001497,CASE-001497,False,,Not required,False,,,,False,,
ESC-001498,ALT-001498,CASE-001498,True,L2,HIGH severity per policy,True,2026-01-10T06:29:00Z,ANL-3007,Incident Response,True,2026-01-10T06:44:00Z,46.0
ESC-001499,ALT-001499,CASE-001499,False,,Not required,False,,,,False,,
ESC-001500,ALT-001500,CASE-001500,True,L3,CRITICAL severity per policy,True,2026-01-10T07:57:00Z,ANL-3001,Incident Response,True,2026-01-10T08:12:00Z,14.0
ESC-001501,ALT-001501,CASE-001501,True,L2,HIGH severity per policy,True,2026-01-10T21:32:00Z,ANL-3001,Incident Response,True,2026-01-10T21:47:00Z,43.0
ESC-001502,ALT-001502,CASE-001502,False,,Not required,False,,,,False,,
ESC-001503,ALT-001503,CASE-001503,True,L2,HIGH severity per policy,True,2026-01-10T16:36:00Z,ANL-3004,Incident Response,True,2026-01-10T16:51:00Z,62.0
ESC-001504,ALT-001504,CASE-001504,False,,Not required,False,,,,False,,
ESC-001505,ALT-001505,CASE-001505,False,,Not required,False,,,,False,,
ESC-001506,ALT-001506,CASE-001506,True,L2,HIGH severity per policy,True,2026-01-10T20:29:00Z,ANL-3009,Incident Response,True,2026-01-10T20:44:00Z,25.0
ESC-001507,ALT-001507,CASE-001507,True,L3,CRITICAL severity per policy,True,2026-01-10T17:41:00Z,ANL-3008,Incident Response,True,2026-01-10T17:56:00Z,27.0
ESC-001508,ALT-001508,CASE-001508,False,,Not required,False,,,,False,,
ESC-001509,ALT-001509,CASE-001509,False,,Not required,False,,,,False,,
ESC-001510,ALT-001510,CASE-001510,False,,Not required,False,,,,False,,
ESC-001511,ALT-001511,CASE-001511,True,L2,HIGH severity per policy,True,2026-01-10T21:52:00Z,ANL-3004,Incident Response,True,2026-01-10T22:07:00Z,76.0
ESC-001512,ALT-001512,CASE-001512,False,,Not required,False,,,,False,,
ESC-001513,ALT-001513,CASE-001513,False,,Not required,False,,,,False,,
ESC-001514,ALT-001514,CASE-001514,False,,Not required,False,,,,False,,
ESC-001515,ALT-001515,CASE-001515,False,,Not required,False,,,,False,,
ESC-001516,ALT-001516,CASE-001516,True,L2,HIGH severity per policy,True,2026-01-10T07:05:00Z,ANL-3004,Incident Response,True,2026-01-10T07:20:00Z,265.0
ESC-001517,ALT-001517,CASE-001517,False,,Not required,False,,,,False,,
ESC-001518,ALT-001518,CASE-001518,True,L2,HIGH severity per policy,True,2026-01-10T02:14:00Z,ANL-3001,Incident Response,True,2026-01-10T02:29:00Z,40.0
ESC-001519,ALT-001519,CASE-001519,True,L2,HIGH severity per policy,True,2026-01-10T10:48:00Z,ANL-3007,Incident Response,True,2026-01-10T11:03:00Z,84.0
ESC-001520,ALT-001520,CASE-001520,True,L2,HIGH severity per policy,False,,,Incident Response,False,,
ESC-001521,ALT-001521,CASE-001521,False,,Not required,False,,,,False,,
ESC-001522,ALT-001522,CASE-001522,False,,Not required,False,,,,False,,
ESC-001523,ALT-001523,CASE-001523,False,,Not required,False,,,,False,,
ESC-001524,ALT-001524,CASE-001524,False,,Not required,False,,,,False,,
ESC-001525,ALT-001525,CASE-001525,False,,Not required,False,,,,False,,
ESC-001526,ALT-001526,CASE-001526,True,L2,HIGH severity per policy,True,2026-01-11T18:01:00Z,ANL-3008,Incident Response,True,2026-01-11T18:16:00Z,72.0
ESC-001527,ALT-001527,CASE-001527,False,,Not required,False,,,,False,,
ESC-001528,ALT-001528,CASE-001528,False,,Not required,False,,,,False,,
ESC-001529,ALT-001529,CASE-001529,False,,Not required,False,,,,False,,
ESC-001530,ALT-001530,CASE-001530,False,,Not required,False,,,,False,,
ESC-001531,ALT-001531,CASE-001531,False,,Not required,False,,,,False,,
ESC-001532,ALT-001532,CASE-001532,True,L2,HIGH severity per policy,True,2026-01-11T12:04:00Z,ANL-3009,Incident Response,True,2026-01-11T12:19:00Z,74.0
ESC-001533,ALT-001533,CASE-001533,False,,Not required,False,,,,False,,
ESC-001534,ALT-001534,CASE-001534,True,L2,HIGH severity per policy,True,2026-01-11T12:14:00Z,ANL-3009,Incident Response,True,2026-01-11T12:29:00Z,50.0
ESC-001535,ALT-001535,CASE-001535,True,L2,HIGH severity per policy,True,2026-01-11T21:40:00Z,ANL-3005,Incident Response,True,2026-01-11T21:55:00Z,37.0
ESC-001536,ALT-001536,CASE-001536,False,,Not required,False,,,,False,,
ESC-001537,ALT-001537,CASE-001537,False,,Not required,False,,,,False,,
ESC-001538,ALT-001538,CASE-001538,False,,Not required,False,,,,False,,
ESC-001539,ALT-001539,CASE-001539,False,,Not required,False,,,,False,,
ESC-001540,ALT-001540,CASE-001540,False,,Not required,False,,,,False,,
ESC-001541,ALT-001541,CASE-001541,True,L3,CRITICAL severity per policy,True,2026-01-11T12:02:00Z,ANL-3003,Incident Response,True,2026-01-11T12:17:00Z,22.0
ESC-001542,ALT-001542,CASE-001542,False,,Not required,False,,,,False,,
ESC-001543,ALT-001543,CASE-001543,False,,Not required,False,,,,False,,
ESC-001544,ALT-001544,CASE-001544,False,,Not required,False,,,,False,,
ESC-001545,ALT-001545,CASE-001545,False,,Not required,False,,,,False,,
ESC-001546,ALT-001546,CASE-001546,True,L2,HIGH severity per policy,True,2026-01-11T12:45:00Z,ANL-3002,Incident Response,True,2026-01-11T13:00:00Z,81.0
ESC-001547,ALT-001547,CASE-001547,True,L2,HIGH severity per policy,True,2026-01-11T15:35:00Z,ANL-3007,Incident Response,True,2026-01-11T15:50:00Z,41.0
ESC-001548,ALT-001548,CASE-001548,False,,Not required,False,,,,False,,
ESC-001549,ALT-001549,CASE-001549,False,,Not required,False,,,,False,,
ESC-001550,ALT-001550,CASE-001550,False,,Not required,False,,,,False,,
ESC-001551,ALT-001551,CASE-001551,False,,Not required,False,,,,False,,
ESC-001552,ALT-001552,CASE-001552,True,L3,CRITICAL severity per policy,True,2026-01-11T22:57:00Z,ANL-3001,Incident Response,True,2026-01-11T23:12:00Z,31.0
ESC-001553,ALT-001553,CASE-001553,True,L2,HIGH severity per policy,True,2026-01-11T06:44:00Z,ANL-3001,Incident Response,True,2026-01-11T06:59:00Z,176.0
ESC-001554,ALT-001554,CASE-001554,True,L2,HIGH severity per policy,True,2026-01-11T20:36:00Z,ANL-3006,Incident Response,True,2026-01-11T20:51:00Z,78.0
ESC-001555,ALT-001555,CASE-001555,False,,Not required,False,,,,False,,
ESC-001556,ALT-001556,CASE-001556,False,,Not required,False,,,,False,,
ESC-001557,ALT-001557,CASE-001557,False,,Not required,False,,,,False,,
ESC-001558,ALT-001558,CASE-001558,False,,Not required,False,,,,False,,
ESC-001559,ALT-001559,CASE-001559,False,,Not required,False,,,,False,,
ESC-001560,ALT-001560,CASE-001560,False,,Not required,False,,,,False,,
ESC-001561,ALT-001561,CASE-001561,True,L2,HIGH severity per policy,True,2026-01-12T10:32:00Z,ANL-3009,Incident Response,True,2026-01-12T10:47:00Z,30.0
ESC-001562,ALT-001562,CASE-001562,False,,Not required,False,,,,False,,
ESC-001563,ALT-001563,CASE-001563,False,,Not required,False,,,,False,,
ESC-001564,ALT-001564,CASE-001564,False,,Not required,False,,,,False,,
ESC-001565,ALT-001565,CASE-001565,False,,Not required,False,,,,False,,
ESC-001566,ALT-001566,CASE-001566,False,,Not required,False,,,,False,,
ESC-001567,ALT-001567,CASE-001567,True,L2,HIGH severity per policy,True,2026-01-12T08:20:00Z,ANL-3008,Incident Response,True,2026-01-12T08:35:00Z,75.0
ESC-001568,ALT-001568,CASE-001568,True,L3,CRITICAL severity per policy,True,2026-01-12T17:26:00Z,ANL-3005,Incident Response,True,2026-01-12T17:41:00Z,34.0
ESC-001569,ALT-001569,CASE-001569,False,,Not required,False,,,,False,,
ESC-001570,ALT-001570,CASE-001570,False,,Not required,False,,,,False,,
ESC-001571,ALT-001571,CASE-001571,True,L3,CRITICAL severity per policy,True,2026-01-12T01:31:00Z,ANL-3009,Incident Response,True,2026-01-12T01:46:00Z,29.0
ESC-001572,ALT-001572,CASE-001572,True,L2,HIGH severity per policy,True,2026-01-12T07:57:00Z,ANL-3006,Incident Response,True,2026-01-12T08:12:00Z,56.0
ESC-001573,ALT-001573,CASE-001573,False,,Not required,False,,,,False,,
ESC-001574,ALT-001574,CASE-001574,False,,Not required,False,,,,False,,
ESC-001575,ALT-001575,CASE-001575,True,L2,HIGH severity per policy,True,2026-01-12T17:47:00Z,ANL-3005,Incident Response,True,2026-01-12T18:02:00Z,58.0
ESC-001576,ALT-001576,CASE-001576,False,,Not required,False,,,,False,,
ESC-001577,ALT-001577,CASE-001577,False,,Not required,False,,,,False,,
ESC-001578,ALT-001578,CASE-001578,False,,Not required,False,,,,False,,
ESC-001579,ALT-001579,CASE-001579,False,,Not required,False,,,,False,,
ESC-001580,ALT-001580,CASE-001580,False,,Not required,False,,,,False,,
ESC-001581,ALT-001581,CASE-001581,False,,Not required,False,,,,False,,
ESC-001582,ALT-001582,CASE-001582,False,,Not required,False,,,,False,,
ESC-001583,ALT-001583,CASE-001583,False,,Not required,False,,,,False,,
ESC-001584,ALT-001584,CASE-001584,False,,Not required,False,,,,False,,
ESC-001585,ALT-001585,CASE-001585,False,,Not required,False,,,,False,,
ESC-001586,ALT-001586,CASE-001586,False,,Not required,False,,,,False,,
ESC-001587,ALT-001587,CASE-001587,False,,Not required,False,,,,False,,
ESC-001588,ALT-001588,CASE-001588,False,,Not required,False,,,,False,,
ESC-001589,ALT-001589,CASE-001589,False,,Not required,False,,,,False,,
ESC-001590,ALT-001590,CASE-001590,False,,Not required,False,,,,False,,
ESC-001591,ALT-001591,CASE-001591,False,,Not required,False,,,,False,,
ESC-001592,ALT-001592,CASE-001592,True,L2,HIGH severity per policy,True,2026-01-12T18:28:00Z,ANL-3007,Incident Response,True,2026-01-12T18:43:00Z,39.0
ESC-001593,ALT-001593,CASE-001593,False,,Not required,False,,,,False,,
ESC-001594,ALT-001594,CASE-001594,False,,Not required,False,,,,False,,
ESC-001595,ALT-001595,CASE-001595,False,,Not required,False,,,,False,,
ESC-001596,ALT-001596,CASE-001596,False,,Not required,False,,,,False,,
ESC-001597,ALT-001597,CASE-001597,False,,Not required,False,,,,False,,
ESC-001598,ALT-001598,CASE-001598,False,,Not required,False,,,,False,,
ESC-001599,ALT-001599,CASE-001599,False,,Not required,False,,,,False,,
ESC-001600,ALT-001600,CASE-001600,False,,Not required,False,,,,False,,
ESC-001601,ALT-001601,CASE-001601,False,,Not required,False,,,,False,,
ESC-001602,ALT-001602,CASE-001602,False,,Not required,False,,,,False,,
ESC-001603,ALT-001603,CASE-001603,False,,Not required,False,,,,False,,
ESC-001604,ALT-001604,CASE-001604,True,L2,HIGH severity per policy,False,,,Incident Response,False,,
ESC-001605,ALT-001605,CASE-001605,False,,Not required,False,,,,False,,
ESC-001606,ALT-001606,CASE-001606,False,,Not required,False,,,,False,,
ESC-001607,ALT-001607,CASE-001607,True,L2,HIGH severity per policy,True,2026-01-12T15:45:00Z,ANL-3008,Incident Response,True,2026-01-12T16:00:00Z,14.0
ESC-001608,ALT-001608,CASE-001608,False,,Not required,False,,,,False,,
ESC-001609,ALT-001609,CASE-001609,False,,Not required,False,,,,False,,
ESC-001610,ALT-001610,CASE-001610,False,,Not required,False,,,,False,,
ESC-001611,ALT-001611,CASE-001611,False,,Not required,False,,,,False,,
ESC-001612,ALT-001612,CASE-001612,False,,Not required,False,,,,False,,
ESC-001613,ALT-001613,CASE-001613,False,,Not required,False,,,,False,,
ESC-001614,ALT-001614,CASE-001614,False,,Not required,False,,,,False,,
ESC-001615,ALT-001615,CASE-001615,False,,Not required,False,,,,False,,
ESC-001616,ALT-001616,CASE-001616,False,,Not required,False,,,,False,,
ESC-001617,ALT-001617,CASE-001617,False,,Not required,False,,,,False,,
ESC-001618,ALT-001618,CASE-001618,True,L2,HIGH severity per policy,True,2026-01-13T00:16:00Z,ANL-3005,Incident Response,True,2026-01-13T00:31:00Z,11.0
ESC-001619,ALT-001619,CASE-001619,False,,Not required,False,,,,False,,
ESC-001620,ALT-001620,CASE-001620,False,,Not required,False,,,,False,,
ESC-001621,ALT-001621,CASE-001621,True,L2,HIGH severity per policy,False,,,Incident Response,False,,
ESC-001622,ALT-001622,CASE-001622,False,,Not required,False,,,,False,,
ESC-001623,ALT-001623,CASE-001623,True,L2,HIGH severity per policy,True,2026-01-12T19:07:00Z,ANL-3001,Incident Response,True,2026-01-12T19:22:00Z,27.0
ESC-001624,ALT-001624,CASE-001624,False,,Not required,False,,,,False,,
ESC-001625,ALT-001625,CASE-001625,False,,Not required,False,,,,False,,
ESC-001626,ALT-001626,CASE-001626,False,,Not required,False,,,,False,,
ESC-001627,ALT-001627,CASE-001627,True,L2,HIGH severity per policy,True,2026-01-12T14:45:00Z,ANL-3004,Incident Response,True,2026-01-12T15:00:00Z,74.0
ESC-001628,ALT-001628,CASE-001628,False,,Not required,False,,,,False,,
ESC-001629,ALT-001629,CASE-001629,False,,Not required,False,,,,False,,
ESC-001630,ALT-001630,CASE-001630,True,L3,CRITICAL severity per policy,True,2026-01-12T16:46:00Z,ANL-3006,Incident Response,True,2026-01-12T17:01:00Z,31.0
ESC-001631,ALT-001631,CASE-001631,True,L2,HIGH severity per policy,True,2026-01-12T02:12:00Z,ANL-3006,Incident Response,True,2026-01-12T02:27:00Z,42.0
ESC-001632,ALT-001632,CASE-001632,True,L2,HIGH severity per policy,True,2026-01-12T04:42:00Z,ANL-3001,Incident Response,True,2026-01-12T04:57:00Z,80.0
ESC-001633,ALT-001633,CASE-001633,False,,Not required,False,,,,False,,
ESC-001634,ALT-001634,CASE-001634,True,L2,HIGH severity per policy,False,,,Incident Response,False,,
ESC-001635,ALT-001635,CASE-001635,True,L3,CRITICAL severity per policy,True,2026-01-12T19:20:00Z,ANL-3001,Incident Response,True,2026-01-12T19:35:00Z,22.0
ESC-001636,ALT-001636,CASE-001636,False,,Not required,False,,,,False,,
ESC-001637,ALT-001637,CASE-001637,True,L2,HIGH severity per policy,True,2026-01-12T15:22:00Z,ANL-3003,Incident Response,True,2026-01-12T15:37:00Z,14.0
ESC-001638,ALT-001638,CASE-001638,False,,Not required,False,,,,False,,
ESC-001639,ALT-001639,CASE-001639,False,,Not required,False,,,,False,,
ESC-001640,ALT-001640,CASE-001640,False,,Not required,False,,,,False,,
ESC-001641,ALT-001641,CASE-001641,True,L2,HIGH severity per policy,True,2026-01-12T10:25:00Z,ANL-3002,Incident Response,True,2026-01-12T10:40:00Z,46.0
ESC-001642,ALT-001642,CASE-001642,False,,Not required,False,,,,False,,
ESC-001643,ALT-001643,CASE-001643,False,,Not required,False,,,,False,,
ESC-001644,ALT-001644,CASE-001644,True,L3,CRITICAL severity per policy,True,2026-01-12T01:18:00Z,ANL-3001,Incident Response,True,2026-01-12T01:33:00Z,33.0
ESC-001645,ALT-001645,CASE-001645,False,,Not required,False,,,,False,,
ESC-001646,ALT-001646,CASE-001646,False,,Not required,False,,,,False,,
ESC-001647,ALT-001647,CASE-001647,False,,Not required,False,,,,False,,
ESC-001648,ALT-001648,CASE-001648,False,,Not required,False,,,,False,,
ESC-001649,ALT-001649,CASE-001649,True,L3,CRITICAL severity per policy,True,2026-01-12T21:39:00Z,ANL-3001,Incident Response,True,2026-01-12T21:54:00Z,16.0
ESC-001650,ALT-001650,CASE-001650,True,L3,CRITICAL severity per policy,True,2026-01-12T23:15:00Z,ANL-3006,Incident Response,True,2026-01-12T23:30:00Z,17.0
ESC-001651,ALT-001651,CASE-001651,False,,Not required,False,,,,False,,
ESC-001652,ALT-001652,CASE-001652,False,,Not required,False,,,,False,,
ESC-001653,ALT-001653,CASE-001653,True,L2,HIGH severity per policy,True,2026-01-12T08:32:00Z,ANL-3007,Incident Response,True,2026-01-12T08:47:00Z,69.0
ESC-001654,ALT-001654,CASE-001654,False,,Not required,False,,,,False,,
ESC-001655,ALT-001655,CASE-001655,False,,Not required,False,,,,False,,
ESC-001656,ALT-001656,CASE-001656,True,L2,HIGH severity per policy,True,2026-01-12T05:33:00Z,ANL-3002,Incident Response,True,2026-01-12T05:48:00Z,70.0
ESC-001657,ALT-001657,CASE-001657,False,,Not required,False,,,,False,,
ESC-001658,ALT-001658,CASE-001658,False,,Not required,False,,,,False,,
ESC-001659,ALT-001659,CASE-001659,False,,Not required,False,,,,False,,
ESC-001660,ALT-001660,CASE-001660,True,L3,CRITICAL severity per policy,True,2026-01-12T09:56:00Z,ANL-3006,Incident Response,True,2026-01-12T10:11:00Z,26.0
ESC-001661,ALT-001661,CASE-001661,False,,Not required,False,,,,False,,
ESC-001662,ALT-001662,CASE-001662,False,,Not required,False,,,,False,,
ESC-001663,ALT-001663,CASE-001663,False,,Not required,False,,,,False,,
ESC-001664,ALT-001664,CASE-001664,False,,Not required,False,,,,False,,
ESC-001665,ALT-001665,CASE-001665,True,L3,CRITICAL severity per policy,True,2026-01-12T15:21:00Z,ANL-3003,Incident Response,True,2026-01-12T15:36:00Z,35.0
ESC-001666,ALT-001666,CASE-001666,False,,Not required,False,,,,False,,
ESC-001667,ALT-001667,CASE-001667,True,L3,CRITICAL severity per policy,True,2026-01-12T05:23:00Z,ANL-3003,Incident Response,True,2026-01-12T05:38:00Z,179.0
ESC-001668,ALT-001668,CASE-001668,False,,Not required,False,,,,False,,
ESC-001669,ALT-001669,CASE-001669,True,L2,HIGH severity per policy,True,2026-01-12T03:12:00Z,ANL-3009,Incident Response,True,2026-01-12T03:27:00Z,64.0
ESC-001670,ALT-001670,CASE-001670,False,,Not required,False,,,,False,,
ESC-001671,ALT-001671,CASE-001671,False,,Not required,False,,,,False,,
ESC-001672,ALT-001672,CASE-001672,False,,Not required,False,,,,False,,
ESC-001673,ALT-001673,CASE-001673,True,L2,HIGH severity per policy,True,2026-01-12T20:19:00Z,ANL-3006,Incident Response,True,2026-01-12T20:34:00Z,62.0
ESC-001674,ALT-001674,CASE-001674,False,,Not required,False,,,,False,,
ESC-001675,ALT-001675,CASE-001675,False,,Not required,False,,,,False,,
ESC-001676,ALT-001676,CASE-001676,False,,Not required,False,,,,False,,
ESC-001677,ALT-001677,CASE-001677,False,,Not required,False,,,,False,,
ESC-001678,ALT-001678,CASE-001678,False,,Not required,False,,,,False,,
ESC-001679,ALT-001679,CASE-001679,False,,Not required,False,,,,False,,
ESC-001680,ALT-001680,CASE-001680,False,,Not required,False,,,,False,,
ESC-001681,ALT-001681,CASE-001681,False,,Not required,False,,,,False,,
ESC-001682,ALT-001682,CASE-001682,False,,Not required,False,,,,False,,
ESC-001683,ALT-001683,CASE-001683,False,,Not required,False,,,,False,,
ESC-001684,ALT-001684,CASE-001684,True,L3,CRITICAL severity per policy,True,2026-01-12T18:36:00Z,ANL-3003,Incident Response,True,2026-01-12T18:51:00Z,18.0
ESC-001685,ALT-001685,CASE-001685,True,L2,HIGH severity per policy,True,2026-01-12T03:45:00Z,ANL-3002,Incident Response,True,2026-01-12T04:00:00Z,35.0
ESC-001686,ALT-001686,CASE-001686,False,,Not required,False,,,,False,,
ESC-001687,ALT-001687,CASE-001687,False,,Not required,False,,,,False,,
ESC-001688,ALT-001688,CASE-001688,False,,Not required,False,,,,False,,
ESC-001689,ALT-001689,CASE-001689,False,,Not required,False,,,,False,,
ESC-001690,ALT-001690,CASE-001690,False,,Not required,False,,,,False,,
ESC-001691,ALT-001691,CASE-001691,False,,Not required,False,,,,False,,
ESC-001692,ALT-001692,CASE-001692,False,,Not required,False,,,,False,,
ESC-001693,ALT-001693,CASE-001693,False,,Not required,False,,,,False,,
ESC-001694,ALT-001694,CASE-001694,False,,Not required,False,,,,False,,
ESC-001695,ALT-001695,CASE-001695,False,,Not required,False,,,,False,,
ESC-001696,ALT-001696,CASE-001696,True,L2,HIGH severity per policy,True,2026-01-12T10:21:00Z,ANL-3004,Incident Response,True,2026-01-12T10:36:00Z,48.0
ESC-001697,ALT-001697,CASE-001697,False,,Not required,False,,,,False,,
ESC-001698,ALT-001698,CASE-001698,False,,Not required,False,,,,False,,
ESC-001699,ALT-001699,CASE-001699,False,,Not required,False,,,,False,,
ESC-001700,ALT-001700,CASE-001700,True,L2,HIGH severity per policy,True,2026-01-12T07:02:00Z,ANL-3009,Incident Response,True,2026-01-12T07:17:00Z,50.0
ESC-001701,ALT-001701,CASE-001701,False,,Not required,False,,,,False,,
ESC-001702,ALT-001702,CASE-001702,True,L3,CRITICAL severity per policy,True,2026-01-12T08:36:00Z,ANL-3006,Incident Response,True,2026-01-12T08:51:00Z,21.0
ESC-001703,ALT-001703,CASE-001703,False,,Not required,False,,,,False,,
ESC-001704,ALT-001704,CASE-001704,False,,Not required,False,,,,False,,
ESC-001705,ALT-001705,CASE-001705,True,L2,HIGH severity per policy,False,,,Incident Response,False,,
ESC-001706,ALT-001706,CASE-001706,False,,Not required,False,,,,False,,
ESC-001707,ALT-001707,CASE-001707,True,L2,HIGH severity per policy,True,2026-01-13T05:04:00Z,ANL-3008,Incident Response,True,2026-01-13T05:19:00Z,260.0
ESC-001708,ALT-001708,CASE-001708,True,L2,HIGH severity per policy,True,2026-01-12T10:04:00Z,ANL-3003,Incident Response,True,2026-01-12T10:19:00Z,68.0
ESC-001709,ALT-001709,CASE-001709,True,L2,HIGH severity per policy,True,2026-01-12T16:04:00Z,ANL-3002,Incident Response,True,2026-01-12T16:19:00Z,35.0
ESC-001710,ALT-001710,CASE-001710,False,,Not required,False,,,,False,,
ESC-001711,ALT-001711,CASE-001711,False,,Not required,False,,,,False,,
ESC-001712,ALT-001712,CASE-001712,True,L3,CRITICAL severity per policy,True,2026-01-12T07:21:00Z,ANL-3002,Incident Response,True,2026-01-12T07:36:00Z,16.0
ESC-001713,ALT-001713,CASE-001713,False,,Not required,False,,,,False,,
ESC-001714,ALT-001714,CASE-001714,False,,Not required,False,,,,False,,
ESC-001715,ALT-001715,CASE-001715,True,L2,HIGH severity per policy,True,2026-01-12T20:40:00Z,ANL-3003,Incident Response,True,2026-01-12T20:55:00Z,41.0
ESC-001716,ALT-001716,CASE-001716,False,,Not required,False,,,,False,,
ESC-001717,ALT-001717,CASE-001717,False,,Not required,False,,,,False,,
ESC-001718,ALT-001718,CASE-001718,False,,Not required,False,,,,False,,
ESC-001719,ALT-001719,CASE-001719,False,,Not required,False,,,,False,,
ESC-001720,ALT-001720,CASE-001720,False,,Not required,False,,,,False,,
ESC-001721,ALT-001721,CASE-001721,True,L2,HIGH severity per policy,True,2026-01-12T16:04:00Z,ANL-3001,Incident Response,True,2026-01-12T16:19:00Z,31.0
ESC-001722,ALT-001722,CASE-001722,False,,Not required,False,,,,False,,
ESC-001723,ALT-001723,CASE-001723,False,,Not required,False,,,,False,,
ESC-001724,ALT-001724,CASE-001724,True,L2,HIGH severity per policy,True,2026-01-12T06:10:00Z,ANL-3005,Incident Response,True,2026-01-12T06:25:00Z,171.0
ESC-001725,ALT-001725,CASE-001725,False,,Not required,False,,,,False,,
ESC-001726,ALT-001726,CASE-001726,False,,Not required,False,,,,False,,
ESC-001727,ALT-001727,CASE-001727,False,,Not required,False,,,,False,,
ESC-001728,ALT-001728,CASE-001728,True,L2,HIGH severity per policy,True,2026-01-12T19:21:00Z,ANL-3006,Incident Response,True,2026-01-12T19:36:00Z,61.0
ESC-001729,ALT-001729,CASE-001729,True,L3,CRITICAL severity per policy,True,2026-01-12T06:13:00Z,ANL-3009,Incident Response,True,2026-01-12T06:28:00Z,26.0
ESC-001730,ALT-001730,CASE-001730,True,L2,HIGH severity per policy,True,2026-01-12T09:46:00Z,ANL-3001,Incident Response,True,2026-01-12T10:01:00Z,359.0
ESC-001731,ALT-001731,CASE-001731,False,,Not required,False,,,,False,,
ESC-001732,ALT-001732,CASE-001732,False,,Not required,False,,,,False,,
ESC-001733,ALT-001733,CASE-001733,True,L2,HIGH severity per policy,True,2026-01-12T07:10:00Z,ANL-3007,Incident Response,True,2026-01-12T07:25:00Z,53.0
ESC-001734,ALT-001734,CASE-001734,True,L3,CRITICAL severity per policy,True,2026-01-12T03:56:00Z,ANL-3006,Incident Response,True,2026-01-12T04:11:00Z,29.0
ESC-001735,ALT-001735,CASE-001735,False,,Not required,False,,,,False,,
ESC-001736,ALT-001736,CASE-001736,True,L2,HIGH severity per policy,True,2026-01-12T15:27:00Z,ANL-3002,Incident Response,True,2026-01-12T15:42:00Z,68.0
ESC-001737,ALT-001737,CASE-001737,False,,Not required,False,,,,False,,
ESC-001738,ALT-001738,CASE-001738,True,L2,HIGH severity per policy,True,2026-01-12T04:30:00Z,ANL-3008,Incident Response,True,2026-01-12T04:45:00Z,49.0
ESC-001739,ALT-001739,CASE-001739,False,,Not required,False,,,,False,,
ESC-001740,ALT-001740,CASE-001740,False,,Not required,False,,,,False,,
ESC-001741,ALT-001741,CASE-001741,False,,Not required,False,,,,False,,
ESC-001742,ALT-001742,CASE-001742,False,,Not required,False,,,,False,,
ESC-001743,ALT-001743,CASE-001743,False,,Not required,False,,,,False,,
ESC-001744,ALT-001744,CASE-001744,True,L3,CRITICAL severity per policy,True,2026-01-12T21:05:00Z,ANL-3009,Incident Response,True,2026-01-12T21:20:00Z,30.0
ESC-001745,ALT-001745,CASE-001745,False,,Not required,False,,,,False,,
ESC-001746,ALT-001746,CASE-001746,False,,Not required,False,,,,False,,
ESC-001747,ALT-001747,CASE-001747,False,,Not required,False,,,,False,,
ESC-001748,ALT-001748,CASE-001748,True,L2,HIGH severity per policy,True,2026-01-12T06:58:00Z,ANL-3007,Incident Response,True,2026-01-12T07:13:00Z,62.0
ESC-001749,ALT-001749,CASE-001749,False,,Not required,False,,,,False,,
ESC-001750,ALT-001750,CASE-001750,False,,Not required,False,,,,False,,
ESC-001751,ALT-001751,CASE-001751,False,,Not required,False,,,,False,,
ESC-001752,ALT-001752,CASE-001752,False,,Not required,False,,,,False,,
ESC-001753,ALT-001753,CASE-001753,False,,Not required,False,,,,False,,
ESC-001754,ALT-001754,CASE-001754,False,,Not required,False,,,,False,,
ESC-001755,ALT-001755,CASE-001755,True,L3,CRITICAL severity per policy,True,2026-01-12T11:28:00Z,ANL-3008,Incident Response,True,2026-01-12T11:43:00Z,27.0
ESC-001756,ALT-001756,CASE-001756,True,L3,CRITICAL severity per policy,True,2026-01-12T19:07:00Z,ANL-3009,Incident Response,True,2026-01-12T19:22:00Z,18.0
ESC-001757,ALT-001757,CASE-001757,False,,Not required,False,,,,False,,
ESC-001758,ALT-001758,CASE-001758,False,,Not required,False,,,,False,,
ESC-001759,ALT-001759,CASE-001759,False,,Not required,False,,,,False,,
ESC-001760,ALT-001760,CASE-001760,False,,Not required,False,,,,False,,
ESC-001761,ALT-001761,CASE-001761,False,,Not required,False,,,,False,,
ESC-001762,ALT-001762,CASE-001762,False,,Not required,False,,,,False,,
ESC-001763,ALT-001763,CASE-001763,True,L2,HIGH severity per policy,True,2026-01-12T22:24:00Z,ANL-3008,Incident Response,True,2026-01-12T22:39:00Z,50.0
ESC-001764,ALT-001764,CASE-001764,False,,Not required,False,,,,False,,
ESC-001765,ALT-001765,CASE-001765,False,,Not required,False,,,,False,,
ESC-001766,ALT-001766,CASE-001766,True,L2,HIGH severity per policy,True,2026-01-12T10:19:00Z,ANL-3006,Incident Response,True,2026-01-12T10:34:00Z,51.0
ESC-001767,ALT-001767,CASE-001767,False,,Not required,False,,,,False,,
ESC-001768,ALT-001768,CASE-001768,True,L2,HIGH severity per policy,True,2026-01-13T02:13:00Z,ANL-3008,Incident Response,True,2026-01-13T02:28:00Z,350.0
ESC-001769,ALT-001769,CASE-001769,False,,Not required,False,,,,False,,
ESC-001770,ALT-001770,CASE-001770,False,,Not required,False,,,,False,,
ESC-001771,ALT-001771,CASE-001771,True,L2,HIGH severity per policy,True,2026-01-12T23:50:00Z,ANL-3001,Incident Response,True,2026-01-13T00:05:00Z,85.0
ESC-001772,ALT-001772,CASE-001772,True,L2,HIGH severity per policy,True,2026-01-12T11:37:00Z,ANL-3009,Incident Response,True,2026-01-12T11:52:00Z,68.0
ESC-001773,ALT-001773,CASE-001773,False,,Not required,False,,,,False,,
ESC-001774,ALT-001774,CASE-001774,False,,Not required,False,,,,False,,
ESC-001775,ALT-001775,CASE-001775,False,,Not required,False,,,,False,,
ESC-001776,ALT-001776,CASE-001776,False,,Not required,False,,,,False,,
ESC-001777,ALT-001777,CASE-001777,False,,Not required,False,,,,False,,
ESC-001778,ALT-001778,CASE-001778,False,,Not required,False,,,,False,,
ESC-001779,ALT-001779,CASE-001779,False,,Not required,False,,,,False,,
ESC-001780,ALT-001780,CASE-001780,False,,Not required,False,,,,False,,
ESC-001781,ALT-001781,CASE-001781,True,L2,HIGH severity per policy,True,2026-01-12T19:57:00Z,ANL-3005,Incident Response,True,2026-01-12T20:12:00Z,51.0
ESC-001782,ALT-001782,CASE-001782,False,,Not required,False,,,,False,,
ESC-001783,ALT-001783,CASE-001783,False,,Not required,False,,,,False,,
ESC-001784,ALT-001784,CASE-001784,False,,Not required,False,,,,False,,
ESC-001785,ALT-001785,CASE-001785,False,,Not required,False,,,,False,,
ESC-001786,ALT-001786,CASE-001786,False,,Not required,False,,,,False,,
ESC-001787,ALT-001787,CASE-001787,False,,Not required,False,,,,False,,
ESC-001788,ALT-001788,CASE-001788,True,L2,HIGH severity per policy,True,2026-01-12T18:41:00Z,ANL-3007,Incident Response,True,2026-01-12T18:56:00Z,44.0
ESC-001789,ALT-001789,CASE-001789,True,L3,CRITICAL severity per policy,True,2026-01-12T12:47:00Z,ANL-3007,Incident Response,True,2026-01-12T13:02:00Z,29.0
ESC-001790,ALT-001790,CASE-001790,False,,Not required,False,,,,False,,
ESC-001791,ALT-001791,CASE-001791,True,L2,HIGH severity per policy,True,2026-01-12T12:29:00Z,ANL-3007,Incident Response,True,2026-01-12T12:44:00Z,14.0
ESC-001792,ALT-001792,CASE-001792,False,,Not required,False,,,,False,,
ESC-001793,ALT-001793,CASE-001793,False,,Not required,False,,,,False,,
ESC-001794,ALT-001794,CASE-001794,False,,Not required,False,,,,False,,
ESC-001795,ALT-001795,CASE-001795,False,,Not required,False,,,,False,,
ESC-001796,ALT-001796,CASE-001796,False,,Not required,False,,,,False,,
ESC-001797,ALT-001797,CASE-001797,False,,Not required,False,,,,False,,
ESC-001798,ALT-001798,CASE-001798,True,L2,HIGH severity per policy,True,2026-01-12T04:47:00Z,ANL-3005,Incident Response,True,2026-01-12T05:02:00Z,46.0
ESC-001799,ALT-001799,CASE-001799,True,L3,CRITICAL severity per policy,True,2026-01-12T04:40:00Z,ANL-3004,Incident Response,True,2026-01-12T04:55:00Z,30.0
ESC-001800,ALT-001800,CASE-001800,False,,Not required,False,,,,False,,
ESC-001801,ALT-001801,CASE-001801,False,,Not required,False,,,,False,,
ESC-001802,ALT-001802,CASE-001802,True,L2,HIGH severity per policy,True,2026-01-12T21:12:00Z,ANL-3004,Incident Response,True,2026-01-12T21:27:00Z,355.0
ESC-001803,ALT-001803,CASE-001803,False,,Not required,False,,,,False,,
ESC-001804,ALT-001804,CASE-001804,False,,Not required,False,,,,False,,
ESC-001805,ALT-001805,CASE-001805,False,,Not required,False,,,,False,,
ESC-001806,ALT-001806,CASE-001806,False,,Not required,False,,,,False,,
ESC-001807,ALT-001807,CASE-001807,False,,Not required,False,,,,False,,
ESC-001808,ALT-001808,CASE-001808,False,,Not required,False,,,,False,,
ESC-001809,ALT-001809,CASE-001809,False,,Not required,False,,,,False,,
ESC-001810,ALT-001810,CASE-001810,False,,Not required,False,,,,False,,
ESC-001811,ALT-001811,CASE-001811,False,,Not required,False,,,,False,,
ESC-001812,ALT-001812,CASE-001812,True,L2,HIGH severity per policy,True,2026-01-12T21:09:00Z,ANL-3007,Incident Response,True,2026-01-12T21:24:00Z,41.0
ESC-001813,ALT-001813,CASE-001813,True,L2,HIGH severity per policy,True,2026-01-12T15:19:00Z,ANL-3007,Incident Response,True,2026-01-12T15:34:00Z,41.0
ESC-001814,ALT-001814,CASE-001814,False,,Not required,False,,,,False,,
ESC-001815,ALT-001815,CASE-001815,False,,Not required,False,,,,False,,
ESC-001816,ALT-001816,CASE-001816,False,,Not required,False,,,,False,,
ESC-001817,ALT-001817,CASE-001817,False,,Not required,False,,,,False,,
ESC-001818,ALT-001818,CASE-001818,False,,Not required,False,,,,False,,
ESC-001819,ALT-001819,CASE-001819,False,,Not required,False,,,,False,,
ESC-001820,ALT-001820,CASE-001820,True,L2,HIGH severity per policy,True,2026-01-12T10:19:00Z,ANL-3007,Incident Response,True,2026-01-12T10:34:00Z,18.0
ESC-001821,ALT-001821,CASE-001821,False,,Not required,False,,,,False,,
ESC-001822,ALT-001822,CASE-001822,False,,Not required,False,,,,False,,
ESC-001823,ALT-001823,CASE-001823,False,,Not required,False,,,,False,,
ESC-001824,ALT-001824,CASE-001824,False,,Not required,False,,,,False,,
ESC-001825,ALT-001825,CASE-001825,True,L2,HIGH severity per policy,False,,,Incident Response,False,,
ESC-001826,ALT-001826,CASE-001826,True,L2,HIGH severity per policy,True,2026-01-13T00:23:00Z,ANL-3004,Incident Response,True,2026-01-13T00:38:00Z,56.0
ESC-001827,ALT-001827,CASE-001827,False,,Not required,False,,,,False,,
ESC-001828,ALT-001828,CASE-001828,True,L2,HIGH severity per policy,True,2026-01-12T13:31:00Z,ANL-3001,Incident Response,True,2026-01-12T13:46:00Z,50.0
ESC-001829,ALT-001829,CASE-001829,False,,Not required,False,,,,False,,
ESC-001830,ALT-001830,CASE-001830,False,,Not required,False,,,,False,,
ESC-001831,ALT-001831,CASE-001831,False,,Not required,False,,,,False,,
ESC-001832,ALT-001832,CASE-001832,True,L3,CRITICAL severity per policy,True,2026-01-12T19:01:00Z,ANL-3003,Incident Response,True,2026-01-12T19:16:00Z,16.0
ESC-001833,ALT-001833,CASE-001833,True,L2,HIGH severity per policy,True,2026-01-12T13:23:00Z,ANL-3003,Incident Response,True,2026-01-12T13:38:00Z,50.0
ESC-001834,ALT-001834,CASE-001834,True,L2,HIGH severity per policy,True,2026-01-12T10:27:00Z,ANL-3009,Incident Response,True,2026-01-12T10:42:00Z,56.0
ESC-001835,ALT-001835,CASE-001835,False,,Not required,False,,,,False,,
ESC-001836,ALT-001836,CASE-001836,True,L2,HIGH severity per policy,True,2026-01-12T03:29:00Z,ANL-3003,Incident Response,True,2026-01-12T03:44:00Z,34.0
ESC-001837,ALT-001837,CASE-001837,True,L3,CRITICAL severity per policy,True,2026-01-12T13:07:00Z,ANL-3006,Incident Response,True,2026-01-12T13:22:00Z,23.0
ESC-001838,ALT-001838,CASE-001838,False,,Not required,False,,,,False,,
ESC-001839,ALT-001839,CASE-001839,True,L3,CRITICAL severity per policy,True,2026-01-12T00:53:00Z,ANL-3008,Incident Response,True,2026-01-12T01:08:00Z,40.0
ESC-001840,ALT-001840,CASE-001840,False,,Not required,False,,,,False,,
ESC-001841,ALT-001841,CASE-001841,False,,Not required,False,,,,False,,
ESC-001842,ALT-001842,CASE-001842,False,,Not required,False,,,,False,,
ESC-001843,ALT-001843,CASE-001843,False,,Not required,False,,,,False,,
ESC-001844,ALT-001844,CASE-001844,True,L2,HIGH severity per policy,True,2026-01-14T00:30:00Z,ANL-3007,Incident Response,True,2026-01-14T00:45:00Z,40.0
ESC-001845,ALT-001845,CASE-001845,False,,Not required,False,,,,False,,
ESC-001846,ALT-001846,CASE-001846,False,,Not required,False,,,,False,,
ESC-001847,ALT-001847,CASE-001847,True,L2,HIGH severity per policy,True,2026-01-13T12:13:00Z,ANL-3009,Incident Response,True,2026-01-13T12:28:00Z,61.0
ESC-001848,ALT-001848,CASE-001848,False,,Not required,False,,,,False,,
ESC-001849,ALT-001849,CASE-001849,False,,Not required,False,,,,False,,
ESC-001850,ALT-001850,CASE-001850,False,,Not required,False,,,,False,,
ESC-001851,ALT-001851,CASE-001851,False,,Not required,False,,,,False,,
ESC-001852,ALT-001852,CASE-001852,True,L3,CRITICAL severity per policy,False,,,Incident Response,False,,
ESC-001853,ALT-001853,CASE-001853,False,,Not required,False,,,,False,,
ESC-001854,ALT-001854,CASE-001854,False,,Not required,False,,,,False,,
ESC-001855,ALT-001855,CASE-001855,False,,Not required,False,,,,False,,
ESC-001856,ALT-001856,CASE-001856,True,L2,HIGH severity per policy,False,,,Incident Response,False,,
ESC-001857,ALT-001857,CASE-001857,False,,Not required,False,,,,False,,
ESC-001858,ALT-001858,CASE-001858,False,,Not required,False,,,,False,,
ESC-001859,ALT-001859,CASE-001859,False,,Not required,False,,,,False,,
ESC-001860,ALT-001860,CASE-001860,False,,Not required,False,,,,False,,
ESC-001861,ALT-001861,CASE-001861,False,,Not required,False,,,,False,,
ESC-001862,ALT-001862,CASE-001862,True,L2,HIGH severity per policy,True,2026-01-13T07:16:00Z,ANL-3009,Incident Response,True,2026-01-13T07:31:00Z,52.0
ESC-001863,ALT-001863,CASE-001863,False,,Not required,False,,,,False,,
ESC-001864,ALT-001864,CASE-001864,False,,Not required,False,,,,False,,
ESC-001865,ALT-001865,CASE-001865,False,,Not required,False,,,,False,,
ESC-001866,ALT-001866,CASE-001866,True,L2,HIGH severity per policy,True,2026-01-13T19:07:00Z,ANL-3008,Incident Response,True,2026-01-13T19:22:00Z,87.0
ESC-001867,ALT-001867,CASE-001867,False,,Not required,False,,,,False,,
ESC-001868,ALT-001868,CASE-001868,True,L2,HIGH severity per policy,True,2026-01-14T01:23:00Z,ANL-3002,Incident Response,True,2026-01-14T01:38:00Z,84.0
ESC-001869,ALT-001869,CASE-001869,True,L2,HIGH severity per policy,True,2026-01-13T21:27:00Z,ANL-3001,Incident Response,True,2026-01-13T21:42:00Z,36.0
ESC-001870,ALT-001870,CASE-001870,False,,Not required,False,,,,False,,
ESC-001871,ALT-001871,CASE-001871,False,,Not required,False,,,,False,,
ESC-001872,ALT-001872,CASE-001872,True,L2,HIGH severity per policy,True,2026-01-13T23:02:00Z,ANL-3004,Incident Response,True,2026-01-13T23:17:00Z,81.0
ESC-001873,ALT-001873,CASE-001873,False,,Not required,False,,,,False,,
ESC-001874,ALT-001874,CASE-001874,False,,Not required,False,,,,False,,
ESC-001875,ALT-001875,CASE-001875,False,,Not required,False,,,,False,,
ESC-001876,ALT-001876,CASE-001876,False,,Not required,False,,,,False,,
ESC-001877,ALT-001877,CASE-001877,False,,Not required,False,,,,False,,
ESC-001878,ALT-001878,CASE-001878,False,,Not required,False,,,,False,,
ESC-001879,ALT-001879,CASE-001879,True,L3,CRITICAL severity per policy,True,2026-01-13T20:30:00Z,ANL-3005,Incident Response,True,2026-01-13T20:45:00Z,27.0
ESC-001880,ALT-001880,CASE-001880,False,,Not required,False,,,,False,,
ESC-001881,ALT-001881,CASE-001881,False,,Not required,False,,,,False,,
ESC-001882,ALT-001882,CASE-001882,False,,Not required,False,,,,False,,
ESC-001883,ALT-001883,CASE-001883,False,,Not required,False,,,,False,,
ESC-001884,ALT-001884,CASE-001884,False,,Not required,False,,,,False,,
ESC-001885,ALT-001885,CASE-001885,True,L3,CRITICAL severity per policy,True,2026-01-14T23:04:00Z,ANL-3003,Incident Response,True,2026-01-14T23:19:00Z,32.0
ESC-001886,ALT-001886,CASE-001886,False,,Not required,False,,,,False,,
ESC-001887,ALT-001887,CASE-001887,True,L2,HIGH severity per policy,True,2026-01-14T02:55:00Z,ANL-3005,Incident Response,True,2026-01-14T03:10:00Z,69.0
ESC-001888,ALT-001888,CASE-001888,False,,Not required,False,,,,False,,
ESC-001889,ALT-001889,CASE-001889,False,,Not required,False,,,,False,,
ESC-001890,ALT-001890,CASE-001890,False,,Not required,False,,,,False,,
ESC-001891,ALT-001891,CASE-001891,True,L2,HIGH severity per policy,True,2026-01-14T14:10:00Z,ANL-3001,Incident Response,True,2026-01-14T14:25:00Z,55.0
ESC-001892,ALT-001892,CASE-001892,False,,Not required,False,,,,False,,
ESC-001893,ALT-001893,CASE-001893,False,,Not required,False,,,,False,,
ESC-001894,ALT-001894,CASE-001894,True,L3,CRITICAL severity per policy,True,2026-01-14T08:33:00Z,ANL-3006,Incident Response,True,2026-01-14T08:48:00Z,24.0
ESC-001895,ALT-001895,CASE-001895,False,,Not required,False,,,,False,,
ESC-001896,ALT-001896,CASE-001896,False,,Not required,False,,,,False,,
ESC-001897,ALT-001897,CASE-001897,False,,Not required,False,,,,False,,
ESC-001898,ALT-001898,CASE-001898,False,,Not required,False,,,,False,,
ESC-001899,ALT-001899,CASE-001899,False,,Not required,False,,,,False,,
ESC-001900,ALT-001900,CASE-001900,False,,Not required,False,,,,False,,
ESC-001901,ALT-001901,CASE-001901,False,,Not required,False,,,,False,,
ESC-001902,ALT-001902,CASE-001902,False,,Not required,False,,,,False,,
ESC-001903,ALT-001903,CASE-001903,False,,Not required,False,,,,False,,
ESC-001904,ALT-001904,CASE-001904,False,,Not required,False,,,,False,,
ESC-001905,ALT-001905,CASE-001905,False,,Not required,False,,,,False,,
ESC-001906,ALT-001906,CASE-001906,False,,Not required,False,,,,False,,
ESC-001907,ALT-001907,CASE-001907,False,,Not required,False,,,,False,,
ESC-001908,ALT-001908,CASE-001908,True,L2,HIGH severity per policy,True,2026-01-14T03:12:00Z,ANL-3004,Incident Response,True,2026-01-14T03:27:00Z,44.0
ESC-001909,ALT-001909,CASE-001909,False,,Not required,False,,,,False,,
ESC-001910,ALT-001910,CASE-001910,False,,Not required,False,,,,False,,
ESC-001911,ALT-001911,CASE-001911,False,,Not required,False,,,,False,,
ESC-001912,ALT-001912,CASE-001912,True,L2,HIGH severity per policy,True,2026-01-14T11:47:00Z,ANL-3007,Incident Response,True,2026-01-14T12:02:00Z,34.0
ESC-001913,ALT-001913,CASE-001913,False,,Not required,False,,,,False,,
ESC-001914,ALT-001914,CASE-001914,False,,Not required,False,,,,False,,
ESC-001915,ALT-001915,CASE-001915,False,,Not required,False,,,,False,,
ESC-001916,ALT-001916,CASE-001916,False,,Not required,False,,,,False,,
ESC-001917,ALT-001917,CASE-001917,False,,Not required,False,,,,False,,
ESC-001918,ALT-001918,CASE-001918,False,,Not required,False,,,,False,,
ESC-001919,ALT-001919,CASE-001919,True,L2,HIGH severity per policy,True,2026-01-14T08:58:00Z,ANL-3004,Incident Response,True,2026-01-14T09:13:00Z,38.0
ESC-001920,ALT-001920,CASE-001920,True,L2,HIGH severity per policy,True,2026-01-14T21:14:00Z,ANL-3002,Incident Response,True,2026-01-14T21:29:00Z,56.0
ESC-001921,ALT-001921,CASE-001921,False,,Not required,False,,,,False,,
ESC-001922,ALT-001922,CASE-001922,False,,Not required,False,,,,False,,
ESC-001923,ALT-001923,CASE-001923,False,,Not required,False,,,,False,,
ESC-001924,ALT-001924,CASE-001924,False,,Not required,False,,,,False,,
ESC-001925,ALT-001925,CASE-001925,False,,Not required,False,,,,False,,
ESC-001926,ALT-001926,CASE-001926,False,,Not required,False,,,,False,,
ESC-001927,ALT-001927,CASE-001927,False,,Not required,False,,,,False,,
ESC-001928,ALT-001928,CASE-001928,False,,Not required,False,,,,False,,
ESC-001929,ALT-001929,CASE-001929,False,,Not required,False,,,,False,,
ESC-001930,ALT-001930,CASE-001930,False,,Not required,False,,,,False,,
ESC-001931,ALT-001931,CASE-001931,False,,Not required,False,,,,False,,
ESC-001932,ALT-001932,CASE-001932,True,L2,HIGH severity per policy,True,2026-01-01T21:01:00Z,ANL-4011,Incident Response,True,2026-01-01T21:16:00Z,25.0
ESC-001933,ALT-001933,CASE-001933,True,L2,HIGH severity per policy,True,2026-01-01T22:20:00Z,ANL-4010,Incident Response,True,2026-01-01T22:35:00Z,177.0
ESC-001934,ALT-001934,CASE-001934,False,,Not required,False,,,,False,,
ESC-001935,ALT-001935,CASE-001935,True,L2,HIGH severity per policy,True,2026-01-01T16:01:00Z,ANL-4008,Incident Response,True,2026-01-01T16:16:00Z,70.0
ESC-001936,ALT-001936,CASE-001936,False,,Not required,False,,,,False,,
ESC-001937,ALT-001937,CASE-001937,False,,Not required,False,,,,False,,
ESC-001938,ALT-001938,CASE-001938,True,L3,CRITICAL severity per policy,True,2026-01-01T07:11:00Z,ANL-4011,Incident Response,True,2026-01-01T07:26:00Z,31.0
ESC-001939,ALT-001939,CASE-001939,False,,Not required,False,,,,False,,
ESC-001940,ALT-001940,CASE-001940,False,,Not required,False,,,,False,,
ESC-001941,ALT-001941,CASE-001941,False,,Not required,False,,,,False,,
ESC-001942,ALT-001942,CASE-001942,False,,Not required,False,,,,False,,
ESC-001943,ALT-001943,CASE-001943,False,,Not required,False,,,,False,,
ESC-001944,ALT-001944,CASE-001944,False,,Not required,False,,,,False,,
ESC-001945,ALT-001945,CASE-001945,False,,Not required,False,,,,False,,
ESC-001946,ALT-001946,CASE-001946,False,,Not required,False,,,,False,,
ESC-001947,ALT-001947,CASE-001947,True,L3,CRITICAL severity per policy,True,2026-01-01T22:53:00Z,ANL-4006,Incident Response,True,2026-01-01T23:08:00Z,28.0
ESC-001948,ALT-001948,CASE-001948,True,L2,HIGH severity per policy,True,2026-01-01T10:34:00Z,ANL-4002,Incident Response,True,2026-01-01T10:49:00Z,170.0
ESC-001949,ALT-001949,CASE-001949,False,,Not required,False,,,,False,,
ESC-001950,ALT-001950,CASE-001950,True,L2,HIGH severity per policy,True,2026-01-01T08:53:00Z,ANL-4010,Incident Response,True,2026-01-01T09:08:00Z,21.0
ESC-001951,ALT-001951,CASE-001951,False,,Not required,False,,,,False,,
ESC-001952,ALT-001952,CASE-001952,False,,Not required,False,,,,False,,
ESC-001953,ALT-001953,CASE-001953,True,L2,HIGH severity per policy,False,,,Incident Response,False,,
ESC-001954,ALT-001954,CASE-001954,False,,Not required,False,,,,False,,
ESC-001955,ALT-001955,CASE-001955,False,,Not required,False,,,,False,,
ESC-001956,ALT-001956,CASE-001956,False,,Not required,False,,,,False,,
ESC-001957,ALT-001957,CASE-001957,False,,Not required,False,,,,False,,
ESC-001958,ALT-001958,CASE-001958,False,,Not required,False,,,,False,,
ESC-001959,ALT-001959,CASE-001959,True,L3,CRITICAL severity per policy,True,2026-01-01T20:01:00Z,ANL-4003,Incident Response,True,2026-01-01T20:16:00Z,85.0
ESC-001960,ALT-001960,CASE-001960,True,L2,HIGH severity per policy,True,2026-01-02T00:24:00Z,ANL-4013,Incident Response,True,2026-01-02T00:39:00Z,73.0
ESC-001961,ALT-001961,CASE-001961,True,L2,HIGH severity per policy,True,2026-01-01T07:09:00Z,ANL-4004,Incident Response,True,2026-01-01T07:24:00Z,355.0
ESC-001962,ALT-001962,CASE-001962,True,L2,HIGH severity per policy,False,,,Incident Response,False,,
ESC-001963,ALT-001963,CASE-001963,False,,Not required,False,,,,False,,
ESC-001964,ALT-001964,CASE-001964,False,,Not required,False,,,,False,,
ESC-001965,ALT-001965,CASE-001965,False,,Not required,False,,,,False,,
ESC-001966,ALT-001966,CASE-001966,False,,Not required,False,,,,False,,
ESC-001967,ALT-001967,CASE-001967,False,,Not required,False,,,,False,,
ESC-001968,ALT-001968,CASE-001968,False,,Not required,False,,,,False,,
ESC-001969,ALT-001969,CASE-001969,False,,Not required,False,,,,False,,
ESC-001970,ALT-001970,CASE-001970,False,,Not required,False,,,,False,,
ESC-001971,ALT-001971,CASE-001971,False,,Not required,False,,,,False,,
ESC-001972,ALT-001972,CASE-001972,False,,Not required,False,,,,False,,
ESC-001973,ALT-001973,CASE-001973,False,,Not required,False,,,,False,,
ESC-001974,ALT-001974,CASE-001974,True,L3,CRITICAL severity per policy,True,2026-01-01T11:19:00Z,ANL-4013,Incident Response,True,2026-01-01T11:34:00Z,32.0
ESC-001975,ALT-001975,CASE-001975,False,,Not required,False,,,,False,,
ESC-001976,ALT-001976,CASE-001976,False,,Not required,False,,,,False,,
ESC-001977,ALT-001977,CASE-001977,False,,Not required,False,,,,False,,
ESC-001978,ALT-001978,CASE-001978,True,L3,CRITICAL severity per policy,True,2026-01-01T21:42:00Z,ANL-4010,Incident Response,True,2026-01-01T21:57:00Z,17.0
ESC-001979,ALT-001979,CASE-001979,False,,Not required,False,,,,False,,
ESC-001980,ALT-001980,CASE-001980,False,,Not required,False,,,,False,,
ESC-001981,ALT-001981,CASE-001981,False,,Not required,False,,,,False,,
ESC-001982,ALT-001982,CASE-001982,True,L3,CRITICAL severity per policy,True,2026-01-01T20:54:00Z,ANL-4001,Incident Response,True,2026-01-01T21:09:00Z,19.0
ESC-001983,ALT-001983,CASE-001983,False,,Not required,False,,,,False,,
ESC-001984,ALT-001984,CASE-001984,False,,Not required,False,,,,False,,
ESC-001985,ALT-001985,CASE-001985,True,L3,CRITICAL severity per policy,True,2026-01-01T05:11:00Z,ANL-4009,Incident Response,True,2026-01-01T05:26:00Z,86.0
ESC-001986,ALT-001986,CASE-001986,False,,Not required,False,,,,False,,
ESC-001987,ALT-001987,CASE-001987,False,,Not required,False,,,,False,,
ESC-001988,ALT-001988,CASE-001988,False,,Not required,False,,,,False,,
ESC-001989,ALT-001989,CASE-001989,False,,Not required,False,,,,False,,
ESC-001990,ALT-001990,CASE-001990,False,,Not required,False,,,,False,,
ESC-001991,ALT-001991,CASE-001991,False,,Not required,False,,,,False,,
ESC-001992,ALT-001992,CASE-001992,True,L2,HIGH severity per policy,True,2026-01-02T01:09:00Z,ANL-4008,Incident Response,True,2026-01-02T01:24:00Z,87.0
ESC-001993,ALT-001993,CASE-001993,False,,Not required,False,,,,False,,
ESC-001994,ALT-001994,CASE-001994,False,,Not required,False,,,,False,,
ESC-001995,ALT-001995,CASE-001995,False,,Not required,False,,,,False,,
ESC-001996,ALT-001996,CASE-001996,True,L2,HIGH severity per policy,True,2026-01-01T02:22:00Z,ANL-4001,Incident Response,True,2026-01-01T02:37:00Z,43.0
ESC-001997,ALT-001997,CASE-001997,False,,Not required,False,,,,False,,
ESC-001998,ALT-001998,CASE-001998,False,,Not required,False,,,,False,,
ESC-001999,ALT-001999,CASE-001999,False,,Not required,False,,,,False,,
ESC-002000,ALT-002000,CASE-002000,True,L2,HIGH severity per policy,False,,,Incident Response,False,,
ESC-002001,ALT-002001,CASE-002001,False,,Not required,False,,,,False,,
ESC-002002,ALT-002002,CASE-002002,False,,Not required,False,,,,False,,
ESC-002003,ALT-002003,CASE-002003,False,,Not required,False,,,,False,,
ESC-002004,ALT-002004,CASE-002004,True,L2,HIGH severity per policy,True,2026-01-02T05:09:00Z,ANL-4012,Incident Response,True,2026-01-02T05:24:00Z,350.0
ESC-002005,ALT-002005,CASE-002005,False,,Not required,False,,,,False,,
ESC-002006,ALT-002006,CASE-002006,True,L3,CRITICAL severity per policy,True,2026-01-01T21:20:00Z,ANL-4004,Incident Response,True,2026-01-01T21:35:00Z,26.0
ESC-002007,ALT-002007,CASE-002007,False,,Not required,False,,,,False,,
ESC-002008,ALT-002008,CASE-002008,False,,Not required,False,,,,False,,
ESC-002009,ALT-002009,CASE-002009,True,L3,CRITICAL severity per policy,True,2026-01-01T23:58:00Z,ANL-4008,Incident Response,True,2026-01-02T00:13:00Z,21.0
ESC-002010,ALT-002010,CASE-002010,False,,Not required,False,,,,False,,
ESC-002011,ALT-002011,CASE-002011,False,,Not required,False,,,,False,,
ESC-002012,ALT-002012,CASE-002012,True,L2,HIGH severity per policy,True,2026-01-02T00:30:00Z,ANL-4008,Incident Response,True,2026-01-02T00:45:00Z,60.0
ESC-002013,ALT-002013,CASE-002013,False,,Not required,False,,,,False,,
ESC-002014,ALT-002014,CASE-002014,False,,Not required,False,,,,False,,
ESC-002015,ALT-002015,CASE-002015,False,,Not required,False,,,,False,,
ESC-002016,ALT-002016,CASE-002016,False,,Not required,False,,,,False,,
ESC-002017,ALT-002017,CASE-002017,True,L2,HIGH severity per policy,True,2026-01-01T21:18:00Z,ANL-4003,Incident Response,True,2026-01-01T21:33:00Z,48.0
ESC-002018,ALT-002018,CASE-002018,False,,Not required,False,,,,False,,
ESC-002019,ALT-002019,CASE-002019,False,,Not required,False,,,,False,,
ESC-002020,ALT-002020,CASE-002020,False,,Not required,False,,,,False,,
ESC-002021,ALT-002021,CASE-002021,False,,Not required,False,,,,False,,
ESC-002022,ALT-002022,CASE-002022,False,,Not required,False,,,,False,,
ESC-002023,ALT-002023,CASE-002023,False,,Not required,False,,,,False,,
ESC-002024,ALT-002024,CASE-002024,False,,Not required,False,,,,False,,
ESC-002025,ALT-002025,CASE-002025,False,,Not required,False,,,,False,,
ESC-002026,ALT-002026,CASE-002026,False,,Not required,False,,,,False,,
ESC-002027,ALT-002027,CASE-002027,False,,Not required,False,,,,False,,
ESC-002028,ALT-002028,CASE-002028,False,,Not required,False,,,,False,,
ESC-002029,ALT-002029,CASE-002029,False,,Not required,False,,,,False,,
ESC-002030,ALT-002030,CASE-002030,True,L2,HIGH severity per policy,False,,,Incident Response,False,,
ESC-002031,ALT-002031,CASE-002031,True,L2,HIGH severity per policy,True,2026-01-01T09:12:00Z,ANL-4008,Incident Response,True,2026-01-01T09:27:00Z,74.0
ESC-002032,ALT-002032,CASE-002032,True,L3,CRITICAL severity per policy,False,,,Incident Response,False,,
ESC-002033,ALT-002033,CASE-002033,False,,Not required,False,,,,False,,
ESC-002034,ALT-002034,CASE-002034,False,,Not required,False,,,,False,,
ESC-002035,ALT-002035,CASE-002035,False,,Not required,False,,,,False,,
ESC-002036,ALT-002036,CASE-002036,True,L2,HIGH severity per policy,True,2026-01-01T07:53:00Z,ANL-4013,Incident Response,True,2026-01-01T08:08:00Z,70.0
ESC-002037,ALT-002037,CASE-002037,True,L3,CRITICAL severity per policy,True,2026-01-01T18:35:00Z,ANL-4007,Incident Response,True,2026-01-01T18:50:00Z,126.0
ESC-002038,ALT-002038,CASE-002038,False,,Not required,False,,,,False,,
ESC-002039,ALT-002039,CASE-002039,True,L3,CRITICAL severity per policy,True,2026-01-01T07:09:00Z,ANL-4005,Incident Response,True,2026-01-01T07:24:00Z,13.0
ESC-002040,ALT-002040,CASE-002040,False,,Not required,False,,,,False,,
ESC-002041,ALT-002041,CASE-002041,True,L3,CRITICAL severity per policy,True,2026-01-01T01:14:00Z,ANL-4011,Incident Response,True,2026-01-01T01:29:00Z,26.0
ESC-002042,ALT-002042,CASE-002042,True,L2,HIGH severity per policy,True,2026-01-01T06:13:00Z,ANL-4003,Incident Response,True,2026-01-01T06:28:00Z,22.0
ESC-002043,ALT-002043,CASE-002043,False,,Not required,False,,,,False,,
ESC-002044,ALT-002044,CASE-002044,False,,Not required,False,,,,False,,
ESC-002045,ALT-002045,CASE-002045,True,L2,HIGH severity per policy,True,2026-01-01T09:22:00Z,ANL-4011,Incident Response,True,2026-01-01T09:37:00Z,354.0
ESC-002046,ALT-002046,CASE-002046,False,,Not required,False,,,,False,,
ESC-002047,ALT-002047,CASE-002047,False,,Not required,False,,,,False,,
ESC-002048,ALT-002048,CASE-002048,False,,Not required,False,,,,False,,
ESC-002049,ALT-002049,CASE-002049,False,,Not required,False,,,,False,,
ESC-002050,ALT-002050,CASE-002050,False,,Not required,False,,,,False,,
ESC-002051,ALT-002051,CASE-002051,False,,Not required,False,,,,False,,
ESC-002052,ALT-002052,CASE-002052,False,,Not required,False,,,,False,,
ESC-002053,ALT-002053,CASE-002053,False,,Not required,False,,,,False,,
ESC-002054,ALT-002054,CASE-002054,False,,Not required,False,,,,False,,
ESC-002055,ALT-002055,CASE-002055,False,,Not required,False,,,,False,,
ESC-002056,ALT-002056,CASE-002056,False,,Not required,False,,,,False,,
ESC-002057,ALT-002057,CASE-002057,False,,Not required,False,,,,False,,
ESC-002058,ALT-002058,CASE-002058,False,,Not required,False,,,,False,,
ESC-002059,ALT-002059,CASE-002059,True,L3,CRITICAL severity per policy,True,2026-01-01T16:21:00Z,ANL-4013,Incident Response,True,2026-01-01T16:36:00Z,37.0
ESC-002060,ALT-002060,CASE-002060,False,,Not required,False,,,,False,,
ESC-002061,ALT-002061,CASE-002061,False,,Not required,False,,,,False,,
ESC-002062,ALT-002062,CASE-002062,True,L2,HIGH severity per policy,True,2026-01-02T02:47:00Z,ANL-4012,Incident Response,True,2026-01-02T03:02:00Z,171.0
ESC-002063,ALT-002063,CASE-002063,False,,Not required,False,,,,False,,
ESC-002064,ALT-002064,CASE-002064,False,,Not required,False,,,,False,,
ESC-002065,ALT-002065,CASE-002065,False,,Not required,False,,,,False,,
ESC-002066,ALT-002066,CASE-002066,False,,Not required,False,,,,False,,
ESC-002067,ALT-002067,CASE-002067,False,,Not required,False,,,,False,,
ESC-002068,ALT-002068,CASE-002068,True,L3,CRITICAL severity per policy,True,2026-01-01T09:15:00Z,ANL-4011,Incident Response,True,2026-01-01T09:30:00Z,40.0
ESC-002069,ALT-002069,CASE-002069,True,L2,HIGH severity per policy,True,2026-01-01T06:12:00Z,ANL-4008,Incident Response,True,2026-01-01T06:27:00Z,54.0
ESC-002070,ALT-002070,CASE-002070,False,,Not required,False,,,,False,,
ESC-002071,ALT-002071,CASE-002071,False,,Not required,False,,,,False,,
ESC-002072,ALT-002072,CASE-002072,False,,Not required,False,,,,False,,
ESC-002073,ALT-002073,CASE-002073,True,L3,CRITICAL severity per policy,True,2026-01-01T16:31:00Z,ANL-4008,Incident Response,True,2026-01-01T16:46:00Z,37.0
ESC-002074,ALT-002074,CASE-002074,False,,Not required,False,,,,False,,
ESC-002075,ALT-002075,CASE-002075,False,,Not required,False,,,,False,,
ESC-002076,ALT-002076,CASE-002076,False,,Not required,False,,,,False,,
ESC-002077,ALT-002077,CASE-002077,False,,Not required,False,,,,False,,
ESC-002078,ALT-002078,CASE-002078,False,,Not required,False,,,,False,,
ESC-002079,ALT-002079,CASE-002079,False,,Not required,False,,,,False,,
ESC-002080,ALT-002080,CASE-002080,False,,Not required,False,,,,False,,
ESC-002081,ALT-002081,CASE-002081,False,,Not required,False,,,,False,,
ESC-002082,ALT-002082,CASE-002082,False,,Not required,False,,,,False,,
ESC-002083,ALT-002083,CASE-002083,True,L2,HIGH severity per policy,True,2026-01-01T04:53:00Z,ANL-4001,Incident Response,True,2026-01-01T05:08:00Z,63.0
ESC-002084,ALT-002084,CASE-002084,False,,Not required,False,,,,False,,
ESC-002085,ALT-002085,CASE-002085,False,,Not required,False,,,,False,,
ESC-002086,ALT-002086,CASE-002086,True,L2,HIGH severity per policy,True,2026-01-01T20:51:00Z,ANL-4002,Incident Response,True,2026-01-01T21:06:00Z,86.0
ESC-002087,ALT-002087,CASE-002087,True,L3,CRITICAL severity per policy,True,2026-01-01T20:59:00Z,ANL-4004,Incident Response,True,2026-01-01T21:14:00Z,23.0
ESC-002088,ALT-002088,CASE-002088,False,,Not required,False,,,,False,,
ESC-002089,ALT-002089,CASE-002089,True,L2,HIGH severity per policy,False,,,Incident Response,False,,
ESC-002090,ALT-002090,CASE-002090,True,L2,HIGH severity per policy,True,2026-01-01T21:12:00Z,ANL-4008,Incident Response,True,2026-01-01T21:27:00Z,67.0
ESC-002091,ALT-002091,CASE-002091,True,L2,HIGH severity per policy,True,2026-01-01T11:48:00Z,ANL-4006,Incident Response,True,2026-01-01T12:03:00Z,70.0
ESC-002092,ALT-002092,CASE-002092,False,,Not required,False,,,,False,,
ESC-002093,ALT-002093,CASE-002093,True,L3,CRITICAL severity per policy,True,2026-01-01T11:57:00Z,ANL-4008,Incident Response,True,2026-01-01T12:12:00Z,30.0
ESC-002094,ALT-002094,CASE-002094,False,,Not required,False,,,,False,,
ESC-002095,ALT-002095,CASE-002095,True,L2,HIGH severity per policy,True,2026-01-01T21:39:00Z,ANL-4003,Incident Response,True,2026-01-01T21:54:00Z,21.0
ESC-002096,ALT-002096,CASE-002096,True,L2,HIGH severity per policy,True,2026-01-02T00:58:00Z,ANL-4001,Incident Response,True,2026-01-02T01:13:00Z,357.0
ESC-002097,ALT-002097,CASE-002097,False,,Not required,False,,,,False,,
ESC-002098,ALT-002098,CASE-002098,True,L2,HIGH severity per policy,False,,,Incident Response,False,,
ESC-002099,ALT-002099,CASE-002099,False,,Not required,False,,,,False,,
ESC-002100,ALT-002100,CASE-002100,False,,Not required,False,,,,False,,
ESC-002101,ALT-002101,CASE-002101,False,,Not required,False,,,,False,,
ESC-002102,ALT-002102,CASE-002102,False,,Not required,False,,,,False,,
ESC-002103,ALT-002103,CASE-002103,False,,Not required,False,,,,False,,
ESC-002104,ALT-002104,CASE-002104,False,,Not required,False,,,,False,,
ESC-002105,ALT-002105,CASE-002105,True,L2,HIGH severity per policy,False,,,Incident Response,False,,
ESC-002106,ALT-002106,CASE-002106,True,L2,HIGH severity per policy,True,2026-01-01T16:27:00Z,ANL-4003,Incident Response,True,2026-01-01T16:42:00Z,56.0
ESC-002107,ALT-002107,CASE-002107,False,,Not required,False,,,,False,,
ESC-002108,ALT-002108,CASE-002108,True,L2,HIGH severity per policy,True,2026-01-01T22:30:00Z,ANL-4003,Incident Response,True,2026-01-01T22:45:00Z,24.0
ESC-002109,ALT-002109,CASE-002109,False,,Not required,False,,,,False,,
ESC-002110,ALT-002110,CASE-002110,False,,Not required,False,,,,False,,
ESC-002111,ALT-002111,CASE-002111,True,L2,HIGH severity per policy,True,2026-01-01T15:16:00Z,ANL-4007,Incident Response,True,2026-01-01T15:31:00Z,77.0
ESC-002112,ALT-002112,CASE-002112,True,L2,HIGH severity per policy,True,2026-01-01T18:42:00Z,ANL-4003,Incident Response,True,2026-01-01T18:57:00Z,15.0
ESC-002113,ALT-002113,CASE-002113,False,,Not required,False,,,,False,,
ESC-002114,ALT-002114,CASE-002114,True,L2,HIGH severity per policy,False,,,Incident Response,False,,
ESC-002115,ALT-002115,CASE-002115,False,,Not required,False,,,,False,,
ESC-002116,ALT-002116,CASE-002116,False,,Not required,False,,,,False,,
ESC-002117,ALT-002117,CASE-002117,True,L2,HIGH severity per policy,True,2026-01-01T09:09:00Z,ANL-4004,Incident Response,True,2026-01-01T09:24:00Z,79.0
ESC-002118,ALT-002118,CASE-002118,False,,Not required,False,,,,False,,
ESC-002119,ALT-002119,CASE-002119,False,,Not required,False,,,,False,,
ESC-002120,ALT-002120,CASE-002120,False,,Not required,False,,,,False,,
ESC-002121,ALT-002121,CASE-002121,False,,Not required,False,,,,False,,
ESC-002122,ALT-002122,CASE-002122,False,,Not required,False,,,,False,,
ESC-002123,ALT-002123,CASE-002123,True,L2,HIGH severity per policy,True,2026-01-02T18:48:00Z,ANL-4001,Incident Response,True,2026-01-02T19:03:00Z,266.0
ESC-002124,ALT-002124,CASE-002124,False,,Not required,False,,,,False,,
ESC-002125,ALT-002125,CASE-002125,False,,Not required,False,,,,False,,
ESC-002126,ALT-002126,CASE-002126,False,,Not required,False,,,,False,,
ESC-002127,ALT-002127,CASE-002127,False,,Not required,False,,,,False,,
ESC-002128,ALT-002128,CASE-002128,True,L2,HIGH severity per policy,True,2026-01-02T07:25:00Z,ANL-4003,Incident Response,True,2026-01-02T07:40:00Z,84.0
ESC-002129,ALT-002129,CASE-002129,True,L2,HIGH severity per policy,True,2026-01-03T00:15:00Z,ANL-4010,Incident Response,True,2026-01-03T00:30:00Z,35.0
ESC-002130,ALT-002130,CASE-002130,False,,Not required,False,,,,False,,
ESC-002131,ALT-002131,CASE-002131,False,,Not required,False,,,,False,,
ESC-002132,ALT-002132,CASE-002132,False,,Not required,False,,,,False,,
ESC-002133,ALT-002133,CASE-002133,True,L2,HIGH severity per policy,True,2026-01-02T23:40:00Z,ANL-4012,Incident Response,True,2026-01-02T23:55:00Z,73.0
ESC-002134,ALT-002134,CASE-002134,True,L3,CRITICAL severity per policy,True,2026-01-02T17:45:00Z,ANL-4013,Incident Response,True,2026-01-02T18:00:00Z,32.0
ESC-002135,ALT-002135,CASE-002135,True,L2,HIGH severity per policy,False,,,Incident Response,False,,
ESC-002136,ALT-002136,CASE-002136,True,L2,HIGH severity per policy,True,2026-01-02T14:03:00Z,ANL-4013,Incident Response,True,2026-01-02T14:18:00Z,38.0
ESC-002137,ALT-002137,CASE-002137,False,,Not required,False,,,,False,,
ESC-002138,ALT-002138,CASE-002138,True,L3,CRITICAL severity per policy,True,2026-01-02T21:24:00Z,ANL-4002,Incident Response,True,2026-01-02T21:39:00Z,26.0
ESC-002139,ALT-002139,CASE-002139,False,,Not required,False,,,,False,,
ESC-002140,ALT-002140,CASE-002140,False,,Not required,False,,,,False,,
ESC-002141,ALT-002141,CASE-002141,False,,Not required,False,,,,False,,
ESC-002142,ALT-002142,CASE-002142,True,L3,CRITICAL severity per policy,True,2026-01-02T14:45:00Z,ANL-4009,Incident Response,True,2026-01-02T15:00:00Z,129.0
ESC-002143,ALT-002143,CASE-002143,False,,Not required,False,,,,False,,
ESC-002144,ALT-002144,CASE-002144,False,,Not required,False,,,,False,,
ESC-002145,ALT-002145,CASE-002145,False,,Not required,False,,,,False,,
ESC-002146,ALT-002146,CASE-002146,False,,Not required,False,,,,False,,
ESC-002147,ALT-002147,CASE-002147,True,L2,HIGH severity per policy,True,2026-01-03T00:33:00Z,ANL-4010,Incident Response,True,2026-01-03T00:48:00Z,34.0
ESC-002148,ALT-002148,CASE-002148,False,,Not required,False,,,,False,,
ESC-002149,ALT-002149,CASE-002149,False,,Not required,False,,,,False,,
ESC-002150,ALT-002150,CASE-002150,True,L3,CRITICAL severity per policy,False,,,Incident Response,False,,
ESC-002151,ALT-002151,CASE-002151,True,L3,CRITICAL severity per policy,True,2026-01-02T05:50:00Z,ANL-4004,Incident Response,True,2026-01-02T06:05:00Z,12.0
ESC-002152,ALT-002152,CASE-002152,False,,Not required,False,,,,False,,
ESC-002153,ALT-002153,CASE-002153,False,,Not required,False,,,,False,,
ESC-002154,ALT-002154,CASE-002154,False,,Not required,False,,,,False,,
ESC-002155,ALT-002155,CASE-002155,False,,Not required,False,,,,False,,
ESC-002156,ALT-002156,CASE-002156,False,,Not required,False,,,,False,,
ESC-002157,ALT-002157,CASE-002157,True,L3,CRITICAL severity per policy,True,2026-01-02T15:17:00Z,ANL-4001,Incident Response,True,2026-01-02T15:32:00Z,26.0
ESC-002158,ALT-002158,CASE-002158,False,,Not required,False,,,,False,,
ESC-002159,ALT-002159,CASE-002159,False,,Not required,False,,,,False,,
ESC-002160,ALT-002160,CASE-002160,True,L3,CRITICAL severity per policy,True,2026-01-02T11:20:00Z,ANL-4008,Incident Response,True,2026-01-02T11:35:00Z,131.0
ESC-002161,ALT-002161,CASE-002161,False,,Not required,False,,,,False,,
ESC-002162,ALT-002162,CASE-002162,False,,Not required,False,,,,False,,
ESC-002163,ALT-002163,CASE-002163,False,,Not required,False,,,,False,,
ESC-002164,ALT-002164,CASE-002164,False,,Not required,False,,,,False,,
ESC-002165,ALT-002165,CASE-002165,False,,Not required,False,,,,False,,
ESC-002166,ALT-002166,CASE-002166,True,L2,HIGH severity per policy,False,,,Incident Response,False,,
ESC-002167,ALT-002167,CASE-002167,True,L2,HIGH severity per policy,True,2026-01-02T05:43:00Z,ANL-4005,Incident Response,True,2026-01-02T05:58:00Z,7.0
ESC-002168,ALT-002168,CASE-002168,False,,Not required,False,,,,False,,
ESC-002169,ALT-002169,CASE-002169,False,,Not required,False,,,,False,,
ESC-002170,ALT-002170,CASE-002170,False,,Not required,False,,,,False,,
ESC-002171,ALT-002171,CASE-002171,False,,Not required,False,,,,False,,
ESC-002172,ALT-002172,CASE-002172,False,,Not required,False,,,,False,,
ESC-002173,ALT-002173,CASE-002173,False,,Not required,False,,,,False,,
ESC-002174,ALT-002174,CASE-002174,False,,Not required,False,,,,False,,
ESC-002175,ALT-002175,CASE-002175,False,,Not required,False,,,,False,,
ESC-002176,ALT-002176,CASE-002176,True,L2,HIGH severity per policy,True,2026-01-02T05:14:00Z,ANL-4002,Incident Response,True,2026-01-02T05:29:00Z,31.0
ESC-002177,ALT-002177,CASE-002177,False,,Not required,False,,,,False,,
ESC-002178,ALT-002178,CASE-002178,True,L2,HIGH severity per policy,True,2026-01-02T15:09:00Z,ANL-4008,Incident Response,True,2026-01-02T15:24:00Z,13.0
ESC-002179,ALT-002179,CASE-002179,True,L3,CRITICAL severity per policy,True,2026-01-02T10:22:00Z,ANL-4004,Incident Response,True,2026-01-02T10:37:00Z,20.0
ESC-002180,ALT-002180,CASE-002180,True,L2,HIGH severity per policy,True,2026-01-02T01:26:00Z,ANL-4007,Incident Response,True,2026-01-02T01:41:00Z,22.0
ESC-002181,ALT-002181,CASE-002181,False,,Not required,False,,,,False,,
ESC-002182,ALT-002182,CASE-002182,True,L3,CRITICAL severity per policy,True,2026-01-02T03:23:00Z,ANL-4013,Incident Response,True,2026-01-02T03:38:00Z,27.0
ESC-002183,ALT-002183,CASE-002183,True,L2,HIGH severity per policy,True,2026-01-03T01:09:00Z,ANL-4002,Incident Response,True,2026-01-03T01:24:00Z,62.0
ESC-002184,ALT-002184,CASE-002184,False,,Not required,False,,,,False,,
ESC-002185,ALT-002185,CASE-002185,False,,Not required,False,,,,False,,
ESC-002186,ALT-002186,CASE-002186,False,,Not required,False,,,,False,,
ESC-002187,ALT-002187,CASE-002187,True,L3,CRITICAL severity per policy,True,2026-01-02T04:15:00Z,ANL-4013,Incident Response,True,2026-01-02T04:30:00Z,30.0
ESC-002188,ALT-002188,CASE-002188,False,,Not required,False,,,,False,,
ESC-002189,ALT-002189,CASE-002189,False,,Not required,False,,,,False,,
ESC-002190,ALT-002190,CASE-002190,False,,Not required,False,,,,False,,
ESC-002191,ALT-002191,CASE-002191,False,,Not required,False,,,,False,,
ESC-002192,ALT-002192,CASE-002192,True,L3,CRITICAL severity per policy,True,2026-01-02T09:22:00Z,ANL-4012,Incident Response,True,2026-01-02T09:37:00Z,18.0
ESC-002193,ALT-002193,CASE-002193,True,L2,HIGH severity per policy,True,2026-01-02T21:13:00Z,ANL-4002,Incident Response,True,2026-01-02T21:28:00Z,12.0
ESC-002194,ALT-002194,CASE-002194,False,,Not required,False,,,,False,,
ESC-002195,ALT-002195,CASE-002195,False,,Not required,False,,,,False,,
ESC-002196,ALT-002196,CASE-002196,True,L2,HIGH severity per policy,True,2026-01-02T07:23:00Z,ANL-4011,Incident Response,True,2026-01-02T07:38:00Z,20.0
ESC-002197,ALT-002197,CASE-002197,False,,Not required,False,,,,False,,
ESC-002198,ALT-002198,CASE-002198,False,,Not required,False,,,,False,,
ESC-002199,ALT-002199,CASE-002199,False,,Not required,False,,,,False,,
ESC-002200,ALT-002200,CASE-002200,False,,Not required,False,,,,False,,
ESC-002201,ALT-002201,CASE-002201,False,,Not required,False,,,,False,,
ESC-002202,ALT-002202,CASE-002202,False,,Not required,False,,,,False,,
ESC-002203,ALT-002203,CASE-002203,True,L2,HIGH severity per policy,True,2026-01-02T15:52:00Z,ANL-4008,Incident Response,True,2026-01-02T16:07:00Z,35.0
ESC-002204,ALT-002204,CASE-002204,False,,Not required,False,,,,False,,
ESC-002205,ALT-002205,CASE-002205,True,L3,CRITICAL severity per policy,True,2026-01-02T16:53:00Z,ANL-4010,Incident Response,True,2026-01-02T17:08:00Z,14.0
ESC-002206,ALT-002206,CASE-002206,True,L3,CRITICAL severity per policy,True,2026-01-02T17:34:00Z,ANL-4012,Incident Response,True,2026-01-02T17:49:00Z,20.0
ESC-002207,ALT-002207,CASE-002207,False,,Not required,False,,,,False,,
ESC-002208,ALT-002208,CASE-002208,False,,Not required,False,,,,False,,
ESC-002209,ALT-002209,CASE-002209,True,L3,CRITICAL severity per policy,True,2026-01-02T22:10:00Z,ANL-4012,Incident Response,True,2026-01-02T22:25:00Z,28.0
ESC-002210,ALT-002210,CASE-002210,True,L2,HIGH severity per policy,True,2026-01-02T16:32:00Z,ANL-4003,Incident Response,True,2026-01-02T16:47:00Z,28.0
ESC-002211,ALT-002211,CASE-002211,False,,Not required,False,,,,False,,
ESC-002212,ALT-002212,CASE-002212,False,,Not required,False,,,,False,,
ESC-002213,ALT-002213,CASE-002213,False,,Not required,False,,,,False,,
ESC-002214,ALT-002214,CASE-002214,False,,Not required,False,,,,False,,
ESC-002215,ALT-002215,CASE-002215,True,L2,HIGH severity per policy,True,2026-01-02T18:26:00Z,ANL-4002,Incident Response,True,2026-01-02T18:41:00Z,38.0
ESC-002216,ALT-002216,CASE-002216,True,L2,HIGH severity per policy,True,2026-01-02T16:17:00Z,ANL-4011,Incident Response,True,2026-01-02T16:32:00Z,353.0
ESC-002217,ALT-002217,CASE-002217,False,,Not required,False,,,,False,,
ESC-002218,ALT-002218,CASE-002218,False,,Not required,False,,,,False,,
ESC-002219,ALT-002219,CASE-002219,False,,Not required,False,,,,False,,
ESC-002220,ALT-002220,CASE-002220,False,,Not required,False,,,,False,,
ESC-002221,ALT-002221,CASE-002221,True,L2,HIGH severity per policy,False,,,Incident Response,False,,
ESC-002222,ALT-002222,CASE-002222,False,,Not required,False,,,,False,,
ESC-002223,ALT-002223,CASE-002223,False,,Not required,False,,,,False,,
ESC-002224,ALT-002224,CASE-002224,False,,Not required,False,,,,False,,
ESC-002225,ALT-002225,CASE-002225,False,,Not required,False,,,,False,,
ESC-002226,ALT-002226,CASE-002226,True,L3,CRITICAL severity per policy,True,2026-01-02T11:51:00Z,ANL-4009,Incident Response,True,2026-01-02T12:06:00Z,36.0
ESC-002227,ALT-002227,CASE-002227,False,,Not required,False,,,,False,,
ESC-002228,ALT-002228,CASE-002228,False,,Not required,False,,,,False,,
ESC-002229,ALT-002229,CASE-002229,True,L2,HIGH severity per policy,True,2026-01-02T15:52:00Z,ANL-4008,Incident Response,True,2026-01-02T16:07:00Z,49.0
ESC-002230,ALT-002230,CASE-002230,True,L2,HIGH severity per policy,True,2026-01-02T22:24:00Z,ANL-4008,Incident Response,True,2026-01-02T22:39:00Z,63.0
ESC-002231,ALT-002231,CASE-002231,True,L3,CRITICAL severity per policy,True,2026-01-02T16:24:00Z,ANL-4002,Incident Response,True,2026-01-02T16:39:00Z,13.0
ESC-002232,ALT-002232,CASE-002232,False,,Not required,False,,,,False,,
ESC-002233,ALT-002233,CASE-002233,False,,Not required,False,,,,False,,
ESC-002234,ALT-002234,CASE-002234,True,L2,HIGH severity per policy,True,2026-01-02T02:39:00Z,ANL-4006,Incident Response,True,2026-01-02T02:54:00Z,28.0
ESC-002235,ALT-002235,CASE-002235,True,L3,CRITICAL severity per policy,True,2026-01-02T08:47:00Z,ANL-4001,Incident Response,True,2026-01-02T09:02:00Z,25.0
ESC-002236,ALT-002236,CASE-002236,False,,Not required,False,,,,False,,
ESC-002237,ALT-002237,CASE-002237,True,L2,HIGH severity per policy,True,2026-01-02T17:12:00Z,ANL-4013,Incident Response,True,2026-01-02T17:27:00Z,24.0
ESC-002238,ALT-002238,CASE-002238,False,,Not required,False,,,,False,,
ESC-002239,ALT-002239,CASE-002239,False,,Not required,False,,,,False,,
ESC-002240,ALT-002240,CASE-002240,False,,Not required,False,,,,False,,
ESC-002241,ALT-002241,CASE-002241,True,L3,CRITICAL severity per policy,True,2026-01-02T12:30:00Z,ANL-4011,Incident Response,True,2026-01-02T12:45:00Z,27.0
ESC-002242,ALT-002242,CASE-002242,True,L2,HIGH severity per policy,True,2026-01-02T18:48:00Z,ANL-4005,Incident Response,True,2026-01-02T19:03:00Z,68.0
ESC-002243,ALT-002243,CASE-002243,True,L2,HIGH severity per policy,True,2026-01-02T17:25:00Z,ANL-4012,Incident Response,True,2026-01-02T17:40:00Z,56.0
ESC-002244,ALT-002244,CASE-002244,False,,Not required,False,,,,False,,
ESC-002245,ALT-002245,CASE-002245,False,,Not required,False,,,,False,,
ESC-002246,ALT-002246,CASE-002246,False,,Not required,False,,,,False,,
ESC-002247,ALT-002247,CASE-002247,False,,Not required,False,,,,False,,
ESC-002248,ALT-002248,CASE-002248,False,,Not required,False,,,,False,,
ESC-002249,ALT-002249,CASE-002249,False,,Not required,False,,,,False,,
ESC-002250,ALT-002250,CASE-002250,False,,Not required,False,,,,False,,
ESC-002251,ALT-002251,CASE-002251,True,L3,CRITICAL severity per policy,False,,,Incident Response,False,,
ESC-002252,ALT-002252,CASE-002252,True,L3,CRITICAL severity per policy,False,,,Incident Response,False,,
ESC-002253,ALT-002253,CASE-002253,False,,Not required,False,,,,False,,
ESC-002254,ALT-002254,CASE-002254,True,L3,CRITICAL severity per policy,True,2026-01-02T13:52:00Z,ANL-4013,Incident Response,True,2026-01-02T14:07:00Z,18.0
ESC-002255,ALT-002255,CASE-002255,True,L2,HIGH severity per policy,True,2026-01-02T13:41:00Z,ANL-4005,Incident Response,True,2026-01-02T13:56:00Z,59.0
ESC-002256,ALT-002256,CASE-002256,True,L3,CRITICAL severity per policy,False,,,Incident Response,False,,
ESC-002257,ALT-002257,CASE-002257,False,,Not required,False,,,,False,,
ESC-002258,ALT-002258,CASE-002258,False,,Not required,False,,,,False,,
ESC-002259,ALT-002259,CASE-002259,False,,Not required,False,,,,False,,
ESC-002260,ALT-002260,CASE-002260,False,,Not required,False,,,,False,,
ESC-002261,ALT-002261,CASE-002261,False,,Not required,False,,,,False,,
ESC-002262,ALT-002262,CASE-002262,True,L3,CRITICAL severity per policy,True,2026-01-02T04:56:00Z,ANL-4009,Incident Response,True,2026-01-02T05:11:00Z,134.0
ESC-002263,ALT-002263,CASE-002263,False,,Not required,False,,,,False,,
ESC-002264,ALT-002264,CASE-002264,True,L3,CRITICAL severity per policy,True,2026-01-02T19:03:00Z,ANL-4012,Incident Response,True,2026-01-02T19:18:00Z,13.0
ESC-002265,ALT-002265,CASE-002265,True,L3,CRITICAL severity per policy,False,,,Incident Response,False,,
ESC-002266,ALT-002266,CASE-002266,True,L2,HIGH severity per policy,True,2026-01-02T11:11:00Z,ANL-4010,Incident Response,True,2026-01-02T11:26:00Z,24.0
ESC-002267,ALT-002267,CASE-002267,False,,Not required,False,,,,False,,
ESC-002268,ALT-002268,CASE-002268,False,,Not required,False,,,,False,,
ESC-002269,ALT-002269,CASE-002269,False,,Not required,False,,,,False,,
ESC-002270,ALT-002270,CASE-002270,False,,Not required,False,,,,False,,
ESC-002271,ALT-002271,CASE-002271,True,L2,HIGH severity per policy,True,2026-01-02T18:03:00Z,ANL-4012,Incident Response,True,2026-01-02T18:18:00Z,63.0
ESC-002272,ALT-002272,CASE-002272,False,,Not required,False,,,,False,,
ESC-002273,ALT-002273,CASE-002273,False,,Not required,False,,,,False,,
ESC-002274,ALT-002274,CASE-002274,False,,Not required,False,,,,False,,
ESC-002275,ALT-002275,CASE-002275,False,,Not required,False,,,,False,,
ESC-002276,ALT-002276,CASE-002276,True,L2,HIGH severity per policy,True,2026-01-02T10:35:00Z,ANL-4008,Incident Response,True,2026-01-02T10:50:00Z,37.0
ESC-002277,ALT-002277,CASE-002277,True,L3,CRITICAL severity per policy,True,2026-01-02T16:48:00Z,ANL-4013,Incident Response,True,2026-01-02T17:03:00Z,34.0
ESC-002278,ALT-002278,CASE-002278,True,L2,HIGH severity per policy,True,2026-01-02T06:49:00Z,ANL-4008,Incident Response,True,2026-01-02T07:04:00Z,52.0
ESC-002279,ALT-002279,CASE-002279,False,,Not required,False,,,,False,,
ESC-002280,ALT-002280,CASE-002280,False,,Not required,False,,,,False,,
ESC-002281,ALT-002281,CASE-002281,False,,Not required,False,,,,False,,
ESC-002282,ALT-002282,CASE-002282,False,,Not required,False,,,,False,,
ESC-002283,ALT-002283,CASE-002283,True,L2,HIGH severity per policy,True,2026-01-02T19:21:00Z,ANL-4002,Incident Response,True,2026-01-02T19:36:00Z,171.0
ESC-002284,ALT-002284,CASE-002284,False,,Not required,False,,,,False,,
ESC-002285,ALT-002285,CASE-002285,False,,Not required,False,,,,False,,
ESC-002286,ALT-002286,CASE-002286,False,,Not required,False,,,,False,,
ESC-002287,ALT-002287,CASE-002287,False,,Not required,False,,,,False,,
ESC-002288,ALT-002288,CASE-002288,False,,Not required,False,,,,False,,
ESC-002289,ALT-002289,CASE-002289,False,,Not required,False,,,,False,,
ESC-002290,ALT-002290,CASE-002290,False,,Not required,False,,,,False,,
ESC-002291,ALT-002291,CASE-002291,True,L2,HIGH severity per policy,True,2026-01-02T21:30:00Z,ANL-4003,Incident Response,True,2026-01-02T21:45:00Z,23.0
ESC-002292,ALT-002292,CASE-002292,True,L2,HIGH severity per policy,True,2026-01-03T00:04:00Z,ANL-4004,Incident Response,True,2026-01-03T00:19:00Z,14.0
ESC-002293,ALT-002293,CASE-002293,False,,Not required,False,,,,False,,
ESC-002294,ALT-002294,CASE-002294,False,,Not required,False,,,,False,,
ESC-002295,ALT-002295,CASE-002295,False,,Not required,False,,,,False,,
ESC-002296,ALT-002296,CASE-002296,False,,Not required,False,,,,False,,
ESC-002297,ALT-002297,CASE-002297,False,,Not required,False,,,,False,,
ESC-002298,ALT-002298,CASE-002298,False,,Not required,False,,,,False,,
ESC-002299,ALT-002299,CASE-002299,True,L2,HIGH severity per policy,True,2026-01-02T09:14:00Z,ANL-4001,Incident Response,True,2026-01-02T09:29:00Z,172.0
ESC-002300,ALT-002300,CASE-002300,True,L2,HIGH severity per policy,True,2026-01-02T05:13:00Z,ANL-4010,Incident Response,True,2026-01-02T05:28:00Z,37.0
ESC-002301,ALT-002301,CASE-002301,True,L3,CRITICAL severity per policy,True,2026-01-02T16:59:00Z,ANL-4012,Incident Response,True,2026-01-02T17:14:00Z,130.0
ESC-002302,ALT-002302,CASE-002302,False,,Not required,False,,,,False,,
ESC-002303,ALT-002303,CASE-002303,True,L3,CRITICAL severity per policy,True,2026-01-02T02:31:00Z,ANL-4002,Incident Response,True,2026-01-02T02:46:00Z,16.0
ESC-002304,ALT-002304,CASE-002304,True,L2,HIGH severity per policy,True,2026-01-02T13:46:00Z,ANL-4002,Incident Response,True,2026-01-02T14:01:00Z,51.0
ESC-002305,ALT-002305,CASE-002305,False,,Not required,False,,,,False,,
ESC-002306,ALT-002306,CASE-002306,False,,Not required,False,,,,False,,
ESC-002307,ALT-002307,CASE-002307,False,,Not required,False,,,,False,,
ESC-002308,ALT-002308,CASE-002308,True,L2,HIGH severity per policy,True,2026-01-03T00:08:00Z,ANL-4003,Incident Response,True,2026-01-03T00:23:00Z,17.0
ESC-002309,ALT-002309,CASE-002309,False,,Not required,False,,,,False,,
ESC-002310,ALT-002310,CASE-002310,False,,Not required,False,,,,False,,
ESC-002311,ALT-002311,CASE-002311,False,,Not required,False,,,,False,,
ESC-002312,ALT-002312,CASE-002312,False,,Not required,False,,,,False,,
ESC-002313,ALT-002313,CASE-002313,False,,Not required,False,,,,False,,
ESC-002314,ALT-002314,CASE-002314,False,,Not required,False,,,,False,,
ESC-002315,ALT-002315,CASE-002315,False,,Not required,False,,,,False,,
ESC-002316,ALT-002316,CASE-002316,False,,Not required,False,,,,False,,
ESC-002317,ALT-002317,CASE-002317,True,L2,HIGH severity per policy,True,2026-01-02T04:35:00Z,ANL-4012,Incident Response,True,2026-01-02T04:50:00Z,64.0
ESC-002318,ALT-002318,CASE-002318,False,,Not required,False,,,,False,,
ESC-002319,ALT-002319,CASE-002319,False,,Not required,False,,,,False,,
ESC-002320,ALT-002320,CASE-002320,True,L3,CRITICAL severity per policy,True,2026-01-02T15:14:00Z,ANL-4004,Incident Response,True,2026-01-02T15:29:00Z,28.0
ESC-002321,ALT-002321,CASE-002321,True,L3,CRITICAL severity per policy,True,2026-01-02T18:39:00Z,ANL-4007,Incident Response,True,2026-01-02T18:54:00Z,33.0
ESC-002322,ALT-002322,CASE-002322,False,,Not required,False,,,,False,,
ESC-002323,ALT-002323,CASE-002323,False,,Not required,False,,,,False,,
ESC-002324,ALT-002324,CASE-002324,True,L2,HIGH severity per policy,True,2026-01-02T17:18:00Z,ANL-4011,Incident Response,True,2026-01-02T17:33:00Z,10.0
ESC-002325,ALT-002325,CASE-002325,False,,Not required,False,,,,False,,
ESC-002326,ALT-002326,CASE-002326,False,,Not required,False,,,,False,,
ESC-002327,ALT-002327,CASE-002327,True,L3,CRITICAL severity per policy,True,2026-01-02T19:17:00Z,ANL-4004,Incident Response,True,2026-01-02T19:32:00Z,21.0
ESC-002328,ALT-002328,CASE-002328,False,,Not required,False,,,,False,,
ESC-002329,ALT-002329,CASE-002329,False,,Not required,False,,,,False,,
ESC-002330,ALT-002330,CASE-002330,False,,Not required,False,,,,False,,
ESC-002331,ALT-002331,CASE-002331,False,,Not required,False,,,,False,,
ESC-002332,ALT-002332,CASE-002332,False,,Not required,False,,,,False,,
ESC-002333,ALT-002333,CASE-002333,True,L2,HIGH severity per policy,True,2026-01-02T00:47:00Z,ANL-4004,Incident Response,True,2026-01-02T01:02:00Z,22.0
ESC-002334,ALT-002334,CASE-002334,False,,Not required,False,,,,False,,
ESC-002335,ALT-002335,CASE-002335,True,L2,HIGH severity per policy,True,2026-01-02T17:32:00Z,ANL-4010,Incident Response,True,2026-01-02T17:47:00Z,80.0
ESC-002336,ALT-002336,CASE-002336,False,,Not required,False,,,,False,,
ESC-002337,ALT-002337,CASE-002337,False,,Not required,False,,,,False,,
ESC-002338,ALT-002338,CASE-002338,True,L2,HIGH severity per policy,True,2026-01-02T23:46:00Z,ANL-4012,Incident Response,True,2026-01-03T00:01:00Z,59.0
ESC-002339,ALT-002339,CASE-002339,False,,Not required,False,,,,False,,
ESC-002340,ALT-002340,CASE-002340,False,,Not required,False,,,,False,,
ESC-002341,ALT-002341,CASE-002341,False,,Not required,False,,,,False,,
ESC-002342,ALT-002342,CASE-002342,False,,Not required,False,,,,False,,
ESC-002343,ALT-002343,CASE-002343,False,,Not required,False,,,,False,,
ESC-002344,ALT-002344,CASE-002344,False,,Not required,False,,,,False,,
ESC-002345,ALT-002345,CASE-002345,False,,Not required,False,,,,False,,
ESC-002346,ALT-002346,CASE-002346,False,,Not required,False,,,,False,,
ESC-002347,ALT-002347,CASE-002347,False,,Not required,False,,,,False,,
ESC-002348,ALT-002348,CASE-002348,False,,Not required,False,,,,False,,
ESC-002349,ALT-002349,CASE-002349,False,,Not required,False,,,,False,,
ESC-002350,ALT-002350,CASE-002350,True,L2,HIGH severity per policy,True,2026-01-02T13:22:00Z,ANL-4007,Incident Response,True,2026-01-02T13:37:00Z,63.0
ESC-002351,ALT-002351,CASE-002351,True,L2,HIGH severity per policy,False,,,Incident Response,False,,
ESC-002352,ALT-002352,CASE-002352,False,,Not required,False,,,,False,,
ESC-002353,ALT-002353,CASE-002353,False,,Not required,False,,,,False,,
ESC-002354,ALT-002354,CASE-002354,True,L3,CRITICAL severity per policy,True,2026-01-02T09:01:00Z,ANL-4006,Incident Response,True,2026-01-02T09:16:00Z,178.0
ESC-002355,ALT-002355,CASE-002355,False,,Not required,False,,,,False,,
ESC-002356,ALT-002356,CASE-002356,False,,Not required,False,,,,False,,
ESC-002357,ALT-002357,CASE-002357,False,,Not required,False,,,,False,,
ESC-002358,ALT-002358,CASE-002358,False,,Not required,False,,,,False,,
ESC-002359,ALT-002359,CASE-002359,False,,Not required,False,,,,False,,
ESC-002360,ALT-002360,CASE-002360,False,,Not required,False,,,,False,,
ESC-002361,ALT-002361,CASE-002361,True,L3,CRITICAL severity per policy,True,2026-01-02T08:00:00Z,ANL-4008,Incident Response,True,2026-01-02T08:15:00Z,33.0
ESC-002362,ALT-002362,CASE-002362,False,,Not required,False,,,,False,,
ESC-002363,ALT-002363,CASE-002363,False,,Not required,False,,,,False,,
ESC-002364,ALT-002364,CASE-002364,False,,Not required,False,,,,False,,
ESC-002365,ALT-002365,CASE-002365,False,,Not required,False,,,,False,,
ESC-002366,ALT-002366,CASE-002366,False,,Not required,False,,,,False,,
ESC-002367,ALT-002367,CASE-002367,False,,Not required,False,,,,False,,
ESC-002368,ALT-002368,CASE-002368,True,L3,CRITICAL severity per policy,True,2026-01-02T11:08:00Z,ANL-4008,Incident Response,True,2026-01-02T11:23:00Z,31.0
ESC-002369,ALT-002369,CASE-002369,False,,Not required,False,,,,False,,
ESC-002370,ALT-002370,CASE-002370,False,,Not required,False,,,,False,,
ESC-002371,ALT-002371,CASE-002371,False,,Not required,False,,,,False,,
ESC-002372,ALT-002372,CASE-002372,False,,Not required,False,,,,False,,
ESC-002373,ALT-002373,CASE-002373,False,,Not required,False,,,,False,,
ESC-002374,ALT-002374,CASE-002374,False,,Not required,False,,,,False,,
ESC-002375,ALT-002375,CASE-002375,False,,Not required,False,,,,False,,
ESC-002376,ALT-002376,CASE-002376,False,,Not required,False,,,,False,,
ESC-002377,ALT-002377,CASE-002377,False,,Not required,False,,,,False,,
ESC-002378,ALT-002378,CASE-002378,False,,Not required,False,,,,False,,
ESC-002379,ALT-002379,CASE-002379,False,,Not required,False,,,,False,,
ESC-002380,ALT-002380,CASE-002380,False,,Not required,False,,,,False,,
ESC-002381,ALT-002381,CASE-002381,True,L2,HIGH severity per policy,True,2026-01-02T09:36:00Z,ANL-4008,Incident Response,True,2026-01-02T09:51:00Z,177.0
ESC-002382,ALT-002382,CASE-002382,True,L2,HIGH severity per policy,True,2026-01-02T21:27:00Z,ANL-4011,Incident Response,True,2026-01-02T21:42:00Z,40.0
ESC-002383,ALT-002383,CASE-002383,False,,Not required,False,,,,False,,
ESC-002384,ALT-002384,CASE-002384,True,L3,CRITICAL severity per policy,True,2026-01-02T03:05:00Z,ANL-4005,Incident Response,True,2026-01-02T03:20:00Z,27.0
ESC-002385,ALT-002385,CASE-002385,False,,Not required,False,,,,False,,
ESC-002386,ALT-002386,CASE-002386,False,,Not required,False,,,,False,,
ESC-002387,ALT-002387,CASE-002387,False,,Not required,False,,,,False,,
ESC-002388,ALT-002388,CASE-002388,False,,Not required,False,,,,False,,
ESC-002389,ALT-002389,CASE-002389,True,L3,CRITICAL severity per policy,False,,,Incident Response,False,,
ESC-002390,ALT-002390,CASE-002390,False,,Not required,False,,,,False,,
ESC-002391,ALT-002391,CASE-002391,False,,Not required,False,,,,False,,
ESC-002392,ALT-002392,CASE-002392,True,L2,HIGH severity per policy,True,2026-01-02T14:46:00Z,ANL-4003,Incident Response,True,2026-01-02T15:01:00Z,52.0
ESC-002393,ALT-002393,CASE-002393,False,,Not required,False,,,,False,,
ESC-002394,ALT-002394,CASE-002394,False,,Not required,False,,,,False,,
ESC-002395,ALT-002395,CASE-002395,True,L3,CRITICAL severity per policy,True,2026-01-02T19:04:00Z,ANL-4005,Incident Response,True,2026-01-02T19:19:00Z,38.0
ESC-002396,ALT-002396,CASE-002396,False,,Not required,False,,,,False,,
ESC-002397,ALT-002397,CASE-002397,False,,Not required,False,,,,False,,
ESC-002398,ALT-002398,CASE-002398,False,,Not required,False,,,,False,,
ESC-002399,ALT-002399,CASE-002399,True,L2,HIGH severity per policy,True,2026-01-02T22:40:00Z,ANL-4001,Incident Response,True,2026-01-02T22:55:00Z,176.0
ESC-002400,ALT-002400,CASE-002400,False,,Not required,False,,,,False,,
ESC-002401,ALT-002401,CASE-002401,False,,Not required,False,,,,False,,
ESC-002402,ALT-002402,CASE-002402,False,,Not required,False,,,,False,,
ESC-002403,ALT-002403,CASE-002403,True,L3,CRITICAL severity per policy,True,2026-01-03T22:28:00Z,ANL-4008,Incident Response,True,2026-01-03T22:43:00Z,17.0
ESC-002404,ALT-002404,CASE-002404,False,,Not required,False,,,,False,,
ESC-002405,ALT-002405,CASE-002405,False,,Not required,False,,,,False,,
ESC-002406,ALT-002406,CASE-002406,False,,Not required,False,,,,False,,
ESC-002407,ALT-002407,CASE-002407,False,,Not required,False,,,,False,,
ESC-002408,ALT-002408,CASE-002408,False,,Not required,False,,,,False,,
ESC-002409,ALT-002409,CASE-002409,False,,Not required,False,,,,False,,
ESC-002410,ALT-002410,CASE-002410,True,L3,CRITICAL severity per policy,True,2026-01-03T12:34:00Z,ANL-4005,Incident Response,True,2026-01-03T12:49:00Z,26.0
ESC-002411,ALT-002411,CASE-002411,True,L3,CRITICAL severity per policy,True,2026-01-03T22:44:00Z,ANL-4008,Incident Response,True,2026-01-03T22:59:00Z,24.0
ESC-002412,ALT-002412,CASE-002412,True,L2,HIGH severity per policy,True,2026-01-03T20:07:00Z,ANL-4001,Incident Response,True,2026-01-03T20:22:00Z,16.0
ESC-002413,ALT-002413,CASE-002413,False,,Not required,False,,,,False,,
ESC-002414,ALT-002414,CASE-002414,False,,Not required,False,,,,False,,
ESC-002415,ALT-002415,CASE-002415,False,,Not required,False,,,,False,,
ESC-002416,ALT-002416,CASE-002416,False,,Not required,False,,,,False,,
ESC-002417,ALT-002417,CASE-002417,True,L2,HIGH severity per policy,True,2026-01-03T22:53:00Z,ANL-4004,Incident Response,True,2026-01-03T23:08:00Z,57.0
ESC-002418,ALT-002418,CASE-002418,False,,Not required,False,,,,False,,
ESC-002419,ALT-002419,CASE-002419,True,L3,CRITICAL severity per policy,False,,,Incident Response,False,,
ESC-002420,ALT-002420,CASE-002420,False,,Not required,False,,,,False,,
ESC-002421,ALT-002421,CASE-002421,True,L2,HIGH severity per policy,True,2026-01-03T14:51:00Z,ANL-4007,Incident Response,True,2026-01-03T15:06:00Z,357.0
ESC-002422,ALT-002422,CASE-002422,False,,Not required,False,,,,False,,
ESC-002423,ALT-002423,CASE-002423,True,L3,CRITICAL severity per policy,True,2026-01-03T22:00:00Z,ANL-4009,Incident Response,True,2026-01-03T22:15:00Z,87.0
ESC-002424,ALT-002424,CASE-002424,True,L2,HIGH severity per policy,True,2026-01-03T12:21:00Z,ANL-4004,Incident Response,True,2026-01-03T12:36:00Z,83.0
ESC-002425,ALT-002425,CASE-002425,False,,Not required,False,,,,False,,
ESC-002426,ALT-002426,CASE-002426,True,L2,HIGH severity per policy,True,2026-01-03T06:00:00Z,ANL-4004,Incident Response,True,2026-01-03T06:15:00Z,260.0
ESC-002427,ALT-002427,CASE-002427,True,L2,HIGH severity per policy,True,2026-01-04T00:08:00Z,ANL-4001,Incident Response,True,2026-01-04T00:23:00Z,178.0
ESC-002428,ALT-002428,CASE-002428,False,,Not required,False,,,,False,,
ESC-002429,ALT-002429,CASE-002429,True,L3,CRITICAL severity per policy,True,2026-01-03T09:17:00Z,ANL-4004,Incident Response,True,2026-01-03T09:32:00Z,39.0
ESC-002430,ALT-002430,CASE-002430,False,,Not required,False,,,,False,,
ESC-002431,ALT-002431,CASE-002431,False,,Not required,False,,,,False,,
ESC-002432,ALT-002432,CASE-002432,False,,Not required,False,,,,False,,
ESC-002433,ALT-002433,CASE-002433,True,L2,HIGH severity per policy,False,,,Incident Response,False,,
ESC-002434,ALT-002434,CASE-002434,False,,Not required,False,,,,False,,
ESC-002435,ALT-002435,CASE-002435,True,L2,HIGH severity per policy,True,2026-01-03T13:56:00Z,ANL-4012,Incident Response,True,2026-01-03T14:11:00Z,176.0
ESC-002436,ALT-002436,CASE-002436,False,,Not required,False,,,,False,,
ESC-002437,ALT-002437,CASE-002437,False,,Not required,False,,,,False,,
ESC-002438,ALT-002438,CASE-002438,False,,Not required,False,,,,False,,
ESC-002439,ALT-002439,CASE-002439,False,,Not required,False,,,,False,,
ESC-002440,ALT-002440,CASE-002440,False,,Not required,False,,,,False,,
ESC-002441,ALT-002441,CASE-002441,False,,Not required,False,,,,False,,
ESC-002442,ALT-002442,CASE-002442,True,L3,CRITICAL severity per policy,True,2026-01-04T07:01:00Z,ANL-4007,Incident Response,True,2026-01-04T07:16:00Z,32.0
ESC-002443,ALT-002443,CASE-002443,True,L2,HIGH severity per policy,True,2026-01-04T07:33:00Z,ANL-4009,Incident Response,True,2026-01-04T07:48:00Z,82.0
ESC-002444,ALT-002444,CASE-002444,False,,Not required,False,,,,False,,
ESC-002445,ALT-002445,CASE-002445,False,,Not required,False,,,,False,,
ESC-002446,ALT-002446,CASE-002446,True,L2,HIGH severity per policy,False,,,Incident Response,False,,
ESC-002447,ALT-002447,CASE-002447,False,,Not required,False,,,,False,,
ESC-002448,ALT-002448,CASE-002448,False,,Not required,False,,,,False,,
ESC-002449,ALT-002449,CASE-002449,False,,Not required,False,,,,False,,
ESC-002450,ALT-002450,CASE-002450,True,L3,CRITICAL severity per policy,True,2026-01-04T12:47:00Z,ANL-4011,Incident Response,True,2026-01-04T13:02:00Z,44.0
ESC-002451,ALT-002451,CASE-002451,False,,Not required,False,,,,False,,
ESC-002452,ALT-002452,CASE-002452,False,,Not required,False,,,,False,,
ESC-002453,ALT-002453,CASE-002453,False,,Not required,False,,,,False,,
ESC-002454,ALT-002454,CASE-002454,False,,Not required,False,,,,False,,
ESC-002455,ALT-002455,CASE-002455,False,,Not required,False,,,,False,,
ESC-002456,ALT-002456,CASE-002456,False,,Not required,False,,,,False,,
ESC-002457,ALT-002457,CASE-002457,False,,Not required,False,,,,False,,
ESC-002458,ALT-002458,CASE-002458,False,,Not required,False,,,,False,,
ESC-002459,ALT-002459,CASE-002459,True,L2,HIGH severity per policy,False,,,Incident Response,False,,
ESC-002460,ALT-002460,CASE-002460,False,,Not required,False,,,,False,,
ESC-002461,ALT-002461,CASE-002461,False,,Not required,False,,,,False,,
ESC-002462,ALT-002462,CASE-002462,True,L3,CRITICAL severity per policy,True,2026-01-04T04:50:00Z,ANL-4010,Incident Response,True,2026-01-04T05:05:00Z,27.0
ESC-002463,ALT-002463,CASE-002463,True,L3,CRITICAL severity per policy,True,2026-01-04T14:44:00Z,ANL-4002,Incident Response,True,2026-01-04T14:59:00Z,25.0
ESC-002464,ALT-002464,CASE-002464,False,,Not required,False,,,,False,,
ESC-002465,ALT-002465,CASE-002465,False,,Not required,False,,,,False,,
ESC-002466,ALT-002466,CASE-002466,False,,Not required,False,,,,False,,
ESC-002467,ALT-002467,CASE-002467,False,,Not required,False,,,,False,,
ESC-002468,ALT-002468,CASE-002468,False,,Not required,False,,,,False,,
ESC-002469,ALT-002469,CASE-002469,True,L2,HIGH severity per policy,True,2026-01-04T07:59:00Z,ANL-4013,Incident Response,True,2026-01-04T08:14:00Z,34.0
ESC-002470,ALT-002470,CASE-002470,True,L2,HIGH severity per policy,True,2026-01-04T06:03:00Z,ANL-4005,Incident Response,True,2026-01-04T06:18:00Z,265.0
ESC-002471,ALT-002471,CASE-002471,False,,Not required,False,,,,False,,
ESC-002472,ALT-002472,CASE-002472,False,,Not required,False,,,,False,,
ESC-002473,ALT-002473,CASE-002473,False,,Not required,False,,,,False,,
ESC-002474,ALT-002474,CASE-002474,False,,Not required,False,,,,False,,
ESC-002475,ALT-002475,CASE-002475,True,L3,CRITICAL severity per policy,True,2026-01-04T18:00:00Z,ANL-4007,Incident Response,True,2026-01-04T18:15:00Z,36.0
ESC-002476,ALT-002476,CASE-002476,False,,Not required,False,,,,False,,
ESC-002477,ALT-002477,CASE-002477,False,,Not required,False,,,,False,,
ESC-002478,ALT-002478,CASE-002478,False,,Not required,False,,,,False,,
ESC-002479,ALT-002479,CASE-002479,False,,Not required,False,,,,False,,
ESC-002480,ALT-002480,CASE-002480,False,,Not required,False,,,,False,,
ESC-002481,ALT-002481,CASE-002481,False,,Not required,False,,,,False,,
ESC-002482,ALT-002482,CASE-002482,True,L2,HIGH severity per policy,True,2026-01-06T04:38:00Z,ANL-4011,Incident Response,True,2026-01-06T04:53:00Z,261.0
ESC-002483,ALT-002483,CASE-002483,True,L3,CRITICAL severity per policy,True,2026-01-05T07:04:00Z,ANL-4003,Incident Response,True,2026-01-05T07:19:00Z,24.0
ESC-002484,ALT-002484,CASE-002484,True,L2,HIGH severity per policy,True,2026-01-05T08:00:00Z,ANL-4007,Incident Response,True,2026-01-05T08:15:00Z,64.0
ESC-002485,ALT-002485,CASE-002485,False,,Not required,False,,,,False,,
ESC-002486,ALT-002486,CASE-002486,True,L2,HIGH severity per policy,True,2026-01-05T16:31:00Z,ANL-4002,Incident Response,True,2026-01-05T16:46:00Z,77.0
ESC-002487,ALT-002487,CASE-002487,False,,Not required,False,,,,False,,
ESC-002488,ALT-002488,CASE-002488,False,,Not required,False,,,,False,,
ESC-002489,ALT-002489,CASE-002489,True,L2,HIGH severity per policy,True,2026-01-05T01:41:00Z,ANL-4005,Incident Response,True,2026-01-05T01:56:00Z,22.0
ESC-002490,ALT-002490,CASE-002490,False,,Not required,False,,,,False,,
ESC-002491,ALT-002491,CASE-002491,True,L3,CRITICAL severity per policy,True,2026-01-05T08:57:00Z,ANL-4004,Incident Response,True,2026-01-05T09:12:00Z,89.0
ESC-002492,ALT-002492,CASE-002492,True,L2,HIGH severity per policy,True,2026-01-05T04:41:00Z,ANL-4008,Incident Response,True,2026-01-05T04:56:00Z,54.0
ESC-002493,ALT-002493,CASE-002493,False,,Not required,False,,,,False,,
ESC-002494,ALT-002494,CASE-002494,False,,Not required,False,,,,False,,
ESC-002495,ALT-002495,CASE-002495,False,,Not required,False,,,,False,,
ESC-002496,ALT-002496,CASE-002496,False,,Not required,False,,,,False,,
ESC-002497,ALT-002497,CASE-002497,False,,Not required,False,,,,False,,
ESC-002498,ALT-002498,CASE-002498,False,,Not required,False,,,,False,,
ESC-002499,ALT-002499,CASE-002499,False,,Not required,False,,,,False,,
ESC-002500,ALT-002500,CASE-002500,False,,Not required,False,,,,False,,
ESC-002501,ALT-002501,CASE-002501,True,L2,HIGH severity per policy,True,2026-01-05T21:17:00Z,ANL-4003,Incident Response,True,2026-01-05T21:32:00Z,71.0
ESC-002502,ALT-002502,CASE-002502,False,,Not required,False,,,,False,,
ESC-002503,ALT-002503,CASE-002503,False,,Not required,False,,,,False,,
ESC-002504,ALT-002504,CASE-002504,True,L3,CRITICAL severity per policy,True,2026-01-05T05:12:00Z,ANL-4013,Incident Response,True,2026-01-05T05:27:00Z,41.0
ESC-002505,ALT-002505,CASE-002505,False,,Not required,False,,,,False,,
ESC-002506,ALT-002506,CASE-002506,False,,Not required,False,,,,False,,
ESC-002507,ALT-002507,CASE-002507,False,,Not required,False,,,,False,,
ESC-002508,ALT-002508,CASE-002508,False,,Not required,False,,,,False,,
ESC-002509,ALT-002509,CASE-002509,True,L2,HIGH severity per policy,True,2026-01-05T17:06:00Z,ANL-4004,Incident Response,True,2026-01-05T17:21:00Z,11.0
ESC-002510,ALT-002510,CASE-002510,False,,Not required,False,,,,False,,
ESC-002511,ALT-002511,CASE-002511,True,L2,HIGH severity per policy,True,2026-01-05T09:49:00Z,ANL-4013,Incident Response,True,2026-01-05T10:04:00Z,69.0
ESC-002512,ALT-002512,CASE-002512,False,,Not required,False,,,,False,,
ESC-002513,ALT-002513,CASE-002513,True,L2,HIGH severity per policy,True,2026-01-05T21:44:00Z,ANL-4002,Incident Response,True,2026-01-05T21:59:00Z,19.0
ESC-002514,ALT-002514,CASE-002514,False,,Not required,False,,,,False,,
ESC-002515,ALT-002515,CASE-002515,False,,Not required,False,,,,False,,
ESC-002516,ALT-002516,CASE-002516,False,,Not required,False,,,,False,,
ESC-002517,ALT-002517,CASE-002517,False,,Not required,False,,,,False,,
ESC-002518,ALT-002518,CASE-002518,True,L2,HIGH severity per policy,True,2026-01-05T12:29:00Z,ANL-4007,Incident Response,True,2026-01-05T12:44:00Z,62.0
ESC-002519,ALT-002519,CASE-002519,False,,Not required,False,,,,False,,
ESC-002520,ALT-002520,CASE-002520,False,,Not required,False,,,,False,,
ESC-002521,ALT-002521,CASE-002521,False,,Not required,False,,,,False,,
ESC-002522,ALT-002522,CASE-002522,False,,Not required,False,,,,False,,
ESC-002523,ALT-002523,CASE-002523,True,L2,HIGH severity per policy,True,2026-01-06T05:14:00Z,ANL-4001,Incident Response,True,2026-01-06T05:29:00Z,43.0
ESC-002524,ALT-002524,CASE-002524,False,,Not required,False,,,,False,,
ESC-002525,ALT-002525,CASE-002525,False,,Not required,False,,,,False,,
ESC-002526,ALT-002526,CASE-002526,False,,Not required,False,,,,False,,
ESC-002527,ALT-002527,CASE-002527,True,L2,HIGH severity per policy,True,2026-01-06T13:35:00Z,ANL-4003,Incident Response,True,2026-01-06T13:50:00Z,63.0
ESC-002528,ALT-002528,CASE-002528,False,,Not required,False,,,,False,,
ESC-002529,ALT-002529,CASE-002529,True,L2,HIGH severity per policy,True,2026-01-06T01:25:00Z,ANL-4011,Incident Response,True,2026-01-06T01:40:00Z,47.0
ESC-002530,ALT-002530,CASE-002530,False,,Not required,False,,,,False,,
ESC-002531,ALT-002531,CASE-002531,False,,Not required,False,,,,False,,
ESC-002532,ALT-002532,CASE-002532,False,,Not required,False,,,,False,,
ESC-002533,ALT-002533,CASE-002533,False,,Not required,False,,,,False,,
ESC-002534,ALT-002534,CASE-002534,True,L3,CRITICAL severity per policy,True,2026-01-06T18:16:00Z,ANL-4004,Incident Response,True,2026-01-06T18:31:00Z,178.0
ESC-002535,ALT-002535,CASE-002535,False,,Not required,False,,,,False,,
ESC-002536,ALT-002536,CASE-002536,False,,Not required,False,,,,False,,
ESC-002537,ALT-002537,CASE-002537,False,,Not required,False,,,,False,,
ESC-002538,ALT-002538,CASE-002538,False,,Not required,False,,,,False,,
ESC-002539,ALT-002539,CASE-002539,False,,Not required,False,,,,False,,
ESC-002540,ALT-002540,CASE-002540,False,,Not required,False,,,,False,,
ESC-002541,ALT-002541,CASE-002541,False,,Not required,False,,,,False,,
ESC-002542,ALT-002542,CASE-002542,False,,Not required,False,,,,False,,
ESC-002543,ALT-002543,CASE-002543,False,,Not required,False,,,,False,,
ESC-002544,ALT-002544,CASE-002544,False,,Not required,False,,,,False,,
ESC-002545,ALT-002545,CASE-002545,False,,Not required,False,,,,False,,
ESC-002546,ALT-002546,CASE-002546,True,L3,CRITICAL severity per policy,True,2026-01-06T06:23:00Z,ANL-4005,Incident Response,True,2026-01-06T06:38:00Z,16.0
ESC-002547,ALT-002547,CASE-002547,True,L2,HIGH severity per policy,False,,,Incident Response,False,,
ESC-002548,ALT-002548,CASE-002548,False,,Not required,False,,,,False,,
ESC-002549,ALT-002549,CASE-002549,False,,Not required,False,,,,False,,
ESC-002550,ALT-002550,CASE-002550,True,L2,HIGH severity per policy,True,2026-01-06T08:01:00Z,ANL-4009,Incident Response,True,2026-01-06T08:16:00Z,178.0
ESC-002551,ALT-002551,CASE-002551,False,,Not required,False,,,,False,,
ESC-002552,ALT-002552,CASE-002552,False,,Not required,False,,,,False,,
ESC-002553,ALT-002553,CASE-002553,False,,Not required,False,,,,False,,
ESC-002554,ALT-002554,CASE-002554,False,,Not required,False,,,,False,,
ESC-002555,ALT-002555,CASE-002555,False,,Not required,False,,,,False,,
ESC-002556,ALT-002556,CASE-002556,True,L2,HIGH severity per policy,True,2026-01-06T12:10:00Z,ANL-4009,Incident Response,True,2026-01-06T12:25:00Z,82.0
ESC-002557,ALT-002557,CASE-002557,False,,Not required,False,,,,False,,
ESC-002558,ALT-002558,CASE-002558,False,,Not required,False,,,,False,,
ESC-002559,ALT-002559,CASE-002559,False,,Not required,False,,,,False,,
ESC-002560,ALT-002560,CASE-002560,False,,Not required,False,,,,False,,
ESC-002561,ALT-002561,CASE-002561,False,,Not required,False,,,,False,,
ESC-002562,ALT-002562,CASE-002562,False,,Not required,False,,,,False,,
ESC-002563,ALT-002563,CASE-002563,False,,Not required,False,,,,False,,
ESC-002564,ALT-002564,CASE-002564,False,,Not required,False,,,,False,,
ESC-002565,ALT-002565,CASE-002565,True,L2,HIGH severity per policy,True,2026-01-07T00:50:00Z,ANL-4008,Incident Response,True,2026-01-07T01:05:00Z,9.0
ESC-002566,ALT-002566,CASE-002566,False,,Not required,False,,,,False,,
ESC-002567,ALT-002567,CASE-002567,False,,Not required,False,,,,False,,
ESC-002568,ALT-002568,CASE-002568,False,,Not required,False,,,,False,,
ESC-002569,ALT-002569,CASE-002569,False,,Not required,False,,,,False,,
ESC-002570,ALT-002570,CASE-002570,False,,Not required,False,,,,False,,
ESC-002571,ALT-002571,CASE-002571,False,,Not required,False,,,,False,,
ESC-002572,ALT-002572,CASE-002572,False,,Not required,False,,,,False,,
ESC-002573,ALT-002573,CASE-002573,False,,Not required,False,,,,False,,
ESC-002574,ALT-002574,CASE-002574,False,,Not required,False,,,,False,,
ESC-002575,ALT-002575,CASE-002575,False,,Not required,False,,,,False,,
ESC-002576,ALT-002576,CASE-002576,False,,Not required,False,,,,False,,
ESC-002577,ALT-002577,CASE-002577,True,L3,CRITICAL severity per policy,True,2026-01-07T19:09:00Z,ANL-4002,Incident Response,True,2026-01-07T19:24:00Z,19.0
ESC-002578,ALT-002578,CASE-002578,False,,Not required,False,,,,False,,
ESC-002579,ALT-002579,CASE-002579,False,,Not required,False,,,,False,,
ESC-002580,ALT-002580,CASE-002580,False,,Not required,False,,,,False,,
ESC-002581,ALT-002581,CASE-002581,False,,Not required,False,,,,False,,
ESC-002582,ALT-002582,CASE-002582,False,,Not required,False,,,,False,,
ESC-002583,ALT-002583,CASE-002583,False,,Not required,False,,,,False,,
ESC-002584,ALT-002584,CASE-002584,True,L2,HIGH severity per policy,True,2026-01-07T08:58:00Z,ANL-4008,Incident Response,True,2026-01-07T09:13:00Z,22.0
ESC-002585,ALT-002585,CASE-002585,True,L2,HIGH severity per policy,True,2026-01-07T08:27:00Z,ANL-4009,Incident Response,True,2026-01-07T08:42:00Z,22.0
ESC-002586,ALT-002586,CASE-002586,True,L3,CRITICAL severity per policy,True,2026-01-07T11:33:00Z,ANL-4002,Incident Response,True,2026-01-07T11:48:00Z,32.0
ESC-002587,ALT-002587,CASE-002587,True,L2,HIGH severity per policy,True,2026-01-08T01:54:00Z,ANL-4001,Incident Response,True,2026-01-08T02:09:00Z,42.0
ESC-002588,ALT-002588,CASE-002588,True,L3,CRITICAL severity per policy,True,2026-01-07T10:30:00Z,ANL-4010,Incident Response,True,2026-01-07T10:45:00Z,32.0
ESC-002589,ALT-002589,CASE-002589,False,,Not required,False,,,,False,,
ESC-002590,ALT-002590,CASE-002590,False,,Not required,False,,,,False,,
ESC-002591,ALT-002591,CASE-002591,True,L2,HIGH severity per policy,False,,,Incident Response,False,,
ESC-002592,ALT-002592,CASE-002592,True,L2,HIGH severity per policy,True,2026-01-07T15:57:00Z,ANL-4005,Incident Response,True,2026-01-07T16:12:00Z,74.0
ESC-002593,ALT-002593,CASE-002593,False,,Not required,False,,,,False,,
ESC-002594,ALT-002594,CASE-002594,False,,Not required,False,,,,False,,
ESC-002595,ALT-002595,CASE-002595,True,L2,HIGH severity per policy,True,2026-01-07T23:41:00Z,ANL-4013,Incident Response,True,2026-01-07T23:56:00Z,267.0
ESC-002596,ALT-002596,CASE-002596,False,,Not required,False,,,,False,,
ESC-002597,ALT-002597,CASE-002597,False,,Not required,False,,,,False,,
ESC-002598,ALT-002598,CASE-002598,True,L2,HIGH severity per policy,True,2026-01-07T03:02:00Z,ANL-4003,Incident Response,True,2026-01-07T03:17:00Z,82.0
ESC-002599,ALT-002599,CASE-002599,False,,Not required,False,,,,False,,
ESC-002600,ALT-002600,CASE-002600,False,,Not required,False,,,,False,,
ESC-002601,ALT-002601,CASE-002601,True,L2,HIGH severity per policy,True,2026-01-08T22:27:00Z,ANL-4003,Incident Response,True,2026-01-08T22:42:00Z,56.0
ESC-002602,ALT-002602,CASE-002602,False,,Not required,False,,,,False,,
ESC-002603,ALT-002603,CASE-002603,True,L2,HIGH severity per policy,True,2026-01-08T16:59:00Z,ANL-4004,Incident Response,True,2026-01-08T17:14:00Z,55.0
ESC-002604,ALT-002604,CASE-002604,False,,Not required,False,,,,False,,
ESC-002605,ALT-002605,CASE-002605,False,,Not required,False,,,,False,,
ESC-002606,ALT-002606,CASE-002606,True,L2,HIGH severity per policy,True,2026-01-08T21:10:00Z,ANL-4007,Incident Response,True,2026-01-08T21:25:00Z,38.0
ESC-002607,ALT-002607,CASE-002607,True,L3,CRITICAL severity per policy,True,2026-01-08T17:15:00Z,ANL-4002,Incident Response,True,2026-01-08T17:30:00Z,35.0
ESC-002608,ALT-002608,CASE-002608,False,,Not required,False,,,,False,,
ESC-002609,ALT-002609,CASE-002609,True,L2,HIGH severity per policy,False,,,Incident Response,False,,
ESC-002610,ALT-002610,CASE-002610,True,L2,HIGH severity per policy,False,,,Incident Response,False,,
ESC-002611,ALT-002611,CASE-002611,False,,Not required,False,,,,False,,
ESC-002612,ALT-002612,CASE-002612,False,,Not required,False,,,,False,,
ESC-002613,ALT-002613,CASE-002613,False,,Not required,False,,,,False,,
ESC-002614,ALT-002614,CASE-002614,False,,Not required,False,,,,False,,
ESC-002615,ALT-002615,CASE-002615,False,,Not required,False,,,,False,,
ESC-002616,ALT-002616,CASE-002616,False,,Not required,False,,,,False,,
ESC-002617,ALT-002617,CASE-002617,False,,Not required,False,,,,False,,
ESC-002618,ALT-002618,CASE-002618,False,,Not required,False,,,,False,,
ESC-002619,ALT-002619,CASE-002619,True,L2,HIGH severity per policy,True,2026-01-08T14:22:00Z,ANL-4012,Incident Response,True,2026-01-08T14:37:00Z,27.0
ESC-002620,ALT-002620,CASE-002620,False,,Not required,False,,,,False,,
ESC-002621,ALT-002621,CASE-002621,True,L2,HIGH severity per policy,True,2026-01-08T17:02:00Z,ANL-4001,Incident Response,True,2026-01-08T17:17:00Z,21.0
ESC-002622,ALT-002622,CASE-002622,False,,Not required,False,,,,False,,
ESC-002623,ALT-002623,CASE-002623,True,L2,HIGH severity per policy,True,2026-01-08T21:50:00Z,ANL-4009,Incident Response,True,2026-01-08T22:05:00Z,61.0
ESC-002624,ALT-002624,CASE-002624,True,L2,HIGH severity per policy,False,,,Incident Response,False,,
ESC-002625,ALT-002625,CASE-002625,False,,Not required,False,,,,False,,
ESC-002626,ALT-002626,CASE-002626,False,,Not required,False,,,,False,,
ESC-002627,ALT-002627,CASE-002627,True,L2,HIGH severity per policy,True,2026-01-08T17:46:00Z,ANL-4005,Incident Response,True,2026-01-08T18:01:00Z,23.0
ESC-002628,ALT-002628,CASE-002628,False,,Not required,False,,,,False,,
ESC-002629,ALT-002629,CASE-002629,True,L2,HIGH severity per policy,False,,,Incident Response,False,,
ESC-002630,ALT-002630,CASE-002630,False,,Not required,False,,,,False,,
ESC-002631,ALT-002631,CASE-002631,False,,Not required,False,,,,False,,
ESC-002632,ALT-002632,CASE-002632,False,,Not required,False,,,,False,,
ESC-002633,ALT-002633,CASE-002633,True,L2,HIGH severity per policy,True,2026-01-08T15:16:00Z,ANL-4009,Incident Response,True,2026-01-08T15:31:00Z,83.0
ESC-002634,ALT-002634,CASE-002634,False,,Not required,False,,,,False,,
ESC-002635,ALT-002635,CASE-002635,False,,Not required,False,,,,False,,
ESC-002636,ALT-002636,CASE-002636,True,L3,CRITICAL severity per policy,True,2026-01-08T16:53:00Z,ANL-4010,Incident Response,True,2026-01-08T17:08:00Z,21.0
ESC-002637,ALT-002637,CASE-002637,True,L2,HIGH severity per policy,False,,,Incident Response,False,,
ESC-002638,ALT-002638,CASE-002638,True,L3,CRITICAL severity per policy,True,2026-01-08T03:21:00Z,ANL-4009,Incident Response,True,2026-01-08T03:36:00Z,20.0
ESC-002639,ALT-002639,CASE-002639,False,,Not required,False,,,,False,,
ESC-002640,ALT-002640,CASE-002640,False,,Not required,False,,,,False,,
ESC-002641,ALT-002641,CASE-002641,False,,Not required,False,,,,False,,
ESC-002642,ALT-002642,CASE-002642,False,,Not required,False,,,,False,,
ESC-002643,ALT-002643,CASE-002643,False,,Not required,False,,,,False,,
ESC-002644,ALT-002644,CASE-002644,False,,Not required,False,,,,False,,
ESC-002645,ALT-002645,CASE-002645,False,,Not required,False,,,,False,,
ESC-002646,ALT-002646,CASE-002646,True,L3,CRITICAL severity per policy,True,2026-01-09T08:01:00Z,ANL-4013,Incident Response,True,2026-01-09T08:16:00Z,29.0
ESC-002647,ALT-002647,CASE-002647,False,,Not required,False,,,,False,,
ESC-002648,ALT-002648,CASE-002648,False,,Not required,False,,,,False,,
ESC-002649,ALT-002649,CASE-002649,False,,Not required,False,,,,False,,
ESC-002650,ALT-002650,CASE-002650,False,,Not required,False,,,,False,,
ESC-002651,ALT-002651,CASE-002651,False,,Not required,False,,,,False,,
ESC-002652,ALT-002652,CASE-002652,False,,Not required,False,,,,False,,
ESC-002653,ALT-002653,CASE-002653,False,,Not required,False,,,,False,,
ESC-002654,ALT-002654,CASE-002654,False,,Not required,False,,,,False,,
ESC-002655,ALT-002655,CASE-002655,False,,Not required,False,,,,False,,
ESC-002656,ALT-002656,CASE-002656,True,L2,HIGH severity per policy,True,2026-01-09T11:39:00Z,ANL-4010,Incident Response,True,2026-01-09T11:54:00Z,55.0
ESC-002657,ALT-002657,CASE-002657,False,,Not required,False,,,,False,,
ESC-002658,ALT-002658,CASE-002658,False,,Not required,False,,,,False,,
ESC-002659,ALT-002659,CASE-002659,False,,Not required,False,,,,False,,
ESC-002660,ALT-002660,CASE-002660,False,,Not required,False,,,,False,,
ESC-002661,ALT-002661,CASE-002661,False,,Not required,False,,,,False,,
ESC-002662,ALT-002662,CASE-002662,False,,Not required,False,,,,False,,
ESC-002663,ALT-002663,CASE-002663,False,,Not required,False,,,,False,,
ESC-002664,ALT-002664,CASE-002664,False,,Not required,False,,,,False,,
ESC-002665,ALT-002665,CASE-002665,True,L3,CRITICAL severity per policy,True,2026-01-09T05:41:00Z,ANL-4010,Incident Response,True,2026-01-09T05:56:00Z,22.0
ESC-002666,ALT-002666,CASE-002666,False,,Not required,False,,,,False,,
ESC-002667,ALT-002667,CASE-002667,False,,Not required,False,,,,False,,
ESC-002668,ALT-002668,CASE-002668,False,,Not required,False,,,,False,,
ESC-002669,ALT-002669,CASE-002669,False,,Not required,False,,,,False,,
ESC-002670,ALT-002670,CASE-002670,False,,Not required,False,,,,False,,
ESC-002671,ALT-002671,CASE-002671,False,,Not required,False,,,,False,,
ESC-002672,ALT-002672,CASE-002672,False,,Not required,False,,,,False,,
ESC-002673,ALT-002673,CASE-002673,False,,Not required,False,,,,False,,
ESC-002674,ALT-002674,CASE-002674,False,,Not required,False,,,,False,,
ESC-002675,ALT-002675,CASE-002675,False,,Not required,False,,,,False,,
ESC-002676,ALT-002676,CASE-002676,True,L3,CRITICAL severity per policy,False,,,Incident Response,False,,
ESC-002677,ALT-002677,CASE-002677,True,L2,HIGH severity per policy,True,2026-01-09T03:49:00Z,ANL-4001,Incident Response,True,2026-01-09T04:04:00Z,65.0
ESC-002678,ALT-002678,CASE-002678,False,,Not required,False,,,,False,,
ESC-002679,ALT-002679,CASE-002679,False,,Not required,False,,,,False,,
ESC-002680,ALT-002680,CASE-002680,False,,Not required,False,,,,False,,
ESC-002681,ALT-002681,CASE-002681,False,,Not required,False,,,,False,,
ESC-002682,ALT-002682,CASE-002682,False,,Not required,False,,,,False,,
ESC-002683,ALT-002683,CASE-002683,False,,Not required,False,,,,False,,
ESC-002684,ALT-002684,CASE-002684,False,,Not required,False,,,,False,,
ESC-002685,ALT-002685,CASE-002685,False,,Not required,False,,,,False,,
ESC-002686,ALT-002686,CASE-002686,True,L2,HIGH severity per policy,True,2026-01-09T21:07:00Z,ANL-4007,Incident Response,True,2026-01-09T21:22:00Z,48.0
ESC-002687,ALT-002687,CASE-002687,False,,Not required,False,,,,False,,
ESC-002688,ALT-002688,CASE-002688,True,L3,CRITICAL severity per policy,True,2026-01-09T07:31:00Z,ANL-4006,Incident Response,True,2026-01-09T07:46:00Z,17.0
ESC-002689,ALT-002689,CASE-002689,False,,Not required,False,,,,False,,
ESC-002690,ALT-002690,CASE-002690,False,,Not required,False,,,,False,,
ESC-002691,ALT-002691,CASE-002691,False,,Not required,False,,,,False,,
ESC-002692,ALT-002692,CASE-002692,False,,Not required,False,,,,False,,
ESC-002693,ALT-002693,CASE-002693,True,L2,HIGH severity per policy,True,2026-01-09T22:17:00Z,ANL-4008,Incident Response,True,2026-01-09T22:32:00Z,49.0
ESC-002694,ALT-002694,CASE-002694,False,,Not required,False,,,,False,,
ESC-002695,ALT-002695,CASE-002695,False,,Not required,False,,,,False,,
ESC-002696,ALT-002696,CASE-002696,True,L2,HIGH severity per policy,False,,,Incident Response,False,,
ESC-002697,ALT-002697,CASE-002697,True,L3,CRITICAL severity per policy,True,2026-01-09T05:17:00Z,ANL-4002,Incident Response,True,2026-01-09T05:32:00Z,132.0
ESC-002698,ALT-002698,CASE-002698,True,L3,CRITICAL severity per policy,True,2026-01-09T08:31:00Z,ANL-4005,Incident Response,True,2026-01-09T08:46:00Z,26.0
ESC-002699,ALT-002699,CASE-002699,True,L3,CRITICAL severity per policy,True,2026-01-09T07:44:00Z,ANL-4009,Incident Response,True,2026-01-09T07:59:00Z,23.0
ESC-002700,ALT-002700,CASE-002700,False,,Not required,False,,,,False,,
ESC-002701,ALT-002701,CASE-002701,False,,Not required,False,,,,False,,
ESC-002702,ALT-002702,CASE-002702,True,L2,HIGH severity per policy,True,2026-01-09T06:51:00Z,ANL-4005,Incident Response,True,2026-01-09T07:06:00Z,30.0
ESC-002703,ALT-002703,CASE-002703,False,,Not required,False,,,,False,,
ESC-002704,ALT-002704,CASE-002704,False,,Not required,False,,,,False,,
ESC-002705,ALT-002705,CASE-002705,False,,Not required,False,,,,False,,
ESC-002706,ALT-002706,CASE-002706,False,,Not required,False,,,,False,,
ESC-002707,ALT-002707,CASE-002707,True,L2,HIGH severity per policy,True,2026-01-09T16:33:00Z,ANL-4007,Incident Response,True,2026-01-09T16:48:00Z,71.0
ESC-002708,ALT-002708,CASE-002708,True,L3,CRITICAL severity per policy,True,2026-01-09T20:04:00Z,ANL-4013,Incident Response,True,2026-01-09T20:19:00Z,14.0
ESC-002709,ALT-002709,CASE-002709,False,,Not required,False,,,,False,,
ESC-002710,ALT-002710,CASE-002710,False,,Not required,False,,,,False,,
ESC-002711,ALT-002711,CASE-002711,True,L2,HIGH severity per policy,True,2026-01-09T19:20:00Z,ANL-4002,Incident Response,True,2026-01-09T19:35:00Z,66.0
ESC-002712,ALT-002712,CASE-002712,False,,Not required,False,,,,False,,
ESC-002713,ALT-002713,CASE-002713,True,L2,HIGH severity per policy,True,2026-01-10T01:32:00Z,ANL-4012,Incident Response,True,2026-01-10T01:47:00Z,264.0
ESC-002714,ALT-002714,CASE-002714,True,L3,CRITICAL severity per policy,True,2026-01-09T21:16:00Z,ANL-4007,Incident Response,True,2026-01-09T21:31:00Z,28.0
ESC-002715,ALT-002715,CASE-002715,True,L2,HIGH severity per policy,True,2026-01-09T19:46:00Z,ANL-4004,Incident Response,True,2026-01-09T20:01:00Z,34.0
ESC-002716,ALT-002716,CASE-002716,False,,Not required,False,,,,False,,
ESC-002717,ALT-002717,CASE-002717,False,,Not required,False,,,,False,,
ESC-002718,ALT-002718,CASE-002718,False,,Not required,False,,,,False,,
ESC-002719,ALT-002719,CASE-002719,True,L3,CRITICAL severity per policy,True,2026-01-09T08:19:00Z,ANL-4005,Incident Response,True,2026-01-09T08:34:00Z,23.0
ESC-002720,ALT-002720,CASE-002720,True,L2,HIGH severity per policy,True,2026-01-09T09:47:00Z,ANL-4006,Incident Response,True,2026-01-09T10:02:00Z,12.0
ESC-002721,ALT-002721,CASE-002721,False,,Not required,False,,,,False,,
ESC-002722,ALT-002722,CASE-002722,False,,Not required,False,,,,False,,
ESC-002723,ALT-002723,CASE-002723,False,,Not required,False,,,,False,,
ESC-002724,ALT-002724,CASE-002724,False,,Not required,False,,,,False,,
ESC-002725,ALT-002725,CASE-002725,False,,Not required,False,,,,False,,
ESC-002726,ALT-002726,CASE-002726,False,,Not required,False,,,,False,,
ESC-002727,ALT-002727,CASE-002727,False,,Not required,False,,,,False,,
ESC-002728,ALT-002728,CASE-002728,False,,Not required,False,,,,False,,
ESC-002729,ALT-002729,CASE-002729,True,L2,HIGH severity per policy,True,2026-01-09T21:42:00Z,ANL-4001,Incident Response,True,2026-01-09T21:57:00Z,34.0
ESC-002730,ALT-002730,CASE-002730,False,,Not required,False,,,,False,,
ESC-002731,ALT-002731,CASE-002731,False,,Not required,False,,,,False,,
ESC-002732,ALT-002732,CASE-002732,False,,Not required,False,,,,False,,
ESC-002733,ALT-002733,CASE-002733,False,,Not required,False,,,,False,,
ESC-002734,ALT-002734,CASE-002734,True,L2,HIGH severity per policy,True,2026-01-09T10:17:00Z,ANL-4012,Incident Response,True,2026-01-09T10:32:00Z,33.0
ESC-002735,ALT-002735,CASE-002735,False,,Not required,False,,,,False,,
ESC-002736,ALT-002736,CASE-002736,True,L2,HIGH severity per policy,True,2026-01-09T05:53:00Z,ANL-4004,Incident Response,True,2026-01-09T06:08:00Z,51.0
ESC-002737,ALT-002737,CASE-002737,False,,Not required,False,,,,False,,
ESC-002738,ALT-002738,CASE-002738,False,,Not required,False,,,,False,,
ESC-002739,ALT-002739,CASE-002739,False,,Not required,False,,,,False,,
ESC-002740,ALT-002740,CASE-002740,True,L2,HIGH severity per policy,True,2026-01-09T12:52:00Z,ANL-4010,Incident Response,True,2026-01-09T13:07:00Z,8.0
ESC-002741,ALT-002741,CASE-002741,False,,Not required,False,,,,False,,
ESC-002742,ALT-002742,CASE-002742,False,,Not required,False,,,,False,,
ESC-002743,ALT-002743,CASE-002743,False,,Not required,False,,,,False,,
ESC-002744,ALT-002744,CASE-002744,False,,Not required,False,,,,False,,
ESC-002745,ALT-002745,CASE-002745,False,,Not required,False,,,,False,,
ESC-002746,ALT-002746,CASE-002746,True,L2,HIGH severity per policy,True,2026-01-09T11:23:00Z,ANL-4012,Incident Response,True,2026-01-09T11:38:00Z,48.0
ESC-002747,ALT-002747,CASE-002747,False,,Not required,False,,,,False,,
ESC-002748,ALT-002748,CASE-002748,True,L3,CRITICAL severity per policy,True,2026-01-09T09:34:00Z,ANL-4012,Incident Response,True,2026-01-09T09:49:00Z,82.0
ESC-002749,ALT-002749,CASE-002749,False,,Not required,False,,,,False,,
ESC-002750,ALT-002750,CASE-002750,True,L2,HIGH severity per policy,True,2026-01-09T03:21:00Z,ANL-4001,Incident Response,True,2026-01-09T03:36:00Z,5.0
ESC-002751,ALT-002751,CASE-002751,True,L3,CRITICAL severity per policy,True,2026-01-09T03:39:00Z,ANL-4004,Incident Response,True,2026-01-09T03:54:00Z,20.0
ESC-002752,ALT-002752,CASE-002752,True,L2,HIGH severity per policy,True,2026-01-09T21:20:00Z,ANL-4005,Incident Response,True,2026-01-09T21:35:00Z,29.0
ESC-002753,ALT-002753,CASE-002753,True,L2,HIGH severity per policy,True,2026-01-09T14:17:00Z,ANL-4003,Incident Response,True,2026-01-09T14:32:00Z,359.0
ESC-002754,ALT-002754,CASE-002754,True,L2,HIGH severity per policy,True,2026-01-09T11:41:00Z,ANL-4005,Incident Response,True,2026-01-09T11:56:00Z,23.0
ESC-002755,ALT-002755,CASE-002755,False,,Not required,False,,,,False,,
ESC-002756,ALT-002756,CASE-002756,True,L3,CRITICAL severity per policy,True,2026-01-09T08:57:00Z,ANL-4004,Incident Response,True,2026-01-09T09:12:00Z,178.0
ESC-002757,ALT-002757,CASE-002757,False,,Not required,False,,,,False,,
ESC-002758,ALT-002758,CASE-002758,True,L2,HIGH severity per policy,True,2026-01-09T03:55:00Z,ANL-4006,Incident Response,True,2026-01-09T04:10:00Z,20.0
ESC-002759,ALT-002759,CASE-002759,False,,Not required,False,,,,False,,
ESC-002760,ALT-002760,CASE-002760,True,L2,HIGH severity per policy,True,2026-01-09T19:14:00Z,ANL-4009,Incident Response,True,2026-01-09T19:29:00Z,84.0
ESC-002761,ALT-002761,CASE-002761,True,L2,HIGH severity per policy,False,,,Incident Response,False,,
ESC-002762,ALT-002762,CASE-002762,False,,Not required,False,,,,False,,
ESC-002763,ALT-002763,CASE-002763,False,,Not required,False,,,,False,,
ESC-002764,ALT-002764,CASE-002764,True,L2,HIGH severity per policy,True,2026-01-09T05:25:00Z,ANL-4011,Incident Response,True,2026-01-09T05:40:00Z,58.0
ESC-002765,ALT-002765,CASE-002765,False,,Not required,False,,,,False,,
ESC-002766,ALT-002766,CASE-002766,False,,Not required,False,,,,False,,
ESC-002767,ALT-002767,CASE-002767,False,,Not required,False,,,,False,,
ESC-002768,ALT-002768,CASE-002768,False,,Not required,False,,,,False,,
ESC-002769,ALT-002769,CASE-002769,False,,Not required,False,,,,False,,
ESC-002770,ALT-002770,CASE-002770,False,,Not required,False,,,,False,,
ESC-002771,ALT-002771,CASE-002771,False,,Not required,False,,,,False,,
ESC-002772,ALT-002772,CASE-002772,False,,Not required,False,,,,False,,
ESC-002773,ALT-002773,CASE-002773,True,L3,CRITICAL severity per policy,False,,,Incident Response,False,,
ESC-002774,ALT-002774,CASE-002774,False,,Not required,False,,,,False,,
ESC-002775,ALT-002775,CASE-002775,True,L2,HIGH severity per policy,True,2026-01-09T09:39:00Z,ANL-4001,Incident Response,True,2026-01-09T09:54:00Z,24.0
ESC-002776,ALT-002776,CASE-002776,False,,Not required,False,,,,False,,
ESC-002777,ALT-002777,CASE-002777,False,,Not required,False,,,,False,,
ESC-002778,ALT-002778,CASE-002778,True,L2,HIGH severity per policy,True,2026-01-09T12:02:00Z,ANL-4010,Incident Response,True,2026-01-09T12:17:00Z,4.0
ESC-002779,ALT-002779,CASE-002779,False,,Not required,False,,,,False,,
ESC-002780,ALT-002780,CASE-002780,True,L2,HIGH severity per policy,True,2026-01-10T00:52:00Z,ANL-4002,Incident Response,True,2026-01-10T01:07:00Z,176.0
ESC-002781,ALT-002781,CASE-002781,False,,Not required,False,,,,False,,
ESC-002782,ALT-002782,CASE-002782,True,L2,HIGH severity per policy,True,2026-01-09T06:31:00Z,ANL-4009,Incident Response,True,2026-01-09T06:46:00Z,41.0
ESC-002783,ALT-002783,CASE-002783,True,L2,HIGH severity per policy,True,2026-01-09T20:31:00Z,ANL-4007,Incident Response,True,2026-01-09T20:46:00Z,33.0
ESC-002784,ALT-002784,CASE-002784,False,,Not required,False,,,,False,,
ESC-002785,ALT-002785,CASE-002785,False,,Not required,False,,,,False,,
ESC-002786,ALT-002786,CASE-002786,False,,Not required,False,,,,False,,
ESC-002787,ALT-002787,CASE-002787,False,,Not required,False,,,,False,,
ESC-002788,ALT-002788,CASE-002788,True,L2,HIGH severity per policy,True,2026-01-09T16:36:00Z,ANL-4007,Incident Response,True,2026-01-09T16:51:00Z,359.0
ESC-002789,ALT-002789,CASE-002789,False,,Not required,False,,,,False,,
ESC-002790,ALT-002790,CASE-002790,True,L3,CRITICAL severity per policy,True,2026-01-09T17:24:00Z,ANL-4003,Incident Response,True,2026-01-09T17:39:00Z,33.0
ESC-002791,ALT-002791,CASE-002791,False,,Not required,False,,,,False,,
ESC-002792,ALT-002792,CASE-002792,False,,Not required,False,,,,False,,
ESC-002793,ALT-002793,CASE-002793,False,,Not required,False,,,,False,,
ESC-002794,ALT-002794,CASE-002794,True,L3,CRITICAL severity per policy,True,2026-01-09T07:57:00Z,ANL-4006,Incident Response,True,2026-01-09T08:12:00Z,20.0
ESC-002795,ALT-002795,CASE-002795,False,,Not required,False,,,,False,,
ESC-002796,ALT-002796,CASE-002796,False,,Not required,False,,,,False,,
ESC-002797,ALT-002797,CASE-002797,False,,Not required,False,,,,False,,
ESC-002798,ALT-002798,CASE-002798,True,L3,CRITICAL severity per policy,True,2026-01-09T14:04:00Z,ANL-4009,Incident Response,True,2026-01-09T14:19:00Z,19.0
ESC-002799,ALT-002799,CASE-002799,True,L2,HIGH severity per policy,True,2026-01-09T13:33:00Z,ANL-4009,Incident Response,True,2026-01-09T13:48:00Z,261.0
ESC-002800,ALT-002800,CASE-002800,False,,Not required,False,,,,False,,
ESC-002801,ALT-002801,CASE-002801,False,,Not required,False,,,,False,,
ESC-002802,ALT-002802,CASE-002802,True,L2,HIGH severity per policy,True,2026-01-09T04:28:00Z,ANL-4011,Incident Response,True,2026-01-09T04:43:00Z,46.0
ESC-002803,ALT-002803,CASE-002803,True,L2,HIGH severity per policy,True,2026-01-09T07:34:00Z,ANL-4009,Incident Response,True,2026-01-09T07:49:00Z,61.0
ESC-002804,ALT-002804,CASE-002804,True,L2,HIGH severity per policy,True,2026-01-09T07:49:00Z,ANL-4001,Incident Response,True,2026-01-09T08:04:00Z,16.0
ESC-002805,ALT-002805,CASE-002805,True,L3,CRITICAL severity per policy,True,2026-01-09T21:56:00Z,ANL-4012,Incident Response,True,2026-01-09T22:11:00Z,19.0
ESC-002806,ALT-002806,CASE-002806,True,L2,HIGH severity per policy,True,2026-01-09T15:18:00Z,ANL-4008,Incident Response,True,2026-01-09T15:33:00Z,62.0
ESC-002807,ALT-002807,CASE-002807,True,L2,HIGH severity per policy,True,2026-01-09T20:45:00Z,ANL-4005,Incident Response,True,2026-01-09T21:00:00Z,171.0
ESC-002808,ALT-002808,CASE-002808,False,,Not required,False,,,,False,,
ESC-002809,ALT-002809,CASE-002809,False,,Not required,False,,,,False,,
ESC-002810,ALT-002810,CASE-002810,False,,Not required,False,,,,False,,
ESC-002811,ALT-002811,CASE-002811,False,,Not required,False,,,,False,,
ESC-002812,ALT-002812,CASE-002812,True,L2,HIGH severity per policy,True,2026-01-09T17:01:00Z,ANL-4009,Incident Response,True,2026-01-09T17:16:00Z,32.0
ESC-002813,ALT-002813,CASE-002813,False,,Not required,False,,,,False,,
ESC-002814,ALT-002814,CASE-002814,False,,Not required,False,,,,False,,
ESC-002815,ALT-002815,CASE-002815,False,,Not required,False,,,,False,,
ESC-002816,ALT-002816,CASE-002816,False,,Not required,False,,,,False,,
ESC-002817,ALT-002817,CASE-002817,False,,Not required,False,,,,False,,
ESC-002818,ALT-002818,CASE-002818,False,,Not required,False,,,,False,,
ESC-002819,ALT-002819,CASE-002819,False,,Not required,False,,,,False,,
ESC-002820,ALT-002820,CASE-002820,False,,Not required,False,,,,False,,
ESC-002821,ALT-002821,CASE-002821,False,,Not required,False,,,,False,,
ESC-002822,ALT-002822,CASE-002822,False,,Not required,False,,,,False,,
ESC-002823,ALT-002823,CASE-002823,True,L3,CRITICAL severity per policy,True,2026-01-10T02:48:00Z,ANL-4012,Incident Response,True,2026-01-10T03:03:00Z,173.0
ESC-002824,ALT-002824,CASE-002824,False,,Not required,False,,,,False,,
ESC-002825,ALT-002825,CASE-002825,False,,Not required,False,,,,False,,
ESC-002826,ALT-002826,CASE-002826,False,,Not required,False,,,,False,,
ESC-002827,ALT-002827,CASE-002827,False,,Not required,False,,,,False,,
ESC-002828,ALT-002828,CASE-002828,True,L3,CRITICAL severity per policy,True,2026-01-09T20:28:00Z,ANL-4002,Incident Response,True,2026-01-09T20:43:00Z,16.0
ESC-002829,ALT-002829,CASE-002829,True,L2,HIGH severity per policy,False,,,Incident Response,False,,
ESC-002830,ALT-002830,CASE-002830,True,L3,CRITICAL severity per policy,False,,,Incident Response,False,,
ESC-002831,ALT-002831,CASE-002831,False,,Not required,False,,,,False,,
ESC-002832,ALT-002832,CASE-002832,False,,Not required,False,,,,False,,
ESC-002833,ALT-002833,CASE-002833,True,L2,HIGH severity per policy,False,,,Incident Response,False,,
ESC-002834,ALT-002834,CASE-002834,False,,Not required,False,,,,False,,
ESC-002835,ALT-002835,CASE-002835,False,,Not required,False,,,,False,,
ESC-002836,ALT-002836,CASE-002836,True,L2,HIGH severity per policy,True,2026-01-09T04:58:00Z,ANL-4009,Incident Response,True,2026-01-09T05:13:00Z,22.0
ESC-002837,ALT-002837,CASE-002837,False,,Not required,False,,,,False,,
ESC-002838,ALT-002838,CASE-002838,True,L3,CRITICAL severity per policy,True,2026-01-09T13:33:00Z,ANL-4006,Incident Response,True,2026-01-09T13:48:00Z,13.0
ESC-002839,ALT-002839,CASE-002839,True,L2,HIGH severity per policy,True,2026-01-09T04:07:00Z,ANL-4012,Incident Response,True,2026-01-09T04:22:00Z,22.0
ESC-002840,ALT-002840,CASE-002840,False,,Not required,False,,,,False,,
ESC-002841,ALT-002841,CASE-002841,False,,Not required,False,,,,False,,
ESC-002842,ALT-002842,CASE-002842,False,,Not required,False,,,,False,,
ESC-002843,ALT-002843,CASE-002843,False,,Not required,False,,,,False,,
ESC-002844,ALT-002844,CASE-002844,True,L3,CRITICAL severity per policy,True,2026-01-09T19:51:00Z,ANL-4006,Incident Response,True,2026-01-09T20:06:00Z,33.0
ESC-002845,ALT-002845,CASE-002845,False,,Not required,False,,,,False,,
ESC-002846,ALT-002846,CASE-002846,False,,Not required,False,,,,False,,
ESC-002847,ALT-002847,CASE-002847,False,,Not required,False,,,,False,,
ESC-002848,ALT-002848,CASE-002848,False,,Not required,False,,,,False,,
ESC-002849,ALT-002849,CASE-002849,False,,Not required,False,,,,False,,
ESC-002850,ALT-002850,CASE-002850,False,,Not required,False,,,,False,,
ESC-002851,ALT-002851,CASE-002851,False,,Not required,False,,,,False,,
ESC-002852,ALT-002852,CASE-002852,False,,Not required,False,,,,False,,
ESC-002853,ALT-002853,CASE-002853,True,L2,HIGH severity per policy,True,2026-01-09T13:47:00Z,ANL-4005,Incident Response,True,2026-01-09T14:02:00Z,78.0
ESC-002854,ALT-002854,CASE-002854,False,,Not required,False,,,,False,,
ESC-002855,ALT-002855,CASE-002855,False,,Not required,False,,,,False,,
ESC-002856,ALT-002856,CASE-002856,False,,Not required,False,,,,False,,
ESC-002857,ALT-002857,CASE-002857,True,L2,HIGH severity per policy,True,2026-01-09T17:45:00Z,ANL-4013,Incident Response,True,2026-01-09T18:00:00Z,56.0
ESC-002858,ALT-002858,CASE-002858,False,,Not required,False,,,,False,,
ESC-002859,ALT-002859,CASE-002859,True,L3,CRITICAL severity per policy,True,2026-01-09T23:24:00Z,ANL-4002,Incident Response,True,2026-01-09T23:39:00Z,16.0
ESC-002860,ALT-002860,CASE-002860,False,,Not required,False,,,,False,,
ESC-002861,ALT-002861,CASE-002861,False,,Not required,False,,,,False,,
ESC-002862,ALT-002862,CASE-002862,False,,Not required,False,,,,False,,
ESC-002863,ALT-002863,CASE-002863,True,L2,HIGH severity per policy,True,2026-01-09T10:48:00Z,ANL-4008,Incident Response,True,2026-01-09T11:03:00Z,45.0
ESC-002864,ALT-002864,CASE-002864,True,L3,CRITICAL severity per policy,True,2026-01-09T02:47:00Z,ANL-4008,Incident Response,True,2026-01-09T03:02:00Z,37.0
ESC-002865,ALT-002865,CASE-002865,True,L2,HIGH severity per policy,True,2026-01-09T13:40:00Z,ANL-4004,Incident Response,True,2026-01-09T13:55:00Z,55.0
ESC-002866,ALT-002866,CASE-002866,False,,Not required,False,,,,False,,
ESC-002867,ALT-002867,CASE-002867,True,L3,CRITICAL severity per policy,True,2026-01-09T02:59:00Z,ANL-4010,Incident Response,True,2026-01-09T03:14:00Z,35.0
ESC-002868,ALT-002868,CASE-002868,False,,Not required,False,,,,False,,
ESC-002869,ALT-002869,CASE-002869,True,L3,CRITICAL severity per policy,True,2026-01-09T18:11:00Z,ANL-4004,Incident Response,True,2026-01-09T18:26:00Z,27.0
ESC-002870,ALT-002870,CASE-002870,False,,Not required,False,,,,False,,
ESC-002871,ALT-002871,CASE-002871,False,,Not required,False,,,,False,,
ESC-002872,ALT-002872,CASE-002872,False,,Not required,False,,,,False,,
ESC-002873,ALT-002873,CASE-002873,False,,Not required,False,,,,False,,
ESC-002874,ALT-002874,CASE-002874,False,,Not required,False,,,,False,,
ESC-002875,ALT-002875,CASE-002875,False,,Not required,False,,,,False,,
ESC-002876,ALT-002876,CASE-002876,False,,Not required,False,,,,False,,
ESC-002877,ALT-002877,CASE-002877,False,,Not required,False,,,,False,,
ESC-002878,ALT-002878,CASE-002878,False,,Not required,False,,,,False,,
ESC-002879,ALT-002879,CASE-002879,False,,Not required,False,,,,False,,
ESC-002880,ALT-002880,CASE-002880,False,,Not required,False,,,,False,,
ESC-002881,ALT-002881,CASE-002881,False,,Not required,False,,,,False,,
ESC-002882,ALT-002882,CASE-002882,False,,Not required,False,,,,False,,
ESC-002883,ALT-002883,CASE-002883,True,L2,HIGH severity per policy,False,,,Incident Response,False,,
ESC-002884,ALT-002884,CASE-002884,True,L3,CRITICAL severity per policy,True,2026-01-09T14:54:00Z,ANL-4013,Incident Response,True,2026-01-09T15:09:00Z,170.0
ESC-002885,ALT-002885,CASE-002885,False,,Not required,False,,,,False,,
ESC-002886,ALT-002886,CASE-002886,False,,Not required,False,,,,False,,
ESC-002887,ALT-002887,CASE-002887,True,L2,HIGH severity per policy,True,2026-01-09T19:20:00Z,ANL-4006,Incident Response,True,2026-01-09T19:35:00Z,30.0
ESC-002888,ALT-002888,CASE-002888,False,,Not required,False,,,,False,,
ESC-002889,ALT-002889,CASE-002889,False,,Not required,False,,,,False,,
ESC-002890,ALT-002890,CASE-002890,False,,Not required,False,,,,False,,
ESC-002891,ALT-002891,CASE-002891,False,,Not required,False,,,,False,,
ESC-002892,ALT-002892,CASE-002892,True,L2,HIGH severity per policy,True,2026-01-09T12:12:00Z,ANL-4004,Incident Response,True,2026-01-09T12:27:00Z,18.0
ESC-002893,ALT-002893,CASE-002893,False,,Not required,False,,,,False,,
ESC-002894,ALT-002894,CASE-002894,False,,Not required,False,,,,False,,
ESC-002895,ALT-002895,CASE-002895,False,,Not required,False,,,,False,,
ESC-002896,ALT-002896,CASE-002896,False,,Not required,False,,,,False,,
ESC-002897,ALT-002897,CASE-002897,False,,Not required,False,,,,False,,
ESC-002898,ALT-002898,CASE-002898,False,,Not required,False,,,,False,,
ESC-002899,ALT-002899,CASE-002899,True,L3,CRITICAL severity per policy,True,2026-01-09T04:34:00Z,ANL-4002,Incident Response,True,2026-01-09T04:49:00Z,29.0
ESC-002900,ALT-002900,CASE-002900,False,,Not required,False,,,,False,,
ESC-002901,ALT-002901,CASE-002901,False,,Not required,False,,,,False,,
ESC-002902,ALT-002902,CASE-002902,False,,Not required,False,,,,False,,
ESC-002903,ALT-002903,CASE-002903,False,,Not required,False,,,,False,,
ESC-002904,ALT-002904,CASE-002904,False,,Not required,False,,,,False,,
ESC-002905,ALT-002905,CASE-002905,True,L3,CRITICAL severity per policy,True,2026-01-09T11:41:00Z,ANL-4006,Incident Response,True,2026-01-09T11:56:00Z,32.0
ESC-002906,ALT-002906,CASE-002906,False,,Not required,False,,,,False,,
ESC-002907,ALT-002907,CASE-002907,True,L3,CRITICAL severity per policy,True,2026-01-09T12:15:00Z,ANL-4009,Incident Response,True,2026-01-09T12:30:00Z,23.0
ESC-002908,ALT-002908,CASE-002908,False,,Not required,False,,,,False,,
ESC-002909,ALT-002909,CASE-002909,True,L2,HIGH severity per policy,True,2026-01-09T09:01:00Z,ANL-4004,Incident Response,True,2026-01-09T09:16:00Z,81.0
ESC-002910,ALT-002910,CASE-002910,False,,Not required,False,,,,False,,
ESC-002911,ALT-002911,CASE-002911,False,,Not required,False,,,,False,,
ESC-002912,ALT-002912,CASE-002912,False,,Not required,False,,,,False,,
ESC-002913,ALT-002913,CASE-002913,False,,Not required,False,,,,False,,
ESC-002914,ALT-002914,CASE-002914,True,L2,HIGH severity per policy,False,,,Incident Response,False,,
ESC-002915,ALT-002915,CASE-002915,False,,Not required,False,,,,False,,
ESC-002916,ALT-002916,CASE-002916,False,,Not required,False,,,,False,,
ESC-002917,ALT-002917,CASE-002917,False,,Not required,False,,,,False,,
ESC-002918,ALT-002918,CASE-002918,True,L2,HIGH severity per policy,True,2026-01-09T06:42:00Z,ANL-4013,Incident Response,True,2026-01-09T06:57:00Z,65.0
ESC-002919,ALT-002919,CASE-002919,True,L2,HIGH severity per policy,True,2026-01-09T21:53:00Z,ANL-4008,Incident Response,True,2026-01-09T22:08:00Z,175.0
ESC-002920,ALT-002920,CASE-002920,True,L3,CRITICAL severity per policy,True,2026-01-09T20:19:00Z,ANL-4003,Incident Response,True,2026-01-09T20:34:00Z,19.0
ESC-002921,ALT-002921,CASE-002921,True,L2,HIGH severity per policy,True,2026-01-10T15:52:00Z,ANL-4010,Incident Response,True,2026-01-10T16:07:00Z,15.0
ESC-002922,ALT-002922,CASE-002922,True,L2,HIGH severity per policy,False,,,Incident Response,False,,
ESC-002923,ALT-002923,CASE-002923,False,,Not required,False,,,,False,,
ESC-002924,ALT-002924,CASE-002924,False,,Not required,False,,,,False,,
ESC-002925,ALT-002925,CASE-002925,False,,Not required,False,,,,False,,
ESC-002926,ALT-002926,CASE-002926,False,,Not required,False,,,,False,,
ESC-002927,ALT-002927,CASE-002927,False,,Not required,False,,,,False,,
ESC-002928,ALT-002928,CASE-002928,False,,Not required,False,,,,False,,
ESC-002929,ALT-002929,CASE-002929,False,,Not required,False,,,,False,,
ESC-002930,ALT-002930,CASE-002930,False,,Not required,False,,,,False,,
ESC-002931,ALT-002931,CASE-002931,False,,Not required,False,,,,False,,
ESC-002932,ALT-002932,CASE-002932,True,L2,HIGH severity per policy,True,2026-01-10T03:16:00Z,ANL-4001,Incident Response,True,2026-01-10T03:31:00Z,12.0
ESC-002933,ALT-002933,CASE-002933,False,,Not required,False,,,,False,,
ESC-002934,ALT-002934,CASE-002934,False,,Not required,False,,,,False,,
ESC-002935,ALT-002935,CASE-002935,True,L2,HIGH severity per policy,True,2026-01-10T05:07:00Z,ANL-4012,Incident Response,True,2026-01-10T05:22:00Z,39.0
ESC-002936,ALT-002936,CASE-002936,False,,Not required,False,,,,False,,
ESC-002937,ALT-002937,CASE-002937,False,,Not required,False,,,,False,,
ESC-002938,ALT-002938,CASE-002938,True,L2,HIGH severity per policy,False,,,Incident Response,False,,
ESC-002939,ALT-002939,CASE-002939,False,,Not required,False,,,,False,,
ESC-002940,ALT-002940,CASE-002940,False,,Not required,False,,,,False,,
ESC-002941,ALT-002941,CASE-002941,True,L3,CRITICAL severity per policy,True,2026-01-10T12:58:00Z,ANL-4005,Incident Response,True,2026-01-10T13:13:00Z,34.0
ESC-002942,ALT-002942,CASE-002942,False,,Not required,False,,,,False,,
ESC-002943,ALT-002943,CASE-002943,False,,Not required,False,,,,False,,
ESC-002944,ALT-002944,CASE-002944,False,,Not required,False,,,,False,,
ESC-002945,ALT-002945,CASE-002945,False,,Not required,False,,,,False,,
ESC-002946,ALT-002946,CASE-002946,False,,Not required,False,,,,False,,
ESC-002947,ALT-002947,CASE-002947,True,L2,HIGH severity per policy,True,2026-01-10T06:00:00Z,ANL-4010,Incident Response,True,2026-01-10T06:15:00Z,265.0
ESC-002948,ALT-002948,CASE-002948,True,L2,HIGH severity per policy,True,2026-01-10T14:55:00Z,ANL-4001,Incident Response,True,2026-01-10T15:10:00Z,66.0
ESC-002949,ALT-002949,CASE-002949,False,,Not required,False,,,,False,,
ESC-002950,ALT-002950,CASE-002950,True,L3,CRITICAL severity per policy,True,2026-01-10T06:29:00Z,ANL-4010,Incident Response,True,2026-01-10T06:44:00Z,38.0
ESC-002951,ALT-002951,CASE-002951,True,L3,CRITICAL severity per policy,True,2026-01-10T15:53:00Z,ANL-4006,Incident Response,True,2026-01-10T16:08:00Z,41.0
ESC-002952,ALT-002952,CASE-002952,False,,Not required,False,,,,False,,
ESC-002953,ALT-002953,CASE-002953,False,,Not required,False,,,,False,,
ESC-002954,ALT-002954,CASE-002954,True,L2,HIGH severity per policy,True,2026-01-10T11:58:00Z,ANL-4012,Incident Response,True,2026-01-10T12:13:00Z,66.0
ESC-002955,ALT-002955,CASE-002955,False,,Not required,False,,,,False,,
ESC-002956,ALT-002956,CASE-002956,True,L3,CRITICAL severity per policy,True,2026-01-10T05:56:00Z,ANL-4007,Incident Response,True,2026-01-10T06:11:00Z,131.0
ESC-002957,ALT-002957,CASE-002957,True,L3,CRITICAL severity per policy,True,2026-01-10T21:52:00Z,ANL-4004,Incident Response,True,2026-01-10T22:07:00Z,22.0
ESC-002958,ALT-002958,CASE-002958,False,,Not required,False,,,,False,,
ESC-002959,ALT-002959,CASE-002959,False,,Not required,False,,,,False,,
ESC-002960,ALT-002960,CASE-002960,False,,Not required,False,,,,False,,
ESC-002961,ALT-002961,CASE-002961,False,,Not required,False,,,,False,,
ESC-002962,ALT-002962,CASE-002962,True,L2,HIGH severity per policy,True,2026-01-11T22:29:00Z,ANL-4002,Incident Response,True,2026-01-11T22:44:00Z,20.0
ESC-002963,ALT-002963,CASE-002963,False,,Not required,False,,,,False,,
ESC-002964,ALT-002964,CASE-002964,False,,Not required,False,,,,False,,
ESC-002965,ALT-002965,CASE-002965,True,L2,HIGH severity per policy,True,2026-01-11T00:47:00Z,ANL-4001,Incident Response,True,2026-01-11T01:02:00Z,38.0
ESC-002966,ALT-002966,CASE-002966,False,,Not required,False,,,,False,,
ESC-002967,ALT-002967,CASE-002967,True,L3,CRITICAL severity per policy,False,,,Incident Response,False,,
ESC-002968,ALT-002968,CASE-002968,False,,Not required,False,,,,False,,
ESC-002969,ALT-002969,CASE-002969,True,L2,HIGH severity per policy,False,,,Incident Response,False,,
ESC-002970,ALT-002970,CASE-002970,False,,Not required,False,,,,False,,
ESC-002971,ALT-002971,CASE-002971,True,L2,HIGH severity per policy,True,2026-01-11T10:58:00Z,ANL-4003,Incident Response,True,2026-01-11T11:13:00Z,74.0
ESC-002972,ALT-002972,CASE-002972,True,L2,HIGH severity per policy,False,,,Incident Response,False,,
ESC-002973,ALT-002973,CASE-002973,False,,Not required,False,,,,False,,
ESC-002974,ALT-002974,CASE-002974,True,L2,HIGH severity per policy,True,2026-01-11T19:02:00Z,ANL-4001,Incident Response,True,2026-01-11T19:17:00Z,53.0
ESC-002975,ALT-002975,CASE-002975,True,L3,CRITICAL severity per policy,True,2026-01-11T13:12:00Z,ANL-4006,Incident Response,True,2026-01-11T13:27:00Z,25.0
ESC-002976,ALT-002976,CASE-002976,False,,Not required,False,,,,False,,
ESC-002977,ALT-002977,CASE-002977,False,,Not required,False,,,,False,,
ESC-002978,ALT-002978,CASE-002978,True,L2,HIGH severity per policy,False,,,Incident Response,False,,
ESC-002979,ALT-002979,CASE-002979,False,,Not required,False,,,,False,,
ESC-002980,ALT-002980,CASE-002980,False,,Not required,False,,,,False,,
ESC-002981,ALT-002981,CASE-002981,False,,Not required,False,,,,False,,
ESC-002982,ALT-002982,CASE-002982,False,,Not required,False,,,,False,,
ESC-002983,ALT-002983,CASE-002983,True,L2,HIGH severity per policy,True,2026-01-11T15:48:00Z,ANL-4010,Incident Response,True,2026-01-11T16:03:00Z,39.0
ESC-002984,ALT-002984,CASE-002984,False,,Not required,False,,,,False,,
ESC-002985,ALT-002985,CASE-002985,False,,Not required,False,,,,False,,
ESC-002986,ALT-002986,CASE-002986,True,L2,HIGH severity per policy,True,2026-01-11T23:25:00Z,ANL-4003,Incident Response,True,2026-01-11T23:40:00Z,52.0
ESC-002987,ALT-002987,CASE-002987,False,,Not required,False,,,,False,,
ESC-002988,ALT-002988,CASE-002988,False,,Not required,False,,,,False,,
ESC-002989,ALT-002989,CASE-002989,False,,Not required,False,,,,False,,
ESC-002990,ALT-002990,CASE-002990,False,,Not required,False,,,,False,,
ESC-002991,ALT-002991,CASE-002991,True,L3,CRITICAL severity per policy,True,2026-01-11T12:01:00Z,ANL-4011,Incident Response,True,2026-01-11T12:16:00Z,32.0
ESC-002992,ALT-002992,CASE-002992,False,,Not required,False,,,,False,,
ESC-002993,ALT-002993,CASE-002993,False,,Not required,False,,,,False,,
ESC-002994,ALT-002994,CASE-002994,True,L2,HIGH severity per policy,True,2026-01-11T19:08:00Z,ANL-4012,Incident Response,True,2026-01-11T19:23:00Z,68.0
ESC-002995,ALT-002995,CASE-002995,True,L2,HIGH severity per policy,True,2026-01-11T03:07:00Z,ANL-4012,Incident Response,True,2026-01-11T03:22:00Z,50.0
ESC-002996,ALT-002996,CASE-002996,False,,Not required,False,,,,False,,
ESC-002997,ALT-002997,CASE-002997,False,,Not required,False,,,,False,,
ESC-002998,ALT-002998,CASE-002998,True,L2,HIGH severity per policy,True,2026-01-11T12:49:00Z,ANL-4009,Incident Response,True,2026-01-11T13:04:00Z,358.0
ESC-002999,ALT-002999,CASE-002999,False,,Not required,False,,,,False,,
ESC-003000,ALT-003000,CASE-003000,False,,Not required,False,,,,False,,
ESC-003001,ALT-003001,CASE-003001,False,,Not required,False,,,,False,,
ESC-003002,ALT-003002,CASE-003002,False,,Not required,False,,,,False,,
ESC-003003,ALT-003003,CASE-003003,False,,Not required,False,,,,False,,
ESC-003004,ALT-003004,CASE-003004,False,,Not required,False,,,,False,,
ESC-003005,ALT-003005,CASE-003005,False,,Not required,False,,,,False,,
ESC-003006,ALT-003006,CASE-003006,False,,Not required,False,,,,False,,
ESC-003007,ALT-003007,CASE-003007,False,,Not required,False,,,,False,,
ESC-003008,ALT-003008,CASE-003008,True,L2,HIGH severity per policy,False,,,Incident Response,False,,
ESC-003009,ALT-003009,CASE-003009,True,L3,CRITICAL severity per policy,True,2026-01-12T07:04:00Z,ANL-4010,Incident Response,True,2026-01-12T07:19:00Z,84.0
ESC-003010,ALT-003010,CASE-003010,True,L3,CRITICAL severity per policy,True,2026-01-12T08:59:00Z,ANL-4008,Incident Response,True,2026-01-12T09:14:00Z,20.0
ESC-003011,ALT-003011,CASE-003011,True,L3,CRITICAL severity per policy,True,2026-01-12T12:08:00Z,ANL-4011,Incident Response,True,2026-01-12T12:23:00Z,28.0
ESC-003012,ALT-003012,CASE-003012,False,,Not required,False,,,,False,,
ESC-003013,ALT-003013,CASE-003013,True,L2,HIGH severity per policy,True,2026-01-12T17:45:00Z,ANL-4007,Incident Response,True,2026-01-12T18:00:00Z,40.0
ESC-003014,ALT-003014,CASE-003014,False,,Not required,False,,,,False,,
ESC-003015,ALT-003015,CASE-003015,True,L3,CRITICAL severity per policy,True,2026-01-12T19:35:00Z,ANL-4013,Incident Response,True,2026-01-12T19:50:00Z,19.0
ESC-003016,ALT-003016,CASE-003016,True,L3,CRITICAL severity per policy,True,2026-01-12T20:14:00Z,ANL-4005,Incident Response,True,2026-01-12T20:29:00Z,29.0
ESC-003017,ALT-003017,CASE-003017,False,,Not required,False,,,,False,,
ESC-003018,ALT-003018,CASE-003018,False,,Not required,False,,,,False,,
ESC-003019,ALT-003019,CASE-003019,True,L3,CRITICAL severity per policy,True,2026-01-12T09:54:00Z,ANL-4004,Incident Response,True,2026-01-12T10:09:00Z,34.0
ESC-003020,ALT-003020,CASE-003020,False,,Not required,False,,,,False,,
ESC-003021,ALT-003021,CASE-003021,False,,Not required,False,,,,False,,
ESC-003022,ALT-003022,CASE-003022,False,,Not required,False,,,,False,,
ESC-003023,ALT-003023,CASE-003023,False,,Not required,False,,,,False,,
ESC-003024,ALT-003024,CASE-003024,False,,Not required,False,,,,False,,
ESC-003025,ALT-003025,CASE-003025,True,L2,HIGH severity per policy,False,,,Incident Response,False,,
ESC-003026,ALT-003026,CASE-003026,False,,Not required,False,,,,False,,
ESC-003027,ALT-003027,CASE-003027,True,L2,HIGH severity per policy,True,2026-01-12T22:20:00Z,ANL-4001,Incident Response,True,2026-01-12T22:35:00Z,25.0
ESC-003028,ALT-003028,CASE-003028,False,,Not required,False,,,,False,,
ESC-003029,ALT-003029,CASE-003029,True,L2,HIGH severity per policy,True,2026-01-12T23:57:00Z,ANL-4013,Incident Response,True,2026-01-13T00:12:00Z,42.0
ESC-003030,ALT-003030,CASE-003030,False,,Not required,False,,,,False,,
ESC-003031,ALT-003031,CASE-003031,False,,Not required,False,,,,False,,
ESC-003032,ALT-003032,CASE-003032,False,,Not required,False,,,,False,,
ESC-003033,ALT-003033,CASE-003033,False,,Not required,False,,,,False,,
ESC-003034,ALT-003034,CASE-003034,True,L2,HIGH severity per policy,True,2026-01-12T07:30:00Z,ANL-4006,Incident Response,True,2026-01-12T07:45:00Z,21.0
ESC-003035,ALT-003035,CASE-003035,True,L2,HIGH severity per policy,True,2026-01-12T20:38:00Z,ANL-4006,Incident Response,True,2026-01-12T20:53:00Z,34.0
ESC-003036,ALT-003036,CASE-003036,True,L2,HIGH severity per policy,True,2026-01-13T02:00:00Z,ANL-4009,Incident Response,True,2026-01-13T02:15:00Z,260.0
ESC-003037,ALT-003037,CASE-003037,True,L2,HIGH severity per policy,True,2026-01-12T05:16:00Z,ANL-4002,Incident Response,True,2026-01-12T05:31:00Z,83.0
ESC-003038,ALT-003038,CASE-003038,False,,Not required,False,,,,False,,
ESC-003039,ALT-003039,CASE-003039,False,,Not required,False,,,,False,,
ESC-003040,ALT-003040,CASE-003040,True,L2,HIGH severity per policy,True,2026-01-12T13:53:00Z,ANL-4002,Incident Response,True,2026-01-12T14:08:00Z,56.0
ESC-003041,ALT-003041,CASE-003041,False,,Not required,False,,,,False,,
ESC-003042,ALT-003042,CASE-003042,False,,Not required,False,,,,False,,
ESC-003043,ALT-003043,CASE-003043,False,,Not required,False,,,,False,,
ESC-003044,ALT-003044,CASE-003044,False,,Not required,False,,,,False,,
ESC-003045,ALT-003045,CASE-003045,True,L2,HIGH severity per policy,False,,,Incident Response,False,,
ESC-003046,ALT-003046,CASE-003046,False,,Not required,False,,,,False,,
ESC-003047,ALT-003047,CASE-003047,False,,Not required,False,,,,False,,
ESC-003048,ALT-003048,CASE-003048,False,,Not required,False,,,,False,,
ESC-003049,ALT-003049,CASE-003049,False,,Not required,False,,,,False,,
ESC-003050,ALT-003050,CASE-003050,False,,Not required,False,,,,False,,
ESC-003051,ALT-003051,CASE-003051,False,,Not required,False,,,,False,,
ESC-003052,ALT-003052,CASE-003052,False,,Not required,False,,,,False,,
ESC-003053,ALT-003053,CASE-003053,False,,Not required,False,,,,False,,
ESC-003054,ALT-003054,CASE-003054,False,,Not required,False,,,,False,,
ESC-003055,ALT-003055,CASE-003055,False,,Not required,False,,,,False,,
ESC-003056,ALT-003056,CASE-003056,False,,Not required,False,,,,False,,
ESC-003057,ALT-003057,CASE-003057,False,,Not required,False,,,,False,,
ESC-003058,ALT-003058,CASE-003058,False,,Not required,False,,,,False,,
ESC-003059,ALT-003059,CASE-003059,False,,Not required,False,,,,False,,
ESC-003060,ALT-003060,CASE-003060,False,,Not required,False,,,,False,,
ESC-003061,ALT-003061,CASE-003061,True,L2,HIGH severity per policy,True,2026-01-13T13:37:00Z,ANL-4013,Incident Response,True,2026-01-13T13:52:00Z,57.0
ESC-003062,ALT-003062,CASE-003062,False,,Not required,False,,,,False,,
ESC-003063,ALT-003063,CASE-003063,False,,Not required,False,,,,False,,
ESC-003064,ALT-003064,CASE-003064,False,,Not required,False,,,,False,,
ESC-003065,ALT-003065,CASE-003065,True,L2,HIGH severity per policy,True,2026-01-13T20:09:00Z,ANL-4006,Incident Response,True,2026-01-13T20:24:00Z,75.0
ESC-003066,ALT-003066,CASE-003066,True,L2,HIGH severity per policy,True,2026-01-13T12:02:00Z,ANL-4003,Incident Response,True,2026-01-13T12:17:00Z,33.0
ESC-003067,ALT-003067,CASE-003067,False,,Not required,False,,,,False,,
ESC-003068,ALT-003068,CASE-003068,False,,Not required,False,,,,False,,
ESC-003069,ALT-003069,CASE-003069,True,L2,HIGH severity per policy,False,,,Incident Response,False,,
ESC-003070,ALT-003070,CASE-003070,True,L2,HIGH severity per policy,True,2026-01-13T23:18:00Z,ANL-4010,Incident Response,True,2026-01-13T23:33:00Z,29.0
ESC-003071,ALT-003071,CASE-003071,True,L3,CRITICAL severity per policy,False,,,Incident Response,False,,
ESC-003072,ALT-003072,CASE-003072,False,,Not required,False,,,,False,,
ESC-003073,ALT-003073,CASE-003073,False,,Not required,False,,,,False,,
ESC-003074,ALT-003074,CASE-003074,False,,Not required,False,,,,False,,
ESC-003075,ALT-003075,CASE-003075,False,,Not required,False,,,,False,,
ESC-003076,ALT-003076,CASE-003076,True,L2,HIGH severity per policy,True,2026-01-13T09:56:00Z,ANL-4011,Incident Response,True,2026-01-13T10:11:00Z,51.0
ESC-003077,ALT-003077,CASE-003077,False,,Not required,False,,,,False,,
ESC-003078,ALT-003078,CASE-003078,True,L2,HIGH severity per policy,True,2026-01-13T10:12:00Z,ANL-4012,Incident Response,True,2026-01-13T10:27:00Z,75.0
ESC-003079,ALT-003079,CASE-003079,False,,Not required,False,,,,False,,
ESC-003080,ALT-003080,CASE-003080,False,,Not required,False,,,,False,,
ESC-003081,ALT-003081,CASE-003081,True,L2,HIGH severity per policy,True,2026-01-14T06:43:00Z,ANL-4011,Incident Response,True,2026-01-14T06:58:00Z,78.0
ESC-003082,ALT-003082,CASE-003082,False,,Not required,False,,,,False,,
ESC-003083,ALT-003083,CASE-003083,False,,Not required,False,,,,False,,
ESC-003084,ALT-003084,CASE-003084,False,,Not required,False,,,,False,,
ESC-003085,ALT-003085,CASE-003085,False,,Not required,False,,,,False,,
ESC-003086,ALT-003086,CASE-003086,False,,Not required,False,,,,False,,
ESC-003087,ALT-003087,CASE-003087,False,,Not required,False,,,,False,,
ESC-003088,ALT-003088,CASE-003088,False,,Not required,False,,,,False,,
ESC-003089,ALT-003089,CASE-003089,False,,Not required,False,,,,False,,
ESC-003090,ALT-003090,CASE-003090,True,L2,HIGH severity per policy,True,2026-01-14T16:40:00Z,ANL-4010,Incident Response,True,2026-01-14T16:55:00Z,26.0
ESC-003091,ALT-003091,CASE-003091,False,,Not required,False,,,,False,,
ESC-003092,ALT-003092,CASE-003092,True,L3,CRITICAL severity per policy,True,2026-01-14T19:17:00Z,ANL-4005,Incident Response,True,2026-01-14T19:32:00Z,177.0
ESC-003093,ALT-003093,CASE-003093,True,L2,HIGH severity per policy,True,2026-01-14T11:29:00Z,ANL-4002,Incident Response,True,2026-01-14T11:44:00Z,85.0
ESC-003094,ALT-003094,CASE-003094,False,,Not required,False,,,,False,,
ESC-003095,ALT-003095,CASE-003095,True,L2,HIGH severity per policy,True,2026-01-14T16:02:00Z,ANL-4011,Incident Response,True,2026-01-14T16:17:00Z,24.0
ESC-003096,ALT-003096,CASE-003096,True,L2,HIGH severity per policy,True,2026-01-14T16:00:00Z,ANL-4008,Incident Response,True,2026-01-14T16:15:00Z,21.0
ESC-003097,ALT-003097,CASE-003097,False,,Not required,False,,,,False,,
ESC-003098,ALT-003098,CASE-003098,False,,Not required,False,,,,False,,
ESC-003099,ALT-003099,CASE-003099,False,,Not required,False,,,,False,,
ESC-003100,ALT-003100,CASE-003100,True,L3,CRITICAL severity per policy,True,2026-01-14T01:28:00Z,ANL-4009,Incident Response,True,2026-01-14T01:43:00Z,28.0
ESC-003101,ALT-003101,CASE-003101,True,L3,CRITICAL severity per policy,True,2026-01-14T06:39:00Z,ANL-4007,Incident Response,True,2026-01-14T06:54:00Z,20.0
ESC-003102,ALT-003102,CASE-003102,False,,Not required,False,,,,False,,
ESC-003103,ALT-003103,CASE-003103,False,,Not required,False,,,,False,,
ESC-003104,ALT-003104,CASE-003104,False,,Not required,False,,,,False,,
ESC-003105,ALT-003105,CASE-003105,True,L3,CRITICAL severity per policy,False,,,Incident Response,False,,
ESC-003106,ALT-003106,CASE-003106,True,L2,HIGH severity per policy,True,2026-01-14T08:28:00Z,ANL-4001,Incident Response,True,2026-01-14T08:43:00Z,44.0
ESC-003107,ALT-003107,CASE-003107,True,L2,HIGH severity per policy,True,2026-01-14T09:36:00Z,ANL-4008,Incident Response,True,2026-01-14T09:51:00Z,65.0
ESC-003108,ALT-003108,CASE-003108,False,,Not required,False,,,,False,,
ESC-003109,ALT-003109,CASE-003109,False,,Not required,False,,,,False,,
ESC-003110,ALT-003110,CASE-003110,False,,Not required,False,,,,False,,
ESC-003111,ALT-003111,CASE-003111,True,L2,HIGH severity per policy,True,2026-01-14T06:58:00Z,ANL-4013,Incident Response,True,2026-01-14T07:13:00Z,16.0
ESC-003112,ALT-003112,CASE-003112,True,L3,CRITICAL severity per policy,True,2026-01-14T12:26:00Z,ANL-4005,Incident Response,True,2026-01-14T12:41:00Z,25.0
ESC-003113,ALT-003113,CASE-003113,False,,Not required,False,,,,False,,
ESC-003114,ALT-003114,CASE-003114,True,L3,CRITICAL severity per policy,False,,,Incident Response,False,,
ESC-003115,ALT-003115,CASE-003115,True,L2,HIGH severity per policy,True,2026-01-14T07:14:00Z,ANL-4001,Incident Response,True,2026-01-14T07:29:00Z,52.0
ESC-003116,ALT-003116,CASE-003116,False,,Not required,False,,,,False,,
ESC-003117,ALT-003117,CASE-003117,False,,Not required,False,,,,False,,
ESC-003118,ALT-003118,CASE-003118,False,,Not required,False,,,,False,,
ESC-003119,ALT-003119,CASE-003119,False,,Not required,False,,,,False,,
ESC-003120,ALT-003120,CASE-003120,False,,Not required,False,,,,False,,
ESC-003121,ALT-003121,CASE-003121,False,,Not required,False,,,,False,,
ESC-003122,ALT-003122,CASE-003122,False,,Not required,False,,,,False,,
ESC-003123,ALT-003123,CASE-003123,False,,Not required,False,,,,False,,
ESC-003124,ALT-003124,CASE-003124,True,L2,HIGH severity per policy,True,2026-01-01T23:40:00Z,ANL-5003,Incident Response,True,2026-01-01T23:55:00Z,44.0
ESC-003125,ALT-003125,CASE-003125,False,,Not required,False,,,,False,,
ESC-003126,ALT-003126,CASE-003126,False,,Not required,False,,,,False,,
ESC-003127,ALT-003127,CASE-003127,False,,Not required,False,,,,False,,
ESC-003128,ALT-003128,CASE-003128,False,,Not required,False,,,,False,,
ESC-003129,ALT-003129,CASE-003129,False,,Not required,False,,,,False,,
ESC-003130,ALT-003130,CASE-003130,True,L2,HIGH severity per policy,True,2026-01-01T02:50:00Z,ANL-5011,Incident Response,True,2026-01-01T03:05:00Z,29.0
ESC-003131,ALT-003131,CASE-003131,False,,Not required,False,,,,False,,
ESC-003132,ALT-003132,CASE-003132,False,,Not required,False,,,,False,,
ESC-003133,ALT-003133,CASE-003133,True,L3,CRITICAL severity per policy,True,2026-01-01T05:00:00Z,ANL-5013,Incident Response,True,2026-01-01T05:15:00Z,35.0
ESC-003134,ALT-003134,CASE-003134,False,,Not required,False,,,,False,,
ESC-003135,ALT-003135,CASE-003135,False,,Not required,False,,,,False,,
ESC-003136,ALT-003136,CASE-003136,True,L3,CRITICAL severity per policy,True,2026-01-01T21:54:00Z,ANL-5004,Incident Response,True,2026-01-01T22:09:00Z,13.0
ESC-003137,ALT-003137,CASE-003137,False,,Not required,False,,,,False,,
ESC-003138,ALT-003138,CASE-003138,False,,Not required,False,,,,False,,
ESC-003139,ALT-003139,CASE-003139,True,L2,HIGH severity per policy,True,2026-01-01T16:17:00Z,ANL-5008,Incident Response,True,2026-01-01T16:32:00Z,81.0
ESC-003140,ALT-003140,CASE-003140,True,L3,CRITICAL severity per policy,True,2026-01-01T19:29:00Z,ANL-5001,Incident Response,True,2026-01-01T19:44:00Z,33.0
ESC-003141,ALT-003141,CASE-003141,True,L2,HIGH severity per policy,True,2026-01-01T17:53:00Z,ANL-5007,Incident Response,True,2026-01-01T18:08:00Z,266.0
ESC-003142,ALT-003142,CASE-003142,False,,Not required,False,,,,False,,
ESC-003143,ALT-003143,CASE-003143,False,,Not required,False,,,,False,,
ESC-003144,ALT-003144,CASE-003144,False,,Not required,False,,,,False,,
ESC-003145,ALT-003145,CASE-003145,True,L2,HIGH severity per policy,True,2026-01-01T12:35:00Z,ANL-5007,Incident Response,True,2026-01-01T12:50:00Z,50.0
ESC-003146,ALT-003146,CASE-003146,False,,Not required,False,,,,False,,
ESC-003147,ALT-003147,CASE-003147,False,,Not required,False,,,,False,,
ESC-003148,ALT-003148,CASE-003148,False,,Not required,False,,,,False,,
ESC-003149,ALT-003149,CASE-003149,False,,Not required,False,,,,False,,
ESC-003150,ALT-003150,CASE-003150,True,L2,HIGH severity per policy,True,2026-01-01T17:08:00Z,ANL-5012,Incident Response,True,2026-01-01T17:23:00Z,70.0
ESC-003151,ALT-003151,CASE-003151,False,,Not required,False,,,,False,,
ESC-003152,ALT-003152,CASE-003152,False,,Not required,False,,,,False,,
ESC-003153,ALT-003153,CASE-003153,False,,Not required,False,,,,False,,
ESC-003154,ALT-003154,CASE-003154,True,L2,HIGH severity per policy,True,2026-01-01T05:50:00Z,ANL-5014,Incident Response,True,2026-01-01T06:05:00Z,60.0
ESC-003155,ALT-003155,CASE-003155,False,,Not required,False,,,,False,,
ESC-003156,ALT-003156,CASE-003156,True,L2,HIGH severity per policy,True,2026-01-01T06:32:00Z,ANL-5011,Incident Response,True,2026-01-01T06:47:00Z,54.0
ESC-003157,ALT-003157,CASE-003157,True,L2,HIGH severity per policy,True,2026-01-01T03:43:00Z,ANL-5007,Incident Response,True,2026-01-01T03:58:00Z,76.0
ESC-003158,ALT-003158,CASE-003158,True,L3,CRITICAL severity per policy,True,2026-01-01T03:23:00Z,ANL-5004,Incident Response,True,2026-01-01T03:38:00Z,41.0
ESC-003159,ALT-003159,CASE-003159,True,L2,HIGH severity per policy,True,2026-01-02T01:29:00Z,ANL-5009,Incident Response,True,2026-01-02T01:44:00Z,75.0
ESC-003160,ALT-003160,CASE-003160,True,L2,HIGH severity per policy,True,2026-01-01T07:41:00Z,ANL-5001,Incident Response,True,2026-01-01T07:56:00Z,68.0
ESC-003161,ALT-003161,CASE-003161,True,L2,HIGH severity per policy,True,2026-01-02T14:11:00Z,ANL-5014,Incident Response,True,2026-01-02T14:26:00Z,42.0
ESC-003162,ALT-003162,CASE-003162,False,,Not required,False,,,,False,,
ESC-003163,ALT-003163,CASE-003163,True,L2,HIGH severity per policy,True,2026-01-02T16:06:00Z,ANL-5010,Incident Response,True,2026-01-02T16:21:00Z,59.0
ESC-003164,ALT-003164,CASE-003164,True,L2,HIGH severity per policy,True,2026-01-02T06:39:00Z,ANL-5013,Incident Response,True,2026-01-02T06:54:00Z,65.0
ESC-003165,ALT-003165,CASE-003165,False,,Not required,False,,,,False,,
ESC-003166,ALT-003166,CASE-003166,True,L3,CRITICAL severity per policy,True,2026-01-02T22:27:00Z,ANL-5011,Incident Response,True,2026-01-02T22:42:00Z,37.0
ESC-003167,ALT-003167,CASE-003167,False,,Not required,False,,,,False,,
ESC-003168,ALT-003168,CASE-003168,False,,Not required,False,,,,False,,
ESC-003169,ALT-003169,CASE-003169,False,,Not required,False,,,,False,,
ESC-003170,ALT-003170,CASE-003170,False,,Not required,False,,,,False,,
ESC-003171,ALT-003171,CASE-003171,True,L2,HIGH severity per policy,True,2026-01-03T01:08:00Z,ANL-5011,Incident Response,True,2026-01-03T01:23:00Z,79.0
ESC-003172,ALT-003172,CASE-003172,False,,Not required,False,,,,False,,
ESC-003173,ALT-003173,CASE-003173,False,,Not required,False,,,,False,,
ESC-003174,ALT-003174,CASE-003174,False,,Not required,False,,,,False,,
ESC-003175,ALT-003175,CASE-003175,True,L2,HIGH severity per policy,True,2026-01-02T03:01:00Z,ANL-5007,Incident Response,True,2026-01-02T03:16:00Z,72.0
ESC-003176,ALT-003176,CASE-003176,False,,Not required,False,,,,False,,
ESC-003177,ALT-003177,CASE-003177,False,,Not required,False,,,,False,,
ESC-003178,ALT-003178,CASE-003178,False,,Not required,False,,,,False,,
ESC-003179,ALT-003179,CASE-003179,True,L2,HIGH severity per policy,True,2026-01-02T17:47:00Z,ANL-5010,Incident Response,True,2026-01-02T18:02:00Z,36.0
ESC-003180,ALT-003180,CASE-003180,False,,Not required,False,,,,False,,
ESC-003181,ALT-003181,CASE-003181,False,,Not required,False,,,,False,,
ESC-003182,ALT-003182,CASE-003182,False,,Not required,False,,,,False,,
ESC-003183,ALT-003183,CASE-003183,False,,Not required,False,,,,False,,
ESC-003184,ALT-003184,CASE-003184,True,L2,HIGH severity per policy,True,2026-01-02T16:04:00Z,ANL-5001,Incident Response,True,2026-01-02T16:19:00Z,37.0
ESC-003185,ALT-003185,CASE-003185,False,,Not required,False,,,,False,,
ESC-003186,ALT-003186,CASE-003186,False,,Not required,False,,,,False,,
ESC-003187,ALT-003187,CASE-003187,False,,Not required,False,,,,False,,
ESC-003188,ALT-003188,CASE-003188,False,,Not required,False,,,,False,,
ESC-003189,ALT-003189,CASE-003189,True,L3,CRITICAL severity per policy,True,2026-01-02T22:55:00Z,ANL-5003,Incident Response,True,2026-01-02T23:10:00Z,22.0
ESC-003190,ALT-003190,CASE-003190,True,L3,CRITICAL severity per policy,True,2026-01-02T08:22:00Z,ANL-5005,Incident Response,True,2026-01-02T08:37:00Z,20.0
ESC-003191,ALT-003191,CASE-003191,True,L3,CRITICAL severity per policy,True,2026-01-02T12:32:00Z,ANL-5014,Incident Response,True,2026-01-02T12:47:00Z,29.0
ESC-003192,ALT-003192,CASE-003192,False,,Not required,False,,,,False,,
ESC-003193,ALT-003193,CASE-003193,True,L2,HIGH severity per policy,True,2026-01-02T21:40:00Z,ANL-5013,Incident Response,True,2026-01-02T21:55:00Z,358.0
ESC-003194,ALT-003194,CASE-003194,False,,Not required,False,,,,False,,
ESC-003195,ALT-003195,CASE-003195,False,,Not required,False,,,,False,,
ESC-003196,ALT-003196,CASE-003196,False,,Not required,False,,,,False,,
ESC-003197,ALT-003197,CASE-003197,False,,Not required,False,,,,False,,
ESC-003198,ALT-003198,CASE-003198,True,L2,HIGH severity per policy,True,2026-01-02T23:22:00Z,ANL-5007,Incident Response,True,2026-01-02T23:37:00Z,50.0
ESC-003199,ALT-003199,CASE-003199,False,,Not required,False,,,,False,,
ESC-003200,ALT-003200,CASE-003200,False,,Not required,False,,,,False,,
ESC-003201,ALT-003201,CASE-003201,False,,Not required,False,,,,False,,
ESC-003202,ALT-003202,CASE-003202,True,L3,CRITICAL severity per policy,True,2026-01-03T14:44:00Z,ANL-5012,Incident Response,True,2026-01-03T14:59:00Z,32.0
ESC-003203,ALT-003203,CASE-003203,True,L2,HIGH severity per policy,True,2026-01-03T12:44:00Z,ANL-5001,Incident Response,True,2026-01-03T12:59:00Z,64.0
ESC-003204,ALT-003204,CASE-003204,False,,Not required,False,,,,False,,
ESC-003205,ALT-003205,CASE-003205,False,,Not required,False,,,,False,,
ESC-003206,ALT-003206,CASE-003206,False,,Not required,False,,,,False,,
ESC-003207,ALT-003207,CASE-003207,False,,Not required,False,,,,False,,
ESC-003208,ALT-003208,CASE-003208,False,,Not required,False,,,,False,,
ESC-003209,ALT-003209,CASE-003209,False,,Not required,False,,,,False,,
ESC-003210,ALT-003210,CASE-003210,True,L2,HIGH severity per policy,True,2026-01-03T07:19:00Z,ANL-5011,Incident Response,True,2026-01-03T07:34:00Z,84.0
ESC-003211,ALT-003211,CASE-003211,True,L3,CRITICAL severity per policy,True,2026-01-03T20:20:00Z,ANL-5001,Incident Response,True,2026-01-03T20:35:00Z,16.0
ESC-003212,ALT-003212,CASE-003212,True,L2,HIGH severity per policy,True,2026-01-03T23:22:00Z,ANL-5005,Incident Response,True,2026-01-03T23:37:00Z,40.0
ESC-003213,ALT-003213,CASE-003213,False,,Not required,False,,,,False,,
ESC-003214,ALT-003214,CASE-003214,True,L2,HIGH severity per policy,True,2026-01-04T00:42:00Z,ANL-5005,Incident Response,True,2026-01-04T00:57:00Z,51.0
ESC-003215,ALT-003215,CASE-003215,False,,Not required,False,,,,False,,
ESC-003216,ALT-003216,CASE-003216,False,,Not required,False,,,,False,,
ESC-003217,ALT-003217,CASE-003217,False,,Not required,False,,,,False,,
ESC-003218,ALT-003218,CASE-003218,True,L2,HIGH severity per policy,True,2026-01-03T23:44:00Z,ANL-5009,Incident Response,True,2026-01-03T23:59:00Z,23.0
ESC-003219,ALT-003219,CASE-003219,False,,Not required,False,,,,False,,
ESC-003220,ALT-003220,CASE-003220,False,,Not required,False,,,,False,,
ESC-003221,ALT-003221,CASE-003221,False,,Not required,False,,,,False,,
ESC-003222,ALT-003222,CASE-003222,False,,Not required,False,,,,False,,
ESC-003223,ALT-003223,CASE-003223,False,,Not required,False,,,,False,,
ESC-003224,ALT-003224,CASE-003224,False,,Not required,False,,,,False,,
ESC-003225,ALT-003225,CASE-003225,False,,Not required,False,,,,False,,
ESC-003226,ALT-003226,CASE-003226,False,,Not required,False,,,,False,,
ESC-003227,ALT-003227,CASE-003227,False,,Not required,False,,,,False,,
ESC-003228,ALT-003228,CASE-003228,False,,Not required,False,,,,False,,
ESC-003229,ALT-003229,CASE-003229,False,,Not required,False,,,,False,,
ESC-003230,ALT-003230,CASE-003230,True,L2,HIGH severity per policy,True,2026-01-03T20:02:00Z,ANL-5012,Incident Response,True,2026-01-03T20:17:00Z,80.0
ESC-003231,ALT-003231,CASE-003231,True,L3,CRITICAL severity per policy,True,2026-01-03T18:23:00Z,ANL-5009,Incident Response,True,2026-01-03T18:38:00Z,36.0
ESC-003232,ALT-003232,CASE-003232,False,,Not required,False,,,,False,,
ESC-003233,ALT-003233,CASE-003233,False,,Not required,False,,,,False,,
ESC-003234,ALT-003234,CASE-003234,False,,Not required,False,,,,False,,
ESC-003235,ALT-003235,CASE-003235,True,L2,HIGH severity per policy,True,2026-01-03T17:40:00Z,ANL-5013,Incident Response,True,2026-01-03T17:55:00Z,68.0
ESC-003236,ALT-003236,CASE-003236,False,,Not required,False,,,,False,,
ESC-003237,ALT-003237,CASE-003237,True,L2,HIGH severity per policy,True,2026-01-03T09:54:00Z,ANL-5009,Incident Response,True,2026-01-03T10:09:00Z,77.0
ESC-003238,ALT-003238,CASE-003238,False,,Not required,False,,,,False,,
ESC-003239,ALT-003239,CASE-003239,True,L2,HIGH severity per policy,True,2026-01-04T01:21:00Z,ANL-5002,Incident Response,True,2026-01-04T01:36:00Z,72.0
ESC-003240,ALT-003240,CASE-003240,False,,Not required,False,,,,False,,
ESC-003241,ALT-003241,CASE-003241,False,,Not required,False,,,,False,,
ESC-003242,ALT-003242,CASE-003242,False,,Not required,False,,,,False,,
ESC-003243,ALT-003243,CASE-003243,False,,Not required,False,,,,False,,
ESC-003244,ALT-003244,CASE-003244,True,L2,HIGH severity per policy,True,2026-01-05T00:01:00Z,ANL-5003,Incident Response,True,2026-01-05T00:16:00Z,80.0
ESC-003245,ALT-003245,CASE-003245,False,,Not required,False,,,,False,,
ESC-003246,ALT-003246,CASE-003246,True,L2,HIGH severity per policy,True,2026-01-04T04:34:00Z,ANL-5009,Incident Response,True,2026-01-04T04:49:00Z,69.0
ESC-003247,ALT-003247,CASE-003247,False,,Not required,False,,,,False,,
ESC-003248,ALT-003248,CASE-003248,True,L3,CRITICAL severity per policy,False,,,Incident Response,False,,
ESC-003249,ALT-003249,CASE-003249,True,L2,HIGH severity per policy,True,2026-01-04T11:27:00Z,ANL-5011,Incident Response,True,2026-01-04T11:42:00Z,64.0
ESC-003250,ALT-003250,CASE-003250,False,,Not required,False,,,,False,,
ESC-003251,ALT-003251,CASE-003251,True,L3,CRITICAL severity per policy,True,2026-01-04T06:55:00Z,ANL-5002,Incident Response,True,2026-01-04T07:10:00Z,28.0
ESC-003252,ALT-003252,CASE-003252,False,,Not required,False,,,,False,,
ESC-003253,ALT-003253,CASE-003253,False,,Not required,False,,,,False,,
ESC-003254,ALT-003254,CASE-003254,False,,Not required,False,,,,False,,
ESC-003255,ALT-003255,CASE-003255,False,,Not required,False,,,,False,,
ESC-003256,ALT-003256,CASE-003256,True,L2,HIGH severity per policy,True,2026-01-04T08:26:00Z,ANL-5001,Incident Response,True,2026-01-04T08:41:00Z,76.0
ESC-003257,ALT-003257,CASE-003257,False,,Not required,False,,,,False,,
ESC-003258,ALT-003258,CASE-003258,False,,Not required,False,,,,False,,
ESC-003259,ALT-003259,CASE-003259,False,,Not required,False,,,,False,,
ESC-003260,ALT-003260,CASE-003260,True,L2,HIGH severity per policy,True,2026-01-04T07:25:00Z,ANL-5007,Incident Response,True,2026-01-04T07:40:00Z,35.0
ESC-003261,ALT-003261,CASE-003261,False,,Not required,False,,,,False,,
ESC-003262,ALT-003262,CASE-003262,False,,Not required,False,,,,False,,
ESC-003263,ALT-003263,CASE-003263,False,,Not required,False,,,,False,,
ESC-003264,ALT-003264,CASE-003264,False,,Not required,False,,,,False,,
ESC-003265,ALT-003265,CASE-003265,True,L2,HIGH severity per policy,True,2026-01-04T02:36:00Z,ANL-5011,Incident Response,True,2026-01-04T02:51:00Z,60.0
ESC-003266,ALT-003266,CASE-003266,False,,Not required,False,,,,False,,
ESC-003267,ALT-003267,CASE-003267,False,,Not required,False,,,,False,,
ESC-003268,ALT-003268,CASE-003268,False,,Not required,False,,,,False,,
ESC-003269,ALT-003269,CASE-003269,False,,Not required,False,,,,False,,
ESC-003270,ALT-003270,CASE-003270,True,L2,HIGH severity per policy,True,2026-01-04T15:37:00Z,ANL-5010,Incident Response,True,2026-01-04T15:52:00Z,8.0
ESC-003271,ALT-003271,CASE-003271,True,L2,HIGH severity per policy,True,2026-01-04T04:40:00Z,ANL-5002,Incident Response,True,2026-01-04T04:55:00Z,55.0
ESC-003272,ALT-003272,CASE-003272,False,,Not required,False,,,,False,,
ESC-003273,ALT-003273,CASE-003273,False,,Not required,False,,,,False,,
ESC-003274,ALT-003274,CASE-003274,False,,Not required,False,,,,False,,
ESC-003275,ALT-003275,CASE-003275,False,,Not required,False,,,,False,,
ESC-003276,ALT-003276,CASE-003276,False,,Not required,False,,,,False,,
ESC-003277,ALT-003277,CASE-003277,True,L2,HIGH severity per policy,True,2026-01-04T13:29:00Z,ANL-5011,Incident Response,True,2026-01-04T13:44:00Z,37.0
ESC-003278,ALT-003278,CASE-003278,False,,Not required,False,,,,False,,
ESC-003279,ALT-003279,CASE-003279,True,L2,HIGH severity per policy,True,2026-01-04T15:35:00Z,ANL-5009,Incident Response,True,2026-01-04T15:50:00Z,36.0
ESC-003280,ALT-003280,CASE-003280,False,,Not required,False,,,,False,,
ESC-003281,ALT-003281,CASE-003281,False,,Not required,False,,,,False,,
ESC-003282,ALT-003282,CASE-003282,False,,Not required,False,,,,False,,
ESC-003283,ALT-003283,CASE-003283,True,L3,CRITICAL severity per policy,True,2026-01-05T23:52:00Z,ANL-5010,Incident Response,True,2026-01-06T00:07:00Z,24.0
ESC-003284,ALT-003284,CASE-003284,True,L2,HIGH severity per policy,True,2026-01-05T03:46:00Z,ANL-5013,Incident Response,True,2026-01-05T04:01:00Z,41.0
ESC-003285,ALT-003285,CASE-003285,False,,Not required,False,,,,False,,
ESC-003286,ALT-003286,CASE-003286,True,L3,CRITICAL severity per policy,True,2026-01-05T17:36:00Z,ANL-5006,Incident Response,True,2026-01-05T17:51:00Z,37.0
ESC-003287,ALT-003287,CASE-003287,False,,Not required,False,,,,False,,
ESC-003288,ALT-003288,CASE-003288,False,,Not required,False,,,,False,,
ESC-003289,ALT-003289,CASE-003289,True,L3,CRITICAL severity per policy,True,2026-01-05T17:34:00Z,ANL-5007,Incident Response,True,2026-01-05T17:49:00Z,33.0
ESC-003290,ALT-003290,CASE-003290,True,L2,HIGH severity per policy,True,2026-01-06T00:04:00Z,ANL-5011,Incident Response,True,2026-01-06T00:19:00Z,51.0
ESC-003291,ALT-003291,CASE-003291,False,,Not required,False,,,,False,,
ESC-003292,ALT-003292,CASE-003292,True,L2,HIGH severity per policy,True,2026-01-05T10:05:00Z,ANL-5014,Incident Response,True,2026-01-05T10:20:00Z,12.0
ESC-003293,ALT-003293,CASE-003293,False,,Not required,False,,,,False,,
ESC-003294,ALT-003294,CASE-003294,True,L2,HIGH severity per policy,True,2026-01-05T03:26:00Z,ANL-5013,Incident Response,True,2026-01-05T03:41:00Z,34.0
ESC-003295,ALT-003295,CASE-003295,False,,Not required,False,,,,False,,
ESC-003296,ALT-003296,CASE-003296,False,,Not required,False,,,,False,,
ESC-003297,ALT-003297,CASE-003297,False,,Not required,False,,,,False,,
ESC-003298,ALT-003298,CASE-003298,True,L2,HIGH severity per policy,True,2026-01-05T16:19:00Z,ANL-5010,Incident Response,True,2026-01-05T16:34:00Z,40.0
ESC-003299,ALT-003299,CASE-003299,True,L2,HIGH severity per policy,True,2026-01-06T00:00:00Z,ANL-5003,Incident Response,True,2026-01-06T00:15:00Z,38.0
ESC-003300,ALT-003300,CASE-003300,False,,Not required,False,,,,False,,
ESC-003301,ALT-003301,CASE-003301,False,,Not required,False,,,,False,,
ESC-003302,ALT-003302,CASE-003302,False,,Not required,False,,,,False,,
ESC-003303,ALT-003303,CASE-003303,False,,Not required,False,,,,False,,
ESC-003304,ALT-003304,CASE-003304,False,,Not required,False,,,,False,,
ESC-003305,ALT-003305,CASE-003305,False,,Not required,False,,,,False,,
ESC-003306,ALT-003306,CASE-003306,False,,Not required,False,,,,False,,
ESC-003307,ALT-003307,CASE-003307,True,L3,CRITICAL severity per policy,True,2026-01-05T17:54:00Z,ANL-5012,Incident Response,True,2026-01-05T18:09:00Z,35.0
ESC-003308,ALT-003308,CASE-003308,False,,Not required,False,,,,False,,
ESC-003309,ALT-003309,CASE-003309,False,,Not required,False,,,,False,,
ESC-003310,ALT-003310,CASE-003310,True,L2,HIGH severity per policy,True,2026-01-05T17:30:00Z,ANL-5010,Incident Response,True,2026-01-05T17:45:00Z,63.0
ESC-003311,ALT-003311,CASE-003311,False,,Not required,False,,,,False,,
ESC-003312,ALT-003312,CASE-003312,False,,Not required,False,,,,False,,
ESC-003313,ALT-003313,CASE-003313,False,,Not required,False,,,,False,,
ESC-003314,ALT-003314,CASE-003314,False,,Not required,False,,,,False,,
ESC-003315,ALT-003315,CASE-003315,False,,Not required,False,,,,False,,
ESC-003316,ALT-003316,CASE-003316,False,,Not required,False,,,,False,,
ESC-003317,ALT-003317,CASE-003317,True,L3,CRITICAL severity per policy,True,2026-01-05T22:45:00Z,ANL-5002,Incident Response,True,2026-01-05T23:00:00Z,21.0
ESC-003318,ALT-003318,CASE-003318,False,,Not required,False,,,,False,,
ESC-003319,ALT-003319,CASE-003319,True,L2,HIGH severity per policy,True,2026-01-05T07:32:00Z,ANL-5008,Incident Response,True,2026-01-05T07:47:00Z,73.0
ESC-003320,ALT-003320,CASE-003320,False,,Not required,False,,,,False,,
ESC-003321,ALT-003321,CASE-003321,False,,Not required,False,,,,False,,
ESC-003322,ALT-003322,CASE-003322,False,,Not required,False,,,,False,,
ESC-003323,ALT-003323,CASE-003323,False,,Not required,False,,,,False,,
ESC-003324,ALT-003324,CASE-003324,False,,Not required,False,,,,False,,
ESC-003325,ALT-003325,CASE-003325,False,,Not required,False,,,,False,,
ESC-003326,ALT-003326,CASE-003326,False,,Not required,False,,,,False,,
ESC-003327,ALT-003327,CASE-003327,False,,Not required,False,,,,False,,
ESC-003328,ALT-003328,CASE-003328,False,,Not required,False,,,,False,,
ESC-003329,ALT-003329,CASE-003329,False,,Not required,False,,,,False,,
ESC-003330,ALT-003330,CASE-003330,False,,Not required,False,,,,False,,
ESC-003331,ALT-003331,CASE-003331,False,,Not required,False,,,,False,,
ESC-003332,ALT-003332,CASE-003332,False,,Not required,False,,,,False,,
ESC-003333,ALT-003333,CASE-003333,True,L2,HIGH severity per policy,True,2026-01-06T19:36:00Z,ANL-5007,Incident Response,True,2026-01-06T19:51:00Z,63.0
ESC-003334,ALT-003334,CASE-003334,False,,Not required,False,,,,False,,
ESC-003335,ALT-003335,CASE-003335,True,L3,CRITICAL severity per policy,True,2026-01-06T19:56:00Z,ANL-5011,Incident Response,True,2026-01-06T20:11:00Z,30.0
ESC-003336,ALT-003336,CASE-003336,False,,Not required,False,,,,False,,
ESC-003337,ALT-003337,CASE-003337,False,,Not required,False,,,,False,,
ESC-003338,ALT-003338,CASE-003338,False,,Not required,False,,,,False,,
ESC-003339,ALT-003339,CASE-003339,False,,Not required,False,,,,False,,
ESC-003340,ALT-003340,CASE-003340,False,,Not required,False,,,,False,,
ESC-003341,ALT-003341,CASE-003341,False,,Not required,False,,,,False,,
ESC-003342,ALT-003342,CASE-003342,True,L2,HIGH severity per policy,True,2026-01-06T22:43:00Z,ANL-5007,Incident Response,True,2026-01-06T22:58:00Z,50.0
ESC-003343,ALT-003343,CASE-003343,False,,Not required,False,,,,False,,
ESC-003344,ALT-003344,CASE-003344,True,L3,CRITICAL severity per policy,True,2026-01-06T00:43:00Z,ANL-5012,Incident Response,True,2026-01-06T00:58:00Z,26.0
ESC-003345,ALT-003345,CASE-003345,False,,Not required,False,,,,False,,
ESC-003346,ALT-003346,CASE-003346,False,,Not required,False,,,,False,,
ESC-003347,ALT-003347,CASE-003347,False,,Not required,False,,,,False,,
ESC-003348,ALT-003348,CASE-003348,False,,Not required,False,,,,False,,
ESC-003349,ALT-003349,CASE-003349,False,,Not required,False,,,,False,,
ESC-003350,ALT-003350,CASE-003350,True,L2,HIGH severity per policy,True,2026-01-06T12:14:00Z,ANL-5014,Incident Response,True,2026-01-06T12:29:00Z,54.0
ESC-003351,ALT-003351,CASE-003351,False,,Not required,False,,,,False,,
ESC-003352,ALT-003352,CASE-003352,True,L3,CRITICAL severity per policy,True,2026-01-06T02:51:00Z,ANL-5006,Incident Response,True,2026-01-06T03:06:00Z,25.0
ESC-003353,ALT-003353,CASE-003353,False,,Not required,False,,,,False,,
ESC-003354,ALT-003354,CASE-003354,True,L3,CRITICAL severity per policy,True,2026-01-06T20:20:00Z,ANL-5001,Incident Response,True,2026-01-06T20:35:00Z,38.0
ESC-003355,ALT-003355,CASE-003355,False,,Not required,False,,,,False,,
ESC-003356,ALT-003356,CASE-003356,False,,Not required,False,,,,False,,
ESC-003357,ALT-003357,CASE-003357,True,L2,HIGH severity per policy,True,2026-01-06T23:32:00Z,ANL-5006,Incident Response,True,2026-01-06T23:47:00Z,76.0
ESC-003358,ALT-003358,CASE-003358,False,,Not required,False,,,,False,,
ESC-003359,ALT-003359,CASE-003359,True,L3,CRITICAL severity per policy,True,2026-01-06T11:39:00Z,ANL-5007,Incident Response,True,2026-01-06T11:54:00Z,36.0
ESC-003360,ALT-003360,CASE-003360,False,,Not required,False,,,,False,,
ESC-003361,ALT-003361,CASE-003361,False,,Not required,False,,,,False,,
ESC-003362,ALT-003362,CASE-003362,False,,Not required,False,,,,False,,
ESC-003363,ALT-003363,CASE-003363,False,,Not required,False,,,,False,,
ESC-003364,ALT-003364,CASE-003364,True,L2,HIGH severity per policy,True,2026-01-07T10:17:00Z,ANL-5005,Incident Response,True,2026-01-07T10:32:00Z,65.0
ESC-003365,ALT-003365,CASE-003365,False,,Not required,False,,,,False,,
ESC-003366,ALT-003366,CASE-003366,False,,Not required,False,,,,False,,
ESC-003367,ALT-003367,CASE-003367,False,,Not required,False,,,,False,,
ESC-003368,ALT-003368,CASE-003368,False,,Not required,False,,,,False,,
ESC-003369,ALT-003369,CASE-003369,True,L2,HIGH severity per policy,True,2026-01-07T18:45:00Z,ANL-5008,Incident Response,True,2026-01-07T19:00:00Z,87.0
ESC-003370,ALT-003370,CASE-003370,False,,Not required,False,,,,False,,
ESC-003371,ALT-003371,CASE-003371,True,L2,HIGH severity per policy,True,2026-01-08T00:12:00Z,ANL-5007,Incident Response,True,2026-01-08T00:27:00Z,62.0
ESC-003372,ALT-003372,CASE-003372,False,,Not required,False,,,,False,,
ESC-003373,ALT-003373,CASE-003373,False,,Not required,False,,,,False,,
ESC-003374,ALT-003374,CASE-003374,True,L2,HIGH severity per policy,True,2026-01-07T12:23:00Z,ANL-5006,Incident Response,True,2026-01-07T12:38:00Z,35.0
ESC-003375,ALT-003375,CASE-003375,False,,Not required,False,,,,False,,
ESC-003376,ALT-003376,CASE-003376,False,,Not required,False,,,,False,,
ESC-003377,ALT-003377,CASE-003377,True,L2,HIGH severity per policy,True,2026-01-07T19:37:00Z,ANL-5012,Incident Response,True,2026-01-07T19:52:00Z,36.0
ESC-003378,ALT-003378,CASE-003378,False,,Not required,False,,,,False,,
ESC-003379,ALT-003379,CASE-003379,False,,Not required,False,,,,False,,
ESC-003380,ALT-003380,CASE-003380,False,,Not required,False,,,,False,,
ESC-003381,ALT-003381,CASE-003381,True,L3,CRITICAL severity per policy,True,2026-01-07T05:48:00Z,ANL-5014,Incident Response,True,2026-01-07T06:03:00Z,35.0
ESC-003382,ALT-003382,CASE-003382,True,L2,HIGH severity per policy,True,2026-01-07T14:13:00Z,ANL-5006,Incident Response,True,2026-01-07T14:28:00Z,40.0
ESC-003383,ALT-003383,CASE-003383,True,L2,HIGH severity per policy,True,2026-01-07T04:04:00Z,ANL-5014,Incident Response,True,2026-01-07T04:19:00Z,60.0
ESC-003384,ALT-003384,CASE-003384,False,,Not required,False,,,,False,,
ESC-003385,ALT-003385,CASE-003385,False,,Not required,False,,,,False,,
ESC-003386,ALT-003386,CASE-003386,False,,Not required,False,,,,False,,
ESC-003387,ALT-003387,CASE-003387,False,,Not required,False,,,,False,,
ESC-003388,ALT-003388,CASE-003388,False,,Not required,False,,,,False,,
ESC-003389,ALT-003389,CASE-003389,False,,Not required,False,,,,False,,
ESC-003390,ALT-003390,CASE-003390,False,,Not required,False,,,,False,,
ESC-003391,ALT-003391,CASE-003391,False,,Not required,False,,,,False,,
ESC-003392,ALT-003392,CASE-003392,True,L2,HIGH severity per policy,True,2026-01-07T10:33:00Z,ANL-5013,Incident Response,True,2026-01-07T10:48:00Z,50.0
ESC-003393,ALT-003393,CASE-003393,False,,Not required,False,,,,False,,
ESC-003394,ALT-003394,CASE-003394,False,,Not required,False,,,,False,,
ESC-003395,ALT-003395,CASE-003395,True,L2,HIGH severity per policy,True,2026-01-07T01:33:00Z,ANL-5002,Incident Response,True,2026-01-07T01:48:00Z,43.0
ESC-003396,ALT-003396,CASE-003396,False,,Not required,False,,,,False,,
ESC-003397,ALT-003397,CASE-003397,True,L2,HIGH severity per policy,True,2026-01-07T09:22:00Z,ANL-5004,Incident Response,True,2026-01-07T09:37:00Z,42.0
ESC-003398,ALT-003398,CASE-003398,False,,Not required,False,,,,False,,
ESC-003399,ALT-003399,CASE-003399,False,,Not required,False,,,,False,,
ESC-003400,ALT-003400,CASE-003400,True,L2,HIGH severity per policy,True,2026-01-07T09:09:00Z,ANL-5004,Incident Response,True,2026-01-07T09:24:00Z,46.0
ESC-003401,ALT-003401,CASE-003401,False,,Not required,False,,,,False,,
ESC-003402,ALT-003402,CASE-003402,True,L3,CRITICAL severity per policy,True,2026-01-08T19:37:00Z,ANL-5012,Incident Response,True,2026-01-08T19:52:00Z,23.0
ESC-003403,ALT-003403,CASE-003403,False,,Not required,False,,,,False,,
ESC-003404,ALT-003404,CASE-003404,False,,Not required,False,,,,False,,
ESC-003405,ALT-003405,CASE-003405,False,,Not required,False,,,,False,,
ESC-003406,ALT-003406,CASE-003406,False,,Not required,False,,,,False,,
ESC-003407,ALT-003407,CASE-003407,False,,Not required,False,,,,False,,
ESC-003408,ALT-003408,CASE-003408,False,,Not required,False,,,,False,,
ESC-003409,ALT-003409,CASE-003409,False,,Not required,False,,,,False,,
ESC-003410,ALT-003410,CASE-003410,False,,Not required,False,,,,False,,
ESC-003411,ALT-003411,CASE-003411,False,,Not required,False,,,,False,,
ESC-003412,ALT-003412,CASE-003412,True,L2,HIGH severity per policy,True,2026-01-08T06:22:00Z,ANL-5005,Incident Response,True,2026-01-08T06:37:00Z,70.0
ESC-003413,ALT-003413,CASE-003413,False,,Not required,False,,,,False,,
ESC-003414,ALT-003414,CASE-003414,False,,Not required,False,,,,False,,
ESC-003415,ALT-003415,CASE-003415,False,,Not required,False,,,,False,,
ESC-003416,ALT-003416,CASE-003416,True,L3,CRITICAL severity per policy,True,2026-01-08T19:01:00Z,ANL-5008,Incident Response,True,2026-01-08T19:16:00Z,28.0
ESC-003417,ALT-003417,CASE-003417,False,,Not required,False,,,,False,,
ESC-003418,ALT-003418,CASE-003418,True,L2,HIGH severity per policy,True,2026-01-08T02:28:00Z,ANL-5006,Incident Response,True,2026-01-08T02:43:00Z,64.0
ESC-003419,ALT-003419,CASE-003419,True,L2,HIGH severity per policy,True,2026-01-08T18:29:00Z,ANL-5012,Incident Response,True,2026-01-08T18:44:00Z,82.0
ESC-003420,ALT-003420,CASE-003420,False,,Not required,False,,,,False,,
ESC-003421,ALT-003421,CASE-003421,False,,Not required,False,,,,False,,
ESC-003422,ALT-003422,CASE-003422,True,L2,HIGH severity per policy,True,2026-01-08T12:50:00Z,ANL-5012,Incident Response,True,2026-01-08T13:05:00Z,18.0
ESC-003423,ALT-003423,CASE-003423,False,,Not required,False,,,,False,,
ESC-003424,ALT-003424,CASE-003424,False,,Not required,False,,,,False,,
ESC-003425,ALT-003425,CASE-003425,False,,Not required,False,,,,False,,
ESC-003426,ALT-003426,CASE-003426,True,L2,HIGH severity per policy,True,2026-01-08T22:34:00Z,ANL-5010,Incident Response,True,2026-01-08T22:49:00Z,82.0
ESC-003427,ALT-003427,CASE-003427,False,,Not required,False,,,,False,,
ESC-003428,ALT-003428,CASE-003428,False,,Not required,False,,,,False,,
ESC-003429,ALT-003429,CASE-003429,False,,Not required,False,,,,False,,
ESC-003430,ALT-003430,CASE-003430,False,,Not required,False,,,,False,,
ESC-003431,ALT-003431,CASE-003431,False,,Not required,False,,,,False,,
ESC-003432,ALT-003432,CASE-003432,True,L3,CRITICAL severity per policy,True,2026-01-08T04:45:00Z,ANL-5004,Incident Response,True,2026-01-08T05:00:00Z,23.0
ESC-003433,ALT-003433,CASE-003433,False,,Not required,False,,,,False,,
ESC-003434,ALT-003434,CASE-003434,True,L3,CRITICAL severity per policy,True,2026-01-08T10:09:00Z,ANL-5008,Incident Response,True,2026-01-08T10:24:00Z,22.0
ESC-003435,ALT-003435,CASE-003435,False,,Not required,False,,,,False,,
ESC-003436,ALT-003436,CASE-003436,False,,Not required,False,,,,False,,
ESC-003437,ALT-003437,CASE-003437,False,,Not required,False,,,,False,,
ESC-003438,ALT-003438,CASE-003438,True,L2,HIGH severity per policy,True,2026-01-09T00:32:00Z,ANL-5002,Incident Response,True,2026-01-09T00:47:00Z,67.0
ESC-003439,ALT-003439,CASE-003439,False,,Not required,False,,,,False,,
ESC-003440,ALT-003440,CASE-003440,True,L3,CRITICAL severity per policy,True,2026-01-08T07:43:00Z,ANL-5007,Incident Response,True,2026-01-08T07:58:00Z,28.0
ESC-003441,ALT-003441,CASE-003441,False,,Not required,False,,,,False,,
ESC-003442,ALT-003442,CASE-003442,False,,Not required,False,,,,False,,
ESC-003443,ALT-003443,CASE-003443,False,,Not required,False,,,,False,,
ESC-003444,ALT-003444,CASE-003444,False,,Not required,False,,,,False,,
ESC-003445,ALT-003445,CASE-003445,True,L2,HIGH severity per policy,True,2026-01-09T21:58:00Z,ANL-5013,Incident Response,True,2026-01-09T22:13:00Z,56.0
ESC-003446,ALT-003446,CASE-003446,True,L2,HIGH severity per policy,True,2026-01-09T11:29:00Z,ANL-5014,Incident Response,True,2026-01-09T11:44:00Z,46.0
ESC-003447,ALT-003447,CASE-003447,False,,Not required,False,,,,False,,
ESC-003448,ALT-003448,CASE-003448,True,L3,CRITICAL severity per policy,True,2026-01-09T11:24:00Z,ANL-5014,Incident Response,True,2026-01-09T11:39:00Z,25.0
ESC-003449,ALT-003449,CASE-003449,True,L2,HIGH severity per policy,True,2026-01-09T06:09:00Z,ANL-5014,Incident Response,True,2026-01-09T06:24:00Z,67.0
ESC-003450,ALT-003450,CASE-003450,False,,Not required,False,,,,False,,
ESC-003451,ALT-003451,CASE-003451,False,,Not required,False,,,,False,,
ESC-003452,ALT-003452,CASE-003452,False,,Not required,False,,,,False,,
ESC-003453,ALT-003453,CASE-003453,False,,Not required,False,,,,False,,
ESC-003454,ALT-003454,CASE-003454,False,,Not required,False,,,,False,,
ESC-003455,ALT-003455,CASE-003455,True,L3,CRITICAL severity per policy,True,2026-01-09T11:21:00Z,ANL-5001,Incident Response,True,2026-01-09T11:36:00Z,19.0
ESC-003456,ALT-003456,CASE-003456,True,L2,HIGH severity per policy,True,2026-01-09T13:40:00Z,ANL-5013,Incident Response,True,2026-01-09T13:55:00Z,57.0
ESC-003457,ALT-003457,CASE-003457,False,,Not required,False,,,,False,,
ESC-003458,ALT-003458,CASE-003458,False,,Not required,False,,,,False,,
ESC-003459,ALT-003459,CASE-003459,False,,Not required,False,,,,False,,
ESC-003460,ALT-003460,CASE-003460,True,L2,HIGH severity per policy,True,2026-01-09T01:42:00Z,ANL-5005,Incident Response,True,2026-01-09T01:57:00Z,47.0
ESC-003461,ALT-003461,CASE-003461,True,L2,HIGH severity per policy,True,2026-01-09T22:07:00Z,ANL-5013,Incident Response,True,2026-01-09T22:22:00Z,50.0
ESC-003462,ALT-003462,CASE-003462,False,,Not required,False,,,,False,,
ESC-003463,ALT-003463,CASE-003463,False,,Not required,False,,,,False,,
ESC-003464,ALT-003464,CASE-003464,False,,Not required,False,,,,False,,
ESC-003465,ALT-003465,CASE-003465,False,,Not required,False,,,,False,,
ESC-003466,ALT-003466,CASE-003466,False,,Not required,False,,,,False,,
ESC-003467,ALT-003467,CASE-003467,True,L3,CRITICAL severity per policy,True,2026-01-09T19:23:00Z,ANL-5004,Incident Response,True,2026-01-09T19:38:00Z,25.0
ESC-003468,ALT-003468,CASE-003468,False,,Not required,False,,,,False,,
ESC-003469,ALT-003469,CASE-003469,False,,Not required,False,,,,False,,
ESC-003470,ALT-003470,CASE-003470,False,,Not required,False,,,,False,,
ESC-003471,ALT-003471,CASE-003471,False,,Not required,False,,,,False,,
ESC-003472,ALT-003472,CASE-003472,True,L2,HIGH severity per policy,True,2026-01-09T10:42:00Z,ANL-5014,Incident Response,True,2026-01-09T10:57:00Z,52.0
ESC-003473,ALT-003473,CASE-003473,False,,Not required,False,,,,False,,
ESC-003474,ALT-003474,CASE-003474,False,,Not required,False,,,,False,,
ESC-003475,ALT-003475,CASE-003475,True,L3,CRITICAL severity per policy,True,2026-01-09T16:05:00Z,ANL-5013,Incident Response,True,2026-01-09T16:20:00Z,35.0
ESC-003476,ALT-003476,CASE-003476,True,L2,HIGH severity per policy,True,2026-01-09T11:39:00Z,ANL-5014,Incident Response,True,2026-01-09T11:54:00Z,84.0
ESC-003477,ALT-003477,CASE-003477,False,,Not required,False,,,,False,,
ESC-003478,ALT-003478,CASE-003478,False,,Not required,False,,,,False,,
ESC-003479,ALT-003479,CASE-003479,False,,Not required,False,,,,False,,
ESC-003480,ALT-003480,CASE-003480,True,L2,HIGH severity per policy,True,2026-01-09T21:20:00Z,ANL-5008,Incident Response,True,2026-01-09T21:35:00Z,56.0
ESC-003481,ALT-003481,CASE-003481,False,,Not required,False,,,,False,,
ESC-003482,ALT-003482,CASE-003482,False,,Not required,False,,,,False,,
ESC-003483,ALT-003483,CASE-003483,False,,Not required,False,,,,False,,
ESC-003484,ALT-003484,CASE-003484,False,,Not required,False,,,,False,,
ESC-003485,ALT-003485,CASE-003485,False,,Not required,False,,,,False,,
ESC-003486,ALT-003486,CASE-003486,False,,Not required,False,,,,False,,
ESC-003487,ALT-003487,CASE-003487,False,,Not required,False,,,,False,,
ESC-003488,ALT-003488,CASE-003488,False,,Not required,False,,,,False,,
ESC-003489,ALT-003489,CASE-003489,False,,Not required,False,,,,False,,
ESC-003490,ALT-003490,CASE-003490,True,L3,CRITICAL severity per policy,True,2026-01-10T05:30:00Z,ANL-5011,Incident Response,True,2026-01-10T05:45:00Z,33.0
ESC-003491,ALT-003491,CASE-003491,False,,Not required,False,,,,False,,
ESC-003492,ALT-003492,CASE-003492,False,,Not required,False,,,,False,,
ESC-003493,ALT-003493,CASE-003493,False,,Not required,False,,,,False,,
ESC-003494,ALT-003494,CASE-003494,False,,Not required,False,,,,False,,
ESC-003495,ALT-003495,CASE-003495,True,L3,CRITICAL severity per policy,True,2026-01-10T05:55:00Z,ANL-5005,Incident Response,True,2026-01-10T06:10:00Z,25.0
ESC-003496,ALT-003496,CASE-003496,False,,Not required,False,,,,False,,
ESC-003497,ALT-003497,CASE-003497,False,,Not required,False,,,,False,,
ESC-003498,ALT-003498,CASE-003498,False,,Not required,False,,,,False,,
ESC-003499,ALT-003499,CASE-003499,True,L2,HIGH severity per policy,True,2026-01-10T12:08:00Z,ANL-5011,Incident Response,True,2026-01-10T12:23:00Z,56.0
ESC-003500,ALT-003500,CASE-003500,True,L3,CRITICAL severity per policy,True,2026-01-10T05:04:00Z,ANL-5006,Incident Response,True,2026-01-10T05:19:00Z,29.0
ESC-003501,ALT-003501,CASE-003501,False,,Not required,False,,,,False,,
ESC-003502,ALT-003502,CASE-003502,True,L2,HIGH severity per policy,True,2026-01-10T11:21:00Z,ANL-5005,Incident Response,True,2026-01-10T11:36:00Z,74.0
ESC-003503,ALT-003503,CASE-003503,False,,Not required,False,,,,False,,
ESC-003504,ALT-003504,CASE-003504,True,L3,CRITICAL severity per policy,True,2026-01-10T07:46:00Z,ANL-5014,Incident Response,True,2026-01-10T08:01:00Z,177.0
ESC-003505,ALT-003505,CASE-003505,False,,Not required,False,,,,False,,
ESC-003506,ALT-003506,CASE-003506,True,L3,CRITICAL severity per policy,True,2026-01-11T00:28:00Z,ANL-5001,Incident Response,True,2026-01-11T00:43:00Z,36.0
ESC-003507,ALT-003507,CASE-003507,False,,Not required,False,,,,False,,
ESC-003508,ALT-003508,CASE-003508,False,,Not required,False,,,,False,,
ESC-003509,ALT-003509,CASE-003509,False,,Not required,False,,,,False,,
ESC-003510,ALT-003510,CASE-003510,False,,Not required,False,,,,False,,
ESC-003511,ALT-003511,CASE-003511,False,,Not required,False,,,,False,,
ESC-003512,ALT-003512,CASE-003512,False,,Not required,False,,,,False,,
ESC-003513,ALT-003513,CASE-003513,False,,Not required,False,,,,False,,
ESC-003514,ALT-003514,CASE-003514,True,L3,CRITICAL severity per policy,True,2026-01-10T21:53:00Z,ANL-5001,Incident Response,True,2026-01-10T22:08:00Z,18.0
ESC-003515,ALT-003515,CASE-003515,False,,Not required,False,,,,False,,
ESC-003516,ALT-003516,CASE-003516,True,L3,CRITICAL severity per policy,True,2026-01-10T23:47:00Z,ANL-5006,Incident Response,True,2026-01-11T00:02:00Z,29.0
ESC-003517,ALT-003517,CASE-003517,False,,Not required,False,,,,False,,
ESC-003518,ALT-003518,CASE-003518,True,L2,HIGH severity per policy,True,2026-01-10T01:37:00Z,ANL-5012,Incident Response,True,2026-01-10T01:52:00Z,14.0
ESC-003519,ALT-003519,CASE-003519,False,,Not required,False,,,,False,,
ESC-003520,ALT-003520,CASE-003520,False,,Not required,False,,,,False,,
ESC-003521,ALT-003521,CASE-003521,True,L2,HIGH severity per policy,True,2026-01-11T19:26:00Z,ANL-5014,Incident Response,True,2026-01-11T19:41:00Z,33.0
ESC-003522,ALT-003522,CASE-003522,False,,Not required,False,,,,False,,
ESC-003523,ALT-003523,CASE-003523,True,L2,HIGH severity per policy,True,2026-01-11T21:14:00Z,ANL-5005,Incident Response,True,2026-01-11T21:29:00Z,43.0
ESC-003524,ALT-003524,CASE-003524,False,,Not required,False,,,,False,,
ESC-003525,ALT-003525,CASE-003525,False,,Not required,False,,,,False,,
ESC-003526,ALT-003526,CASE-003526,True,L3,CRITICAL severity per policy,True,2026-01-11T15:30:00Z,ANL-5003,Incident Response,True,2026-01-11T15:45:00Z,134.0
ESC-003527,ALT-003527,CASE-003527,False,,Not required,False,,,,False,,
ESC-003528,ALT-003528,CASE-003528,False,,Not required,False,,,,False,,
ESC-003529,ALT-003529,CASE-003529,False,,Not required,False,,,,False,,
ESC-003530,ALT-003530,CASE-003530,False,,Not required,False,,,,False,,
ESC-003531,ALT-003531,CASE-003531,False,,Not required,False,,,,False,,
ESC-003532,ALT-003532,CASE-003532,True,L2,HIGH severity per policy,True,2026-01-11T04:45:00Z,ANL-5002,Incident Response,True,2026-01-11T05:00:00Z,53.0
ESC-003533,ALT-003533,CASE-003533,False,,Not required,False,,,,False,,
ESC-003534,ALT-003534,CASE-003534,False,,Not required,False,,,,False,,
ESC-003535,ALT-003535,CASE-003535,True,L2,HIGH severity per policy,True,2026-01-11T07:47:00Z,ANL-5011,Incident Response,True,2026-01-11T08:02:00Z,72.0
ESC-003536,ALT-003536,CASE-003536,False,,Not required,False,,,,False,,
ESC-003537,ALT-003537,CASE-003537,False,,Not required,False,,,,False,,
ESC-003538,ALT-003538,CASE-003538,False,,Not required,False,,,,False,,
ESC-003539,ALT-003539,CASE-003539,False,,Not required,False,,,,False,,
ESC-003540,ALT-003540,CASE-003540,True,L3,CRITICAL severity per policy,True,2026-01-11T21:08:00Z,ANL-5008,Incident Response,True,2026-01-11T21:23:00Z,28.0
ESC-003541,ALT-003541,CASE-003541,True,L2,HIGH severity per policy,True,2026-01-11T14:24:00Z,ANL-5014,Incident Response,True,2026-01-11T14:39:00Z,34.0
ESC-003542,ALT-003542,CASE-003542,False,,Not required,False,,,,False,,
ESC-003543,ALT-003543,CASE-003543,False,,Not required,False,,,,False,,
ESC-003544,ALT-003544,CASE-003544,False,,Not required,False,,,,False,,
ESC-003545,ALT-003545,CASE-003545,True,L3,CRITICAL severity per policy,True,2026-01-11T22:18:00Z,ANL-5009,Incident Response,True,2026-01-11T22:33:00Z,25.0
ESC-003546,ALT-003546,CASE-003546,False,,Not required,False,,,,False,,
ESC-003547,ALT-003547,CASE-003547,False,,Not required,False,,,,False,,
ESC-003548,ALT-003548,CASE-003548,True,L2,HIGH severity per policy,True,2026-01-11T16:48:00Z,ANL-5009,Incident Response,True,2026-01-11T17:03:00Z,66.0
ESC-003549,ALT-003549,CASE-003549,False,,Not required,False,,,,False,,
ESC-003550,ALT-003550,CASE-003550,True,L3,CRITICAL severity per policy,True,2026-01-11T06:09:00Z,ANL-5001,Incident Response,True,2026-01-11T06:24:00Z,28.0
ESC-003551,ALT-003551,CASE-003551,False,,Not required,False,,,,False,,
ESC-003552,ALT-003552,CASE-003552,True,L3,CRITICAL severity per policy,True,2026-01-11T04:13:00Z,ANL-5003,Incident Response,True,2026-01-11T04:28:00Z,22.0
ESC-003553,ALT-003553,CASE-003553,False,,Not required,False,,,,False,,
ESC-003554,ALT-003554,CASE-003554,False,,Not required,False,,,,False,,
ESC-003555,ALT-003555,CASE-003555,False,,Not required,False,,,,False,,
ESC-003556,ALT-003556,CASE-003556,True,L2,HIGH severity per policy,True,2026-01-11T03:28:00Z,ANL-5007,Incident Response,True,2026-01-11T03:43:00Z,74.0
ESC-003557,ALT-003557,CASE-003557,True,L2,HIGH severity per policy,True,2026-01-11T09:52:00Z,ANL-5014,Incident Response,True,2026-01-11T10:07:00Z,72.0
ESC-003558,ALT-003558,CASE-003558,True,L2,HIGH severity per policy,True,2026-01-11T08:25:00Z,ANL-5006,Incident Response,True,2026-01-11T08:40:00Z,89.0
ESC-003559,ALT-003559,CASE-003559,False,,Not required,False,,,,False,,
ESC-003560,ALT-003560,CASE-003560,False,,Not required,False,,,,False,,
ESC-003561,ALT-003561,CASE-003561,True,L2,HIGH severity per policy,True,2026-01-12T08:54:00Z,ANL-5010,Incident Response,True,2026-01-12T09:09:00Z,80.0
ESC-003562,ALT-003562,CASE-003562,False,,Not required,False,,,,False,,
ESC-003563,ALT-003563,CASE-003563,False,,Not required,False,,,,False,,
ESC-003564,ALT-003564,CASE-003564,False,,Not required,False,,,,False,,
ESC-003565,ALT-003565,CASE-003565,False,,Not required,False,,,,False,,
ESC-003566,ALT-003566,CASE-003566,True,L2,HIGH severity per policy,True,2026-01-12T23:43:00Z,ANL-5005,Incident Response,True,2026-01-12T23:58:00Z,43.0
ESC-003567,ALT-003567,CASE-003567,True,L3,CRITICAL severity per policy,True,2026-01-12T13:27:00Z,ANL-5007,Incident Response,True,2026-01-12T13:42:00Z,127.0
ESC-003568,ALT-003568,CASE-003568,False,,Not required,False,,,,False,,
ESC-003569,ALT-003569,CASE-003569,False,,Not required,False,,,,False,,
ESC-003570,ALT-003570,CASE-003570,False,,Not required,False,,,,False,,
ESC-003571,ALT-003571,CASE-003571,False,,Not required,False,,,,False,,
ESC-003572,ALT-003572,CASE-003572,True,L2,HIGH severity per policy,True,2026-01-12T02:39:00Z,ANL-5003,Incident Response,True,2026-01-12T02:54:00Z,57.0
ESC-003573,ALT-003573,CASE-003573,False,,Not required,False,,,,False,,
ESC-003574,ALT-003574,CASE-003574,False,,Not required,False,,,,False,,
ESC-003575,ALT-003575,CASE-003575,False,,Not required,False,,,,False,,
ESC-003576,ALT-003576,CASE-003576,False,,Not required,False,,,,False,,
ESC-003577,ALT-003577,CASE-003577,False,,Not required,False,,,,False,,
ESC-003578,ALT-003578,CASE-003578,True,L2,HIGH severity per policy,True,2026-01-12T04:31:00Z,ANL-5006,Incident Response,True,2026-01-12T04:46:00Z,85.0
ESC-003579,ALT-003579,CASE-003579,False,,Not required,False,,,,False,,
ESC-003580,ALT-003580,CASE-003580,True,L2,HIGH severity per policy,True,2026-01-12T22:43:00Z,ANL-5002,Incident Response,True,2026-01-12T22:58:00Z,59.0
ESC-003581,ALT-003581,CASE-003581,False,,Not required,False,,,,False,,
ESC-003582,ALT-003582,CASE-003582,False,,Not required,False,,,,False,,
ESC-003583,ALT-003583,CASE-003583,False,,Not required,False,,,,False,,
ESC-003584,ALT-003584,CASE-003584,False,,Not required,False,,,,False,,
ESC-003585,ALT-003585,CASE-003585,True,L2,HIGH severity per policy,True,2026-01-12T07:59:00Z,ANL-5002,Incident Response,True,2026-01-12T08:14:00Z,46.0
ESC-003586,ALT-003586,CASE-003586,False,,Not required,False,,,,False,,
ESC-003587,ALT-003587,CASE-003587,True,L2,HIGH severity per policy,True,2026-01-12T11:11:00Z,ANL-5006,Incident Response,True,2026-01-12T11:26:00Z,81.0
ESC-003588,ALT-003588,CASE-003588,False,,Not required,False,,,,False,,
ESC-003589,ALT-003589,CASE-003589,False,,Not required,False,,,,False,,
ESC-003590,ALT-003590,CASE-003590,True,L2,HIGH severity per policy,True,2026-01-12T15:03:00Z,ANL-5002,Incident Response,True,2026-01-12T15:18:00Z,43.0
ESC-003591,ALT-003591,CASE-003591,False,,Not required,False,,,,False,,
ESC-003592,ALT-003592,CASE-003592,False,,Not required,False,,,,False,,
ESC-003593,ALT-003593,CASE-003593,False,,Not required,False,,,,False,,
ESC-003594,ALT-003594,CASE-003594,True,L2,HIGH severity per policy,True,2026-01-12T16:06:00Z,ANL-5006,Incident Response,True,2026-01-12T16:21:00Z,79.0
ESC-003595,ALT-003595,CASE-003595,True,L3,CRITICAL severity per policy,True,2026-01-12T12:26:00Z,ANL-5011,Incident Response,True,2026-01-12T12:41:00Z,29.0
ESC-003596,ALT-003596,CASE-003596,False,,Not required,False,,,,False,,
ESC-003597,ALT-003597,CASE-003597,False,,Not required,False,,,,False,,
ESC-003598,ALT-003598,CASE-003598,True,L2,HIGH severity per policy,True,2026-01-12T03:34:00Z,ANL-5003,Incident Response,True,2026-01-12T03:49:00Z,67.0
ESC-003599,ALT-003599,CASE-003599,False,,Not required,False,,,,False,,
ESC-003600,ALT-003600,CASE-003600,False,,Not required,False,,,,False,,
ESC-003601,ALT-003601,CASE-003601,False,,Not required,False,,,,False,,
ESC-003602,ALT-003602,CASE-003602,False,,Not required,False,,,,False,,
ESC-003603,ALT-003603,CASE-003603,False,,Not required,False,,,,False,,
ESC-003604,ALT-003604,CASE-003604,False,,Not required,False,,,,False,,
ESC-003605,ALT-003605,CASE-003605,False,,Not required,False,,,,False,,
ESC-003606,ALT-003606,CASE-003606,False,,Not required,False,,,,False,,
ESC-003607,ALT-003607,CASE-003607,False,,Not required,False,,,,False,,
ESC-003608,ALT-003608,CASE-003608,False,,Not required,False,,,,False,,
ESC-003609,ALT-003609,CASE-003609,True,L2,HIGH severity per policy,True,2026-01-13T12:41:00Z,ANL-5003,Incident Response,True,2026-01-13T12:56:00Z,49.0
ESC-003610,ALT-003610,CASE-003610,False,,Not required,False,,,,False,,
ESC-003611,ALT-003611,CASE-003611,False,,Not required,False,,,,False,,
ESC-003612,ALT-003612,CASE-003612,False,,Not required,False,,,,False,,
ESC-003613,ALT-003613,CASE-003613,True,L3,CRITICAL severity per policy,True,2026-01-13T02:50:00Z,ANL-5006,Incident Response,True,2026-01-13T03:05:00Z,24.0
ESC-003614,ALT-003614,CASE-003614,False,,Not required,False,,,,False,,
ESC-003615,ALT-003615,CASE-003615,True,L2,HIGH severity per policy,True,2026-01-13T08:23:00Z,ANL-5002,Incident Response,True,2026-01-13T08:38:00Z,34.0
ESC-003616,ALT-003616,CASE-003616,True,L3,CRITICAL severity per policy,True,2026-01-13T17:22:00Z,ANL-5009,Incident Response,True,2026-01-13T17:37:00Z,21.0
ESC-003617,ALT-003617,CASE-003617,False,,Not required,False,,,,False,,
ESC-003618,ALT-003618,CASE-003618,False,,Not required,False,,,,False,,
ESC-003619,ALT-003619,CASE-003619,False,,Not required,False,,,,False,,
ESC-003620,ALT-003620,CASE-003620,False,,Not required,False,,,,False,,
ESC-003621,ALT-003621,CASE-003621,False,,Not required,False,,,,False,,
ESC-003622,ALT-003622,CASE-003622,False,,Not required,False,,,,False,,
ESC-003623,ALT-003623,CASE-003623,False,,Not required,False,,,,False,,
ESC-003624,ALT-003624,CASE-003624,False,,Not required,False,,,,False,,
ESC-003625,ALT-003625,CASE-003625,False,,Not required,False,,,,False,,
ESC-003626,ALT-003626,CASE-003626,False,,Not required,False,,,,False,,
ESC-003627,ALT-003627,CASE-003627,True,L2,HIGH severity per policy,True,2026-01-13T01:18:00Z,ANL-5008,Incident Response,True,2026-01-13T01:33:00Z,58.0
ESC-003628,ALT-003628,CASE-003628,False,,Not required,False,,,,False,,
ESC-003629,ALT-003629,CASE-003629,False,,Not required,False,,,,False,,
ESC-003630,ALT-003630,CASE-003630,True,L2,HIGH severity per policy,True,2026-01-13T10:17:00Z,ANL-5007,Incident Response,True,2026-01-13T10:32:00Z,35.0
ESC-003631,ALT-003631,CASE-003631,False,,Not required,False,,,,False,,
ESC-003632,ALT-003632,CASE-003632,False,,Not required,False,,,,False,,
ESC-003633,ALT-003633,CASE-003633,False,,Not required,False,,,,False,,
ESC-003634,ALT-003634,CASE-003634,True,L2,HIGH severity per policy,True,2026-01-13T20:25:00Z,ANL-5001,Incident Response,True,2026-01-13T20:40:00Z,57.0
ESC-003635,ALT-003635,CASE-003635,False,,Not required,False,,,,False,,
ESC-003636,ALT-003636,CASE-003636,True,L2,HIGH severity per policy,True,2026-01-13T17:40:00Z,ANL-5007,Incident Response,True,2026-01-13T17:55:00Z,55.0
ESC-003637,ALT-003637,CASE-003637,True,L2,HIGH severity per policy,True,2026-01-13T03:29:00Z,ANL-5004,Incident Response,True,2026-01-13T03:44:00Z,55.0
ESC-003638,ALT-003638,CASE-003638,True,L2,HIGH severity per policy,True,2026-01-13T08:48:00Z,ANL-5014,Incident Response,True,2026-01-13T09:03:00Z,72.0
ESC-003639,ALT-003639,CASE-003639,False,,Not required,False,,,,False,,
ESC-003640,ALT-003640,CASE-003640,False,,Not required,False,,,,False,,
ESC-003641,ALT-003641,CASE-003641,False,,Not required,False,,,,False,,
ESC-003642,ALT-003642,CASE-003642,False,,Not required,False,,,,False,,
ESC-003643,ALT-003643,CASE-003643,True,L3,CRITICAL severity per policy,True,2026-01-14T06:15:00Z,ANL-5001,Incident Response,True,2026-01-14T06:30:00Z,38.0
ESC-003644,ALT-003644,CASE-003644,False,,Not required,False,,,,False,,
ESC-003645,ALT-003645,CASE-003645,True,L2,HIGH severity per policy,True,2026-01-14T23:34:00Z,ANL-5003,Incident Response,True,2026-01-14T23:49:00Z,61.0
ESC-003646,ALT-003646,CASE-003646,False,,Not required,False,,,,False,,
ESC-003647,ALT-003647,CASE-003647,False,,Not required,False,,,,False,,
ESC-003648,ALT-003648,CASE-003648,True,L2,HIGH severity per policy,True,2026-01-14T21:09:00Z,ANL-5003,Incident Response,True,2026-01-14T21:24:00Z,60.0
ESC-003649,ALT-003649,CASE-003649,False,,Not required,False,,,,False,,
ESC-003650,ALT-003650,CASE-003650,False,,Not required,False,,,,False,,
ESC-003651,ALT-003651,CASE-003651,False,,Not required,False,,,,False,,
ESC-003652,ALT-003652,CASE-003652,True,L3,CRITICAL severity per policy,True,2026-01-14T16:07:00Z,ANL-5003,Incident Response,True,2026-01-14T16:22:00Z,23.0
ESC-003653,ALT-003653,CASE-003653,False,,Not required,False,,,,False,,
ESC-003654,ALT-003654,CASE-003654,False,,Not required,False,,,,False,,
ESC-003655,ALT-003655,CASE-003655,True,L2,HIGH severity per policy,True,2026-01-14T05:16:00Z,ANL-5009,Incident Response,True,2026-01-14T05:31:00Z,35.0
ESC-003656,ALT-003656,CASE-003656,True,L2,HIGH severity per policy,True,2026-01-14T17:38:00Z,ANL-5006,Incident Response,True,2026-01-14T17:53:00Z,21.0
ESC-003657,ALT-003657,CASE-003657,False,,Not required,False,,,,False,,
ESC-003658,ALT-003658,CASE-003658,False,,Not required,False,,,,False,,
ESC-003659,ALT-003659,CASE-003659,False,,Not required,False,,,,False,,
ESC-003660,ALT-003660,CASE-003660,True,L3,CRITICAL severity per policy,True,2026-01-14T06:19:00Z,ANL-5009,Incident Response,True,2026-01-14T06:34:00Z,35.0
ESC-003661,ALT-003661,CASE-003661,False,,Not required,False,,,,False,,
ESC-003662,ALT-003662,CASE-003662,True,L2,HIGH severity per policy,True,2026-01-14T13:50:00Z,ANL-5011,Incident Response,True,2026-01-14T14:05:00Z,49.0
ESC-003663,ALT-003663,CASE-003663,False,,Not required,False,,,,False,,
ESC-003664,ALT-003664,CASE-003664,False,,Not required,False,,,,False,,
ESC-003665,ALT-003665,CASE-003665,True,L2,HIGH severity per policy,True,2026-01-14T21:19:00Z,ANL-5011,Incident Response,True,2026-01-14T21:34:00Z,34.0
ESC-003666,ALT-003666,CASE-003666,False,,Not required,False,,,,False,,
ESC-003667,ALT-003667,CASE-003667,False,,Not required,False,,,,False,,
ESC-003668,ALT-003668,CASE-003668,False,,Not required,False,,,,False,,
ESC-003669,ALT-003669,CASE-003669,True,L3,CRITICAL severity per policy,True,2026-01-14T18:50:00Z,ANL-5013,Incident Response,True,2026-01-14T19:05:00Z,38.0
ESC-003670,ALT-003670,CASE-003670,True,L3,CRITICAL severity per policy,False,,,Incident Response,False,,
ESC-003671,ALT-003671,CASE-003671,False,,Not required,False,,,,False,,
ESC-003672,ALT-003672,CASE-003672,True,L2,HIGH severity per policy,True,2026-01-14T14:04:00Z,ANL-5009,Incident Response,True,2026-01-14T14:19:00Z,51.0
ESC-003673,ALT-003673,CASE-003673,True,L3,CRITICAL severity per policy,True,2026-01-14T19:29:00Z,ANL-5013,Incident Response,True,2026-01-14T19:44:00Z,38.0
ESC-003674,ALT-003674,CASE-003674,False,,Not required,False,,,,False,,
ESC-003675,ALT-003675,CASE-003675,True,L2,HIGH severity per policy,True,2026-01-14T15:32:00Z,ANL-5010,Incident Response,True,2026-01-14T15:47:00Z,61.0
ESC-003676,ALT-003676,CASE-003676,False,,Not required,False,,,,False,,
ESC-003677,ALT-003677,CASE-003677,False,,Not required,False,,,,False,,
ESC-003678,ALT-003678,CASE-003678,False,,Not required,False,,,,False,,
ESC-003679,ALT-003679,CASE-003679,False,,Not required,False,,,,False,,
ESC-003680,ALT-003680,CASE-003680,False,,Not required,False,,,,False,,
