evidence_id,alert_id,case_id,analyst_id,timestamp,evidence_type,source,reference,relevance
EVD-000001,ALT-000001,CASE-000001,ANL-1007,2026-01-01T13:16:00Z,CASE_NOTE,Splunk ES,REF-70515,Supports investigation finding
EVD-000002,ALT-000002,CASE-000002,ANL-1007,2026-01-01T09:15:00Z,ENDPOINT_LOG,Microsoft Sentinel,REF-70952,Supports investigation finding
EVD-000003,ALT-000003,CASE-000003,ANL-1005,2026-01-01T18:50:00Z,THREAT_INTELLIGENCE,Elastic Security,REF-54725,Supports investigation finding
EVD-000004,ALT-000004,CASE-000004,ANL-1010,2026-01-01T20:52:00Z,AUTHENTICATION_LOG,Elastic Security,REF-37802,Supports investigation finding
EVD-000005,ALT-000005,CASE-000005,ANL-1004,2026-01-01T06:38:00Z,PROCESS_TREE,Elastic Security,REF-79588,Supports investigation finding
EVD-000006,ALT-000006,CASE-000006,ANL-1004,2026-01-01T09:55:00Z,SIEM_LOG,Splunk ES,REF-80010,Supports investigation finding
EVD-000007,ALT-000007,CASE-000007,ANL-1008,2026-01-01T21:37:00Z,ENDPOINT_LOG,Microsoft Sentinel,REF-83772,Supports investigation finding
EVD-000008,ALT-000008,CASE-000008,ANL-1010,2026-01-01T20:16:00Z,SIEM_LOG,Elastic Security,REF-63545,Supports investigation finding
EVD-000009,ALT-000009,CASE-000009,ANL-1008,2026-01-01T10:09:00Z,THREAT_INTELLIGENCE,Splunk ES,REF-49857,Supports investigation finding
EVD-000010,ALT-000010,CASE-000010,ANL-1006,2026-01-01T14:45:00Z,NETWORK_LOG,Microsoft Sentinel,REF-52081,Supports investigation finding
EVD-000011,ALT-000011,CASE-000011,ANL-1009,2026-01-01T22:27:00Z,CASE_NOTE,Microsoft Sentinel,REF-16764,Supports investigation finding
EVD-000012,ALT-000012,CASE-000012,ANL-1001,2026-01-01T15:48:00Z,PROCESS_TREE,Splunk ES,REF-28958,Supports investigation finding
EVD-000013,ALT-000013,CASE-000013,ANL-1009,2026-01-01T14:20:00Z,AUTHENTICATION_LOG,Microsoft Sentinel,REF-40613,Supports investigation finding
EVD-000014,ALT-000014,CASE-000014,ANL-1011,2026-01-01T13:06:00Z,PROCESS_TREE,Splunk ES,REF-62098,Supports investigation finding
EVD-000015,ALT-000015,CASE-000015,ANL-1004,2026-01-01T19:38:00Z,ENDPOINT_LOG,IBM QRadar,REF-42007,Supports investigation finding
EVD-000016,ALT-000016,CASE-000016,ANL-1011,2026-01-01T13:29:00Z,CASE_NOTE,Splunk ES,REF-49599,Supports investigation finding
EVD-000017,ALT-000017,CASE-000017,ANL-1005,2026-01-01T12:47:00Z,NETWORK_LOG,IBM QRadar,REF-67779,Supports investigation finding
EVD-000018,ALT-000018,CASE-000018,ANL-1003,2026-01-01T23:51:00Z,CASE_NOTE,IBM QRadar,REF-61717,Supports investigation finding
EVD-000019,ALT-000019,CASE-000019,ANL-1002,2026-01-01T20:49:00Z,ENDPOINT_LOG,Elastic Security,REF-80457,Supports investigation finding
EVD-000020,ALT-000020,CASE-000020,ANL-1007,2026-01-02T02:02:00Z,AUTHENTICATION_LOG,Splunk ES,REF-46160,Supports investigation finding
EVD-000021,ALT-000021,CASE-000021,ANL-1001,2026-01-01T21:12:00Z,SIEM_LOG,IBM QRadar,REF-96646,Supports investigation finding
EVD-000022,ALT-000022,CASE-000022,ANL-1001,2026-01-01T19:14:00Z,THREAT_INTELLIGENCE,Microsoft Sentinel,REF-14082,Supports investigation finding
EVD-000023,ALT-000023,CASE-000023,ANL-1002,2026-01-01T14:54:00Z,CASE_NOTE,Splunk ES,REF-69441,Supports investigation finding
EVD-000024,ALT-000024,CASE-000024,ANL-1003,2026-01-01T08:59:00Z,NETWORK_LOG,Elastic Security,REF-88696,Supports investigation finding
EVD-000025,ALT-000025,CASE-000025,ANL-1002,2026-01-01T08:23:00Z,PROCESS_TREE,IBM QRadar,REF-96159,Supports investigation finding
EVD-000026,ALT-000026,CASE-000026,ANL-1007,2026-01-01T07:56:00Z,NETWORK_LOG,Splunk ES,REF-38255,Supports investigation finding
EVD-000027,ALT-000027,CASE-000027,ANL-1008,2026-01-01T22:20:00Z,ENDPOINT_LOG,IBM QRadar,REF-59834,Supports investigation finding
EVD-000028,ALT-000028,CASE-000028,ANL-1001,2026-01-01T01:53:00Z,AUTHENTICATION_LOG,Microsoft Sentinel,REF-87184,Supports investigation finding
EVD-000029,ALT-000029,CASE-000029,ANL-1003,2026-01-01T11:16:00Z,CASE_NOTE,Microsoft Sentinel,REF-85952,Supports investigation finding
EVD-000030,ALT-000030,CASE-000030,ANL-1005,2026-01-01T15:28:00Z,PROCESS_TREE,Microsoft Sentinel,REF-72341,Supports investigation finding
EVD-000031,ALT-000031,CASE-000031,ANL-1002,2026-01-01T11:50:00Z,THREAT_INTELLIGENCE,Splunk ES,REF-60667,Supports investigation finding
EVD-000032,ALT-000032,CASE-000032,ANL-1006,2026-01-01T06:06:00Z,NETWORK_LOG,Elastic Security,REF-73736,Supports investigation finding
EVD-000033,ALT-000033,CASE-000033,ANL-1009,2026-01-01T04:47:00Z,ENDPOINT_LOG,Microsoft Sentinel,REF-79993,Supports investigation finding
EVD-000034,ALT-000034,CASE-000034,ANL-1008,2026-01-01T19:42:00Z,NETWORK_LOG,Elastic Security,REF-68893,Supports investigation finding
EVD-000035,ALT-000037,CASE-000037,ANL-1007,2026-01-01T08:02:00Z,THREAT_INTELLIGENCE,Microsoft Sentinel,REF-53583,Supports investigation finding
EVD-000036,ALT-000038,CASE-000038,ANL-1008,2026-01-01T21:56:00Z,NETWORK_LOG,Splunk ES,REF-56789,Supports investigation finding
EVD-000037,ALT-000039,CASE-000039,ANL-1007,2026-01-02T00:20:00Z,NETWORK_LOG,Splunk ES,REF-96628,Supports investigation finding
EVD-000038,ALT-000040,CASE-000040,ANL-1001,2026-01-01T12:26:00Z,NETWORK_LOG,IBM QRadar,REF-60181,Supports investigation finding
EVD-000039,ALT-000041,CASE-000041,ANL-1002,2026-01-02T15:34:00Z,NETWORK_LOG,IBM QRadar,REF-74382,Supports investigation finding
EVD-000040,ALT-000042,CASE-000042,ANL-1006,2026-01-02T11:25:00Z,SIEM_LOG,IBM QRadar,REF-18617,Supports investigation finding
EVD-000041,ALT-000043,CASE-000043,ANL-1008,2026-01-02T21:25:00Z,NETWORK_LOG,IBM QRadar,REF-35729,Supports investigation finding
EVD-000042,ALT-000044,CASE-000044,ANL-1003,2026-01-02T17:47:00Z,AUTHENTICATION_LOG,Splunk ES,REF-42096,Supports investigation finding
EVD-000043,ALT-000045,CASE-000045,ANL-1008,2026-01-02T15:13:00Z,ENDPOINT_LOG,IBM QRadar,REF-22689,Supports investigation finding
EVD-000044,ALT-000046,CASE-000046,ANL-1006,2026-01-02T07:10:00Z,NETWORK_LOG,IBM QRadar,REF-16377,Supports investigation finding
EVD-000045,ALT-000048,CASE-000048,ANL-1006,2026-01-02T12:27:00Z,THREAT_INTELLIGENCE,IBM QRadar,REF-49221,Supports investigation finding
EVD-000046,ALT-000049,CASE-000049,ANL-1002,2026-01-02T11:08:00Z,NETWORK_LOG,IBM QRadar,REF-64890,Supports investigation finding
EVD-000047,ALT-000050,CASE-000050,ANL-1003,2026-01-02T23:43:00Z,NETWORK_LOG,IBM QRadar,REF-47880,Supports investigation finding
EVD-000048,ALT-000051,CASE-000051,ANL-1005,2026-01-03T00:07:00Z,THREAT_INTELLIGENCE,Elastic Security,REF-45601,Supports investigation finding
EVD-000049,ALT-000052,CASE-000052,ANL-1011,2026-01-02T16:49:00Z,CASE_NOTE,Microsoft Sentinel,REF-21725,Supports investigation finding
EVD-000050,ALT-000053,CASE-000053,ANL-1001,2026-01-02T08:25:00Z,NETWORK_LOG,Elastic Security,REF-31298,Supports investigation finding
EVD-000051,ALT-000054,CASE-000054,ANL-1011,2026-01-02T10:09:00Z,AUTHENTICATION_LOG,Splunk ES,REF-44995,Supports investigation finding
EVD-000052,ALT-000055,CASE-000055,ANL-1008,2026-01-02T21:57:00Z,CASE_NOTE,Elastic Security,REF-97044,Supports investigation finding
EVD-000053,ALT-000057,CASE-000057,ANL-1009,2026-01-02T18:35:00Z,ENDPOINT_LOG,IBM QRadar,REF-27750,Supports investigation finding
EVD-000054,ALT-000058,CASE-000058,ANL-1002,2026-01-02T13:02:00Z,ENDPOINT_LOG,Splunk ES,REF-70375,Supports investigation finding
EVD-000055,ALT-000059,CASE-000059,ANL-1001,2026-01-02T15:03:00Z,CASE_NOTE,Microsoft Sentinel,REF-85511,Supports investigation finding
EVD-000056,ALT-000060,CASE-000060,ANL-1007,2026-01-02T16:58:00Z,AUTHENTICATION_LOG,Microsoft Sentinel,REF-41584,Supports investigation finding
EVD-000057,ALT-000061,CASE-000061,ANL-1009,2026-01-02T14:19:00Z,THREAT_INTELLIGENCE,Splunk ES,REF-98008,Supports investigation finding
EVD-000058,ALT-000062,CASE-000062,ANL-1001,2026-01-02T10:39:00Z,PROCESS_TREE,Splunk ES,REF-75179,Supports investigation finding
EVD-000059,ALT-000063,CASE-000063,ANL-1004,2026-01-02T02:28:00Z,THREAT_INTELLIGENCE,Microsoft Sentinel,REF-56160,Supports investigation finding
EVD-000060,ALT-000064,CASE-000064,ANL-1009,2026-01-02T20:45:00Z,SIEM_LOG,Microsoft Sentinel,REF-10866,Supports investigation finding
EVD-000061,ALT-000065,CASE-000065,ANL-1003,2026-01-02T22:03:00Z,THREAT_INTELLIGENCE,Microsoft Sentinel,REF-95182,Supports investigation finding
EVD-000062,ALT-000066,CASE-000066,ANL-1001,2026-01-02T02:51:00Z,CASE_NOTE,Microsoft Sentinel,REF-51220,Supports investigation finding
EVD-000063,ALT-000067,CASE-000067,ANL-1004,2026-01-02T06:03:00Z,SIEM_LOG,Elastic Security,REF-93115,Supports investigation finding
EVD-000064,ALT-000068,CASE-000068,ANL-1010,2026-01-02T12:43:00Z,SIEM_LOG,Splunk ES,REF-34561,Supports investigation finding
EVD-000065,ALT-000069,CASE-000069,ANL-1010,2026-01-02T18:00:00Z,SIEM_LOG,IBM QRadar,REF-31916,Supports investigation finding
EVD-000066,ALT-000070,CASE-000070,ANL-1004,2026-01-02T12:15:00Z,NETWORK_LOG,Elastic Security,REF-89064,Supports investigation finding
EVD-000067,ALT-000071,CASE-000071,ANL-1011,2026-01-02T10:56:00Z,ENDPOINT_LOG,Splunk ES,REF-93012,Supports investigation finding
EVD-000068,ALT-000072,CASE-000072,ANL-1009,2026-01-02T18:45:00Z,PROCESS_TREE,Elastic Security,REF-77999,Supports investigation finding
EVD-000069,ALT-000073,CASE-000073,ANL-1009,2026-01-02T22:25:00Z,AUTHENTICATION_LOG,Microsoft Sentinel,REF-69303,Supports investigation finding
EVD-000070,ALT-000074,CASE-000074,ANL-1006,2026-01-02T01:35:00Z,SIEM_LOG,Splunk ES,REF-38153,Supports investigation finding
EVD-000071,ALT-000075,CASE-000075,ANL-1005,2026-01-02T15:13:00Z,SIEM_LOG,Elastic Security,REF-33992,Supports investigation finding
EVD-000072,ALT-000076,CASE-000076,ANL-1003,2026-01-02T13:28:00Z,PROCESS_TREE,Splunk ES,REF-95599,Supports investigation finding
EVD-000073,ALT-000077,CASE-000077,ANL-1002,2026-01-02T15:55:00Z,CASE_NOTE,Splunk ES,REF-15453,Supports investigation finding
EVD-000074,ALT-000078,CASE-000078,ANL-1001,2026-01-02T08:04:00Z,PROCESS_TREE,IBM QRadar,REF-32069,Supports investigation finding
EVD-000075,ALT-000079,CASE-000079,ANL-1001,2026-01-02T14:48:00Z,AUTHENTICATION_LOG,Splunk ES,REF-77582,Supports investigation finding
EVD-000076,ALT-000080,CASE-000080,ANL-1008,2026-01-03T00:33:00Z,SIEM_LOG,IBM QRadar,REF-92074,Supports investigation finding
EVD-000077,ALT-000081,CASE-000081,ANL-1003,2026-01-03T14:00:00Z,ENDPOINT_LOG,IBM QRadar,REF-72496,Supports investigation finding
EVD-000078,ALT-000082,CASE-000082,ANL-1002,2026-01-03T11:50:00Z,PROCESS_TREE,Elastic Security,REF-83831,Supports investigation finding
EVD-000079,ALT-000083,CASE-000083,ANL-1007,2026-01-03T23:37:00Z,CASE_NOTE,Elastic Security,REF-96298,Supports investigation finding
EVD-000080,ALT-000084,CASE-000084,ANL-1007,2026-01-03T08:07:00Z,NETWORK_LOG,Elastic Security,REF-38277,Supports investigation finding
EVD-000081,ALT-000085,CASE-000085,ANL-1007,2026-01-03T14:01:00Z,SIEM_LOG,Splunk ES,REF-69424,Supports investigation finding
EVD-000082,ALT-000086,CASE-000086,ANL-1001,2026-01-03T05:22:00Z,AUTHENTICATION_LOG,IBM QRadar,REF-76949,Supports investigation finding
EVD-000083,ALT-000087,CASE-000087,ANL-1010,2026-01-03T04:42:00Z,AUTHENTICATION_LOG,Microsoft Sentinel,REF-51934,Supports investigation finding
EVD-000084,ALT-000089,CASE-000089,ANL-1004,2026-01-03T16:33:00Z,ENDPOINT_LOG,Splunk ES,REF-46677,Supports investigation finding
EVD-000085,ALT-000090,CASE-000090,ANL-1002,2026-01-03T15:22:00Z,ENDPOINT_LOG,Splunk ES,REF-19789,Supports investigation finding
EVD-000086,ALT-000091,CASE-000091,ANL-1002,2026-01-03T11:08:00Z,PROCESS_TREE,Splunk ES,REF-16416,Supports investigation finding
EVD-000087,ALT-000092,CASE-000092,ANL-1009,2026-01-03T15:03:00Z,CASE_NOTE,Elastic Security,REF-26880,Supports investigation finding
EVD-000088,ALT-000093,CASE-000093,ANL-1003,2026-01-03T21:53:00Z,THREAT_INTELLIGENCE,Splunk ES,REF-78919,Supports investigation finding
EVD-000089,ALT-000094,CASE-000094,ANL-1010,2026-01-03T16:07:00Z,THREAT_INTELLIGENCE,Elastic Security,REF-41608,Supports investigation finding
EVD-000090,ALT-000095,CASE-000095,ANL-1004,2026-01-03T06:03:00Z,PROCESS_TREE,IBM QRadar,REF-72650,Supports investigation finding
EVD-000091,ALT-000096,CASE-000096,ANL-1001,2026-01-03T18:28:00Z,THREAT_INTELLIGENCE,Splunk ES,REF-87194,Supports investigation finding
EVD-000092,ALT-000097,CASE-000097,ANL-1010,2026-01-03T02:02:00Z,NETWORK_LOG,Microsoft Sentinel,REF-37483,Supports investigation finding
EVD-000093,ALT-000098,CASE-000098,ANL-1007,2026-01-03T00:31:00Z,NETWORK_LOG,Elastic Security,REF-23726,Supports investigation finding
EVD-000094,ALT-000099,CASE-000099,ANL-1010,2026-01-03T02:57:00Z,AUTHENTICATION_LOG,Elastic Security,REF-84943,Supports investigation finding
EVD-000095,ALT-000100,CASE-000100,ANL-1011,2026-01-03T10:43:00Z,NETWORK_LOG,Elastic Security,REF-59996,Supports investigation finding
EVD-000096,ALT-000101,CASE-000101,ANL-1005,2026-01-03T09:39:00Z,NETWORK_LOG,Splunk ES,REF-20348,Supports investigation finding
EVD-000097,ALT-000102,CASE-000102,ANL-1004,2026-01-03T05:44:00Z,CASE_NOTE,Splunk ES,REF-91665,Supports investigation finding
EVD-000098,ALT-000103,CASE-000103,ANL-1002,2026-01-03T19:42:00Z,AUTHENTICATION_LOG,Microsoft Sentinel,REF-53449,Supports investigation finding
EVD-000099,ALT-000104,CASE-000104,ANL-1005,2026-01-03T11:35:00Z,CASE_NOTE,Elastic Security,REF-77698,Supports investigation finding
EVD-000100,ALT-000105,CASE-000105,ANL-1009,2026-01-03T05:25:00Z,NETWORK_LOG,Microsoft Sentinel,REF-74066,Supports investigation finding
EVD-000101,ALT-000107,CASE-000107,ANL-1007,2026-01-03T20:55:00Z,CASE_NOTE,IBM QRadar,REF-46291,Supports investigation finding
EVD-000102,ALT-000109,CASE-000109,ANL-1009,2026-01-03T23:30:00Z,CASE_NOTE,Microsoft Sentinel,REF-25437,Supports investigation finding
EVD-000103,ALT-000110,CASE-000110,ANL-1009,2026-01-03T22:07:00Z,ENDPOINT_LOG,Microsoft Sentinel,REF-32099,Supports investigation finding
EVD-000104,ALT-000111,CASE-000111,ANL-1007,2026-01-03T21:44:00Z,SIEM_LOG,Elastic Security,REF-60272,Supports investigation finding
EVD-000105,ALT-000112,CASE-000112,ANL-1009,2026-01-03T10:02:00Z,PROCESS_TREE,IBM QRadar,REF-32149,Supports investigation finding
EVD-000106,ALT-000113,CASE-000113,ANL-1001,2026-01-03T02:16:00Z,PROCESS_TREE,Microsoft Sentinel,REF-27978,Supports investigation finding
EVD-000107,ALT-000115,CASE-000115,ANL-1002,2026-01-03T16:28:00Z,THREAT_INTELLIGENCE,Splunk ES,REF-94829,Supports investigation finding
EVD-000108,ALT-000116,CASE-000116,ANL-1006,2026-01-03T23:35:00Z,THREAT_INTELLIGENCE,Splunk ES,REF-67430,Supports investigation finding
EVD-000109,ALT-000117,CASE-000117,ANL-1003,2026-01-04T00:43:00Z,ENDPOINT_LOG,Elastic Security,REF-83183,Supports investigation finding
EVD-000110,ALT-000118,CASE-000118,ANL-1008,2026-01-03T05:45:00Z,SIEM_LOG,IBM QRadar,REF-62879,Supports investigation finding
EVD-000111,ALT-000119,CASE-000119,ANL-1011,2026-01-03T07:16:00Z,NETWORK_LOG,IBM QRadar,REF-93055,Supports investigation finding
EVD-000112,ALT-000120,CASE-000120,ANL-1007,2026-01-03T05:39:00Z,THREAT_INTELLIGENCE,Splunk ES,REF-16366,Supports investigation finding
EVD-000113,ALT-000121,CASE-000121,ANL-1011,2026-01-04T04:03:00Z,THREAT_INTELLIGENCE,IBM QRadar,REF-38487,Supports investigation finding
EVD-000114,ALT-000122,CASE-000122,ANL-1009,2026-01-04T05:48:00Z,CASE_NOTE,IBM QRadar,REF-31094,Supports investigation finding
EVD-000115,ALT-000123,CASE-000123,ANL-1011,2026-01-04T20:22:00Z,THREAT_INTELLIGENCE,Splunk ES,REF-94886,Supports investigation finding
EVD-000116,ALT-000124,CASE-000124,ANL-1003,2026-01-04T03:01:00Z,SIEM_LOG,Microsoft Sentinel,REF-91968,Supports investigation finding
EVD-000117,ALT-000125,CASE-000125,ANL-1004,2026-01-04T11:09:00Z,THREAT_INTELLIGENCE,Microsoft Sentinel,REF-55351,Supports investigation finding
EVD-000118,ALT-000126,CASE-000126,ANL-1002,2026-01-04T13:44:00Z,CASE_NOTE,IBM QRadar,REF-99837,Supports investigation finding
EVD-000119,ALT-000127,CASE-000127,ANL-1002,2026-01-04T11:34:00Z,SIEM_LOG,Splunk ES,REF-86756,Supports investigation finding
EVD-000120,ALT-000128,CASE-000128,ANL-1002,2026-01-04T10:20:00Z,SIEM_LOG,Elastic Security,REF-10659,Supports investigation finding
EVD-000121,ALT-000129,CASE-000129,ANL-1004,2026-01-05T00:09:00Z,THREAT_INTELLIGENCE,Splunk ES,REF-86099,Supports investigation finding
EVD-000122,ALT-000131,CASE-000131,ANL-1008,2026-01-04T16:09:00Z,PROCESS_TREE,IBM QRadar,REF-63101,Supports investigation finding
EVD-000123,ALT-000132,CASE-000132,ANL-1003,2026-01-04T16:34:00Z,PROCESS_TREE,Splunk ES,REF-84162,Supports investigation finding
EVD-000124,ALT-000133,CASE-000133,ANL-1005,2026-01-04T08:20:00Z,NETWORK_LOG,Microsoft Sentinel,REF-59326,Supports investigation finding
EVD-000125,ALT-000135,CASE-000135,ANL-1003,2026-01-04T07:29:00Z,PROCESS_TREE,Elastic Security,REF-93574,Supports investigation finding
EVD-000126,ALT-000137,CASE-000137,ANL-1001,2026-01-04T21:13:00Z,ENDPOINT_LOG,Microsoft Sentinel,REF-43360,Supports investigation finding
EVD-000127,ALT-000138,CASE-000138,ANL-1004,2026-01-04T14:16:00Z,NETWORK_LOG,Microsoft Sentinel,REF-99208,Supports investigation finding
EVD-000128,ALT-000139,CASE-000139,ANL-1005,2026-01-04T18:44:00Z,CASE_NOTE,IBM QRadar,REF-21939,Supports investigation finding
EVD-000129,ALT-000140,CASE-000140,ANL-1010,2026-01-04T11:38:00Z,NETWORK_LOG,Elastic Security,REF-41359,Supports investigation finding
EVD-000130,ALT-000141,CASE-000141,ANL-1007,2026-01-04T22:16:00Z,SIEM_LOG,Microsoft Sentinel,REF-75951,Supports investigation finding
EVD-000131,ALT-000142,CASE-000142,ANL-1008,2026-01-04T13:31:00Z,SIEM_LOG,IBM QRadar,REF-62288,Supports investigation finding
EVD-000132,ALT-000143,CASE-000143,ANL-1003,2026-01-04T19:25:00Z,PROCESS_TREE,Splunk ES,REF-10868,Supports investigation finding
EVD-000133,ALT-000144,CASE-000144,ANL-1005,2026-01-04T19:37:00Z,THREAT_INTELLIGENCE,IBM QRadar,REF-11103,Supports investigation finding
EVD-000134,ALT-000145,CASE-000145,ANL-1009,2026-01-04T09:09:00Z,THREAT_INTELLIGENCE,IBM QRadar,REF-39958,Supports investigation finding
EVD-000135,ALT-000146,CASE-000146,ANL-1003,2026-01-04T05:28:00Z,CASE_NOTE,Microsoft Sentinel,REF-92557,Supports investigation finding
EVD-000136,ALT-000149,CASE-000149,ANL-1002,2026-01-04T09:22:00Z,ENDPOINT_LOG,Elastic Security,REF-42426,Supports investigation finding
EVD-000137,ALT-000150,CASE-000150,ANL-1006,2026-01-04T12:55:00Z,NETWORK_LOG,Elastic Security,REF-64028,Supports investigation finding
EVD-000138,ALT-000151,CASE-000151,ANL-1005,2026-01-04T05:08:00Z,THREAT_INTELLIGENCE,Microsoft Sentinel,REF-94671,Supports investigation finding
EVD-000139,ALT-000152,CASE-000152,ANL-1010,2026-01-04T08:31:00Z,ENDPOINT_LOG,IBM QRadar,REF-16505,Supports investigation finding
EVD-000140,ALT-000153,CASE-000153,ANL-1001,2026-01-04T23:25:00Z,AUTHENTICATION_LOG,Splunk ES,REF-33803,Supports investigation finding
EVD-000141,ALT-000154,CASE-000154,ANL-1007,2026-01-04T23:30:00Z,ENDPOINT_LOG,Elastic Security,REF-57241,Supports investigation finding
EVD-000142,ALT-000155,CASE-000155,ANL-1005,2026-01-04T01:07:00Z,THREAT_INTELLIGENCE,Elastic Security,REF-30174,Supports investigation finding
EVD-000143,ALT-000156,CASE-000156,ANL-1006,2026-01-04T22:12:00Z,NETWORK_LOG,Elastic Security,REF-52425,Supports investigation finding
EVD-000144,ALT-000157,CASE-000157,ANL-1005,2026-01-04T10:24:00Z,NETWORK_LOG,Elastic Security,REF-52283,Supports investigation finding
EVD-000145,ALT-000158,CASE-000158,ANL-1003,2026-01-04T02:38:00Z,CASE_NOTE,Microsoft Sentinel,REF-20480,Supports investigation finding
EVD-000146,ALT-000159,CASE-000159,ANL-1010,2026-01-04T22:47:00Z,THREAT_INTELLIGENCE,Microsoft Sentinel,REF-83156,Supports investigation finding
EVD-000147,ALT-000160,CASE-000160,ANL-1007,2026-01-04T06:18:00Z,AUTHENTICATION_LOG,Splunk ES,REF-68654,Supports investigation finding
EVD-000148,ALT-000161,CASE-000161,ANL-1005,2026-01-05T09:35:00Z,AUTHENTICATION_LOG,Splunk ES,REF-84588,Supports investigation finding
EVD-000149,ALT-000162,CASE-000162,ANL-1010,2026-01-05T23:41:00Z,SIEM_LOG,Microsoft Sentinel,REF-49948,Supports investigation finding
EVD-000150,ALT-000163,CASE-000163,ANL-1001,2026-01-05T08:41:00Z,PROCESS_TREE,Elastic Security,REF-66949,Supports investigation finding
EVD-000151,ALT-000164,CASE-000164,ANL-1009,2026-01-05T18:58:00Z,ENDPOINT_LOG,Splunk ES,REF-55838,Supports investigation finding
EVD-000152,ALT-000165,CASE-000165,ANL-1011,2026-01-05T07:33:00Z,PROCESS_TREE,Microsoft Sentinel,REF-78585,Supports investigation finding
EVD-000153,ALT-000166,CASE-000166,ANL-1001,2026-01-05T22:28:00Z,AUTHENTICATION_LOG,Microsoft Sentinel,REF-88263,Supports investigation finding
EVD-000154,ALT-000167,CASE-000167,ANL-1001,2026-01-05T18:40:00Z,ENDPOINT_LOG,IBM QRadar,REF-54798,Supports investigation finding
EVD-000155,ALT-000168,CASE-000168,ANL-1011,2026-01-05T20:48:00Z,CASE_NOTE,Elastic Security,REF-29025,Supports investigation finding
EVD-000156,ALT-000169,CASE-000169,ANL-1003,2026-01-05T23:43:00Z,PROCESS_TREE,Splunk ES,REF-90263,Supports investigation finding
EVD-000157,ALT-000170,CASE-000170,ANL-1009,2026-01-05T16:12:00Z,SIEM_LOG,Elastic Security,REF-33209,Supports investigation finding
EVD-000158,ALT-000171,CASE-000171,ANL-1001,2026-01-05T13:31:00Z,AUTHENTICATION_LOG,Elastic Security,REF-49918,Supports investigation finding
EVD-000159,ALT-000172,CASE-000172,ANL-1003,2026-01-05T23:16:00Z,NETWORK_LOG,Elastic Security,REF-95010,Supports investigation finding
EVD-000160,ALT-000173,CASE-000173,ANL-1009,2026-01-05T11:29:00Z,THREAT_INTELLIGENCE,Splunk ES,REF-33684,Supports investigation finding
EVD-000161,ALT-000175,CASE-000175,ANL-1010,2026-01-05T03:09:00Z,AUTHENTICATION_LOG,IBM QRadar,REF-18869,Supports investigation finding
EVD-000162,ALT-000176,CASE-000176,ANL-1009,2026-01-05T09:19:00Z,THREAT_INTELLIGENCE,Splunk ES,REF-92818,Supports investigation finding
EVD-000163,ALT-000177,CASE-000177,ANL-1001,2026-01-05T00:26:00Z,SIEM_LOG,Microsoft Sentinel,REF-99893,Supports investigation finding
EVD-000164,ALT-000178,CASE-000178,ANL-1011,2026-01-05T12:28:00Z,SIEM_LOG,Elastic Security,REF-29569,Supports investigation finding
EVD-000165,ALT-000179,CASE-000179,ANL-1010,2026-01-05T06:12:00Z,CASE_NOTE,Microsoft Sentinel,REF-14901,Supports investigation finding
EVD-000166,ALT-000180,CASE-000180,ANL-1004,2026-01-05T16:44:00Z,AUTHENTICATION_LOG,Elastic Security,REF-16047,Supports investigation finding
EVD-000167,ALT-000181,CASE-000181,ANL-1004,2026-01-05T11:02:00Z,PROCESS_TREE,IBM QRadar,REF-42089,Supports investigation finding
EVD-000168,ALT-000182,CASE-000182,ANL-1008,2026-01-05T04:43:00Z,PROCESS_TREE,Microsoft Sentinel,REF-27274,Supports investigation finding
EVD-000169,ALT-000183,CASE-000183,ANL-1008,2026-01-05T23:49:00Z,CASE_NOTE,Splunk ES,REF-32387,Supports investigation finding
EVD-000170,ALT-000185,CASE-000185,ANL-1008,2026-01-05T19:31:00Z,CASE_NOTE,Elastic Security,REF-93379,Supports investigation finding
EVD-000171,ALT-000186,CASE-000186,ANL-1011,2026-01-05T07:02:00Z,THREAT_INTELLIGENCE,IBM QRadar,REF-83404,Supports investigation finding
EVD-000172,ALT-000187,CASE-000187,ANL-1011,2026-01-05T19:48:00Z,SIEM_LOG,Elastic Security,REF-94985,Supports investigation finding
EVD-000173,ALT-000188,CASE-000188,ANL-1011,2026-01-05T02:43:00Z,PROCESS_TREE,Elastic Security,REF-85543,Supports investigation finding
EVD-000174,ALT-000189,CASE-000189,ANL-1003,2026-01-06T02:49:00Z,AUTHENTICATION_LOG,IBM QRadar,REF-85230,Supports investigation finding
EVD-000175,ALT-000190,CASE-000190,ANL-1010,2026-01-06T00:13:00Z,PROCESS_TREE,IBM QRadar,REF-46827,Supports investigation finding
EVD-000176,ALT-000191,CASE-000191,ANL-1003,2026-01-05T19:24:00Z,PROCESS_TREE,IBM QRadar,REF-55229,Supports investigation finding
EVD-000177,ALT-000192,CASE-000192,ANL-1008,2026-01-05T16:34:00Z,NETWORK_LOG,Splunk ES,REF-45007,Supports investigation finding
EVD-000178,ALT-000193,CASE-000193,ANL-1011,2026-01-05T08:11:00Z,ENDPOINT_LOG,Splunk ES,REF-14461,Supports investigation finding
EVD-000179,ALT-000194,CASE-000194,ANL-1002,2026-01-05T04:10:00Z,CASE_NOTE,Splunk ES,REF-18177,Supports investigation finding
EVD-000180,ALT-000195,CASE-000195,ANL-1007,2026-01-05T07:13:00Z,ENDPOINT_LOG,Elastic Security,REF-95572,Supports investigation finding
EVD-000181,ALT-000196,CASE-000196,ANL-1001,2026-01-05T13:29:00Z,CASE_NOTE,Elastic Security,REF-54572,Supports investigation finding
EVD-000182,ALT-000197,CASE-000197,ANL-1004,2026-01-05T13:38:00Z,PROCESS_TREE,Elastic Security,REF-68891,Supports investigation finding
EVD-000183,ALT-000198,CASE-000198,ANL-1002,2026-01-05T02:16:00Z,NETWORK_LOG,Elastic Security,REF-22752,Supports investigation finding
EVD-000184,ALT-000199,CASE-000199,ANL-1002,2026-01-05T20:08:00Z,THREAT_INTELLIGENCE,Elastic Security,REF-58487,Supports investigation finding
EVD-000185,ALT-000200,CASE-000200,ANL-1011,2026-01-05T05:37:00Z,ENDPOINT_LOG,Splunk ES,REF-32878,Supports investigation finding
EVD-000186,ALT-000201,CASE-000201,ANL-1004,2026-01-06T17:54:00Z,NETWORK_LOG,Microsoft Sentinel,REF-37471,Supports investigation finding
EVD-000187,ALT-000202,CASE-000202,ANL-1003,2026-01-06T19:16:00Z,AUTHENTICATION_LOG,Elastic Security,REF-38922,Supports investigation finding
EVD-000188,ALT-000203,CASE-000203,ANL-1003,2026-01-06T20:41:00Z,CASE_NOTE,Splunk ES,REF-55033,Supports investigation finding
EVD-000189,ALT-000204,CASE-000204,ANL-1007,2026-01-06T07:51:00Z,SIEM_LOG,Elastic Security,REF-15250,Supports investigation finding
EVD-000190,ALT-000205,CASE-000205,ANL-1002,2026-01-06T23:30:00Z,AUTHENTICATION_LOG,Splunk ES,REF-28169,Supports investigation finding
EVD-000191,ALT-000206,CASE-000206,ANL-1007,2026-01-06T20:41:00Z,PROCESS_TREE,IBM QRadar,REF-15357,Supports investigation finding
EVD-000192,ALT-000207,CASE-000207,ANL-1002,2026-01-06T09:04:00Z,PROCESS_TREE,Splunk ES,REF-58253,Supports investigation finding
EVD-000193,ALT-000208,CASE-000208,ANL-1002,2026-01-06T06:29:00Z,SIEM_LOG,IBM QRadar,REF-12888,Supports investigation finding
EVD-000194,ALT-000209,CASE-000209,ANL-1010,2026-01-06T11:08:00Z,NETWORK_LOG,Elastic Security,REF-33891,Supports investigation finding
EVD-000195,ALT-000210,CASE-000210,ANL-1008,2026-01-06T18:47:00Z,AUTHENTICATION_LOG,Splunk ES,REF-51971,Supports investigation finding
EVD-000196,ALT-000211,CASE-000211,ANL-1003,2026-01-06T19:24:00Z,NETWORK_LOG,Elastic Security,REF-17213,Supports investigation finding
EVD-000197,ALT-000212,CASE-000212,ANL-1008,2026-01-06T18:45:00Z,AUTHENTICATION_LOG,Microsoft Sentinel,REF-83535,Supports investigation finding
EVD-000198,ALT-000213,CASE-000213,ANL-1007,2026-01-06T06:31:00Z,ENDPOINT_LOG,Elastic Security,REF-82851,Supports investigation finding
EVD-000199,ALT-000214,CASE-000214,ANL-1001,2026-01-06T18:04:00Z,SIEM_LOG,IBM QRadar,REF-46335,Supports investigation finding
EVD-000200,ALT-000215,CASE-000215,ANL-1002,2026-01-06T22:09:00Z,THREAT_INTELLIGENCE,Microsoft Sentinel,REF-20069,Supports investigation finding
EVD-000201,ALT-000216,CASE-000216,ANL-1011,2026-01-06T11:24:00Z,ENDPOINT_LOG,IBM QRadar,REF-75979,Supports investigation finding
EVD-000202,ALT-000217,CASE-000217,ANL-1003,2026-01-06T04:28:00Z,ENDPOINT_LOG,Elastic Security,REF-20302,Supports investigation finding
EVD-000203,ALT-000219,CASE-000219,ANL-1004,2026-01-07T00:18:00Z,CASE_NOTE,Microsoft Sentinel,REF-56507,Supports investigation finding
EVD-000204,ALT-000220,CASE-000220,ANL-1002,2026-01-06T04:10:00Z,CASE_NOTE,Elastic Security,REF-66093,Supports investigation finding
EVD-000205,ALT-000221,CASE-000221,ANL-1002,2026-01-06T16:08:00Z,CASE_NOTE,Microsoft Sentinel,REF-86273,Supports investigation finding
EVD-000206,ALT-000222,CASE-000222,ANL-1009,2026-01-06T13:12:00Z,NETWORK_LOG,Elastic Security,REF-91522,Supports investigation finding
EVD-000207,ALT-000223,CASE-000223,ANL-1008,2026-01-06T10:10:00Z,AUTHENTICATION_LOG,IBM QRadar,REF-66450,Supports investigation finding
EVD-000208,ALT-000224,CASE-000224,ANL-1011,2026-01-06T22:32:00Z,CASE_NOTE,Elastic Security,REF-58026,Supports investigation finding
EVD-000209,ALT-000225,CASE-000225,ANL-1006,2026-01-06T12:31:00Z,SIEM_LOG,Splunk ES,REF-71564,Supports investigation finding
EVD-000210,ALT-000226,CASE-000226,ANL-1008,2026-01-06T18:33:00Z,AUTHENTICATION_LOG,Splunk ES,REF-39607,Supports investigation finding
EVD-000211,ALT-000227,CASE-000227,ANL-1007,2026-01-06T17:03:00Z,THREAT_INTELLIGENCE,Microsoft Sentinel,REF-71249,Supports investigation finding
EVD-000212,ALT-000228,CASE-000228,ANL-1011,2026-01-06T08:35:00Z,SIEM_LOG,Elastic Security,REF-42189,Supports investigation finding
EVD-000213,ALT-000229,CASE-000229,ANL-1003,2026-01-06T01:55:00Z,CASE_NOTE,Microsoft Sentinel,REF-28423,Supports investigation finding
EVD-000214,ALT-000230,CASE-000230,ANL-1002,2026-01-06T08:31:00Z,PROCESS_TREE,IBM QRadar,REF-59113,Supports investigation finding
EVD-000215,ALT-000231,CASE-000231,ANL-1003,2026-01-06T09:44:00Z,NETWORK_LOG,IBM QRadar,REF-21829,Supports investigation finding
EVD-000216,ALT-000232,CASE-000232,ANL-1011,2026-01-06T11:57:00Z,THREAT_INTELLIGENCE,Microsoft Sentinel,REF-13584,Supports investigation finding
EVD-000217,ALT-000233,CASE-000233,ANL-1002,2026-01-06T11:26:00Z,ENDPOINT_LOG,Splunk ES,REF-61576,Supports investigation finding
EVD-000218,ALT-000234,CASE-000234,ANL-1004,2026-01-06T20:13:00Z,ENDPOINT_LOG,Elastic Security,REF-36626,Supports investigation finding
EVD-000219,ALT-000235,CASE-000235,ANL-1005,2026-01-06T19:56:00Z,THREAT_INTELLIGENCE,Splunk ES,REF-62108,Supports investigation finding
EVD-000220,ALT-000236,CASE-000236,ANL-1006,2026-01-06T02:35:00Z,AUTHENTICATION_LOG,Elastic Security,REF-54456,Supports investigation finding
EVD-000221,ALT-000237,CASE-000237,ANL-1002,2026-01-06T04:59:00Z,PROCESS_TREE,Splunk ES,REF-96169,Supports investigation finding
EVD-000222,ALT-000239,CASE-000239,ANL-1002,2026-01-06T06:10:00Z,PROCESS_TREE,Elastic Security,REF-96246,Supports investigation finding
EVD-000223,ALT-000240,CASE-000240,ANL-1010,2026-01-07T01:20:00Z,CASE_NOTE,Microsoft Sentinel,REF-62742,Supports investigation finding
EVD-000224,ALT-000241,CASE-000241,ANL-1005,2026-01-08T00:40:00Z,THREAT_INTELLIGENCE,Splunk ES,REF-65838,Supports investigation finding
EVD-000225,ALT-000242,CASE-000242,ANL-1003,2026-01-07T22:35:00Z,PROCESS_TREE,Microsoft Sentinel,REF-24107,Supports investigation finding
EVD-000226,ALT-000243,CASE-000243,ANL-1005,2026-01-07T19:30:00Z,ENDPOINT_LOG,Microsoft Sentinel,REF-20252,Supports investigation finding
EVD-000227,ALT-000244,CASE-000244,ANL-1001,2026-01-07T12:36:00Z,ENDPOINT_LOG,Elastic Security,REF-73060,Supports investigation finding
EVD-000228,ALT-000245,CASE-000245,ANL-1008,2026-01-07T15:08:00Z,AUTHENTICATION_LOG,Microsoft Sentinel,REF-74972,Supports investigation finding
EVD-000229,ALT-000246,CASE-000246,ANL-1010,2026-01-07T19:50:00Z,THREAT_INTELLIGENCE,Elastic Security,REF-35192,Supports investigation finding
EVD-000230,ALT-000247,CASE-000247,ANL-1010,2026-01-07T21:58:00Z,PROCESS_TREE,Elastic Security,REF-74511,Supports investigation finding
EVD-000231,ALT-000248,CASE-000248,ANL-1006,2026-01-07T01:51:00Z,CASE_NOTE,IBM QRadar,REF-83010,Supports investigation finding
EVD-000232,ALT-000249,CASE-000249,ANL-1002,2026-01-07T15:22:00Z,SIEM_LOG,Microsoft Sentinel,REF-36462,Supports investigation finding
EVD-000233,ALT-000250,CASE-000250,ANL-1006,2026-01-07T02:51:00Z,SIEM_LOG,Elastic Security,REF-21112,Supports investigation finding
EVD-000234,ALT-000251,CASE-000251,ANL-1011,2026-01-07T22:58:00Z,CASE_NOTE,Microsoft Sentinel,REF-95033,Supports investigation finding
EVD-000235,ALT-000252,CASE-000252,ANL-1003,2026-01-07T14:01:00Z,THREAT_INTELLIGENCE,IBM QRadar,REF-76518,Supports investigation finding
EVD-000236,ALT-000253,CASE-000253,ANL-1008,2026-01-07T23:47:00Z,ENDPOINT_LOG,Splunk ES,REF-65796,Supports investigation finding
EVD-000237,ALT-000254,CASE-000254,ANL-1008,2026-01-07T15:43:00Z,AUTHENTICATION_LOG,Elastic Security,REF-72043,Supports investigation finding
EVD-000238,ALT-000255,CASE-000255,ANL-1006,2026-01-07T03:46:00Z,CASE_NOTE,Microsoft Sentinel,REF-74067,Supports investigation finding
EVD-000239,ALT-000256,CASE-000256,ANL-1005,2026-01-07T16:14:00Z,SIEM_LOG,IBM QRadar,REF-97876,Supports investigation finding
EVD-000240,ALT-000257,CASE-000257,ANL-1009,2026-01-07T22:59:00Z,PROCESS_TREE,Microsoft Sentinel,REF-15896,Supports investigation finding
EVD-000241,ALT-000258,CASE-000258,ANL-1007,2026-01-07T17:24:00Z,NETWORK_LOG,Microsoft Sentinel,REF-61110,Supports investigation finding
EVD-000242,ALT-000259,CASE-000259,ANL-1002,2026-01-07T13:25:00Z,SIEM_LOG,Splunk ES,REF-45279,Supports investigation finding
EVD-000243,ALT-000260,CASE-000260,ANL-1011,2026-01-07T14:44:00Z,NETWORK_LOG,Splunk ES,REF-92864,Supports investigation finding
EVD-000244,ALT-000261,CASE-000261,ANL-1002,2026-01-07T02:53:00Z,THREAT_INTELLIGENCE,Microsoft Sentinel,REF-27527,Supports investigation finding
EVD-000245,ALT-000262,CASE-000262,ANL-1008,2026-01-07T18:47:00Z,AUTHENTICATION_LOG,Microsoft Sentinel,REF-11227,Supports investigation finding
EVD-000246,ALT-000263,CASE-000263,ANL-1005,2026-01-07T20:56:00Z,PROCESS_TREE,Splunk ES,REF-26809,Supports investigation finding
EVD-000247,ALT-000264,CASE-000264,ANL-1011,2026-01-07T08:59:00Z,CASE_NOTE,IBM QRadar,REF-15697,Supports investigation finding
EVD-000248,ALT-000265,CASE-000265,ANL-1002,2026-01-07T07:02:00Z,ENDPOINT_LOG,Microsoft Sentinel,REF-24134,Supports investigation finding
EVD-000249,ALT-000266,CASE-000266,ANL-1010,2026-01-07T07:27:00Z,SIEM_LOG,Microsoft Sentinel,REF-98809,Supports investigation finding
EVD-000250,ALT-000267,CASE-000267,ANL-1010,2026-01-07T13:51:00Z,CASE_NOTE,Microsoft Sentinel,REF-35377,Supports investigation finding
EVD-000251,ALT-000268,CASE-000268,ANL-1003,2026-01-07T20:05:00Z,PROCESS_TREE,Microsoft Sentinel,REF-86865,Supports investigation finding
EVD-000252,ALT-000269,CASE-000269,ANL-1004,2026-01-07T07:12:00Z,THREAT_INTELLIGENCE,IBM QRadar,REF-39232,Supports investigation finding
EVD-000253,ALT-000270,CASE-000270,ANL-1007,2026-01-07T11:25:00Z,ENDPOINT_LOG,Splunk ES,REF-38697,Supports investigation finding
EVD-000254,ALT-000271,CASE-000271,ANL-1005,2026-01-07T06:12:00Z,ENDPOINT_LOG,Microsoft Sentinel,REF-79803,Supports investigation finding
EVD-000255,ALT-000272,CASE-000272,ANL-1010,2026-01-07T02:31:00Z,NETWORK_LOG,IBM QRadar,REF-75350,Supports investigation finding
EVD-000256,ALT-000273,CASE-000273,ANL-1010,2026-01-07T21:37:00Z,AUTHENTICATION_LOG,Splunk ES,REF-78002,Supports investigation finding
EVD-000257,ALT-000274,CASE-000274,ANL-1008,2026-01-07T14:06:00Z,SIEM_LOG,IBM QRadar,REF-19351,Supports investigation finding
EVD-000258,ALT-000275,CASE-000275,ANL-1011,2026-01-07T10:37:00Z,THREAT_INTELLIGENCE,Splunk ES,REF-37508,Supports investigation finding
EVD-000259,ALT-000276,CASE-000276,ANL-1004,2026-01-07T12:07:00Z,PROCESS_TREE,Elastic Security,REF-13046,Supports investigation finding
EVD-000260,ALT-000277,CASE-000277,ANL-1010,2026-01-07T19:15:00Z,CASE_NOTE,Elastic Security,REF-89084,Supports investigation finding
EVD-000261,ALT-000278,CASE-000278,ANL-1004,2026-01-07T09:47:00Z,CASE_NOTE,Microsoft Sentinel,REF-36958,Supports investigation finding
EVD-000262,ALT-000279,CASE-000279,ANL-1007,2026-01-07T15:02:00Z,AUTHENTICATION_LOG,Splunk ES,REF-96386,Supports investigation finding
EVD-000263,ALT-000280,CASE-000280,ANL-1011,2026-01-07T06:10:00Z,SIEM_LOG,Microsoft Sentinel,REF-19593,Supports investigation finding
EVD-000264,ALT-000281,CASE-000281,ANL-1005,2026-01-08T01:29:00Z,NETWORK_LOG,Splunk ES,REF-26272,Supports investigation finding
EVD-000265,ALT-000283,CASE-000283,ANL-1006,2026-01-08T01:25:00Z,ENDPOINT_LOG,Microsoft Sentinel,REF-23878,Supports investigation finding
EVD-000266,ALT-000284,CASE-000284,ANL-1004,2026-01-08T01:05:00Z,THREAT_INTELLIGENCE,Microsoft Sentinel,REF-27423,Supports investigation finding
EVD-000267,ALT-000285,CASE-000285,ANL-1007,2026-01-08T18:56:00Z,AUTHENTICATION_LOG,Splunk ES,REF-36789,Supports investigation finding
EVD-000268,ALT-000286,CASE-000286,ANL-1001,2026-01-08T22:02:00Z,AUTHENTICATION_LOG,Elastic Security,REF-92546,Supports investigation finding
EVD-000269,ALT-000287,CASE-000287,ANL-1004,2026-01-08T20:49:00Z,NETWORK_LOG,Splunk ES,REF-85552,Supports investigation finding
EVD-000270,ALT-000288,CASE-000288,ANL-1010,2026-01-08T14:36:00Z,PROCESS_TREE,Splunk ES,REF-89432,Supports investigation finding
EVD-000271,ALT-000289,CASE-000289,ANL-1004,2026-01-08T05:37:00Z,CASE_NOTE,IBM QRadar,REF-67186,Supports investigation finding
EVD-000272,ALT-000290,CASE-000290,ANL-1004,2026-01-08T14:42:00Z,ENDPOINT_LOG,Microsoft Sentinel,REF-65436,Supports investigation finding
EVD-000273,ALT-000291,CASE-000291,ANL-1007,2026-01-08T22:28:00Z,THREAT_INTELLIGENCE,Elastic Security,REF-66485,Supports investigation finding
EVD-000274,ALT-000292,CASE-000292,ANL-1009,2026-01-08T15:49:00Z,SIEM_LOG,Elastic Security,REF-46275,Supports investigation finding
EVD-000275,ALT-000293,CASE-000293,ANL-1001,2026-01-08T04:07:00Z,NETWORK_LOG,Microsoft Sentinel,REF-41404,Supports investigation finding
EVD-000276,ALT-000294,CASE-000294,ANL-1002,2026-01-08T11:32:00Z,THREAT_INTELLIGENCE,Elastic Security,REF-68236,Supports investigation finding
EVD-000277,ALT-000295,CASE-000295,ANL-1003,2026-01-08T19:50:00Z,AUTHENTICATION_LOG,Microsoft Sentinel,REF-13830,Supports investigation finding
EVD-000278,ALT-000296,CASE-000296,ANL-1011,2026-01-08T16:34:00Z,SIEM_LOG,Splunk ES,REF-48138,Supports investigation finding
EVD-000279,ALT-000297,CASE-000297,ANL-1003,2026-01-08T18:47:00Z,ENDPOINT_LOG,Elastic Security,REF-48905,Supports investigation finding
EVD-000280,ALT-000298,CASE-000298,ANL-1010,2026-01-08T23:01:00Z,SIEM_LOG,Microsoft Sentinel,REF-81819,Supports investigation finding
EVD-000281,ALT-000299,CASE-000299,ANL-1002,2026-01-08T13:08:00Z,ENDPOINT_LOG,IBM QRadar,REF-37494,Supports investigation finding
EVD-000282,ALT-000300,CASE-000300,ANL-1007,2026-01-08T05:01:00Z,AUTHENTICATION_LOG,Splunk ES,REF-49674,Supports investigation finding
EVD-000283,ALT-000301,CASE-000301,ANL-1005,2026-01-08T21:10:00Z,AUTHENTICATION_LOG,Elastic Security,REF-94488,Supports investigation finding
EVD-000284,ALT-000302,CASE-000302,ANL-1007,2026-01-08T17:31:00Z,ENDPOINT_LOG,Microsoft Sentinel,REF-95542,Supports investigation finding
EVD-000285,ALT-000303,CASE-000303,ANL-1006,2026-01-08T17:38:00Z,THREAT_INTELLIGENCE,Splunk ES,REF-15863,Supports investigation finding
EVD-000286,ALT-000304,CASE-000304,ANL-1010,2026-01-08T06:51:00Z,THREAT_INTELLIGENCE,IBM QRadar,REF-45310,Supports investigation finding
EVD-000287,ALT-000306,CASE-000306,ANL-1008,2026-01-08T10:14:00Z,THREAT_INTELLIGENCE,IBM QRadar,REF-30380,Supports investigation finding
EVD-000288,ALT-000307,CASE-000307,ANL-1004,2026-01-08T21:35:00Z,SIEM_LOG,Elastic Security,REF-41462,Supports investigation finding
EVD-000289,ALT-000308,CASE-000308,ANL-1001,2026-01-08T16:26:00Z,THREAT_INTELLIGENCE,Elastic Security,REF-78618,Supports investigation finding
EVD-000290,ALT-000309,CASE-000309,ANL-1007,2026-01-08T11:49:00Z,CASE_NOTE,Splunk ES,REF-14643,Supports investigation finding
EVD-000291,ALT-000310,CASE-000310,ANL-1006,2026-01-08T11:20:00Z,AUTHENTICATION_LOG,IBM QRadar,REF-61820,Supports investigation finding
EVD-000292,ALT-000311,CASE-000311,ANL-1008,2026-01-08T08:32:00Z,AUTHENTICATION_LOG,Elastic Security,REF-97194,Supports investigation finding
EVD-000293,ALT-000312,CASE-000312,ANL-1007,2026-01-08T04:54:00Z,NETWORK_LOG,Elastic Security,REF-73691,Supports investigation finding
EVD-000294,ALT-000313,CASE-000313,ANL-1005,2026-01-08T04:51:00Z,AUTHENTICATION_LOG,Splunk ES,REF-12314,Supports investigation finding
EVD-000295,ALT-000314,CASE-000314,ANL-1011,2026-01-08T10:36:00Z,SIEM_LOG,Splunk ES,REF-10070,Supports investigation finding
EVD-000296,ALT-000315,CASE-000315,ANL-1007,2026-01-08T19:30:00Z,THREAT_INTELLIGENCE,Elastic Security,REF-88883,Supports investigation finding
EVD-000297,ALT-000316,CASE-000316,ANL-1009,2026-01-08T03:30:00Z,PROCESS_TREE,IBM QRadar,REF-76043,Supports investigation finding
EVD-000298,ALT-000317,CASE-000317,ANL-1004,2026-01-08T02:54:00Z,AUTHENTICATION_LOG,Elastic Security,REF-76036,Supports investigation finding
EVD-000299,ALT-000318,CASE-000318,ANL-1003,2026-01-08T18:10:00Z,SIEM_LOG,Splunk ES,REF-81994,Supports investigation finding
EVD-000300,ALT-000319,CASE-000319,ANL-1001,2026-01-08T21:38:00Z,AUTHENTICATION_LOG,Splunk ES,REF-40372,Supports investigation finding
EVD-000301,ALT-000320,CASE-000320,ANL-1003,2026-01-08T15:26:00Z,SIEM_LOG,Elastic Security,REF-79045,Supports investigation finding
EVD-000302,ALT-000321,CASE-000321,ANL-1011,2026-01-09T02:04:00Z,NETWORK_LOG,Splunk ES,REF-53483,Supports investigation finding
EVD-000303,ALT-000322,CASE-000322,ANL-1002,2026-01-09T21:14:00Z,THREAT_INTELLIGENCE,Microsoft Sentinel,REF-24733,Supports investigation finding
EVD-000304,ALT-000324,CASE-000324,ANL-1005,2026-01-09T12:34:00Z,ENDPOINT_LOG,Microsoft Sentinel,REF-60465,Supports investigation finding
EVD-000305,ALT-000325,CASE-000325,ANL-1011,2026-01-09T20:23:00Z,PROCESS_TREE,Splunk ES,REF-72118,Supports investigation finding
EVD-000306,ALT-000326,CASE-000326,ANL-1008,2026-01-09T05:25:00Z,CASE_NOTE,Elastic Security,REF-87847,Supports investigation finding
EVD-000307,ALT-000327,CASE-000327,ANL-1010,2026-01-09T03:13:00Z,CASE_NOTE,Elastic Security,REF-32751,Supports investigation finding
EVD-000308,ALT-000328,CASE-000328,ANL-1005,2026-01-09T15:04:00Z,AUTHENTICATION_LOG,IBM QRadar,REF-51050,Supports investigation finding
EVD-000309,ALT-000329,CASE-000329,ANL-1002,2026-01-09T08:43:00Z,PROCESS_TREE,IBM QRadar,REF-15881,Supports investigation finding
EVD-000310,ALT-000330,CASE-000330,ANL-1006,2026-01-09T09:48:00Z,PROCESS_TREE,Elastic Security,REF-14903,Supports investigation finding
EVD-000311,ALT-000331,CASE-000331,ANL-1004,2026-01-09T03:46:00Z,PROCESS_TREE,Splunk ES,REF-92285,Supports investigation finding
EVD-000312,ALT-000332,CASE-000332,ANL-1002,2026-01-09T18:26:00Z,PROCESS_TREE,Elastic Security,REF-73997,Supports investigation finding
EVD-000313,ALT-000333,CASE-000333,ANL-1008,2026-01-09T21:41:00Z,ENDPOINT_LOG,IBM QRadar,REF-60885,Supports investigation finding
EVD-000314,ALT-000334,CASE-000334,ANL-1002,2026-01-09T14:43:00Z,ENDPOINT_LOG,Microsoft Sentinel,REF-71599,Supports investigation finding
EVD-000315,ALT-000335,CASE-000335,ANL-1006,2026-01-09T12:32:00Z,PROCESS_TREE,Elastic Security,REF-38063,Supports investigation finding
EVD-000316,ALT-000337,CASE-000337,ANL-1006,2026-01-09T05:20:00Z,NETWORK_LOG,Elastic Security,REF-37494,Supports investigation finding
EVD-000317,ALT-000338,CASE-000338,ANL-1002,2026-01-09T10:48:00Z,NETWORK_LOG,Elastic Security,REF-96455,Supports investigation finding
EVD-000318,ALT-000339,CASE-000339,ANL-1001,2026-01-09T04:40:00Z,CASE_NOTE,Elastic Security,REF-70810,Supports investigation finding
EVD-000319,ALT-000340,CASE-000340,ANL-1005,2026-01-09T22:15:00Z,PROCESS_TREE,Elastic Security,REF-94467,Supports investigation finding
EVD-000320,ALT-000341,CASE-000341,ANL-1007,2026-01-09T23:39:00Z,THREAT_INTELLIGENCE,Splunk ES,REF-87763,Supports investigation finding
EVD-000321,ALT-000342,CASE-000342,ANL-1011,2026-01-09T15:06:00Z,SIEM_LOG,Splunk ES,REF-24034,Supports investigation finding
EVD-000322,ALT-000343,CASE-000343,ANL-1004,2026-01-09T12:41:00Z,THREAT_INTELLIGENCE,Elastic Security,REF-89515,Supports investigation finding
EVD-000323,ALT-000344,CASE-000344,ANL-1001,2026-01-09T20:12:00Z,NETWORK_LOG,IBM QRadar,REF-73120,Supports investigation finding
EVD-000324,ALT-000345,CASE-000345,ANL-1009,2026-01-09T16:24:00Z,PROCESS_TREE,Splunk ES,REF-24097,Supports investigation finding
EVD-000325,ALT-000346,CASE-000346,ANL-1002,2026-01-09T21:36:00Z,NETWORK_LOG,Microsoft Sentinel,REF-29010,Supports investigation finding
EVD-000326,ALT-000347,CASE-000347,ANL-1008,2026-01-09T10:50:00Z,SIEM_LOG,IBM QRadar,REF-74740,Supports investigation finding
EVD-000327,ALT-000348,CASE-000348,ANL-1006,2026-01-09T06:43:00Z,CASE_NOTE,Splunk ES,REF-64405,Supports investigation finding
EVD-000328,ALT-000349,CASE-000349,ANL-1010,2026-01-09T12:18:00Z,ENDPOINT_LOG,IBM QRadar,REF-58349,Supports investigation finding
EVD-000329,ALT-000350,CASE-000350,ANL-1005,2026-01-09T03:39:00Z,PROCESS_TREE,IBM QRadar,REF-41525,Supports investigation finding
EVD-000330,ALT-000351,CASE-000351,ANL-1002,2026-01-09T16:29:00Z,NETWORK_LOG,IBM QRadar,REF-37349,Supports investigation finding
EVD-000331,ALT-000352,CASE-000352,ANL-1003,2026-01-09T16:52:00Z,ENDPOINT_LOG,IBM QRadar,REF-44964,Supports investigation finding
EVD-000332,ALT-000353,CASE-000353,ANL-1006,2026-01-09T18:16:00Z,NETWORK_LOG,Splunk ES,REF-79410,Supports investigation finding
EVD-000333,ALT-000354,CASE-000354,ANL-1004,2026-01-09T08:08:00Z,CASE_NOTE,Microsoft Sentinel,REF-36683,Supports investigation finding
EVD-000334,ALT-000355,CASE-000355,ANL-1008,2026-01-10T05:00:00Z,PROCESS_TREE,Splunk ES,REF-56156,Supports investigation finding
EVD-000335,ALT-000356,CASE-000356,ANL-1011,2026-01-09T01:37:00Z,CASE_NOTE,Splunk ES,REF-56219,Supports investigation finding
EVD-000336,ALT-000357,CASE-000357,ANL-1001,2026-01-10T04:09:00Z,ENDPOINT_LOG,Elastic Security,REF-44774,Supports investigation finding
EVD-000337,ALT-000358,CASE-000358,ANL-1001,2026-01-09T09:56:00Z,AUTHENTICATION_LOG,IBM QRadar,REF-47782,Supports investigation finding
EVD-000338,ALT-000359,CASE-000359,ANL-1001,2026-01-09T12:35:00Z,AUTHENTICATION_LOG,Splunk ES,REF-62312,Supports investigation finding
EVD-000339,ALT-000360,CASE-000360,ANL-1006,2026-01-09T23:14:00Z,ENDPOINT_LOG,Splunk ES,REF-79018,Supports investigation finding
EVD-000340,ALT-000361,CASE-000361,ANL-1008,2026-01-10T14:35:00Z,AUTHENTICATION_LOG,Microsoft Sentinel,REF-17123,Supports investigation finding
EVD-000341,ALT-000362,CASE-000362,ANL-1008,2026-01-10T10:00:00Z,ENDPOINT_LOG,Microsoft Sentinel,REF-89140,Supports investigation finding
EVD-000342,ALT-000363,CASE-000363,ANL-1007,2026-01-10T17:13:00Z,PROCESS_TREE,Microsoft Sentinel,REF-81654,Supports investigation finding
EVD-000343,ALT-000364,CASE-000364,ANL-1006,2026-01-10T19:05:00Z,NETWORK_LOG,Elastic Security,REF-28258,Supports investigation finding
EVD-000344,ALT-000365,CASE-000365,ANL-1009,2026-01-10T17:39:00Z,THREAT_INTELLIGENCE,Elastic Security,REF-76450,Supports investigation finding
EVD-000345,ALT-000366,CASE-000366,ANL-1004,2026-01-10T23:45:00Z,AUTHENTICATION_LOG,Microsoft Sentinel,REF-59063,Supports investigation finding
EVD-000346,ALT-000367,CASE-000367,ANL-1011,2026-01-10T13:19:00Z,NETWORK_LOG,Splunk ES,REF-63480,Supports investigation finding
EVD-000347,ALT-000368,CASE-000368,ANL-1009,2026-01-11T00:19:00Z,ENDPOINT_LOG,Splunk ES,REF-16747,Supports investigation finding
EVD-000348,ALT-000369,CASE-000369,ANL-1006,2026-01-10T08:49:00Z,ENDPOINT_LOG,Splunk ES,REF-36769,Supports investigation finding
EVD-000349,ALT-000370,CASE-000370,ANL-1010,2026-01-10T19:33:00Z,SIEM_LOG,Microsoft Sentinel,REF-17255,Supports investigation finding
EVD-000350,ALT-000371,CASE-000371,ANL-1007,2026-01-10T13:15:00Z,AUTHENTICATION_LOG,Elastic Security,REF-80283,Supports investigation finding
EVD-000351,ALT-000372,CASE-000372,ANL-1008,2026-01-10T01:42:00Z,NETWORK_LOG,Microsoft Sentinel,REF-82273,Supports investigation finding
EVD-000352,ALT-000373,CASE-000373,ANL-1006,2026-01-10T03:43:00Z,SIEM_LOG,Elastic Security,REF-75392,Supports investigation finding
EVD-000353,ALT-000375,CASE-000375,ANL-1007,2026-01-10T20:28:00Z,CASE_NOTE,Microsoft Sentinel,REF-99469,Supports investigation finding
EVD-000354,ALT-000376,CASE-000376,ANL-1005,2026-01-10T02:21:00Z,THREAT_INTELLIGENCE,IBM QRadar,REF-82955,Supports investigation finding
EVD-000355,ALT-000377,CASE-000377,ANL-1002,2026-01-10T18:07:00Z,PROCESS_TREE,IBM QRadar,REF-39878,Supports investigation finding
EVD-000356,ALT-000378,CASE-000378,ANL-1001,2026-01-10T12:30:00Z,PROCESS_TREE,IBM QRadar,REF-57223,Supports investigation finding
EVD-000357,ALT-000379,CASE-000379,ANL-1003,2026-01-10T19:41:00Z,SIEM_LOG,IBM QRadar,REF-39436,Supports investigation finding
EVD-000358,ALT-000380,CASE-000380,ANL-1008,2026-01-10T17:29:00Z,THREAT_INTELLIGENCE,Splunk ES,REF-73459,Supports investigation finding
EVD-000359,ALT-000381,CASE-000381,ANL-1009,2026-01-10T06:15:00Z,SIEM_LOG,Elastic Security,REF-31859,Supports investigation finding
EVD-000360,ALT-000382,CASE-000382,ANL-1007,2026-01-10T02:29:00Z,AUTHENTICATION_LOG,Splunk ES,REF-63592,Supports investigation finding
EVD-000361,ALT-000383,CASE-000383,ANL-1009,2026-01-10T19:35:00Z,PROCESS_TREE,Microsoft Sentinel,REF-78838,Supports investigation finding
EVD-000362,ALT-000384,CASE-000384,ANL-1001,2026-01-10T05:52:00Z,CASE_NOTE,Splunk ES,REF-23909,Supports investigation finding
EVD-000363,ALT-000385,CASE-000385,ANL-1003,2026-01-10T18:07:00Z,AUTHENTICATION_LOG,Microsoft Sentinel,REF-74651,Supports investigation finding
EVD-000364,ALT-000386,CASE-000386,ANL-1002,2026-01-10T12:19:00Z,PROCESS_TREE,Splunk ES,REF-59310,Supports investigation finding
EVD-000365,ALT-000387,CASE-000387,ANL-1005,2026-01-11T00:09:00Z,AUTHENTICATION_LOG,Microsoft Sentinel,REF-79528,Supports investigation finding
EVD-000366,ALT-000388,CASE-000388,ANL-1010,2026-01-10T21:06:00Z,THREAT_INTELLIGENCE,Elastic Security,REF-62178,Supports investigation finding
EVD-000367,ALT-000389,CASE-000389,ANL-1009,2026-01-10T09:53:00Z,NETWORK_LOG,Elastic Security,REF-68672,Supports investigation finding
EVD-000368,ALT-000390,CASE-000390,ANL-1006,2026-01-10T20:09:00Z,NETWORK_LOG,Microsoft Sentinel,REF-31155,Supports investigation finding
EVD-000369,ALT-000391,CASE-000391,ANL-1009,2026-01-10T01:15:00Z,SIEM_LOG,Elastic Security,REF-76127,Supports investigation finding
EVD-000370,ALT-000392,CASE-000392,ANL-1001,2026-01-10T17:39:00Z,THREAT_INTELLIGENCE,Elastic Security,REF-61595,Supports investigation finding
EVD-000371,ALT-000393,CASE-000393,ANL-1004,2026-01-10T13:28:00Z,THREAT_INTELLIGENCE,Elastic Security,REF-84270,Supports investigation finding
EVD-000372,ALT-000394,CASE-000394,ANL-1003,2026-01-10T11:25:00Z,CASE_NOTE,Elastic Security,REF-11785,Supports investigation finding
EVD-000373,ALT-000395,CASE-000395,ANL-1007,2026-01-10T03:53:00Z,THREAT_INTELLIGENCE,Elastic Security,REF-36799,Supports investigation finding
EVD-000374,ALT-000396,CASE-000396,ANL-1003,2026-01-10T11:33:00Z,PROCESS_TREE,Elastic Security,REF-71432,Supports investigation finding
EVD-000375,ALT-000397,CASE-000397,ANL-1011,2026-01-10T08:17:00Z,PROCESS_TREE,Splunk ES,REF-23411,Supports investigation finding
EVD-000376,ALT-000398,CASE-000398,ANL-1008,2026-01-10T20:16:00Z,NETWORK_LOG,Microsoft Sentinel,REF-75585,Supports investigation finding
EVD-000377,ALT-000399,CASE-000399,ANL-1004,2026-01-10T20:28:00Z,PROCESS_TREE,IBM QRadar,REF-35032,Supports investigation finding
EVD-000378,ALT-000400,CASE-000400,ANL-1001,2026-01-10T17:31:00Z,PROCESS_TREE,IBM QRadar,REF-92868,Supports investigation finding
EVD-000379,ALT-000401,CASE-000401,ANL-1002,2026-01-11T18:17:00Z,CASE_NOTE,Microsoft Sentinel,REF-98079,Supports investigation finding
EVD-000380,ALT-000402,CASE-000402,ANL-1002,2026-01-11T21:31:00Z,PROCESS_TREE,Splunk ES,REF-21284,Supports investigation finding
EVD-000381,ALT-000403,CASE-000403,ANL-1011,2026-01-11T11:08:00Z,NETWORK_LOG,Splunk ES,REF-64261,Supports investigation finding
EVD-000382,ALT-000404,CASE-000404,ANL-1005,2026-01-11T23:14:00Z,THREAT_INTELLIGENCE,IBM QRadar,REF-76029,Supports investigation finding
EVD-000383,ALT-000405,CASE-000405,ANL-1011,2026-01-11T04:20:00Z,NETWORK_LOG,Elastic Security,REF-50144,Supports investigation finding
EVD-000384,ALT-000406,CASE-000406,ANL-1010,2026-01-11T15:17:00Z,SIEM_LOG,Elastic Security,REF-31499,Supports investigation finding
EVD-000385,ALT-000407,CASE-000407,ANL-1011,2026-01-11T04:26:00Z,AUTHENTICATION_LOG,Microsoft Sentinel,REF-21818,Supports investigation finding
EVD-000386,ALT-000408,CASE-000408,ANL-1011,2026-01-11T16:42:00Z,SIEM_LOG,Splunk ES,REF-55464,Supports investigation finding
EVD-000387,ALT-000409,CASE-000409,ANL-1009,2026-01-11T12:01:00Z,AUTHENTICATION_LOG,Elastic Security,REF-98509,Supports investigation finding
EVD-000388,ALT-000410,CASE-000410,ANL-1002,2026-01-11T18:01:00Z,AUTHENTICATION_LOG,Microsoft Sentinel,REF-43901,Supports investigation finding
EVD-000389,ALT-000411,CASE-000411,ANL-1002,2026-01-11T18:10:00Z,SIEM_LOG,Elastic Security,REF-74175,Supports investigation finding
EVD-000390,ALT-000412,CASE-000412,ANL-1001,2026-01-11T10:34:00Z,PROCESS_TREE,Splunk ES,REF-22395,Supports investigation finding
EVD-000391,ALT-000414,CASE-000414,ANL-1008,2026-01-11T12:07:00Z,NETWORK_LOG,Elastic Security,REF-70613,Supports investigation finding
EVD-000392,ALT-000415,CASE-000415,ANL-1002,2026-01-11T11:01:00Z,NETWORK_LOG,Elastic Security,REF-62813,Supports investigation finding
EVD-000393,ALT-000416,CASE-000416,ANL-1005,2026-01-11T17:12:00Z,PROCESS_TREE,IBM QRadar,REF-26186,Supports investigation finding
EVD-000394,ALT-000417,CASE-000417,ANL-1003,2026-01-11T09:46:00Z,CASE_NOTE,Elastic Security,REF-68911,Supports investigation finding
EVD-000395,ALT-000418,CASE-000418,ANL-1003,2026-01-11T15:30:00Z,PROCESS_TREE,Microsoft Sentinel,REF-91984,Supports investigation finding
EVD-000396,ALT-000419,CASE-000419,ANL-1009,2026-01-11T21:00:00Z,AUTHENTICATION_LOG,Splunk ES,REF-41704,Supports investigation finding
EVD-000397,ALT-000421,CASE-000421,ANL-1007,2026-01-11T01:56:00Z,NETWORK_LOG,Elastic Security,REF-94152,Supports investigation finding
EVD-000398,ALT-000422,CASE-000422,ANL-1008,2026-01-11T15:15:00Z,ENDPOINT_LOG,IBM QRadar,REF-26849,Supports investigation finding
EVD-000399,ALT-000424,CASE-000424,ANL-1005,2026-01-11T11:03:00Z,SIEM_LOG,Splunk ES,REF-45582,Supports investigation finding
EVD-000400,ALT-000425,CASE-000425,ANL-1003,2026-01-11T07:46:00Z,CASE_NOTE,Splunk ES,REF-86188,Supports investigation finding
EVD-000401,ALT-000426,CASE-000426,ANL-1008,2026-01-11T02:44:00Z,PROCESS_TREE,Microsoft Sentinel,REF-45486,Supports investigation finding
EVD-000402,ALT-000427,CASE-000427,ANL-1005,2026-01-11T20:55:00Z,CASE_NOTE,Splunk ES,REF-68090,Supports investigation finding
EVD-000403,ALT-000428,CASE-000428,ANL-1005,2026-01-11T10:16:00Z,ENDPOINT_LOG,Elastic Security,REF-44452,Supports investigation finding
EVD-000404,ALT-000429,CASE-000429,ANL-1008,2026-01-12T00:37:00Z,NETWORK_LOG,Elastic Security,REF-66033,Supports investigation finding
EVD-000405,ALT-000430,CASE-000430,ANL-1002,2026-01-11T08:42:00Z,NETWORK_LOG,IBM QRadar,REF-24553,Supports investigation finding
EVD-000406,ALT-000431,CASE-000431,ANL-1003,2026-01-11T14:22:00Z,NETWORK_LOG,IBM QRadar,REF-71384,Supports investigation finding
EVD-000407,ALT-000432,CASE-000432,ANL-1002,2026-01-11T00:53:00Z,THREAT_INTELLIGENCE,Elastic Security,REF-19902,Supports investigation finding
EVD-000408,ALT-000433,CASE-000433,ANL-1008,2026-01-11T03:17:00Z,NETWORK_LOG,Splunk ES,REF-10832,Supports investigation finding
EVD-000409,ALT-000434,CASE-000434,ANL-1004,2026-01-11T09:58:00Z,NETWORK_LOG,IBM QRadar,REF-51331,Supports investigation finding
EVD-000410,ALT-000435,CASE-000435,ANL-1004,2026-01-11T08:39:00Z,CASE_NOTE,Microsoft Sentinel,REF-26338,Supports investigation finding
EVD-000411,ALT-000436,CASE-000436,ANL-1010,2026-01-11T16:22:00Z,NETWORK_LOG,IBM QRadar,REF-50629,Supports investigation finding
EVD-000412,ALT-000437,CASE-000437,ANL-1008,2026-01-11T13:47:00Z,NETWORK_LOG,IBM QRadar,REF-90944,Supports investigation finding
EVD-000413,ALT-000438,CASE-000438,ANL-1011,2026-01-11T05:59:00Z,AUTHENTICATION_LOG,Microsoft Sentinel,REF-16094,Supports investigation finding
EVD-000414,ALT-000439,CASE-000439,ANL-1007,2026-01-11T08:14:00Z,ENDPOINT_LOG,Microsoft Sentinel,REF-26493,Supports investigation finding
EVD-000415,ALT-000440,CASE-000440,ANL-1007,2026-01-11T04:20:00Z,THREAT_INTELLIGENCE,Microsoft Sentinel,REF-16293,Supports investigation finding
EVD-000416,ALT-000441,CASE-000441,ANL-1007,2026-01-12T08:02:00Z,ENDPOINT_LOG,Elastic Security,REF-43460,Supports investigation finding
EVD-000417,ALT-000442,CASE-000442,ANL-1002,2026-01-12T17:05:00Z,ENDPOINT_LOG,Elastic Security,REF-62108,Supports investigation finding
EVD-000418,ALT-000443,CASE-000443,ANL-1010,2026-01-12T12:37:00Z,AUTHENTICATION_LOG,Microsoft Sentinel,REF-78386,Supports investigation finding
EVD-000419,ALT-000444,CASE-000444,ANL-1002,2026-01-12T09:58:00Z,CASE_NOTE,IBM QRadar,REF-55928,Supports investigation finding
EVD-000420,ALT-000445,CASE-000445,ANL-1010,2026-01-13T00:32:00Z,CASE_NOTE,Splunk ES,REF-26366,Supports investigation finding
EVD-000421,ALT-000446,CASE-000446,ANL-1005,2026-01-12T23:58:00Z,AUTHENTICATION_LOG,Microsoft Sentinel,REF-17425,Supports investigation finding
EVD-000422,ALT-000447,CASE-000447,ANL-1002,2026-01-12T09:22:00Z,SIEM_LOG,Elastic Security,REF-25397,Supports investigation finding
EVD-000423,ALT-000448,CASE-000448,ANL-1008,2026-01-12T12:14:00Z,ENDPOINT_LOG,Microsoft Sentinel,REF-46258,Supports investigation finding
EVD-000424,ALT-000449,CASE-000449,ANL-1009,2026-01-12T07:13:00Z,AUTHENTICATION_LOG,Elastic Security,REF-93817,Supports investigation finding
EVD-000425,ALT-000450,CASE-000450,ANL-1006,2026-01-12T15:57:00Z,ENDPOINT_LOG,Splunk ES,REF-54585,Supports investigation finding
EVD-000426,ALT-000451,CASE-000451,ANL-1005,2026-01-13T00:20:00Z,ENDPOINT_LOG,Microsoft Sentinel,REF-12722,Supports investigation finding
EVD-000427,ALT-000452,CASE-000452,ANL-1011,2026-01-12T19:34:00Z,CASE_NOTE,Elastic Security,REF-76512,Supports investigation finding
EVD-000428,ALT-000453,CASE-000453,ANL-1009,2026-01-12T23:08:00Z,SIEM_LOG,Splunk ES,REF-99392,Supports investigation finding
EVD-000429,ALT-000455,CASE-000455,ANL-1004,2026-01-12T06:25:00Z,NETWORK_LOG,Splunk ES,REF-56551,Supports investigation finding
EVD-000430,ALT-000456,CASE-000456,ANL-1004,2026-01-12T13:15:00Z,CASE_NOTE,Microsoft Sentinel,REF-84459,Supports investigation finding
EVD-000431,ALT-000457,CASE-000457,ANL-1009,2026-01-12T16:28:00Z,NETWORK_LOG,IBM QRadar,REF-24126,Supports investigation finding
EVD-000432,ALT-000458,CASE-000458,ANL-1006,2026-01-12T05:22:00Z,SIEM_LOG,Elastic Security,REF-96967,Supports investigation finding
EVD-000433,ALT-000459,CASE-000459,ANL-1011,2026-01-12T07:01:00Z,SIEM_LOG,Elastic Security,REF-50254,Supports investigation finding
EVD-000434,ALT-000460,CASE-000460,ANL-1004,2026-01-12T10:05:00Z,PROCESS_TREE,Microsoft Sentinel,REF-93941,Supports investigation finding
EVD-000435,ALT-000461,CASE-000461,ANL-1005,2026-01-12T09:26:00Z,THREAT_INTELLIGENCE,Splunk ES,REF-45732,Supports investigation finding
EVD-000436,ALT-000462,CASE-000462,ANL-1008,2026-01-12T07:18:00Z,THREAT_INTELLIGENCE,Microsoft Sentinel,REF-43619,Supports investigation finding
EVD-000437,ALT-000463,CASE-000463,ANL-1002,2026-01-12T04:12:00Z,PROCESS_TREE,Splunk ES,REF-58614,Supports investigation finding
EVD-000438,ALT-000464,CASE-000464,ANL-1010,2026-01-12T10:30:00Z,NETWORK_LOG,Splunk ES,REF-96246,Supports investigation finding
EVD-000439,ALT-000465,CASE-000465,ANL-1003,2026-01-12T17:50:00Z,SIEM_LOG,IBM QRadar,REF-60793,Supports investigation finding
EVD-000440,ALT-000466,CASE-000466,ANL-1008,2026-01-12T01:32:00Z,THREAT_INTELLIGENCE,Elastic Security,REF-32852,Supports investigation finding
EVD-000441,ALT-000467,CASE-000467,ANL-1001,2026-01-12T10:01:00Z,ENDPOINT_LOG,Splunk ES,REF-79459,Supports investigation finding
EVD-000442,ALT-000468,CASE-000468,ANL-1010,2026-01-12T22:27:00Z,NETWORK_LOG,Elastic Security,REF-82311,Supports investigation finding
EVD-000443,ALT-000469,CASE-000469,ANL-1011,2026-01-12T13:37:00Z,CASE_NOTE,Splunk ES,REF-16914,Supports investigation finding
EVD-000444,ALT-000470,CASE-000470,ANL-1002,2026-01-12T07:33:00Z,PROCESS_TREE,IBM QRadar,REF-82393,Supports investigation finding
EVD-000445,ALT-000471,CASE-000471,ANL-1001,2026-01-12T14:54:00Z,SIEM_LOG,Elastic Security,REF-33230,Supports investigation finding
EVD-000446,ALT-000473,CASE-000473,ANL-1005,2026-01-12T22:56:00Z,AUTHENTICATION_LOG,Elastic Security,REF-14716,Supports investigation finding
EVD-000447,ALT-000474,CASE-000474,ANL-1006,2026-01-12T13:57:00Z,ENDPOINT_LOG,IBM QRadar,REF-58940,Supports investigation finding
EVD-000448,ALT-000475,CASE-000475,ANL-1006,2026-01-13T03:01:00Z,SIEM_LOG,Microsoft Sentinel,REF-66750,Supports investigation finding
EVD-000449,ALT-000476,CASE-000476,ANL-1008,2026-01-12T16:47:00Z,THREAT_INTELLIGENCE,Elastic Security,REF-19932,Supports investigation finding
EVD-000450,ALT-000477,CASE-000477,ANL-1010,2026-01-12T19:02:00Z,CASE_NOTE,IBM QRadar,REF-66373,Supports investigation finding
EVD-000451,ALT-000479,CASE-000479,ANL-1008,2026-01-12T13:00:00Z,SIEM_LOG,Splunk ES,REF-12148,Supports investigation finding
EVD-000452,ALT-000480,CASE-000480,ANL-1003,2026-01-12T16:18:00Z,AUTHENTICATION_LOG,IBM QRadar,REF-38364,Supports investigation finding
EVD-000453,ALT-000481,CASE-000481,ANL-1011,2026-01-13T21:00:00Z,THREAT_INTELLIGENCE,Microsoft Sentinel,REF-40597,Supports investigation finding
EVD-000454,ALT-000482,CASE-000482,ANL-1003,2026-01-13T22:50:00Z,AUTHENTICATION_LOG,Splunk ES,REF-61062,Supports investigation finding
EVD-000455,ALT-000483,CASE-000483,ANL-1004,2026-01-13T15:45:00Z,CASE_NOTE,IBM QRadar,REF-59284,Supports investigation finding
EVD-000456,ALT-000484,CASE-000484,ANL-1011,2026-01-13T01:52:00Z,ENDPOINT_LOG,Microsoft Sentinel,REF-86871,Supports investigation finding
EVD-000457,ALT-000485,CASE-000485,ANL-1006,2026-01-13T18:19:00Z,SIEM_LOG,Elastic Security,REF-28338,Supports investigation finding
EVD-000458,ALT-000486,CASE-000486,ANL-1002,2026-01-13T12:22:00Z,SIEM_LOG,Microsoft Sentinel,REF-16879,Supports investigation finding
EVD-000459,ALT-000487,CASE-000487,ANL-1003,2026-01-13T05:48:00Z,AUTHENTICATION_LOG,IBM QRadar,REF-10937,Supports investigation finding
EVD-000460,ALT-000488,CASE-000488,ANL-1011,2026-01-13T18:15:00Z,THREAT_INTELLIGENCE,IBM QRadar,REF-98060,Supports investigation finding
EVD-000461,ALT-000489,CASE-000489,ANL-1004,2026-01-13T04:23:00Z,ENDPOINT_LOG,IBM QRadar,REF-75482,Supports investigation finding
EVD-000462,ALT-000490,CASE-000490,ANL-1009,2026-01-13T16:07:00Z,ENDPOINT_LOG,Splunk ES,REF-94642,Supports investigation finding
EVD-000463,ALT-000491,CASE-000491,ANL-1001,2026-01-13T01:21:00Z,AUTHENTICATION_LOG,IBM QRadar,REF-18294,Supports investigation finding
EVD-000464,ALT-000492,CASE-000492,ANL-1007,2026-01-13T02:20:00Z,CASE_NOTE,Elastic Security,REF-83821,Supports investigation finding
EVD-000465,ALT-000493,CASE-000493,ANL-1008,2026-01-13T20:55:00Z,AUTHENTICATION_LOG,Splunk ES,REF-21330,Supports investigation finding
EVD-000466,ALT-000494,CASE-000494,ANL-1009,2026-01-13T15:15:00Z,SIEM_LOG,Splunk ES,REF-43386,Supports investigation finding
EVD-000467,ALT-000495,CASE-000495,ANL-1007,2026-01-13T18:55:00Z,CASE_NOTE,Elastic Security,REF-63230,Supports investigation finding
EVD-000468,ALT-000496,CASE-000496,ANL-1004,2026-01-13T10:07:00Z,PROCESS_TREE,Microsoft Sentinel,REF-15488,Supports investigation finding
EVD-000469,ALT-000497,CASE-000497,ANL-1007,2026-01-13T22:51:00Z,THREAT_INTELLIGENCE,Microsoft Sentinel,REF-54221,Supports investigation finding
EVD-000470,ALT-000498,CASE-000498,ANL-1008,2026-01-14T00:13:00Z,AUTHENTICATION_LOG,Elastic Security,REF-32795,Supports investigation finding
EVD-000471,ALT-000499,CASE-000499,ANL-1011,2026-01-13T14:25:00Z,SIEM_LOG,Microsoft Sentinel,REF-31552,Supports investigation finding
EVD-000472,ALT-000500,CASE-000500,ANL-1001,2026-01-13T23:27:00Z,ENDPOINT_LOG,IBM QRadar,REF-28025,Supports investigation finding
EVD-000473,ALT-000501,CASE-000501,ANL-1011,2026-01-13T07:12:00Z,SIEM_LOG,IBM QRadar,REF-76872,Supports investigation finding
EVD-000474,ALT-000502,CASE-000502,ANL-1004,2026-01-13T05:18:00Z,SIEM_LOG,Splunk ES,REF-84207,Supports investigation finding
EVD-000475,ALT-000503,CASE-000503,ANL-1001,2026-01-13T09:04:00Z,CASE_NOTE,Microsoft Sentinel,REF-19837,Supports investigation finding
EVD-000476,ALT-000504,CASE-000504,ANL-1011,2026-01-13T05:24:00Z,PROCESS_TREE,IBM QRadar,REF-77763,Supports investigation finding
EVD-000477,ALT-000505,CASE-000505,ANL-1006,2026-01-13T16:57:00Z,ENDPOINT_LOG,IBM QRadar,REF-99912,Supports investigation finding
EVD-000478,ALT-000506,CASE-000506,ANL-1005,2026-01-13T04:50:00Z,SIEM_LOG,Splunk ES,REF-43100,Supports investigation finding
EVD-000479,ALT-000507,CASE-000507,ANL-1008,2026-01-13T10:25:00Z,SIEM_LOG,IBM QRadar,REF-57360,Supports investigation finding
EVD-000480,ALT-000508,CASE-000508,ANL-1002,2026-01-13T08:44:00Z,PROCESS_TREE,Elastic Security,REF-86561,Supports investigation finding
EVD-000481,ALT-000509,CASE-000509,ANL-1002,2026-01-13T01:15:00Z,AUTHENTICATION_LOG,IBM QRadar,REF-85974,Supports investigation finding
EVD-000482,ALT-000510,CASE-000510,ANL-1008,2026-01-13T03:44:00Z,ENDPOINT_LOG,Elastic Security,REF-20139,Supports investigation finding
EVD-000483,ALT-000511,CASE-000511,ANL-1005,2026-01-13T12:41:00Z,SIEM_LOG,IBM QRadar,REF-67325,Supports investigation finding
EVD-000484,ALT-000512,CASE-000512,ANL-1003,2026-01-13T16:16:00Z,ENDPOINT_LOG,Splunk ES,REF-67133,Supports investigation finding
EVD-000485,ALT-000513,CASE-000513,ANL-1002,2026-01-13T03:43:00Z,PROCESS_TREE,Splunk ES,REF-58356,Supports investigation finding
EVD-000486,ALT-000514,CASE-000514,ANL-1005,2026-01-13T07:26:00Z,ENDPOINT_LOG,Microsoft Sentinel,REF-24401,Supports investigation finding
EVD-000487,ALT-000515,CASE-000515,ANL-1008,2026-01-13T15:29:00Z,NETWORK_LOG,Elastic Security,REF-49117,Supports investigation finding
EVD-000488,ALT-000516,CASE-000516,ANL-1004,2026-01-13T11:34:00Z,NETWORK_LOG,Splunk ES,REF-36829,Supports investigation finding
EVD-000489,ALT-000517,CASE-000517,ANL-1002,2026-01-13T21:30:00Z,PROCESS_TREE,Microsoft Sentinel,REF-31750,Supports investigation finding
EVD-000490,ALT-000518,CASE-000518,ANL-1009,2026-01-13T07:19:00Z,CASE_NOTE,Elastic Security,REF-59535,Supports investigation finding
EVD-000491,ALT-000519,CASE-000519,ANL-1010,2026-01-13T06:50:00Z,ENDPOINT_LOG,Elastic Security,REF-14910,Supports investigation finding
EVD-000492,ALT-000520,CASE-000520,ANL-1002,2026-01-13T22:39:00Z,AUTHENTICATION_LOG,Elastic Security,REF-45676,Supports investigation finding
EVD-000493,ALT-000521,CASE-000521,ANL-1005,2026-01-14T10:59:00Z,ENDPOINT_LOG,Splunk ES,REF-91665,Supports investigation finding
EVD-000494,ALT-000522,CASE-000522,ANL-1007,2026-01-14T13:59:00Z,ENDPOINT_LOG,Microsoft Sentinel,REF-88378,Supports investigation finding
EVD-000495,ALT-000523,CASE-000523,ANL-1003,2026-01-15T00:12:00Z,SIEM_LOG,Elastic Security,REF-86397,Supports investigation finding
EVD-000496,ALT-000524,CASE-000524,ANL-1008,2026-01-14T13:28:00Z,THREAT_INTELLIGENCE,IBM QRadar,REF-71952,Supports investigation finding
EVD-000497,ALT-000525,CASE-000525,ANL-1005,2026-01-14T08:15:00Z,PROCESS_TREE,Splunk ES,REF-41359,Supports investigation finding
EVD-000498,ALT-000526,CASE-000526,ANL-1010,2026-01-14T22:02:00Z,AUTHENTICATION_LOG,Splunk ES,REF-27419,Supports investigation finding
EVD-000499,ALT-000527,CASE-000527,ANL-1006,2026-01-14T02:55:00Z,ENDPOINT_LOG,Splunk ES,REF-37664,Supports investigation finding
EVD-000500,ALT-000528,CASE-000528,ANL-1005,2026-01-14T19:23:00Z,THREAT_INTELLIGENCE,Elastic Security,REF-85964,Supports investigation finding
EVD-000501,ALT-000529,CASE-000529,ANL-1008,2026-01-14T08:48:00Z,PROCESS_TREE,Microsoft Sentinel,REF-53068,Supports investigation finding
EVD-000502,ALT-000530,CASE-000530,ANL-1001,2026-01-14T08:54:00Z,CASE_NOTE,IBM QRadar,REF-10436,Supports investigation finding
EVD-000503,ALT-000531,CASE-000531,ANL-1009,2026-01-14T11:22:00Z,ENDPOINT_LOG,Elastic Security,REF-29111,Supports investigation finding
EVD-000504,ALT-000532,CASE-000532,ANL-1001,2026-01-14T20:52:00Z,SIEM_LOG,Elastic Security,REF-69363,Supports investigation finding
EVD-000505,ALT-000533,CASE-000533,ANL-1008,2026-01-14T00:56:00Z,SIEM_LOG,Microsoft Sentinel,REF-49348,Supports investigation finding
EVD-000506,ALT-000534,CASE-000534,ANL-1009,2026-01-14T14:04:00Z,NETWORK_LOG,Elastic Security,REF-26217,Supports investigation finding
EVD-000507,ALT-000535,CASE-000535,ANL-1009,2026-01-14T18:52:00Z,AUTHENTICATION_LOG,Microsoft Sentinel,REF-15573,Supports investigation finding
EVD-000508,ALT-000536,CASE-000536,ANL-1004,2026-01-14T19:04:00Z,AUTHENTICATION_LOG,Splunk ES,REF-37657,Supports investigation finding
EVD-000509,ALT-000537,CASE-000537,ANL-1010,2026-01-14T19:21:00Z,ENDPOINT_LOG,Splunk ES,REF-15269,Supports investigation finding
EVD-000510,ALT-000538,CASE-000538,ANL-1002,2026-01-14T07:11:00Z,THREAT_INTELLIGENCE,Splunk ES,REF-36417,Supports investigation finding
EVD-000511,ALT-000539,CASE-000539,ANL-1008,2026-01-14T22:01:00Z,ENDPOINT_LOG,IBM QRadar,REF-65856,Supports investigation finding
EVD-000512,ALT-000540,CASE-000540,ANL-1004,2026-01-14T08:31:00Z,PROCESS_TREE,IBM QRadar,REF-43398,Supports investigation finding
EVD-000513,ALT-000541,CASE-000541,ANL-1005,2026-01-14T04:21:00Z,THREAT_INTELLIGENCE,Splunk ES,REF-50152,Supports investigation finding
EVD-000514,ALT-000542,CASE-000542,ANL-1010,2026-01-14T20:07:00Z,ENDPOINT_LOG,Elastic Security,REF-40317,Supports investigation finding
EVD-000515,ALT-000543,CASE-000543,ANL-1011,2026-01-14T02:43:00Z,ENDPOINT_LOG,Elastic Security,REF-90186,Supports investigation finding
EVD-000516,ALT-000544,CASE-000544,ANL-1003,2026-01-14T09:42:00Z,PROCESS_TREE,Microsoft Sentinel,REF-31534,Supports investigation finding
EVD-000517,ALT-000545,CASE-000545,ANL-1001,2026-01-14T08:20:00Z,CASE_NOTE,Splunk ES,REF-30849,Supports investigation finding
EVD-000518,ALT-000546,CASE-000546,ANL-1007,2026-01-14T07:13:00Z,PROCESS_TREE,Splunk ES,REF-68336,Supports investigation finding
EVD-000519,ALT-000547,CASE-000547,ANL-1007,2026-01-14T00:47:00Z,ENDPOINT_LOG,Elastic Security,REF-16652,Supports investigation finding
EVD-000520,ALT-000548,CASE-000548,ANL-1005,2026-01-14T03:18:00Z,AUTHENTICATION_LOG,Splunk ES,REF-31578,Supports investigation finding
EVD-000521,ALT-000549,CASE-000549,ANL-1011,2026-01-14T01:24:00Z,CASE_NOTE,Microsoft Sentinel,REF-76062,Supports investigation finding
EVD-000522,ALT-000550,CASE-000550,ANL-1010,2026-01-14T20:33:00Z,THREAT_INTELLIGENCE,IBM QRadar,REF-44247,Supports investigation finding
EVD-000523,ALT-000551,CASE-000551,ANL-1009,2026-01-14T16:52:00Z,SIEM_LOG,Elastic Security,REF-63311,Supports investigation finding
EVD-000524,ALT-000552,CASE-000552,ANL-1010,2026-01-14T01:21:00Z,ENDPOINT_LOG,Splunk ES,REF-77589,Supports investigation finding
EVD-000525,ALT-000553,CASE-000553,ANL-1002,2026-01-14T05:53:00Z,CASE_NOTE,Elastic Security,REF-43010,Supports investigation finding
EVD-000526,ALT-000554,CASE-000554,ANL-1006,2026-01-14T13:15:00Z,CASE_NOTE,IBM QRadar,REF-46672,Supports investigation finding
EVD-000527,ALT-000555,CASE-000555,ANL-1009,2026-01-14T23:46:00Z,NETWORK_LOG,IBM QRadar,REF-86955,Supports investigation finding
EVD-000528,ALT-000556,CASE-000556,ANL-1002,2026-01-14T03:33:00Z,CASE_NOTE,Elastic Security,REF-14555,Supports investigation finding
EVD-000529,ALT-000557,CASE-000557,ANL-1007,2026-01-14T18:15:00Z,NETWORK_LOG,Microsoft Sentinel,REF-47178,Supports investigation finding
EVD-000530,ALT-000558,CASE-000558,ANL-1006,2026-01-14T07:00:00Z,CASE_NOTE,IBM QRadar,REF-13457,Supports investigation finding
EVD-000531,ALT-000559,CASE-000559,ANL-1010,2026-01-14T06:12:00Z,CASE_NOTE,Splunk ES,REF-54235,Supports investigation finding
EVD-000532,ALT-000560,CASE-000560,ANL-1009,2026-01-14T23:32:00Z,NETWORK_LOG,Microsoft Sentinel,REF-37899,Supports investigation finding
EVD-000533,ALT-000561,CASE-000561,ANL-2014,2026-01-01T17:47:00Z,AUTHENTICATION_LOG,Elastic Security,REF-35437,Supports investigation finding
EVD-000534,ALT-000563,CASE-000563,ANL-2020,2026-01-01T06:07:00Z,NETWORK_LOG,Elastic Security,REF-84100,Supports investigation finding
EVD-000535,ALT-000564,CASE-000564,ANL-2008,2026-01-01T06:29:00Z,THREAT_INTELLIGENCE,Splunk ES,REF-39898,Supports investigation finding
EVD-000536,ALT-000565,CASE-000565,ANL-2022,2026-01-01T17:10:00Z,THREAT_INTELLIGENCE,Microsoft Sentinel,REF-29216,Supports investigation finding
EVD-000537,ALT-000567,CASE-000567,ANL-2010,2026-01-01T19:27:00Z,SIEM_LOG,IBM QRadar,REF-97597,Supports investigation finding
EVD-000538,ALT-000568,CASE-000568,ANL-2020,2026-01-01T16:37:00Z,THREAT_INTELLIGENCE,Microsoft Sentinel,REF-46673,Supports investigation finding
EVD-000539,ALT-000569,CASE-000569,ANL-2014,2026-01-01T13:23:00Z,ENDPOINT_LOG,Splunk ES,REF-69489,Supports investigation finding
EVD-000540,ALT-000571,CASE-000571,ANL-2013,2026-01-01T19:00:00Z,NETWORK_LOG,Splunk ES,REF-16933,Supports investigation finding
EVD-000541,ALT-000572,CASE-000572,ANL-2004,2026-01-01T16:03:00Z,CASE_NOTE,Elastic Security,REF-89494,Supports investigation finding
EVD-000542,ALT-000573,CASE-000573,ANL-2018,2026-01-01T16:47:00Z,ENDPOINT_LOG,IBM QRadar,REF-63095,Supports investigation finding
EVD-000543,ALT-000574,CASE-000574,ANL-2006,2026-01-01T03:27:00Z,PROCESS_TREE,IBM QRadar,REF-28185,Supports investigation finding
EVD-000544,ALT-000576,CASE-000576,ANL-2024,2026-01-01T11:33:00Z,ENDPOINT_LOG,Microsoft Sentinel,REF-80683,Supports investigation finding
EVD-000545,ALT-000577,CASE-000577,ANL-2024,2026-01-01T20:33:00Z,SIEM_LOG,Elastic Security,REF-62244,Supports investigation finding
EVD-000546,ALT-000579,CASE-000579,ANL-2006,2026-01-01T19:54:00Z,CASE_NOTE,Splunk ES,REF-54287,Supports investigation finding
EVD-000547,ALT-000580,CASE-000580,ANL-2019,2026-01-01T06:44:00Z,CASE_NOTE,Splunk ES,REF-99142,Supports investigation finding
EVD-000548,ALT-000581,CASE-000581,ANL-2022,2026-01-01T20:15:00Z,NETWORK_LOG,Microsoft Sentinel,REF-69464,Supports investigation finding
EVD-000549,ALT-000582,CASE-000582,ANL-2007,2026-01-01T12:53:00Z,AUTHENTICATION_LOG,Elastic Security,REF-90703,Supports investigation finding
EVD-000550,ALT-000583,CASE-000583,ANL-2016,2026-01-01T05:24:00Z,ENDPOINT_LOG,IBM QRadar,REF-74580,Supports investigation finding
EVD-000551,ALT-000584,CASE-000584,ANL-2011,2026-01-01T12:21:00Z,THREAT_INTELLIGENCE,IBM QRadar,REF-40090,Supports investigation finding
EVD-000552,ALT-000585,CASE-000585,ANL-2011,2026-01-01T07:24:00Z,PROCESS_TREE,Microsoft Sentinel,REF-91259,Supports investigation finding
EVD-000553,ALT-000586,CASE-000586,ANL-2015,2026-01-01T21:28:00Z,ENDPOINT_LOG,IBM QRadar,REF-36238,Supports investigation finding
EVD-000554,ALT-000587,CASE-000587,ANL-2001,2026-01-01T13:40:00Z,AUTHENTICATION_LOG,Splunk ES,REF-52054,Supports investigation finding
EVD-000555,ALT-000588,CASE-000588,ANL-2011,2026-01-01T18:33:00Z,ENDPOINT_LOG,Microsoft Sentinel,REF-68051,Supports investigation finding
EVD-000556,ALT-000589,CASE-000589,ANL-2020,2026-01-01T19:34:00Z,PROCESS_TREE,Elastic Security,REF-50378,Supports investigation finding
EVD-000557,ALT-000590,CASE-000590,ANL-2016,2026-01-02T01:31:00Z,SIEM_LOG,Elastic Security,REF-31245,Supports investigation finding
EVD-000558,ALT-000591,CASE-000591,ANL-2011,2026-01-01T16:22:00Z,CASE_NOTE,Splunk ES,REF-99917,Supports investigation finding
EVD-000559,ALT-000592,CASE-000592,ANL-2012,2026-01-01T23:41:00Z,NETWORK_LOG,IBM QRadar,REF-31365,Supports investigation finding
EVD-000560,ALT-000593,CASE-000593,ANL-2024,2026-01-02T00:24:00Z,AUTHENTICATION_LOG,Microsoft Sentinel,REF-16346,Supports investigation finding
EVD-000561,ALT-000594,CASE-000594,ANL-2023,2026-01-01T22:53:00Z,ENDPOINT_LOG,Elastic Security,REF-54949,Supports investigation finding
EVD-000562,ALT-000595,CASE-000595,ANL-2002,2026-01-01T23:35:00Z,CASE_NOTE,Splunk ES,REF-83188,Supports investigation finding
EVD-000563,ALT-000596,CASE-000596,ANL-2019,2026-01-01T04:37:00Z,ENDPOINT_LOG,IBM QRadar,REF-46105,Supports investigation finding
EVD-000564,ALT-000598,CASE-000598,ANL-2014,2026-01-01T18:24:00Z,AUTHENTICATION_LOG,Splunk ES,REF-83980,Supports investigation finding
EVD-000565,ALT-000599,CASE-000599,ANL-2022,2026-01-01T15:19:00Z,CASE_NOTE,IBM QRadar,REF-77394,Supports investigation finding
EVD-000566,ALT-000603,CASE-000603,ANL-2019,2026-01-02T02:58:00Z,AUTHENTICATION_LOG,Splunk ES,REF-87137,Supports investigation finding
EVD-000567,ALT-000604,CASE-000604,ANL-2019,2026-01-02T21:50:00Z,CASE_NOTE,Microsoft Sentinel,REF-89443,Supports investigation finding
EVD-000568,ALT-000605,CASE-000605,ANL-2004,2026-01-02T15:28:00Z,CASE_NOTE,Elastic Security,REF-52247,Supports investigation finding
EVD-000569,ALT-000606,CASE-000606,ANL-2015,2026-01-02T04:34:00Z,SIEM_LOG,Microsoft Sentinel,REF-81532,Supports investigation finding
EVD-000570,ALT-000607,CASE-000607,ANL-2015,2026-01-02T03:37:00Z,NETWORK_LOG,IBM QRadar,REF-67365,Supports investigation finding
EVD-000571,ALT-000608,CASE-000608,ANL-2011,2026-01-02T16:57:00Z,PROCESS_TREE,Microsoft Sentinel,REF-29718,Supports investigation finding
EVD-000572,ALT-000609,CASE-000609,ANL-2023,2026-01-02T11:57:00Z,SIEM_LOG,Microsoft Sentinel,REF-70324,Supports investigation finding
EVD-000573,ALT-000610,CASE-000610,ANL-2014,2026-01-02T20:38:00Z,AUTHENTICATION_LOG,IBM QRadar,REF-28656,Supports investigation finding
EVD-000574,ALT-000611,CASE-000611,ANL-2017,2026-01-02T05:00:00Z,CASE_NOTE,Splunk ES,REF-18311,Supports investigation finding
EVD-000575,ALT-000613,CASE-000613,ANL-2005,2026-01-02T10:14:00Z,PROCESS_TREE,Microsoft Sentinel,REF-80548,Supports investigation finding
EVD-000576,ALT-000614,CASE-000614,ANL-2003,2026-01-02T04:14:00Z,PROCESS_TREE,Elastic Security,REF-67717,Supports investigation finding
EVD-000577,ALT-000615,CASE-000615,ANL-2022,2026-01-02T09:23:00Z,CASE_NOTE,Microsoft Sentinel,REF-88119,Supports investigation finding
EVD-000578,ALT-000616,CASE-000616,ANL-2005,2026-01-02T23:35:00Z,AUTHENTICATION_LOG,IBM QRadar,REF-59157,Supports investigation finding
EVD-000579,ALT-000617,CASE-000617,ANL-2006,2026-01-02T14:11:00Z,ENDPOINT_LOG,IBM QRadar,REF-41787,Supports investigation finding
EVD-000580,ALT-000618,CASE-000618,ANL-2014,2026-01-02T20:33:00Z,CASE_NOTE,IBM QRadar,REF-69234,Supports investigation finding
EVD-000581,ALT-000619,CASE-000619,ANL-2013,2026-01-02T20:24:00Z,ENDPOINT_LOG,Microsoft Sentinel,REF-35674,Supports investigation finding
EVD-000582,ALT-000620,CASE-000620,ANL-2009,2026-01-02T01:26:00Z,NETWORK_LOG,Elastic Security,REF-87167,Supports investigation finding
EVD-000583,ALT-000621,CASE-000621,ANL-2023,2026-01-02T22:20:00Z,ENDPOINT_LOG,IBM QRadar,REF-68648,Supports investigation finding
EVD-000584,ALT-000622,CASE-000622,ANL-2007,2026-01-02T13:41:00Z,PROCESS_TREE,IBM QRadar,REF-60728,Supports investigation finding
EVD-000585,ALT-000623,CASE-000623,ANL-2020,2026-01-02T02:03:00Z,PROCESS_TREE,Splunk ES,REF-47565,Supports investigation finding
EVD-000586,ALT-000624,CASE-000624,ANL-2009,2026-01-02T22:46:00Z,PROCESS_TREE,Microsoft Sentinel,REF-96647,Supports investigation finding
EVD-000587,ALT-000625,CASE-000625,ANL-2002,2026-01-03T00:05:00Z,CASE_NOTE,IBM QRadar,REF-88409,Supports investigation finding
EVD-000588,ALT-000626,CASE-000626,ANL-2008,2026-01-02T18:55:00Z,SIEM_LOG,Splunk ES,REF-25331,Supports investigation finding
EVD-000589,ALT-000627,CASE-000627,ANL-2017,2026-01-02T03:18:00Z,THREAT_INTELLIGENCE,Elastic Security,REF-40832,Supports investigation finding
EVD-000590,ALT-000628,CASE-000628,ANL-2016,2026-01-02T04:45:00Z,THREAT_INTELLIGENCE,Splunk ES,REF-87113,Supports investigation finding
EVD-000591,ALT-000629,CASE-000629,ANL-2014,2026-01-02T01:55:00Z,CASE_NOTE,Elastic Security,REF-87526,Supports investigation finding
EVD-000592,ALT-000630,CASE-000630,ANL-2014,2026-01-02T07:34:00Z,SIEM_LOG,IBM QRadar,REF-57721,Supports investigation finding
EVD-000593,ALT-000631,CASE-000631,ANL-2015,2026-01-02T06:13:00Z,NETWORK_LOG,Microsoft Sentinel,REF-28245,Supports investigation finding
EVD-000594,ALT-000632,CASE-000632,ANL-2016,2026-01-02T04:10:00Z,ENDPOINT_LOG,Microsoft Sentinel,REF-31327,Supports investigation finding
EVD-000595,ALT-000633,CASE-000633,ANL-2009,2026-01-02T23:24:00Z,CASE_NOTE,IBM QRadar,REF-10007,Supports investigation finding
EVD-000596,ALT-000634,CASE-000634,ANL-2009,2026-01-02T11:01:00Z,THREAT_INTELLIGENCE,Elastic Security,REF-44316,Supports investigation finding
EVD-000597,ALT-000636,CASE-000636,ANL-2002,2026-01-02T04:52:00Z,PROCESS_TREE,Microsoft Sentinel,REF-82788,Supports investigation finding
EVD-000598,ALT-000637,CASE-000637,ANL-2004,2026-01-02T09:50:00Z,THREAT_INTELLIGENCE,Microsoft Sentinel,REF-34009,Supports investigation finding
EVD-000599,ALT-000639,CASE-000639,ANL-2021,2026-01-02T13:36:00Z,AUTHENTICATION_LOG,IBM QRadar,REF-30900,Supports investigation finding
EVD-000600,ALT-000640,CASE-000640,ANL-2002,2026-01-02T11:09:00Z,SIEM_LOG,IBM QRadar,REF-33219,Supports investigation finding
EVD-000601,ALT-000642,CASE-000642,ANL-2006,2026-01-04T00:53:00Z,THREAT_INTELLIGENCE,IBM QRadar,REF-87317,Supports investigation finding
EVD-000602,ALT-000643,CASE-000643,ANL-2020,2026-01-03T10:18:00Z,SIEM_LOG,IBM QRadar,REF-39016,Supports investigation finding
EVD-000603,ALT-000644,CASE-000644,ANL-2019,2026-01-03T12:19:00Z,AUTHENTICATION_LOG,Microsoft Sentinel,REF-44441,Supports investigation finding
EVD-000604,ALT-000645,CASE-000645,ANL-2007,2026-01-03T07:14:00Z,SIEM_LOG,IBM QRadar,REF-74648,Supports investigation finding
EVD-000605,ALT-000646,CASE-000646,ANL-2015,2026-01-03T09:33:00Z,THREAT_INTELLIGENCE,Splunk ES,REF-80911,Supports investigation finding
EVD-000606,ALT-000647,CASE-000647,ANL-2013,2026-01-03T08:40:00Z,ENDPOINT_LOG,Splunk ES,REF-61805,Supports investigation finding
EVD-000607,ALT-000649,CASE-000649,ANL-2021,2026-01-03T06:21:00Z,NETWORK_LOG,Splunk ES,REF-84576,Supports investigation finding
EVD-000608,ALT-000652,CASE-000652,ANL-2004,2026-01-03T17:17:00Z,NETWORK_LOG,IBM QRadar,REF-26671,Supports investigation finding
EVD-000609,ALT-000653,CASE-000653,ANL-2013,2026-01-03T14:35:00Z,THREAT_INTELLIGENCE,Microsoft Sentinel,REF-99887,Supports investigation finding
EVD-000610,ALT-000654,CASE-000654,ANL-2024,2026-01-03T07:03:00Z,PROCESS_TREE,Splunk ES,REF-17323,Supports investigation finding
EVD-000611,ALT-000655,CASE-000655,ANL-2008,2026-01-03T02:17:00Z,CASE_NOTE,Splunk ES,REF-34715,Supports investigation finding
EVD-000612,ALT-000657,CASE-000657,ANL-2002,2026-01-03T17:13:00Z,AUTHENTICATION_LOG,Elastic Security,REF-34465,Supports investigation finding
EVD-000613,ALT-000658,CASE-000658,ANL-2002,2026-01-03T07:44:00Z,THREAT_INTELLIGENCE,Splunk ES,REF-45160,Supports investigation finding
EVD-000614,ALT-000659,CASE-000659,ANL-2009,2026-01-03T16:54:00Z,SIEM_LOG,Elastic Security,REF-54786,Supports investigation finding
EVD-000615,ALT-000661,CASE-000661,ANL-2018,2026-01-03T09:44:00Z,THREAT_INTELLIGENCE,Splunk ES,REF-99949,Supports investigation finding
EVD-000616,ALT-000662,CASE-000662,ANL-2018,2026-01-03T12:24:00Z,CASE_NOTE,IBM QRadar,REF-94948,Supports investigation finding
EVD-000617,ALT-000663,CASE-000663,ANL-2013,2026-01-03T18:56:00Z,SIEM_LOG,Elastic Security,REF-29920,Supports investigation finding
EVD-000618,ALT-000664,CASE-000664,ANL-2007,2026-01-03T15:44:00Z,THREAT_INTELLIGENCE,Microsoft Sentinel,REF-30207,Supports investigation finding
EVD-000619,ALT-000667,CASE-000667,ANL-2017,2026-01-03T04:39:00Z,CASE_NOTE,Splunk ES,REF-43852,Supports investigation finding
EVD-000620,ALT-000668,CASE-000668,ANL-2007,2026-01-03T08:07:00Z,AUTHENTICATION_LOG,Splunk ES,REF-17492,Supports investigation finding
EVD-000621,ALT-000669,CASE-000669,ANL-2021,2026-01-03T13:33:00Z,SIEM_LOG,Elastic Security,REF-96506,Supports investigation finding
EVD-000622,ALT-000670,CASE-000670,ANL-2010,2026-01-03T17:28:00Z,SIEM_LOG,Splunk ES,REF-66114,Supports investigation finding
EVD-000623,ALT-000671,CASE-000671,ANL-2022,2026-01-03T01:38:00Z,THREAT_INTELLIGENCE,Elastic Security,REF-11954,Supports investigation finding
EVD-000624,ALT-000672,CASE-000672,ANL-2003,2026-01-03T04:52:00Z,SIEM_LOG,Splunk ES,REF-88897,Supports investigation finding
EVD-000625,ALT-000673,CASE-000673,ANL-2017,2026-01-03T23:17:00Z,ENDPOINT_LOG,Elastic Security,REF-26343,Supports investigation finding
EVD-000626,ALT-000674,CASE-000674,ANL-2012,2026-01-03T01:28:00Z,PROCESS_TREE,Elastic Security,REF-68697,Supports investigation finding
EVD-000627,ALT-000675,CASE-000675,ANL-2012,2026-01-03T17:27:00Z,ENDPOINT_LOG,Microsoft Sentinel,REF-70870,Supports investigation finding
EVD-000628,ALT-000677,CASE-000677,ANL-2022,2026-01-03T10:05:00Z,NETWORK_LOG,IBM QRadar,REF-85801,Supports investigation finding
EVD-000629,ALT-000678,CASE-000678,ANL-2022,2026-01-03T22:17:00Z,SIEM_LOG,Splunk ES,REF-32719,Supports investigation finding
EVD-000630,ALT-000679,CASE-000679,ANL-2007,2026-01-03T16:51:00Z,ENDPOINT_LOG,Elastic Security,REF-84261,Supports investigation finding
EVD-000631,ALT-000680,CASE-000680,ANL-2024,2026-01-03T03:55:00Z,NETWORK_LOG,IBM QRadar,REF-52894,Supports investigation finding
EVD-000632,ALT-000681,CASE-000681,ANL-2007,2026-01-04T11:31:00Z,SIEM_LOG,Splunk ES,REF-49486,Supports investigation finding
EVD-000633,ALT-000682,CASE-000682,ANL-2023,2026-01-04T21:26:00Z,ENDPOINT_LOG,Splunk ES,REF-51751,Supports investigation finding
EVD-000634,ALT-000683,CASE-000683,ANL-2018,2026-01-04T06:15:00Z,AUTHENTICATION_LOG,IBM QRadar,REF-85185,Supports investigation finding
EVD-000635,ALT-000685,CASE-000685,ANL-2019,2026-01-04T08:28:00Z,ENDPOINT_LOG,IBM QRadar,REF-96758,Supports investigation finding
EVD-000636,ALT-000686,CASE-000686,ANL-2009,2026-01-04T16:03:00Z,CASE_NOTE,Splunk ES,REF-54989,Supports investigation finding
EVD-000637,ALT-000687,CASE-000687,ANL-2008,2026-01-04T23:43:00Z,SIEM_LOG,Splunk ES,REF-97767,Supports investigation finding
EVD-000638,ALT-000688,CASE-000688,ANL-2005,2026-01-04T08:03:00Z,ENDPOINT_LOG,IBM QRadar,REF-12813,Supports investigation finding
EVD-000639,ALT-000689,CASE-000689,ANL-2022,2026-01-04T22:27:00Z,SIEM_LOG,Elastic Security,REF-31785,Supports investigation finding
EVD-000640,ALT-000690,CASE-000690,ANL-2022,2026-01-04T10:42:00Z,CASE_NOTE,IBM QRadar,REF-32347,Supports investigation finding
EVD-000641,ALT-000691,CASE-000691,ANL-2018,2026-01-04T13:20:00Z,AUTHENTICATION_LOG,Splunk ES,REF-42029,Supports investigation finding
EVD-000642,ALT-000693,CASE-000693,ANL-2003,2026-01-04T07:03:00Z,NETWORK_LOG,IBM QRadar,REF-44359,Supports investigation finding
EVD-000643,ALT-000694,CASE-000694,ANL-2022,2026-01-04T05:36:00Z,AUTHENTICATION_LOG,Elastic Security,REF-26947,Supports investigation finding
EVD-000644,ALT-000695,CASE-000695,ANL-2003,2026-01-04T10:56:00Z,PROCESS_TREE,Splunk ES,REF-36104,Supports investigation finding
EVD-000645,ALT-000696,CASE-000696,ANL-2024,2026-01-04T13:21:00Z,NETWORK_LOG,Splunk ES,REF-42017,Supports investigation finding
EVD-000646,ALT-000698,CASE-000698,ANL-2013,2026-01-04T21:07:00Z,THREAT_INTELLIGENCE,Elastic Security,REF-80852,Supports investigation finding
EVD-000647,ALT-000699,CASE-000699,ANL-2003,2026-01-05T00:30:00Z,PROCESS_TREE,IBM QRadar,REF-26703,Supports investigation finding
EVD-000648,ALT-000701,CASE-000701,ANL-2004,2026-01-04T19:27:00Z,ENDPOINT_LOG,Elastic Security,REF-90916,Supports investigation finding
EVD-000649,ALT-000702,CASE-000702,ANL-2016,2026-01-04T20:10:00Z,AUTHENTICATION_LOG,Microsoft Sentinel,REF-70560,Supports investigation finding
EVD-000650,ALT-000703,CASE-000703,ANL-2018,2026-01-04T18:42:00Z,ENDPOINT_LOG,Elastic Security,REF-70120,Supports investigation finding
EVD-000651,ALT-000704,CASE-000704,ANL-2018,2026-01-04T02:07:00Z,CASE_NOTE,IBM QRadar,REF-41006,Supports investigation finding
EVD-000652,ALT-000705,CASE-000705,ANL-2002,2026-01-04T00:57:00Z,AUTHENTICATION_LOG,Elastic Security,REF-84643,Supports investigation finding
EVD-000653,ALT-000706,CASE-000706,ANL-2002,2026-01-04T21:59:00Z,ENDPOINT_LOG,Splunk ES,REF-49437,Supports investigation finding
EVD-000654,ALT-000707,CASE-000707,ANL-2020,2026-01-04T12:39:00Z,AUTHENTICATION_LOG,Elastic Security,REF-60960,Supports investigation finding
EVD-000655,ALT-000708,CASE-000708,ANL-2006,2026-01-04T14:09:00Z,ENDPOINT_LOG,Splunk ES,REF-96299,Supports investigation finding
EVD-000656,ALT-000709,CASE-000709,ANL-2021,2026-01-04T21:32:00Z,THREAT_INTELLIGENCE,Elastic Security,REF-50976,Supports investigation finding
EVD-000657,ALT-000710,CASE-000710,ANL-2003,2026-01-04T03:22:00Z,AUTHENTICATION_LOG,Microsoft Sentinel,REF-79327,Supports investigation finding
EVD-000658,ALT-000712,CASE-000712,ANL-2014,2026-01-04T19:43:00Z,SIEM_LOG,Elastic Security,REF-68349,Supports investigation finding
EVD-000659,ALT-000713,CASE-000713,ANL-2017,2026-01-04T08:59:00Z,ENDPOINT_LOG,Microsoft Sentinel,REF-37512,Supports investigation finding
EVD-000660,ALT-000714,CASE-000714,ANL-2020,2026-01-04T11:21:00Z,NETWORK_LOG,Microsoft Sentinel,REF-47681,Supports investigation finding
EVD-000661,ALT-000715,CASE-000715,ANL-2020,2026-01-04T17:03:00Z,AUTHENTICATION_LOG,Elastic Security,REF-86520,Supports investigation finding
EVD-000662,ALT-000716,CASE-000716,ANL-2015,2026-01-04T23:12:00Z,ENDPOINT_LOG,Elastic Security,REF-38526,Supports investigation finding
EVD-000663,ALT-000717,CASE-000717,ANL-2008,2026-01-04T03:19:00Z,PROCESS_TREE,Elastic Security,REF-65735,Supports investigation finding
EVD-000664,ALT-000718,CASE-000718,ANL-2024,2026-01-04T21:50:00Z,AUTHENTICATION_LOG,Microsoft Sentinel,REF-50288,Supports investigation finding
EVD-000665,ALT-000719,CASE-000719,ANL-2002,2026-01-04T02:16:00Z,AUTHENTICATION_LOG,IBM QRadar,REF-62698,Supports investigation finding
EVD-000666,ALT-000722,CASE-000722,ANL-2017,2026-01-05T10:19:00Z,SIEM_LOG,IBM QRadar,REF-34760,Supports investigation finding
EVD-000667,ALT-000723,CASE-000723,ANL-2016,2026-01-05T08:54:00Z,CASE_NOTE,Elastic Security,REF-15885,Supports investigation finding
EVD-000668,ALT-000724,CASE-000724,ANL-2009,2026-01-05T15:19:00Z,CASE_NOTE,IBM QRadar,REF-60298,Supports investigation finding
EVD-000669,ALT-000725,CASE-000725,ANL-2003,2026-01-05T17:50:00Z,SIEM_LOG,Splunk ES,REF-91617,Supports investigation finding
EVD-000670,ALT-000726,CASE-000726,ANL-2013,2026-01-05T18:27:00Z,SIEM_LOG,IBM QRadar,REF-12579,Supports investigation finding
EVD-000671,ALT-000727,CASE-000727,ANL-2018,2026-01-05T08:36:00Z,ENDPOINT_LOG,Microsoft Sentinel,REF-33259,Supports investigation finding
EVD-000672,ALT-000729,CASE-000729,ANL-2002,2026-01-05T06:00:00Z,SIEM_LOG,IBM QRadar,REF-22554,Supports investigation finding
EVD-000673,ALT-000730,CASE-000730,ANL-2015,2026-01-05T00:47:00Z,ENDPOINT_LOG,Elastic Security,REF-34331,Supports investigation finding
EVD-000674,ALT-000731,CASE-000731,ANL-2004,2026-01-05T04:05:00Z,THREAT_INTELLIGENCE,Microsoft Sentinel,REF-62076,Supports investigation finding
EVD-000675,ALT-000733,CASE-000733,ANL-2021,2026-01-05T13:33:00Z,PROCESS_TREE,IBM QRadar,REF-86210,Supports investigation finding
EVD-000676,ALT-000734,CASE-000734,ANL-2017,2026-01-05T15:13:00Z,SIEM_LOG,Splunk ES,REF-74316,Supports investigation finding
EVD-000677,ALT-000736,CASE-000736,ANL-2001,2026-01-05T23:24:00Z,CASE_NOTE,Splunk ES,REF-48232,Supports investigation finding
EVD-000678,ALT-000737,CASE-000737,ANL-2019,2026-01-05T17:26:00Z,SIEM_LOG,Microsoft Sentinel,REF-60882,Supports investigation finding
EVD-000679,ALT-000738,CASE-000738,ANL-2016,2026-01-05T18:00:00Z,SIEM_LOG,Elastic Security,REF-96789,Supports investigation finding
EVD-000680,ALT-000739,CASE-000739,ANL-2010,2026-01-05T22:23:00Z,PROCESS_TREE,Microsoft Sentinel,REF-45826,Supports investigation finding
EVD-000681,ALT-000741,CASE-000741,ANL-2012,2026-01-05T08:33:00Z,PROCESS_TREE,Splunk ES,REF-25229,Supports investigation finding
EVD-000682,ALT-000742,CASE-000742,ANL-2002,2026-01-05T13:38:00Z,ENDPOINT_LOG,Splunk ES,REF-26666,Supports investigation finding
EVD-000683,ALT-000743,CASE-000743,ANL-2009,2026-01-05T21:32:00Z,CASE_NOTE,IBM QRadar,REF-93101,Supports investigation finding
EVD-000684,ALT-000744,CASE-000744,ANL-2012,2026-01-05T07:49:00Z,AUTHENTICATION_LOG,Splunk ES,REF-10497,Supports investigation finding
EVD-000685,ALT-000745,CASE-000745,ANL-2013,2026-01-05T23:18:00Z,SIEM_LOG,Splunk ES,REF-64104,Supports investigation finding
EVD-000686,ALT-000746,CASE-000746,ANL-2007,2026-01-05T09:55:00Z,AUTHENTICATION_LOG,IBM QRadar,REF-96497,Supports investigation finding
EVD-000687,ALT-000747,CASE-000747,ANL-2007,2026-01-05T20:17:00Z,SIEM_LOG,Microsoft Sentinel,REF-63104,Supports investigation finding
EVD-000688,ALT-000748,CASE-000748,ANL-2012,2026-01-05T02:38:00Z,THREAT_INTELLIGENCE,IBM QRadar,REF-94129,Supports investigation finding
EVD-000689,ALT-000750,CASE-000750,ANL-2017,2026-01-05T15:40:00Z,THREAT_INTELLIGENCE,IBM QRadar,REF-10453,Supports investigation finding
EVD-000690,ALT-000751,CASE-000751,ANL-2014,2026-01-05T13:44:00Z,AUTHENTICATION_LOG,Microsoft Sentinel,REF-83355,Supports investigation finding
EVD-000691,ALT-000752,CASE-000752,ANL-2001,2026-01-05T16:35:00Z,NETWORK_LOG,IBM QRadar,REF-69754,Supports investigation finding
EVD-000692,ALT-000753,CASE-000753,ANL-2003,2026-01-05T21:56:00Z,ENDPOINT_LOG,Microsoft Sentinel,REF-57707,Supports investigation finding
EVD-000693,ALT-000754,CASE-000754,ANL-2004,2026-01-06T00:19:00Z,SIEM_LOG,Splunk ES,REF-58273,Supports investigation finding
EVD-000694,ALT-000756,CASE-000756,ANL-2008,2026-01-05T11:08:00Z,NETWORK_LOG,IBM QRadar,REF-44025,Supports investigation finding
EVD-000695,ALT-000757,CASE-000757,ANL-2010,2026-01-05T01:04:00Z,AUTHENTICATION_LOG,Elastic Security,REF-26056,Supports investigation finding
EVD-000696,ALT-000759,CASE-000759,ANL-2013,2026-01-05T22:04:00Z,ENDPOINT_LOG,Elastic Security,REF-81891,Supports investigation finding
EVD-000697,ALT-000760,CASE-000760,ANL-2024,2026-01-05T17:12:00Z,THREAT_INTELLIGENCE,Elastic Security,REF-78790,Supports investigation finding
EVD-000698,ALT-000762,CASE-000762,ANL-2001,2026-01-06T23:20:00Z,CASE_NOTE,IBM QRadar,REF-70920,Supports investigation finding
EVD-000699,ALT-000763,CASE-000763,ANL-2010,2026-01-06T02:21:00Z,THREAT_INTELLIGENCE,IBM QRadar,REF-64160,Supports investigation finding
EVD-000700,ALT-000764,CASE-000764,ANL-2003,2026-01-06T09:16:00Z,ENDPOINT_LOG,Microsoft Sentinel,REF-64167,Supports investigation finding
EVD-000701,ALT-000765,CASE-000765,ANL-2015,2026-01-06T04:35:00Z,ENDPOINT_LOG,IBM QRadar,REF-26675,Supports investigation finding
EVD-000702,ALT-000766,CASE-000766,ANL-2019,2026-01-06T06:35:00Z,ENDPOINT_LOG,Elastic Security,REF-87085,Supports investigation finding
EVD-000703,ALT-000767,CASE-000767,ANL-2018,2026-01-06T17:39:00Z,NETWORK_LOG,Microsoft Sentinel,REF-49228,Supports investigation finding
EVD-000704,ALT-000768,CASE-000768,ANL-2008,2026-01-06T02:09:00Z,THREAT_INTELLIGENCE,Splunk ES,REF-39654,Supports investigation finding
EVD-000705,ALT-000769,CASE-000769,ANL-2018,2026-01-06T19:12:00Z,SIEM_LOG,IBM QRadar,REF-55458,Supports investigation finding
EVD-000706,ALT-000770,CASE-000770,ANL-2009,2026-01-06T09:23:00Z,NETWORK_LOG,Microsoft Sentinel,REF-46419,Supports investigation finding
EVD-000707,ALT-000771,CASE-000771,ANL-2003,2026-01-06T09:38:00Z,NETWORK_LOG,Elastic Security,REF-29810,Supports investigation finding
EVD-000708,ALT-000773,CASE-000773,ANL-2005,2026-01-06T07:23:00Z,THREAT_INTELLIGENCE,Microsoft Sentinel,REF-98526,Supports investigation finding
EVD-000709,ALT-000774,CASE-000774,ANL-2002,2026-01-06T16:45:00Z,PROCESS_TREE,Elastic Security,REF-53718,Supports investigation finding
EVD-000710,ALT-000775,CASE-000775,ANL-2023,2026-01-06T23:09:00Z,AUTHENTICATION_LOG,Splunk ES,REF-32121,Supports investigation finding
EVD-000711,ALT-000776,CASE-000776,ANL-2012,2026-01-06T18:22:00Z,PROCESS_TREE,Elastic Security,REF-85156,Supports investigation finding
EVD-000712,ALT-000777,CASE-000777,ANL-2002,2026-01-06T23:33:00Z,THREAT_INTELLIGENCE,Elastic Security,REF-21062,Supports investigation finding
EVD-000713,ALT-000778,CASE-000778,ANL-2005,2026-01-06T19:50:00Z,SIEM_LOG,Elastic Security,REF-99795,Supports investigation finding
EVD-000714,ALT-000779,CASE-000779,ANL-2023,2026-01-06T23:57:00Z,SIEM_LOG,Microsoft Sentinel,REF-11629,Supports investigation finding
EVD-000715,ALT-000780,CASE-000780,ANL-2023,2026-01-06T04:53:00Z,CASE_NOTE,IBM QRadar,REF-42900,Supports investigation finding
EVD-000716,ALT-000781,CASE-000781,ANL-2018,2026-01-06T04:31:00Z,ENDPOINT_LOG,Microsoft Sentinel,REF-45214,Supports investigation finding
EVD-000717,ALT-000782,CASE-000782,ANL-2015,2026-01-06T19:13:00Z,SIEM_LOG,Microsoft Sentinel,REF-95568,Supports investigation finding
EVD-000718,ALT-000783,CASE-000783,ANL-2011,2026-01-06T21:47:00Z,CASE_NOTE,IBM QRadar,REF-94874,Supports investigation finding
EVD-000719,ALT-000785,CASE-000785,ANL-2002,2026-01-06T20:03:00Z,NETWORK_LOG,Splunk ES,REF-14784,Supports investigation finding
EVD-000720,ALT-000786,CASE-000786,ANL-2013,2026-01-06T06:48:00Z,THREAT_INTELLIGENCE,Elastic Security,REF-76462,Supports investigation finding
EVD-000721,ALT-000787,CASE-000787,ANL-2016,2026-01-06T02:10:00Z,THREAT_INTELLIGENCE,Elastic Security,REF-83535,Supports investigation finding
EVD-000722,ALT-000788,CASE-000788,ANL-2002,2026-01-06T12:51:00Z,CASE_NOTE,Elastic Security,REF-40589,Supports investigation finding
EVD-000723,ALT-000790,CASE-000790,ANL-2003,2026-01-06T19:47:00Z,AUTHENTICATION_LOG,Elastic Security,REF-75797,Supports investigation finding
EVD-000724,ALT-000791,CASE-000791,ANL-2021,2026-01-06T03:45:00Z,AUTHENTICATION_LOG,Microsoft Sentinel,REF-16281,Supports investigation finding
EVD-000725,ALT-000794,CASE-000794,ANL-2020,2026-01-06T11:32:00Z,SIEM_LOG,Splunk ES,REF-30474,Supports investigation finding
EVD-000726,ALT-000795,CASE-000795,ANL-2015,2026-01-06T09:51:00Z,PROCESS_TREE,Microsoft Sentinel,REF-20375,Supports investigation finding
EVD-000727,ALT-000796,CASE-000796,ANL-2013,2026-01-06T08:52:00Z,SIEM_LOG,IBM QRadar,REF-59959,Supports investigation finding
EVD-000728,ALT-000797,CASE-000797,ANL-2010,2026-01-06T12:37:00Z,AUTHENTICATION_LOG,Elastic Security,REF-19525,Supports investigation finding
EVD-000729,ALT-000798,CASE-000798,ANL-2020,2026-01-06T20:17:00Z,ENDPOINT_LOG,Splunk ES,REF-43398,Supports investigation finding
EVD-000730,ALT-000799,CASE-000799,ANL-2024,2026-01-06T20:09:00Z,CASE_NOTE,Microsoft Sentinel,REF-47256,Supports investigation finding
EVD-000731,ALT-000800,CASE-000800,ANL-2011,2026-01-06T19:26:00Z,SIEM_LOG,Elastic Security,REF-84740,Supports investigation finding
EVD-000732,ALT-000801,CASE-000801,ANL-2019,2026-01-07T13:05:00Z,AUTHENTICATION_LOG,Microsoft Sentinel,REF-84956,Supports investigation finding
EVD-000733,ALT-000804,CASE-000804,ANL-2020,2026-01-07T10:22:00Z,THREAT_INTELLIGENCE,IBM QRadar,REF-14471,Supports investigation finding
EVD-000734,ALT-000805,CASE-000805,ANL-2018,2026-01-07T21:57:00Z,NETWORK_LOG,Microsoft Sentinel,REF-69230,Supports investigation finding
EVD-000735,ALT-000806,CASE-000806,ANL-2013,2026-01-07T05:22:00Z,SIEM_LOG,Elastic Security,REF-80730,Supports investigation finding
EVD-000736,ALT-000807,CASE-000807,ANL-2002,2026-01-08T00:18:00Z,THREAT_INTELLIGENCE,IBM QRadar,REF-67321,Supports investigation finding
EVD-000737,ALT-000808,CASE-000808,ANL-2007,2026-01-07T07:35:00Z,CASE_NOTE,Elastic Security,REF-92470,Supports investigation finding
EVD-000738,ALT-000809,CASE-000809,ANL-2013,2026-01-07T05:36:00Z,CASE_NOTE,Microsoft Sentinel,REF-99619,Supports investigation finding
EVD-000739,ALT-000810,CASE-000810,ANL-2001,2026-01-07T16:52:00Z,PROCESS_TREE,IBM QRadar,REF-45690,Supports investigation finding
EVD-000740,ALT-000811,CASE-000811,ANL-2011,2026-01-07T05:44:00Z,PROCESS_TREE,Elastic Security,REF-62597,Supports investigation finding
EVD-000741,ALT-000812,CASE-000812,ANL-2014,2026-01-07T13:21:00Z,NETWORK_LOG,IBM QRadar,REF-27728,Supports investigation finding
EVD-000742,ALT-000813,CASE-000813,ANL-2012,2026-01-07T15:47:00Z,NETWORK_LOG,IBM QRadar,REF-45829,Supports investigation finding
EVD-000743,ALT-000814,CASE-000814,ANL-2023,2026-01-07T20:15:00Z,AUTHENTICATION_LOG,IBM QRadar,REF-63234,Supports investigation finding
EVD-000744,ALT-000816,CASE-000816,ANL-2005,2026-01-07T12:34:00Z,SIEM_LOG,Microsoft Sentinel,REF-55463,Supports investigation finding
EVD-000745,ALT-000818,CASE-000818,ANL-2021,2026-01-08T00:17:00Z,PROCESS_TREE,Elastic Security,REF-10906,Supports investigation finding
EVD-000746,ALT-000819,CASE-000819,ANL-2016,2026-01-07T16:30:00Z,THREAT_INTELLIGENCE,Microsoft Sentinel,REF-72791,Supports investigation finding
EVD-000747,ALT-000820,CASE-000820,ANL-2005,2026-01-07T19:07:00Z,ENDPOINT_LOG,Splunk ES,REF-99916,Supports investigation finding
EVD-000748,ALT-000821,CASE-000821,ANL-2020,2026-01-07T06:05:00Z,CASE_NOTE,Splunk ES,REF-45222,Supports investigation finding
EVD-000749,ALT-000823,CASE-000823,ANL-2023,2026-01-08T00:07:00Z,PROCESS_TREE,Elastic Security,REF-75984,Supports investigation finding
EVD-000750,ALT-000824,CASE-000824,ANL-2024,2026-01-07T22:59:00Z,THREAT_INTELLIGENCE,Elastic Security,REF-63062,Supports investigation finding
EVD-000751,ALT-000825,CASE-000825,ANL-2019,2026-01-07T02:59:00Z,SIEM_LOG,IBM QRadar,REF-46974,Supports investigation finding
EVD-000752,ALT-000827,CASE-000827,ANL-2023,2026-01-07T20:03:00Z,CASE_NOTE,Elastic Security,REF-48027,Supports investigation finding
EVD-000753,ALT-000828,CASE-000828,ANL-2024,2026-01-07T07:27:00Z,ENDPOINT_LOG,IBM QRadar,REF-61769,Supports investigation finding
EVD-000754,ALT-000829,CASE-000829,ANL-2001,2026-01-07T12:52:00Z,AUTHENTICATION_LOG,IBM QRadar,REF-66485,Supports investigation finding
EVD-000755,ALT-000830,CASE-000830,ANL-2014,2026-01-07T11:22:00Z,PROCESS_TREE,Splunk ES,REF-90166,Supports investigation finding
EVD-000756,ALT-000831,CASE-000831,ANL-2017,2026-01-07T06:56:00Z,ENDPOINT_LOG,Elastic Security,REF-37808,Supports investigation finding
EVD-000757,ALT-000832,CASE-000832,ANL-2018,2026-01-07T23:47:00Z,ENDPOINT_LOG,Splunk ES,REF-82776,Supports investigation finding
EVD-000758,ALT-000833,CASE-000833,ANL-2011,2026-01-07T00:55:00Z,ENDPOINT_LOG,Elastic Security,REF-90870,Supports investigation finding
EVD-000759,ALT-000834,CASE-000834,ANL-2017,2026-01-07T03:39:00Z,NETWORK_LOG,Splunk ES,REF-89909,Supports investigation finding
EVD-000760,ALT-000835,CASE-000835,ANL-2024,2026-01-07T22:08:00Z,AUTHENTICATION_LOG,Microsoft Sentinel,REF-91619,Supports investigation finding
EVD-000761,ALT-000836,CASE-000836,ANL-2004,2026-01-07T17:46:00Z,CASE_NOTE,Elastic Security,REF-57423,Supports investigation finding
EVD-000762,ALT-000837,CASE-000837,ANL-2005,2026-01-07T04:44:00Z,THREAT_INTELLIGENCE,Splunk ES,REF-93592,Supports investigation finding
EVD-000763,ALT-000838,CASE-000838,ANL-2011,2026-01-07T14:30:00Z,PROCESS_TREE,Microsoft Sentinel,REF-89760,Supports investigation finding
EVD-000764,ALT-000841,CASE-000841,ANL-2017,2026-01-08T11:07:00Z,THREAT_INTELLIGENCE,Splunk ES,REF-14290,Supports investigation finding
EVD-000765,ALT-000842,CASE-000842,ANL-2017,2026-01-08T23:50:00Z,CASE_NOTE,IBM QRadar,REF-16451,Supports investigation finding
EVD-000766,ALT-000843,CASE-000843,ANL-2018,2026-01-08T13:43:00Z,PROCESS_TREE,Microsoft Sentinel,REF-48462,Supports investigation finding
EVD-000767,ALT-000844,CASE-000844,ANL-2014,2026-01-08T00:37:00Z,PROCESS_TREE,Splunk ES,REF-61577,Supports investigation finding
EVD-000768,ALT-000845,CASE-000845,ANL-2006,2026-01-08T08:04:00Z,ENDPOINT_LOG,Elastic Security,REF-26034,Supports investigation finding
EVD-000769,ALT-000846,CASE-000846,ANL-2020,2026-01-08T09:22:00Z,THREAT_INTELLIGENCE,Microsoft Sentinel,REF-72850,Supports investigation finding
EVD-000770,ALT-000847,CASE-000847,ANL-2005,2026-01-08T01:20:00Z,AUTHENTICATION_LOG,Splunk ES,REF-69299,Supports investigation finding
EVD-000771,ALT-000848,CASE-000848,ANL-2011,2026-01-08T00:46:00Z,AUTHENTICATION_LOG,Splunk ES,REF-56934,Supports investigation finding
EVD-000772,ALT-000849,CASE-000849,ANL-2005,2026-01-08T02:54:00Z,CASE_NOTE,IBM QRadar,REF-16887,Supports investigation finding
EVD-000773,ALT-000850,CASE-000850,ANL-2019,2026-01-08T06:40:00Z,NETWORK_LOG,IBM QRadar,REF-10325,Supports investigation finding
EVD-000774,ALT-000851,CASE-000851,ANL-2010,2026-01-08T09:21:00Z,THREAT_INTELLIGENCE,IBM QRadar,REF-73203,Supports investigation finding
EVD-000775,ALT-000852,CASE-000852,ANL-2019,2026-01-09T00:16:00Z,PROCESS_TREE,Elastic Security,REF-35469,Supports investigation finding
EVD-000776,ALT-000853,CASE-000853,ANL-2008,2026-01-08T18:42:00Z,AUTHENTICATION_LOG,Splunk ES,REF-22755,Supports investigation finding
EVD-000777,ALT-000854,CASE-000854,ANL-2002,2026-01-08T15:58:00Z,ENDPOINT_LOG,Microsoft Sentinel,REF-75824,Supports investigation finding
EVD-000778,ALT-000856,CASE-000856,ANL-2002,2026-01-08T05:24:00Z,NETWORK_LOG,IBM QRadar,REF-37403,Supports investigation finding
EVD-000779,ALT-000857,CASE-000857,ANL-2013,2026-01-08T06:25:00Z,CASE_NOTE,Microsoft Sentinel,REF-10652,Supports investigation finding
EVD-000780,ALT-000858,CASE-000858,ANL-2024,2026-01-09T00:33:00Z,THREAT_INTELLIGENCE,IBM QRadar,REF-33273,Supports investigation finding
EVD-000781,ALT-000860,CASE-000860,ANL-2011,2026-01-08T22:11:00Z,CASE_NOTE,Elastic Security,REF-94523,Supports investigation finding
EVD-000782,ALT-000861,CASE-000861,ANL-2014,2026-01-08T22:43:00Z,SIEM_LOG,Elastic Security,REF-56463,Supports investigation finding
EVD-000783,ALT-000862,CASE-000862,ANL-2023,2026-01-08T20:50:00Z,ENDPOINT_LOG,Microsoft Sentinel,REF-60672,Supports investigation finding
EVD-000784,ALT-000865,CASE-000865,ANL-2012,2026-01-08T04:20:00Z,PROCESS_TREE,Microsoft Sentinel,REF-23158,Supports investigation finding
EVD-000785,ALT-000866,CASE-000866,ANL-2014,2026-01-08T05:05:00Z,PROCESS_TREE,Splunk ES,REF-64687,Supports investigation finding
EVD-000786,ALT-000867,CASE-000867,ANL-2010,2026-01-08T01:41:00Z,CASE_NOTE,Splunk ES,REF-87552,Supports investigation finding
EVD-000787,ALT-000868,CASE-000868,ANL-2023,2026-01-08T04:55:00Z,AUTHENTICATION_LOG,Elastic Security,REF-92837,Supports investigation finding
EVD-000788,ALT-000871,CASE-000871,ANL-2003,2026-01-09T00:04:00Z,THREAT_INTELLIGENCE,IBM QRadar,REF-54660,Supports investigation finding
EVD-000789,ALT-000872,CASE-000872,ANL-2005,2026-01-08T17:08:00Z,SIEM_LOG,Splunk ES,REF-48543,Supports investigation finding
EVD-000790,ALT-000873,CASE-000873,ANL-2014,2026-01-08T17:17:00Z,AUTHENTICATION_LOG,IBM QRadar,REF-63430,Supports investigation finding
EVD-000791,ALT-000875,CASE-000875,ANL-2015,2026-01-08T18:27:00Z,CASE_NOTE,Microsoft Sentinel,REF-67236,Supports investigation finding
EVD-000792,ALT-000876,CASE-000876,ANL-2015,2026-01-08T21:48:00Z,NETWORK_LOG,Microsoft Sentinel,REF-71542,Supports investigation finding
EVD-000793,ALT-000877,CASE-000877,ANL-2002,2026-01-08T05:15:00Z,PROCESS_TREE,Splunk ES,REF-85459,Supports investigation finding
EVD-000794,ALT-000878,CASE-000878,ANL-2019,2026-01-08T12:02:00Z,THREAT_INTELLIGENCE,Microsoft Sentinel,REF-16353,Supports investigation finding
EVD-000795,ALT-000879,CASE-000879,ANL-2011,2026-01-08T03:08:00Z,NETWORK_LOG,Elastic Security,REF-49491,Supports investigation finding
EVD-000796,ALT-000880,CASE-000880,ANL-2010,2026-01-08T01:48:00Z,SIEM_LOG,Splunk ES,REF-52942,Supports investigation finding
EVD-000797,ALT-000881,CASE-000881,ANL-2013,2026-01-09T19:41:00Z,THREAT_INTELLIGENCE,IBM QRadar,REF-80493,Supports investigation finding
EVD-000798,ALT-000882,CASE-000882,ANL-2014,2026-01-09T05:40:00Z,PROCESS_TREE,Microsoft Sentinel,REF-33080,Supports investigation finding
EVD-000799,ALT-000883,CASE-000883,ANL-2002,2026-01-09T13:02:00Z,PROCESS_TREE,Microsoft Sentinel,REF-39582,Supports investigation finding
EVD-000800,ALT-000885,CASE-000885,ANL-2007,2026-01-09T13:13:00Z,ENDPOINT_LOG,Splunk ES,REF-98824,Supports investigation finding
EVD-000801,ALT-000886,CASE-000886,ANL-2014,2026-01-09T14:24:00Z,SIEM_LOG,IBM QRadar,REF-30431,Supports investigation finding
EVD-000802,ALT-000887,CASE-000887,ANL-2014,2026-01-09T17:07:00Z,NETWORK_LOG,Splunk ES,REF-29952,Supports investigation finding
EVD-000803,ALT-000890,CASE-000890,ANL-2006,2026-01-09T13:39:00Z,NETWORK_LOG,Splunk ES,REF-79328,Supports investigation finding
EVD-000804,ALT-000891,CASE-000891,ANL-2023,2026-01-09T19:33:00Z,CASE_NOTE,Microsoft Sentinel,REF-65273,Supports investigation finding
EVD-000805,ALT-000892,CASE-000892,ANL-2011,2026-01-09T08:38:00Z,NETWORK_LOG,Elastic Security,REF-74674,Supports investigation finding
EVD-000806,ALT-000893,CASE-000893,ANL-2005,2026-01-09T19:05:00Z,THREAT_INTELLIGENCE,IBM QRadar,REF-30455,Supports investigation finding
EVD-000807,ALT-000894,CASE-000894,ANL-2024,2026-01-09T15:53:00Z,AUTHENTICATION_LOG,Elastic Security,REF-43177,Supports investigation finding
EVD-000808,ALT-000895,CASE-000895,ANL-2001,2026-01-09T20:08:00Z,NETWORK_LOG,Splunk ES,REF-84482,Supports investigation finding
EVD-000809,ALT-000896,CASE-000896,ANL-2019,2026-01-09T06:32:00Z,NETWORK_LOG,IBM QRadar,REF-93631,Supports investigation finding
EVD-000810,ALT-000897,CASE-000897,ANL-2013,2026-01-09T12:23:00Z,THREAT_INTELLIGENCE,IBM QRadar,REF-11575,Supports investigation finding
EVD-000811,ALT-000898,CASE-000898,ANL-2015,2026-01-09T17:07:00Z,AUTHENTICATION_LOG,Microsoft Sentinel,REF-65612,Supports investigation finding
EVD-000812,ALT-000899,CASE-000899,ANL-2012,2026-01-09T13:17:00Z,SIEM_LOG,Splunk ES,REF-87078,Supports investigation finding
EVD-000813,ALT-000900,CASE-000900,ANL-2012,2026-01-09T11:55:00Z,CASE_NOTE,Splunk ES,REF-45085,Supports investigation finding
EVD-000814,ALT-000901,CASE-000901,ANL-2005,2026-01-09T06:36:00Z,CASE_NOTE,IBM QRadar,REF-77876,Supports investigation finding
EVD-000815,ALT-000903,CASE-000903,ANL-2013,2026-01-09T20:59:00Z,CASE_NOTE,Microsoft Sentinel,REF-96797,Supports investigation finding
EVD-000816,ALT-000904,CASE-000904,ANL-2021,2026-01-09T19:13:00Z,SIEM_LOG,Elastic Security,REF-12289,Supports investigation finding
EVD-000817,ALT-000905,CASE-000905,ANL-2006,2026-01-09T07:10:00Z,SIEM_LOG,Microsoft Sentinel,REF-20828,Supports investigation finding
EVD-000818,ALT-000906,CASE-000906,ANL-2001,2026-01-09T05:28:00Z,AUTHENTICATION_LOG,Microsoft Sentinel,REF-21699,Supports investigation finding
EVD-000819,ALT-000907,CASE-000907,ANL-2009,2026-01-09T18:42:00Z,AUTHENTICATION_LOG,Elastic Security,REF-80611,Supports investigation finding
EVD-000820,ALT-000908,CASE-000908,ANL-2002,2026-01-09T00:38:00Z,AUTHENTICATION_LOG,Splunk ES,REF-25013,Supports investigation finding
EVD-000821,ALT-000909,CASE-000909,ANL-2021,2026-01-09T14:36:00Z,CASE_NOTE,Elastic Security,REF-50595,Supports investigation finding
EVD-000822,ALT-000910,CASE-000910,ANL-2018,2026-01-09T03:17:00Z,CASE_NOTE,Splunk ES,REF-20793,Supports investigation finding
EVD-000823,ALT-000911,CASE-000911,ANL-2015,2026-01-09T19:15:00Z,ENDPOINT_LOG,IBM QRadar,REF-89254,Supports investigation finding
EVD-000824,ALT-000912,CASE-000912,ANL-2005,2026-01-10T00:11:00Z,ENDPOINT_LOG,Splunk ES,REF-66681,Supports investigation finding
EVD-000825,ALT-000913,CASE-000913,ANL-2015,2026-01-09T20:38:00Z,PROCESS_TREE,Splunk ES,REF-93994,Supports investigation finding
EVD-000826,ALT-000914,CASE-000914,ANL-2018,2026-01-09T11:39:00Z,SIEM_LOG,IBM QRadar,REF-51561,Supports investigation finding
EVD-000827,ALT-000915,CASE-000915,ANL-2016,2026-01-09T12:47:00Z,CASE_NOTE,Splunk ES,REF-15713,Supports investigation finding
EVD-000828,ALT-000916,CASE-000916,ANL-2015,2026-01-09T06:00:00Z,THREAT_INTELLIGENCE,Elastic Security,REF-76476,Supports investigation finding
EVD-000829,ALT-000917,CASE-000917,ANL-2022,2026-01-09T01:04:00Z,ENDPOINT_LOG,IBM QRadar,REF-44298,Supports investigation finding
EVD-000830,ALT-000918,CASE-000918,ANL-2012,2026-01-09T19:54:00Z,NETWORK_LOG,IBM QRadar,REF-94664,Supports investigation finding
EVD-000831,ALT-000919,CASE-000919,ANL-2013,2026-01-09T03:02:00Z,PROCESS_TREE,Elastic Security,REF-51050,Supports investigation finding
EVD-000832,ALT-000920,CASE-000920,ANL-2017,2026-01-09T15:42:00Z,NETWORK_LOG,IBM QRadar,REF-14178,Supports investigation finding
EVD-000833,ALT-000921,CASE-000921,ANL-2015,2026-01-10T00:46:00Z,AUTHENTICATION_LOG,Splunk ES,REF-28049,Supports investigation finding
EVD-000834,ALT-000923,CASE-000923,ANL-2003,2026-01-10T11:09:00Z,ENDPOINT_LOG,Microsoft Sentinel,REF-97534,Supports investigation finding
EVD-000835,ALT-000924,CASE-000924,ANL-2023,2026-01-10T07:18:00Z,NETWORK_LOG,IBM QRadar,REF-99687,Supports investigation finding
EVD-000836,ALT-000925,CASE-000925,ANL-2004,2026-01-10T18:37:00Z,SIEM_LOG,Splunk ES,REF-77331,Supports investigation finding
EVD-000837,ALT-000928,CASE-000928,ANL-2004,2026-01-10T23:54:00Z,SIEM_LOG,Splunk ES,REF-78332,Supports investigation finding
EVD-000838,ALT-000929,CASE-000929,ANL-2003,2026-01-10T08:39:00Z,CASE_NOTE,Splunk ES,REF-31197,Supports investigation finding
EVD-000839,ALT-000930,CASE-000930,ANL-2008,2026-01-10T17:06:00Z,SIEM_LOG,Splunk ES,REF-67943,Supports investigation finding
EVD-000840,ALT-000932,CASE-000932,ANL-2020,2026-01-10T08:50:00Z,SIEM_LOG,Splunk ES,REF-51100,Supports investigation finding
EVD-000841,ALT-000933,CASE-000933,ANL-2006,2026-01-10T18:10:00Z,PROCESS_TREE,Microsoft Sentinel,REF-84100,Supports investigation finding
EVD-000842,ALT-000935,CASE-000935,ANL-2001,2026-01-10T19:58:00Z,PROCESS_TREE,IBM QRadar,REF-71946,Supports investigation finding
EVD-000843,ALT-000936,CASE-000936,ANL-2015,2026-01-11T01:41:00Z,ENDPOINT_LOG,Microsoft Sentinel,REF-13310,Supports investigation finding
EVD-000844,ALT-000937,CASE-000937,ANL-2017,2026-01-10T18:39:00Z,SIEM_LOG,IBM QRadar,REF-48909,Supports investigation finding
EVD-000845,ALT-000938,CASE-000938,ANL-2021,2026-01-10T09:49:00Z,PROCESS_TREE,IBM QRadar,REF-73312,Supports investigation finding
EVD-000846,ALT-000939,CASE-000939,ANL-2022,2026-01-10T08:52:00Z,SIEM_LOG,Splunk ES,REF-15725,Supports investigation finding
EVD-000847,ALT-000940,CASE-000940,ANL-2017,2026-01-10T06:40:00Z,PROCESS_TREE,Elastic Security,REF-90517,Supports investigation finding
EVD-000848,ALT-000942,CASE-000942,ANL-2014,2026-01-10T13:36:00Z,NETWORK_LOG,Elastic Security,REF-34710,Supports investigation finding
EVD-000849,ALT-000943,CASE-000943,ANL-2016,2026-01-10T11:42:00Z,THREAT_INTELLIGENCE,IBM QRadar,REF-65194,Supports investigation finding
EVD-000850,ALT-000944,CASE-000944,ANL-2021,2026-01-10T07:09:00Z,SIEM_LOG,IBM QRadar,REF-81041,Supports investigation finding
EVD-000851,ALT-000945,CASE-000945,ANL-2018,2026-01-11T06:35:00Z,NETWORK_LOG,Splunk ES,REF-85929,Supports investigation finding
EVD-000852,ALT-000946,CASE-000946,ANL-2020,2026-01-10T18:17:00Z,AUTHENTICATION_LOG,Splunk ES,REF-69352,Supports investigation finding
EVD-000853,ALT-000947,CASE-000947,ANL-2006,2026-01-10T01:16:00Z,NETWORK_LOG,Splunk ES,REF-45186,Supports investigation finding
EVD-000854,ALT-000948,CASE-000948,ANL-2012,2026-01-10T08:51:00Z,PROCESS_TREE,IBM QRadar,REF-80667,Supports investigation finding
EVD-000855,ALT-000949,CASE-000949,ANL-2010,2026-01-10T20:54:00Z,AUTHENTICATION_LOG,Microsoft Sentinel,REF-60099,Supports investigation finding
EVD-000856,ALT-000950,CASE-000950,ANL-2008,2026-01-10T11:44:00Z,THREAT_INTELLIGENCE,Microsoft Sentinel,REF-33288,Supports investigation finding
EVD-000857,ALT-000951,CASE-000951,ANL-2017,2026-01-10T10:36:00Z,THREAT_INTELLIGENCE,Splunk ES,REF-83665,Supports investigation finding
EVD-000858,ALT-000952,CASE-000952,ANL-2011,2026-01-10T09:04:00Z,NETWORK_LOG,Microsoft Sentinel,REF-88766,Supports investigation finding
EVD-000859,ALT-000953,CASE-000953,ANL-2018,2026-01-10T07:10:00Z,AUTHENTICATION_LOG,Microsoft Sentinel,REF-87207,Supports investigation finding
EVD-000860,ALT-000954,CASE-000954,ANL-2021,2026-01-10T15:41:00Z,AUTHENTICATION_LOG,Elastic Security,REF-52702,Supports investigation finding
EVD-000861,ALT-000955,CASE-000955,ANL-2016,2026-01-10T04:01:00Z,CASE_NOTE,IBM QRadar,REF-85577,Supports investigation finding
EVD-000862,ALT-000956,CASE-000956,ANL-2019,2026-01-10T23:52:00Z,CASE_NOTE,IBM QRadar,REF-42685,Supports investigation finding
EVD-000863,ALT-000957,CASE-000957,ANL-2013,2026-01-10T02:20:00Z,CASE_NOTE,IBM QRadar,REF-58348,Supports investigation finding
EVD-000864,ALT-000960,CASE-000960,ANL-2008,2026-01-10T08:19:00Z,AUTHENTICATION_LOG,Elastic Security,REF-70253,Supports investigation finding
EVD-000865,ALT-000961,CASE-000961,ANL-2010,2026-01-11T18:19:00Z,THREAT_INTELLIGENCE,Splunk ES,REF-37257,Supports investigation finding
EVD-000866,ALT-000962,CASE-000962,ANL-2014,2026-01-11T23:48:00Z,AUTHENTICATION_LOG,IBM QRadar,REF-14180,Supports investigation finding
EVD-000867,ALT-000963,CASE-000963,ANL-2003,2026-01-12T00:18:00Z,AUTHENTICATION_LOG,Splunk ES,REF-20027,Supports investigation finding
EVD-000868,ALT-000964,CASE-000964,ANL-2021,2026-01-11T17:41:00Z,PROCESS_TREE,Elastic Security,REF-86830,Supports investigation finding
EVD-000869,ALT-000965,CASE-000965,ANL-2008,2026-01-11T08:23:00Z,NETWORK_LOG,Splunk ES,REF-18812,Supports investigation finding
EVD-000870,ALT-000966,CASE-000966,ANL-2008,2026-01-11T15:50:00Z,THREAT_INTELLIGENCE,Microsoft Sentinel,REF-98106,Supports investigation finding
EVD-000871,ALT-000967,CASE-000967,ANL-2023,2026-01-12T00:13:00Z,NETWORK_LOG,Elastic Security,REF-64841,Supports investigation finding
EVD-000872,ALT-000968,CASE-000968,ANL-2018,2026-01-11T04:27:00Z,PROCESS_TREE,IBM QRadar,REF-36939,Supports investigation finding
EVD-000873,ALT-000969,CASE-000969,ANL-2002,2026-01-11T02:42:00Z,SIEM_LOG,Microsoft Sentinel,REF-77503,Supports investigation finding
EVD-000874,ALT-000970,CASE-000970,ANL-2013,2026-01-11T10:29:00Z,SIEM_LOG,Splunk ES,REF-98043,Supports investigation finding
EVD-000875,ALT-000971,CASE-000971,ANL-2011,2026-01-11T22:26:00Z,AUTHENTICATION_LOG,Elastic Security,REF-50211,Supports investigation finding
EVD-000876,ALT-000972,CASE-000972,ANL-2013,2026-01-11T23:20:00Z,NETWORK_LOG,Elastic Security,REF-93628,Supports investigation finding
EVD-000877,ALT-000973,CASE-000973,ANL-2016,2026-01-11T21:03:00Z,CASE_NOTE,Microsoft Sentinel,REF-45039,Supports investigation finding
EVD-000878,ALT-000974,CASE-000974,ANL-2004,2026-01-11T18:46:00Z,SIEM_LOG,IBM QRadar,REF-32741,Supports investigation finding
EVD-000879,ALT-000975,CASE-000975,ANL-2016,2026-01-11T12:23:00Z,NETWORK_LOG,Elastic Security,REF-92182,Supports investigation finding
EVD-000880,ALT-000976,CASE-000976,ANL-2024,2026-01-11T17:03:00Z,CASE_NOTE,IBM QRadar,REF-87217,Supports investigation finding
EVD-000881,ALT-000977,CASE-000977,ANL-2024,2026-01-11T12:40:00Z,NETWORK_LOG,IBM QRadar,REF-22186,Supports investigation finding
EVD-000882,ALT-000978,CASE-000978,ANL-2005,2026-01-11T23:51:00Z,PROCESS_TREE,Elastic Security,REF-38617,Supports investigation finding
EVD-000883,ALT-000979,CASE-000979,ANL-2014,2026-01-11T17:10:00Z,PROCESS_TREE,IBM QRadar,REF-52657,Supports investigation finding
EVD-000884,ALT-000980,CASE-000980,ANL-2003,2026-01-11T21:16:00Z,NETWORK_LOG,IBM QRadar,REF-25768,Supports investigation finding
EVD-000885,ALT-000981,CASE-000981,ANL-2012,2026-01-11T20:25:00Z,CASE_NOTE,Microsoft Sentinel,REF-24451,Supports investigation finding
EVD-000886,ALT-000983,CASE-000983,ANL-2010,2026-01-11T07:42:00Z,SIEM_LOG,Microsoft Sentinel,REF-55226,Supports investigation finding
EVD-000887,ALT-000984,CASE-000984,ANL-2009,2026-01-11T16:43:00Z,AUTHENTICATION_LOG,Elastic Security,REF-92121,Supports investigation finding
EVD-000888,ALT-000986,CASE-000986,ANL-2010,2026-01-11T17:50:00Z,ENDPOINT_LOG,Microsoft Sentinel,REF-85050,Supports investigation finding
EVD-000889,ALT-000988,CASE-000988,ANL-2016,2026-01-11T14:32:00Z,NETWORK_LOG,Microsoft Sentinel,REF-87822,Supports investigation finding
EVD-000890,ALT-000989,CASE-000989,ANL-2021,2026-01-11T04:11:00Z,NETWORK_LOG,Elastic Security,REF-23613,Supports investigation finding
EVD-000891,ALT-000990,CASE-000990,ANL-2021,2026-01-11T12:27:00Z,SIEM_LOG,Splunk ES,REF-95671,Supports investigation finding
EVD-000892,ALT-000991,CASE-000991,ANL-2009,2026-01-11T17:13:00Z,THREAT_INTELLIGENCE,Microsoft Sentinel,REF-87315,Supports investigation finding
EVD-000893,ALT-000992,CASE-000992,ANL-2017,2026-01-11T10:37:00Z,CASE_NOTE,Elastic Security,REF-23744,Supports investigation finding
EVD-000894,ALT-000993,CASE-000993,ANL-2023,2026-01-11T18:27:00Z,CASE_NOTE,IBM QRadar,REF-66156,Supports investigation finding
EVD-000895,ALT-000994,CASE-000994,ANL-2016,2026-01-11T13:30:00Z,AUTHENTICATION_LOG,Splunk ES,REF-50617,Supports investigation finding
EVD-000896,ALT-000995,CASE-000995,ANL-2016,2026-01-11T08:11:00Z,CASE_NOTE,Elastic Security,REF-13301,Supports investigation finding
EVD-000897,ALT-000999,CASE-000999,ANL-2001,2026-01-11T05:22:00Z,SIEM_LOG,IBM QRadar,REF-76605,Supports investigation finding
EVD-000898,ALT-001000,CASE-001000,ANL-2001,2026-01-12T00:02:00Z,NETWORK_LOG,Elastic Security,REF-81512,Supports investigation finding
EVD-000899,ALT-001001,CASE-001001,ANL-2002,2026-01-12T19:14:00Z,THREAT_INTELLIGENCE,Splunk ES,REF-12678,Supports investigation finding
EVD-000900,ALT-001002,CASE-001002,ANL-2011,2026-01-12T09:48:00Z,NETWORK_LOG,Microsoft Sentinel,REF-32957,Supports investigation finding
EVD-000901,ALT-001003,CASE-001003,ANL-2005,2026-01-12T13:40:00Z,CASE_NOTE,IBM QRadar,REF-58241,Supports investigation finding
EVD-000902,ALT-001005,CASE-001005,ANL-2018,2026-01-12T02:43:00Z,NETWORK_LOG,Microsoft Sentinel,REF-63845,Supports investigation finding
EVD-000903,ALT-001007,CASE-001007,ANL-2013,2026-01-12T01:33:00Z,NETWORK_LOG,IBM QRadar,REF-54601,Supports investigation finding
EVD-000904,ALT-001008,CASE-001008,ANL-2007,2026-01-12T15:22:00Z,SIEM_LOG,Microsoft Sentinel,REF-73454,Supports investigation finding
EVD-000905,ALT-001010,CASE-001010,ANL-2024,2026-01-13T00:25:00Z,AUTHENTICATION_LOG,Elastic Security,REF-39205,Supports investigation finding
EVD-000906,ALT-001012,CASE-001012,ANL-2023,2026-01-12T14:15:00Z,NETWORK_LOG,Elastic Security,REF-41777,Supports investigation finding
EVD-000907,ALT-001013,CASE-001013,ANL-2018,2026-01-12T09:07:00Z,ENDPOINT_LOG,Elastic Security,REF-57862,Supports investigation finding
EVD-000908,ALT-001014,CASE-001014,ANL-2024,2026-01-12T02:52:00Z,CASE_NOTE,Splunk ES,REF-71862,Supports investigation finding
EVD-000909,ALT-001015,CASE-001015,ANL-2009,2026-01-12T23:20:00Z,PROCESS_TREE,IBM QRadar,REF-82968,Supports investigation finding
EVD-000910,ALT-001017,CASE-001017,ANL-2020,2026-01-12T17:31:00Z,CASE_NOTE,Microsoft Sentinel,REF-16658,Supports investigation finding
EVD-000911,ALT-001018,CASE-001018,ANL-2024,2026-01-12T12:10:00Z,ENDPOINT_LOG,Splunk ES,REF-62603,Supports investigation finding
EVD-000912,ALT-001019,CASE-001019,ANL-2015,2026-01-12T20:30:00Z,THREAT_INTELLIGENCE,IBM QRadar,REF-56246,Supports investigation finding
EVD-000913,ALT-001020,CASE-001020,ANL-2009,2026-01-12T01:20:00Z,ENDPOINT_LOG,Splunk ES,REF-12542,Supports investigation finding
EVD-000914,ALT-001021,CASE-001021,ANL-2006,2026-01-12T10:33:00Z,THREAT_INTELLIGENCE,Elastic Security,REF-70435,Supports investigation finding
EVD-000915,ALT-001022,CASE-001022,ANL-2011,2026-01-12T21:37:00Z,THREAT_INTELLIGENCE,Elastic Security,REF-12459,Supports investigation finding
EVD-000916,ALT-001025,CASE-001025,ANL-2019,2026-01-12T11:29:00Z,PROCESS_TREE,Microsoft Sentinel,REF-64690,Supports investigation finding
EVD-000917,ALT-001027,CASE-001027,ANL-2024,2026-01-12T08:52:00Z,ENDPOINT_LOG,IBM QRadar,REF-50078,Supports investigation finding
EVD-000918,ALT-001028,CASE-001028,ANL-2022,2026-01-13T00:44:00Z,ENDPOINT_LOG,Splunk ES,REF-92453,Supports investigation finding
EVD-000919,ALT-001029,CASE-001029,ANL-2010,2026-01-12T05:37:00Z,CASE_NOTE,IBM QRadar,REF-27310,Supports investigation finding
EVD-000920,ALT-001030,CASE-001030,ANL-2018,2026-01-12T12:02:00Z,ENDPOINT_LOG,Microsoft Sentinel,REF-52040,Supports investigation finding
EVD-000921,ALT-001031,CASE-001031,ANL-2001,2026-01-12T12:42:00Z,THREAT_INTELLIGENCE,Splunk ES,REF-95143,Supports investigation finding
EVD-000922,ALT-001033,CASE-001033,ANL-2017,2026-01-12T21:58:00Z,THREAT_INTELLIGENCE,Elastic Security,REF-22589,Supports investigation finding
EVD-000923,ALT-001034,CASE-001034,ANL-2004,2026-01-12T17:15:00Z,AUTHENTICATION_LOG,Splunk ES,REF-53787,Supports investigation finding
EVD-000924,ALT-001036,CASE-001036,ANL-2021,2026-01-12T20:12:00Z,PROCESS_TREE,IBM QRadar,REF-64769,Supports investigation finding
EVD-000925,ALT-001037,CASE-001037,ANL-2012,2026-01-12T13:56:00Z,NETWORK_LOG,IBM QRadar,REF-38039,Supports investigation finding
EVD-000926,ALT-001038,CASE-001038,ANL-2023,2026-01-12T13:03:00Z,NETWORK_LOG,Microsoft Sentinel,REF-52106,Supports investigation finding
EVD-000927,ALT-001039,CASE-001039,ANL-2024,2026-01-12T17:35:00Z,CASE_NOTE,Splunk ES,REF-46975,Supports investigation finding
EVD-000928,ALT-001040,CASE-001040,ANL-2011,2026-01-12T10:28:00Z,NETWORK_LOG,IBM QRadar,REF-23077,Supports investigation finding
EVD-000929,ALT-001042,CASE-001042,ANL-2003,2026-01-13T00:56:00Z,NETWORK_LOG,Elastic Security,REF-28420,Supports investigation finding
EVD-000930,ALT-001043,CASE-001043,ANL-2009,2026-01-13T04:36:00Z,PROCESS_TREE,Splunk ES,REF-14137,Supports investigation finding
EVD-000931,ALT-001044,CASE-001044,ANL-2008,2026-01-13T04:23:00Z,THREAT_INTELLIGENCE,Elastic Security,REF-73727,Supports investigation finding
EVD-000932,ALT-001045,CASE-001045,ANL-2009,2026-01-13T08:34:00Z,SIEM_LOG,Microsoft Sentinel,REF-75841,Supports investigation finding
EVD-000933,ALT-001046,CASE-001046,ANL-2017,2026-01-13T17:04:00Z,SIEM_LOG,Microsoft Sentinel,REF-39161,Supports investigation finding
EVD-000934,ALT-001048,CASE-001048,ANL-2002,2026-01-13T21:04:00Z,SIEM_LOG,Elastic Security,REF-46817,Supports investigation finding
EVD-000935,ALT-001049,CASE-001049,ANL-2021,2026-01-13T02:04:00Z,PROCESS_TREE,Microsoft Sentinel,REF-23534,Supports investigation finding
EVD-000936,ALT-001050,CASE-001050,ANL-2002,2026-01-13T14:48:00Z,THREAT_INTELLIGENCE,IBM QRadar,REF-63366,Supports investigation finding
EVD-000937,ALT-001051,CASE-001051,ANL-2022,2026-01-13T17:59:00Z,AUTHENTICATION_LOG,Splunk ES,REF-94881,Supports investigation finding
EVD-000938,ALT-001052,CASE-001052,ANL-2014,2026-01-13T10:32:00Z,NETWORK_LOG,Splunk ES,REF-20255,Supports investigation finding
EVD-000939,ALT-001053,CASE-001053,ANL-2012,2026-01-13T13:43:00Z,NETWORK_LOG,Microsoft Sentinel,REF-62513,Supports investigation finding
EVD-000940,ALT-001054,CASE-001054,ANL-2011,2026-01-13T22:20:00Z,SIEM_LOG,Microsoft Sentinel,REF-91413,Supports investigation finding
EVD-000941,ALT-001055,CASE-001055,ANL-2024,2026-01-13T04:04:00Z,PROCESS_TREE,IBM QRadar,REF-49708,Supports investigation finding
EVD-000942,ALT-001056,CASE-001056,ANL-2002,2026-01-13T06:38:00Z,SIEM_LOG,IBM QRadar,REF-63826,Supports investigation finding
EVD-000943,ALT-001057,CASE-001057,ANL-2021,2026-01-13T21:23:00Z,CASE_NOTE,Splunk ES,REF-41957,Supports investigation finding
EVD-000944,ALT-001059,CASE-001059,ANL-2014,2026-01-14T00:27:00Z,NETWORK_LOG,Elastic Security,REF-55576,Supports investigation finding
EVD-000945,ALT-001060,CASE-001060,ANL-2006,2026-01-13T19:43:00Z,NETWORK_LOG,Microsoft Sentinel,REF-76678,Supports investigation finding
EVD-000946,ALT-001061,CASE-001061,ANL-2019,2026-01-13T22:40:00Z,THREAT_INTELLIGENCE,Elastic Security,REF-21185,Supports investigation finding
EVD-000947,ALT-001063,CASE-001063,ANL-2024,2026-01-13T08:01:00Z,NETWORK_LOG,Splunk ES,REF-48090,Supports investigation finding
EVD-000948,ALT-001065,CASE-001065,ANL-2003,2026-01-13T00:54:00Z,SIEM_LOG,Microsoft Sentinel,REF-30124,Supports investigation finding
EVD-000949,ALT-001066,CASE-001066,ANL-2021,2026-01-13T05:33:00Z,AUTHENTICATION_LOG,Elastic Security,REF-83158,Supports investigation finding
EVD-000950,ALT-001067,CASE-001067,ANL-2009,2026-01-13T11:50:00Z,AUTHENTICATION_LOG,Microsoft Sentinel,REF-63374,Supports investigation finding
EVD-000951,ALT-001068,CASE-001068,ANL-2004,2026-01-13T06:58:00Z,ENDPOINT_LOG,Microsoft Sentinel,REF-42052,Supports investigation finding
EVD-000952,ALT-001070,CASE-001070,ANL-2015,2026-01-13T05:54:00Z,CASE_NOTE,Splunk ES,REF-81246,Supports investigation finding
EVD-000953,ALT-001071,CASE-001071,ANL-2023,2026-01-13T08:13:00Z,PROCESS_TREE,IBM QRadar,REF-81860,Supports investigation finding
EVD-000954,ALT-001073,CASE-001073,ANL-2001,2026-01-13T12:39:00Z,SIEM_LOG,Splunk ES,REF-93021,Supports investigation finding
EVD-000955,ALT-001075,CASE-001075,ANL-2021,2026-01-13T15:21:00Z,SIEM_LOG,IBM QRadar,REF-43962,Supports investigation finding
EVD-000956,ALT-001076,CASE-001076,ANL-2019,2026-01-13T23:54:00Z,AUTHENTICATION_LOG,IBM QRadar,REF-37592,Supports investigation finding
EVD-000957,ALT-001078,CASE-001078,ANL-2008,2026-01-13T23:59:00Z,ENDPOINT_LOG,Splunk ES,REF-26771,Supports investigation finding
EVD-000958,ALT-001079,CASE-001079,ANL-2002,2026-01-13T20:17:00Z,CASE_NOTE,IBM QRadar,REF-57245,Supports investigation finding
EVD-000959,ALT-001080,CASE-001080,ANL-2019,2026-01-13T04:03:00Z,NETWORK_LOG,Microsoft Sentinel,REF-47130,Supports investigation finding
EVD-000960,ALT-001081,CASE-001081,ANL-2011,2026-01-14T12:02:00Z,THREAT_INTELLIGENCE,Microsoft Sentinel,REF-88722,Supports investigation finding
EVD-000961,ALT-001082,CASE-001082,ANL-2008,2026-01-15T00:37:00Z,AUTHENTICATION_LOG,Elastic Security,REF-89363,Supports investigation finding
EVD-000962,ALT-001083,CASE-001083,ANL-2004,2026-01-14T11:15:00Z,CASE_NOTE,Microsoft Sentinel,REF-99949,Supports investigation finding
EVD-000963,ALT-001084,CASE-001084,ANL-2001,2026-01-14T04:45:00Z,CASE_NOTE,Splunk ES,REF-17096,Supports investigation finding
EVD-000964,ALT-001085,CASE-001085,ANL-2005,2026-01-14T18:46:00Z,THREAT_INTELLIGENCE,Splunk ES,REF-45487,Supports investigation finding
EVD-000965,ALT-001086,CASE-001086,ANL-2005,2026-01-14T09:00:00Z,NETWORK_LOG,IBM QRadar,REF-72724,Supports investigation finding
EVD-000966,ALT-001087,CASE-001087,ANL-2020,2026-01-14T17:12:00Z,ENDPOINT_LOG,Splunk ES,REF-74578,Supports investigation finding
EVD-000967,ALT-001088,CASE-001088,ANL-2017,2026-01-14T13:02:00Z,THREAT_INTELLIGENCE,Splunk ES,REF-57312,Supports investigation finding
EVD-000968,ALT-001089,CASE-001089,ANL-2019,2026-01-14T00:36:00Z,THREAT_INTELLIGENCE,IBM QRadar,REF-17184,Supports investigation finding
EVD-000969,ALT-001090,CASE-001090,ANL-2012,2026-01-14T18:42:00Z,PROCESS_TREE,Elastic Security,REF-57463,Supports investigation finding
EVD-000970,ALT-001091,CASE-001091,ANL-2019,2026-01-14T22:25:00Z,PROCESS_TREE,Splunk ES,REF-69153,Supports investigation finding
EVD-000971,ALT-001092,CASE-001092,ANL-2020,2026-01-14T22:58:00Z,AUTHENTICATION_LOG,IBM QRadar,REF-90295,Supports investigation finding
EVD-000972,ALT-001093,CASE-001093,ANL-2015,2026-01-14T22:20:00Z,NETWORK_LOG,Microsoft Sentinel,REF-87100,Supports investigation finding
EVD-000973,ALT-001094,CASE-001094,ANL-2002,2026-01-14T10:32:00Z,THREAT_INTELLIGENCE,Elastic Security,REF-17438,Supports investigation finding
EVD-000974,ALT-001095,CASE-001095,ANL-2018,2026-01-14T17:21:00Z,THREAT_INTELLIGENCE,IBM QRadar,REF-64865,Supports investigation finding
EVD-000975,ALT-001096,CASE-001096,ANL-2011,2026-01-14T01:28:00Z,ENDPOINT_LOG,Splunk ES,REF-86529,Supports investigation finding
EVD-000976,ALT-001097,CASE-001097,ANL-2016,2026-01-14T09:24:00Z,PROCESS_TREE,Splunk ES,REF-75987,Supports investigation finding
EVD-000977,ALT-001098,CASE-001098,ANL-2009,2026-01-14T11:11:00Z,AUTHENTICATION_LOG,IBM QRadar,REF-42662,Supports investigation finding
EVD-000978,ALT-001099,CASE-001099,ANL-2010,2026-01-14T16:52:00Z,PROCESS_TREE,Splunk ES,REF-43072,Supports investigation finding
EVD-000979,ALT-001100,CASE-001100,ANL-2015,2026-01-14T23:29:00Z,CASE_NOTE,IBM QRadar,REF-18208,Supports investigation finding
EVD-000980,ALT-001101,CASE-001101,ANL-2006,2026-01-14T16:16:00Z,THREAT_INTELLIGENCE,Elastic Security,REF-48856,Supports investigation finding
EVD-000981,ALT-001102,CASE-001102,ANL-2022,2026-01-14T06:56:00Z,ENDPOINT_LOG,Elastic Security,REF-15826,Supports investigation finding
EVD-000982,ALT-001104,CASE-001104,ANL-2001,2026-01-15T00:27:00Z,ENDPOINT_LOG,Splunk ES,REF-54842,Supports investigation finding
EVD-000983,ALT-001105,CASE-001105,ANL-2021,2026-01-14T15:06:00Z,THREAT_INTELLIGENCE,Microsoft Sentinel,REF-31393,Supports investigation finding
EVD-000984,ALT-001107,CASE-001107,ANL-2020,2026-01-14T11:12:00Z,SIEM_LOG,IBM QRadar,REF-11385,Supports investigation finding
EVD-000985,ALT-001108,CASE-001108,ANL-2016,2026-01-14T08:34:00Z,PROCESS_TREE,IBM QRadar,REF-39339,Supports investigation finding
EVD-000986,ALT-001109,CASE-001109,ANL-2015,2026-01-14T07:00:00Z,THREAT_INTELLIGENCE,Splunk ES,REF-86200,Supports investigation finding
EVD-000987,ALT-001110,CASE-001110,ANL-2023,2026-01-14T20:43:00Z,CASE_NOTE,Splunk ES,REF-18087,Supports investigation finding
EVD-000988,ALT-001111,CASE-001111,ANL-2021,2026-01-14T03:27:00Z,PROCESS_TREE,Microsoft Sentinel,REF-81686,Supports investigation finding
EVD-000989,ALT-001112,CASE-001112,ANL-2008,2026-01-14T22:20:00Z,THREAT_INTELLIGENCE,Microsoft Sentinel,REF-96512,Supports investigation finding
EVD-000990,ALT-001114,CASE-001114,ANL-2016,2026-01-14T03:01:00Z,SIEM_LOG,Splunk ES,REF-31333,Supports investigation finding
EVD-000991,ALT-001115,CASE-001115,ANL-2007,2026-01-14T11:40:00Z,SIEM_LOG,Microsoft Sentinel,REF-49373,Supports investigation finding
EVD-000992,ALT-001116,CASE-001116,ANL-2019,2026-01-14T23:12:00Z,SIEM_LOG,Microsoft Sentinel,REF-74630,Supports investigation finding
EVD-000993,ALT-001117,CASE-001117,ANL-2012,2026-01-14T15:48:00Z,CASE_NOTE,Splunk ES,REF-67605,Supports investigation finding
EVD-000994,ALT-001118,CASE-001118,ANL-2001,2026-01-14T17:23:00Z,PROCESS_TREE,IBM QRadar,REF-74943,Supports investigation finding
EVD-000995,ALT-001119,CASE-001119,ANL-2007,2026-01-14T07:12:00Z,CASE_NOTE,Elastic Security,REF-28530,Supports investigation finding
EVD-000996,ALT-001120,CASE-001120,ANL-2020,2026-01-14T03:56:00Z,ENDPOINT_LOG,Elastic Security,REF-79715,Supports investigation finding
EVD-000997,ALT-001122,CASE-001122,ANL-3009,2026-01-01T09:55:00Z,AUTHENTICATION_LOG,IBM QRadar,REF-14069,Supports investigation finding
EVD-000998,ALT-001124,CASE-001124,ANL-3007,2026-01-01T22:00:00Z,THREAT_INTELLIGENCE,Splunk ES,REF-68329,Supports investigation finding
EVD-000999,ALT-001125,CASE-001125,ANL-3008,2026-01-01T22:08:00Z,NETWORK_LOG,Splunk ES,REF-34748,Supports investigation finding
EVD-001000,ALT-001126,CASE-001126,ANL-3003,2026-01-01T10:20:00Z,SIEM_LOG,IBM QRadar,REF-64382,Supports investigation finding
EVD-001001,ALT-001127,CASE-001127,ANL-3006,2026-01-01T12:39:00Z,SIEM_LOG,Splunk ES,REF-70964,Supports investigation finding
EVD-001002,ALT-001130,CASE-001130,ANL-3002,2026-01-01T00:53:00Z,ENDPOINT_LOG,Elastic Security,REF-97885,Supports investigation finding
EVD-001003,ALT-001131,CASE-001131,ANL-3005,2026-01-01T22:15:00Z,AUTHENTICATION_LOG,Elastic Security,REF-73317,Supports investigation finding
EVD-001004,ALT-001132,CASE-001132,ANL-3007,2026-01-01T04:58:00Z,SIEM_LOG,Splunk ES,REF-42239,Supports investigation finding
EVD-001005,ALT-001133,CASE-001133,ANL-3003,2026-01-01T19:02:00Z,SIEM_LOG,Microsoft Sentinel,REF-72229,Supports investigation finding
EVD-001006,ALT-001134,CASE-001134,ANL-3006,2026-01-01T16:11:00Z,ENDPOINT_LOG,Microsoft Sentinel,REF-67339,Supports investigation finding
EVD-001007,ALT-001135,CASE-001135,ANL-3005,2026-01-02T00:15:00Z,THREAT_INTELLIGENCE,IBM QRadar,REF-29462,Supports investigation finding
EVD-001008,ALT-001137,CASE-001137,ANL-3003,2026-01-01T22:55:00Z,THREAT_INTELLIGENCE,Splunk ES,REF-86554,Supports investigation finding
EVD-001009,ALT-001138,CASE-001138,ANL-3008,2026-01-01T07:21:00Z,AUTHENTICATION_LOG,Splunk ES,REF-23241,Supports investigation finding
EVD-001010,ALT-001139,CASE-001139,ANL-3007,2026-01-01T17:33:00Z,THREAT_INTELLIGENCE,IBM QRadar,REF-88975,Supports investigation finding
EVD-001011,ALT-001140,CASE-001140,ANL-3004,2026-01-01T17:06:00Z,CASE_NOTE,Microsoft Sentinel,REF-57553,Supports investigation finding
EVD-001012,ALT-001141,CASE-001141,ANL-3009,2026-01-02T01:08:00Z,SIEM_LOG,Microsoft Sentinel,REF-10127,Supports investigation finding
EVD-001013,ALT-001142,CASE-001142,ANL-3003,2026-01-01T13:19:00Z,ENDPOINT_LOG,IBM QRadar,REF-82919,Supports investigation finding
EVD-001014,ALT-001143,CASE-001143,ANL-3006,2026-01-01T22:23:00Z,THREAT_INTELLIGENCE,Elastic Security,REF-61186,Supports investigation finding
EVD-001015,ALT-001144,CASE-001144,ANL-3009,2026-01-01T10:32:00Z,AUTHENTICATION_LOG,Splunk ES,REF-50572,Supports investigation finding
EVD-001016,ALT-001145,CASE-001145,ANL-3008,2026-01-01T08:36:00Z,AUTHENTICATION_LOG,Microsoft Sentinel,REF-85320,Supports investigation finding
EVD-001017,ALT-001146,CASE-001146,ANL-3008,2026-01-01T08:31:00Z,NETWORK_LOG,Microsoft Sentinel,REF-42179,Supports investigation finding
EVD-001018,ALT-001147,CASE-001147,ANL-3001,2026-01-01T07:25:00Z,NETWORK_LOG,IBM QRadar,REF-33174,Supports investigation finding
EVD-001019,ALT-001148,CASE-001148,ANL-3008,2026-01-01T08:42:00Z,AUTHENTICATION_LOG,Microsoft Sentinel,REF-86393,Supports investigation finding
EVD-001020,ALT-001149,CASE-001149,ANL-3004,2026-01-01T10:48:00Z,AUTHENTICATION_LOG,Elastic Security,REF-96705,Supports investigation finding
EVD-001021,ALT-001150,CASE-001150,ANL-3001,2026-01-01T23:32:00Z,NETWORK_LOG,IBM QRadar,REF-89637,Supports investigation finding
EVD-001022,ALT-001151,CASE-001151,ANL-3006,2026-01-01T11:56:00Z,CASE_NOTE,Microsoft Sentinel,REF-36739,Supports investigation finding
EVD-001023,ALT-001152,CASE-001152,ANL-3004,2026-01-01T05:19:00Z,NETWORK_LOG,Splunk ES,REF-78439,Supports investigation finding
EVD-001024,ALT-001153,CASE-001153,ANL-3007,2026-01-01T17:27:00Z,SIEM_LOG,Microsoft Sentinel,REF-82662,Supports investigation finding
EVD-001025,ALT-001154,CASE-001154,ANL-3004,2026-01-01T22:29:00Z,PROCESS_TREE,Splunk ES,REF-60712,Supports investigation finding
EVD-001026,ALT-001156,CASE-001156,ANL-3001,2026-01-01T04:10:00Z,AUTHENTICATION_LOG,Splunk ES,REF-66649,Supports investigation finding
EVD-001027,ALT-001157,CASE-001157,ANL-3002,2026-01-01T19:58:00Z,SIEM_LOG,Microsoft Sentinel,REF-22547,Supports investigation finding
EVD-001028,ALT-001158,CASE-001158,ANL-3008,2026-01-01T12:55:00Z,SIEM_LOG,Elastic Security,REF-34856,Supports investigation finding
EVD-001029,ALT-001159,CASE-001159,ANL-3007,2026-01-01T21:20:00Z,NETWORK_LOG,Microsoft Sentinel,REF-29393,Supports investigation finding
EVD-001030,ALT-001160,CASE-001160,ANL-3001,2026-01-01T13:32:00Z,CASE_NOTE,IBM QRadar,REF-21489,Supports investigation finding
EVD-001031,ALT-001161,CASE-001161,ANL-3005,2026-01-02T20:19:00Z,CASE_NOTE,Splunk ES,REF-73632,Supports investigation finding
EVD-001032,ALT-001162,CASE-001162,ANL-3008,2026-01-02T15:36:00Z,SIEM_LOG,Splunk ES,REF-95608,Supports investigation finding
EVD-001033,ALT-001163,CASE-001163,ANL-3008,2026-01-02T13:53:00Z,NETWORK_LOG,Elastic Security,REF-50739,Supports investigation finding
EVD-001034,ALT-001164,CASE-001164,ANL-3009,2026-01-02T15:34:00Z,AUTHENTICATION_LOG,Microsoft Sentinel,REF-59658,Supports investigation finding
EVD-001035,ALT-001165,CASE-001165,ANL-3002,2026-01-02T17:43:00Z,SIEM_LOG,Splunk ES,REF-96070,Supports investigation finding
EVD-001036,ALT-001166,CASE-001166,ANL-3002,2026-01-02T07:26:00Z,ENDPOINT_LOG,Elastic Security,REF-39764,Supports investigation finding
EVD-001037,ALT-001167,CASE-001167,ANL-3001,2026-01-02T20:08:00Z,NETWORK_LOG,Microsoft Sentinel,REF-85063,Supports investigation finding
EVD-001038,ALT-001168,CASE-001168,ANL-3003,2026-01-02T08:31:00Z,THREAT_INTELLIGENCE,IBM QRadar,REF-25421,Supports investigation finding
EVD-001039,ALT-001169,CASE-001169,ANL-3001,2026-01-02T15:48:00Z,PROCESS_TREE,Splunk ES,REF-37856,Supports investigation finding
EVD-001040,ALT-001170,CASE-001170,ANL-3007,2026-01-02T14:42:00Z,NETWORK_LOG,Splunk ES,REF-40357,Supports investigation finding
EVD-001041,ALT-001171,CASE-001171,ANL-3009,2026-01-02T07:03:00Z,THREAT_INTELLIGENCE,IBM QRadar,REF-21579,Supports investigation finding
EVD-001042,ALT-001172,CASE-001172,ANL-3002,2026-01-02T17:09:00Z,NETWORK_LOG,IBM QRadar,REF-85523,Supports investigation finding
EVD-001043,ALT-001173,CASE-001173,ANL-3008,2026-01-02T16:27:00Z,AUTHENTICATION_LOG,Splunk ES,REF-74407,Supports investigation finding
EVD-001044,ALT-001175,CASE-001175,ANL-3001,2026-01-02T02:02:00Z,PROCESS_TREE,Elastic Security,REF-59924,Supports investigation finding
EVD-001045,ALT-001176,CASE-001176,ANL-3002,2026-01-02T22:01:00Z,THREAT_INTELLIGENCE,Splunk ES,REF-94620,Supports investigation finding
EVD-001046,ALT-001178,CASE-001178,ANL-3009,2026-01-02T07:15:00Z,CASE_NOTE,Elastic Security,REF-55960,Supports investigation finding
EVD-001047,ALT-001179,CASE-001179,ANL-3007,2026-01-03T00:08:00Z,AUTHENTICATION_LOG,IBM QRadar,REF-32236,Supports investigation finding
EVD-001048,ALT-001180,CASE-001180,ANL-3005,2026-01-02T21:53:00Z,THREAT_INTELLIGENCE,Microsoft Sentinel,REF-89582,Supports investigation finding
EVD-001049,ALT-001181,CASE-001181,ANL-3005,2026-01-02T16:20:00Z,AUTHENTICATION_LOG,Microsoft Sentinel,REF-57312,Supports investigation finding
EVD-001050,ALT-001182,CASE-001182,ANL-3005,2026-01-02T13:38:00Z,THREAT_INTELLIGENCE,IBM QRadar,REF-85440,Supports investigation finding
EVD-001051,ALT-001183,CASE-001183,ANL-3001,2026-01-02T16:10:00Z,NETWORK_LOG,Microsoft Sentinel,REF-38175,Supports investigation finding
EVD-001052,ALT-001184,CASE-001184,ANL-3004,2026-01-02T17:20:00Z,THREAT_INTELLIGENCE,Microsoft Sentinel,REF-25695,Supports investigation finding
EVD-001053,ALT-001185,CASE-001185,ANL-3002,2026-01-02T07:10:00Z,PROCESS_TREE,Elastic Security,REF-18668,Supports investigation finding
EVD-001054,ALT-001186,CASE-001186,ANL-3009,2026-01-02T22:38:00Z,PROCESS_TREE,IBM QRadar,REF-26947,Supports investigation finding
EVD-001055,ALT-001187,CASE-001187,ANL-3009,2026-01-02T15:45:00Z,THREAT_INTELLIGENCE,Elastic Security,REF-14413,Supports investigation finding
EVD-001056,ALT-001188,CASE-001188,ANL-3007,2026-01-02T10:53:00Z,NETWORK_LOG,Microsoft Sentinel,REF-62369,Supports investigation finding
EVD-001057,ALT-001189,CASE-001189,ANL-3002,2026-01-02T21:58:00Z,ENDPOINT_LOG,IBM QRadar,REF-36277,Supports investigation finding
EVD-001058,ALT-001190,CASE-001190,ANL-3009,2026-01-02T01:53:00Z,ENDPOINT_LOG,Microsoft Sentinel,REF-78978,Supports investigation finding
EVD-001059,ALT-001194,CASE-001194,ANL-3006,2026-01-02T16:01:00Z,THREAT_INTELLIGENCE,Splunk ES,REF-47358,Supports investigation finding
EVD-001060,ALT-001196,CASE-001196,ANL-3005,2026-01-02T01:18:00Z,NETWORK_LOG,Splunk ES,REF-47082,Supports investigation finding
EVD-001061,ALT-001197,CASE-001197,ANL-3006,2026-01-02T11:51:00Z,NETWORK_LOG,Splunk ES,REF-36335,Supports investigation finding
EVD-001062,ALT-001198,CASE-001198,ANL-3006,2026-01-02T16:01:00Z,NETWORK_LOG,Microsoft Sentinel,REF-58733,Supports investigation finding
EVD-001063,ALT-001199,CASE-001199,ANL-3003,2026-01-02T05:53:00Z,PROCESS_TREE,Microsoft Sentinel,REF-79769,Supports investigation finding
EVD-001064,ALT-001200,CASE-001200,ANL-3007,2026-01-02T16:34:00Z,ENDPOINT_LOG,Elastic Security,REF-64136,Supports investigation finding
EVD-001065,ALT-001201,CASE-001201,ANL-3008,2026-01-03T06:36:00Z,AUTHENTICATION_LOG,Elastic Security,REF-96999,Supports investigation finding
EVD-001066,ALT-001202,CASE-001202,ANL-3006,2026-01-03T20:24:00Z,AUTHENTICATION_LOG,IBM QRadar,REF-97513,Supports investigation finding
EVD-001067,ALT-001203,CASE-001203,ANL-3003,2026-01-04T01:14:00Z,NETWORK_LOG,Elastic Security,REF-74981,Supports investigation finding
EVD-001068,ALT-001205,CASE-001205,ANL-3002,2026-01-03T12:50:00Z,ENDPOINT_LOG,Elastic Security,REF-52702,Supports investigation finding
EVD-001069,ALT-001207,CASE-001207,ANL-3009,2026-01-03T06:54:00Z,PROCESS_TREE,Elastic Security,REF-88459,Supports investigation finding
EVD-001070,ALT-001208,CASE-001208,ANL-3002,2026-01-03T14:11:00Z,SIEM_LOG,Splunk ES,REF-62619,Supports investigation finding
EVD-001071,ALT-001209,CASE-001209,ANL-3005,2026-01-03T14:47:00Z,ENDPOINT_LOG,Splunk ES,REF-36377,Supports investigation finding
EVD-001072,ALT-001211,CASE-001211,ANL-3002,2026-01-03T14:43:00Z,NETWORK_LOG,Microsoft Sentinel,REF-86383,Supports investigation finding
EVD-001073,ALT-001212,CASE-001212,ANL-3005,2026-01-03T15:22:00Z,SIEM_LOG,Microsoft Sentinel,REF-95517,Supports investigation finding
EVD-001074,ALT-001213,CASE-001213,ANL-3004,2026-01-03T02:05:00Z,PROCESS_TREE,Elastic Security,REF-80812,Supports investigation finding
EVD-001075,ALT-001214,CASE-001214,ANL-3003,2026-01-03T02:35:00Z,PROCESS_TREE,Elastic Security,REF-24213,Supports investigation finding
EVD-001076,ALT-001215,CASE-001215,ANL-3004,2026-01-03T04:09:00Z,NETWORK_LOG,Splunk ES,REF-94355,Supports investigation finding
EVD-001077,ALT-001216,CASE-001216,ANL-3005,2026-01-03T23:31:00Z,THREAT_INTELLIGENCE,IBM QRadar,REF-51987,Supports investigation finding
EVD-001078,ALT-001218,CASE-001218,ANL-3004,2026-01-03T02:30:00Z,ENDPOINT_LOG,Elastic Security,REF-23180,Supports investigation finding
EVD-001079,ALT-001219,CASE-001219,ANL-3004,2026-01-03T16:04:00Z,SIEM_LOG,IBM QRadar,REF-16384,Supports investigation finding
EVD-001080,ALT-001220,CASE-001220,ANL-3007,2026-01-04T00:26:00Z,NETWORK_LOG,Splunk ES,REF-38332,Supports investigation finding
EVD-001081,ALT-001222,CASE-001222,ANL-3002,2026-01-03T07:12:00Z,ENDPOINT_LOG,Elastic Security,REF-88410,Supports investigation finding
EVD-001082,ALT-001223,CASE-001223,ANL-3003,2026-01-03T06:05:00Z,PROCESS_TREE,Splunk ES,REF-95330,Supports investigation finding
EVD-001083,ALT-001225,CASE-001225,ANL-3001,2026-01-03T14:48:00Z,PROCESS_TREE,Microsoft Sentinel,REF-51343,Supports investigation finding
EVD-001084,ALT-001226,CASE-001226,ANL-3005,2026-01-03T21:48:00Z,SIEM_LOG,Microsoft Sentinel,REF-23999,Supports investigation finding
EVD-001085,ALT-001228,CASE-001228,ANL-3006,2026-01-03T11:46:00Z,THREAT_INTELLIGENCE,Splunk ES,REF-48679,Supports investigation finding
EVD-001086,ALT-001229,CASE-001229,ANL-3006,2026-01-03T20:38:00Z,NETWORK_LOG,IBM QRadar,REF-27493,Supports investigation finding
EVD-001087,ALT-001230,CASE-001230,ANL-3002,2026-01-03T10:05:00Z,ENDPOINT_LOG,Elastic Security,REF-77880,Supports investigation finding
EVD-001088,ALT-001231,CASE-001231,ANL-3002,2026-01-03T11:15:00Z,PROCESS_TREE,Microsoft Sentinel,REF-86401,Supports investigation finding
EVD-001089,ALT-001232,CASE-001232,ANL-3009,2026-01-03T02:36:00Z,SIEM_LOG,Elastic Security,REF-91170,Supports investigation finding
EVD-001090,ALT-001233,CASE-001233,ANL-3007,2026-01-03T17:26:00Z,ENDPOINT_LOG,IBM QRadar,REF-29599,Supports investigation finding
EVD-001091,ALT-001234,CASE-001234,ANL-3003,2026-01-03T11:35:00Z,CASE_NOTE,IBM QRadar,REF-30722,Supports investigation finding
EVD-001092,ALT-001235,CASE-001235,ANL-3001,2026-01-03T20:25:00Z,SIEM_LOG,Elastic Security,REF-68827,Supports investigation finding
EVD-001093,ALT-001236,CASE-001236,ANL-3001,2026-01-03T07:41:00Z,ENDPOINT_LOG,IBM QRadar,REF-73621,Supports investigation finding
EVD-001094,ALT-001237,CASE-001237,ANL-3009,2026-01-03T04:48:00Z,PROCESS_TREE,Splunk ES,REF-90503,Supports investigation finding
EVD-001095,ALT-001238,CASE-001238,ANL-3003,2026-01-03T14:17:00Z,PROCESS_TREE,Splunk ES,REF-90210,Supports investigation finding
EVD-001096,ALT-001239,CASE-001239,ANL-3002,2026-01-03T14:02:00Z,CASE_NOTE,Microsoft Sentinel,REF-34763,Supports investigation finding
EVD-001097,ALT-001240,CASE-001240,ANL-3006,2026-01-03T14:11:00Z,SIEM_LOG,Microsoft Sentinel,REF-74387,Supports investigation finding
EVD-001098,ALT-001241,CASE-001241,ANL-3009,2026-01-04T23:54:00Z,CASE_NOTE,Elastic Security,REF-25729,Supports investigation finding
EVD-001099,ALT-001242,CASE-001242,ANL-3008,2026-01-04T08:29:00Z,SIEM_LOG,Splunk ES,REF-40785,Supports investigation finding
EVD-001100,ALT-001243,CASE-001243,ANL-3002,2026-01-04T12:51:00Z,AUTHENTICATION_LOG,Microsoft Sentinel,REF-94086,Supports investigation finding
EVD-001101,ALT-001244,CASE-001244,ANL-3001,2026-01-04T16:21:00Z,CASE_NOTE,Splunk ES,REF-12727,Supports investigation finding
EVD-001102,ALT-001245,CASE-001245,ANL-3002,2026-01-04T04:07:00Z,AUTHENTICATION_LOG,IBM QRadar,REF-20060,Supports investigation finding
EVD-001103,ALT-001246,CASE-001246,ANL-3006,2026-01-04T15:51:00Z,NETWORK_LOG,Splunk ES,REF-25323,Supports investigation finding
EVD-001104,ALT-001247,CASE-001247,ANL-3002,2026-01-04T17:34:00Z,SIEM_LOG,Elastic Security,REF-80691,Supports investigation finding
EVD-001105,ALT-001248,CASE-001248,ANL-3005,2026-01-04T09:59:00Z,CASE_NOTE,Splunk ES,REF-56545,Supports investigation finding
EVD-001106,ALT-001249,CASE-001249,ANL-3006,2026-01-04T12:09:00Z,THREAT_INTELLIGENCE,Splunk ES,REF-15072,Supports investigation finding
EVD-001107,ALT-001250,CASE-001250,ANL-3008,2026-01-04T20:00:00Z,AUTHENTICATION_LOG,Microsoft Sentinel,REF-20724,Supports investigation finding
EVD-001108,ALT-001251,CASE-001251,ANL-3005,2026-01-04T05:55:00Z,CASE_NOTE,Elastic Security,REF-16161,Supports investigation finding
EVD-001109,ALT-001252,CASE-001252,ANL-3007,2026-01-04T10:59:00Z,ENDPOINT_LOG,Elastic Security,REF-47175,Supports investigation finding
EVD-001110,ALT-001254,CASE-001254,ANL-3001,2026-01-04T15:57:00Z,SIEM_LOG,Splunk ES,REF-54113,Supports investigation finding
EVD-001111,ALT-001255,CASE-001255,ANL-3004,2026-01-04T16:07:00Z,NETWORK_LOG,Splunk ES,REF-65629,Supports investigation finding
EVD-001112,ALT-001256,CASE-001256,ANL-3005,2026-01-04T22:24:00Z,CASE_NOTE,Splunk ES,REF-90221,Supports investigation finding
EVD-001113,ALT-001257,CASE-001257,ANL-3004,2026-01-04T13:08:00Z,CASE_NOTE,Microsoft Sentinel,REF-48625,Supports investigation finding
EVD-001114,ALT-001258,CASE-001258,ANL-3008,2026-01-04T16:06:00Z,AUTHENTICATION_LOG,IBM QRadar,REF-26502,Supports investigation finding
EVD-001115,ALT-001259,CASE-001259,ANL-3009,2026-01-04T08:35:00Z,AUTHENTICATION_LOG,IBM QRadar,REF-15704,Supports investigation finding
EVD-001116,ALT-001260,CASE-001260,ANL-3008,2026-01-04T23:50:00Z,THREAT_INTELLIGENCE,Splunk ES,REF-93181,Supports investigation finding
EVD-001117,ALT-001261,CASE-001261,ANL-3004,2026-01-04T11:59:00Z,THREAT_INTELLIGENCE,Elastic Security,REF-47735,Supports investigation finding
EVD-001118,ALT-001262,CASE-001262,ANL-3001,2026-01-04T22:32:00Z,ENDPOINT_LOG,Splunk ES,REF-82408,Supports investigation finding
EVD-001119,ALT-001263,CASE-001263,ANL-3003,2026-01-04T00:46:00Z,ENDPOINT_LOG,Splunk ES,REF-51726,Supports investigation finding
EVD-001120,ALT-001264,CASE-001264,ANL-3001,2026-01-04T12:18:00Z,NETWORK_LOG,Elastic Security,REF-72443,Supports investigation finding
EVD-001121,ALT-001265,CASE-001265,ANL-3004,2026-01-04T19:15:00Z,NETWORK_LOG,Elastic Security,REF-16772,Supports investigation finding
EVD-001122,ALT-001266,CASE-001266,ANL-3001,2026-01-04T18:30:00Z,ENDPOINT_LOG,Microsoft Sentinel,REF-40746,Supports investigation finding
EVD-001123,ALT-001267,CASE-001267,ANL-3008,2026-01-04T14:52:00Z,ENDPOINT_LOG,Microsoft Sentinel,REF-13148,Supports investigation finding
EVD-001124,ALT-001268,CASE-001268,ANL-3006,2026-01-04T16:19:00Z,ENDPOINT_LOG,IBM QRadar,REF-75759,Supports investigation finding
EVD-001125,ALT-001269,CASE-001269,ANL-3005,2026-01-04T06:20:00Z,THREAT_INTELLIGENCE,Splunk ES,REF-35346,Supports investigation finding
EVD-001126,ALT-001270,CASE-001270,ANL-3007,2026-01-04T23:19:00Z,SIEM_LOG,Microsoft Sentinel,REF-76060,Supports investigation finding
EVD-001127,ALT-001273,CASE-001273,ANL-3001,2026-01-04T07:35:00Z,AUTHENTICATION_LOG,IBM QRadar,REF-80476,Supports investigation finding
EVD-001128,ALT-001275,CASE-001275,ANL-3002,2026-01-04T14:50:00Z,PROCESS_TREE,Splunk ES,REF-70087,Supports investigation finding
EVD-001129,ALT-001276,CASE-001276,ANL-3005,2026-01-04T16:27:00Z,THREAT_INTELLIGENCE,IBM QRadar,REF-18325,Supports investigation finding
EVD-001130,ALT-001277,CASE-001277,ANL-3003,2026-01-04T22:36:00Z,AUTHENTICATION_LOG,Splunk ES,REF-69425,Supports investigation finding
EVD-001131,ALT-001279,CASE-001279,ANL-3007,2026-01-04T14:02:00Z,PROCESS_TREE,Elastic Security,REF-91684,Supports investigation finding
EVD-001132,ALT-001280,CASE-001280,ANL-3005,2026-01-04T11:56:00Z,AUTHENTICATION_LOG,Microsoft Sentinel,REF-66595,Supports investigation finding
EVD-001133,ALT-001281,CASE-001281,ANL-3004,2026-01-05T19:29:00Z,ENDPOINT_LOG,Microsoft Sentinel,REF-84647,Supports investigation finding
EVD-001134,ALT-001283,CASE-001283,ANL-3006,2026-01-05T23:38:00Z,NETWORK_LOG,Elastic Security,REF-93076,Supports investigation finding
EVD-001135,ALT-001285,CASE-001285,ANL-3002,2026-01-05T12:04:00Z,PROCESS_TREE,IBM QRadar,REF-37805,Supports investigation finding
EVD-001136,ALT-001286,CASE-001286,ANL-3009,2026-01-05T08:30:00Z,AUTHENTICATION_LOG,IBM QRadar,REF-46702,Supports investigation finding
EVD-001137,ALT-001287,CASE-001287,ANL-3008,2026-01-05T02:21:00Z,AUTHENTICATION_LOG,IBM QRadar,REF-67169,Supports investigation finding
EVD-001138,ALT-001288,CASE-001288,ANL-3006,2026-01-05T08:36:00Z,AUTHENTICATION_LOG,Microsoft Sentinel,REF-16685,Supports investigation finding
EVD-001139,ALT-001289,CASE-001289,ANL-3005,2026-01-05T07:25:00Z,AUTHENTICATION_LOG,Splunk ES,REF-24669,Supports investigation finding
EVD-001140,ALT-001291,CASE-001291,ANL-3007,2026-01-05T08:30:00Z,AUTHENTICATION_LOG,Splunk ES,REF-75565,Supports investigation finding
EVD-001141,ALT-001294,CASE-001294,ANL-3007,2026-01-05T14:14:00Z,PROCESS_TREE,IBM QRadar,REF-98423,Supports investigation finding
EVD-001142,ALT-001295,CASE-001295,ANL-3004,2026-01-05T02:29:00Z,NETWORK_LOG,Elastic Security,REF-56285,Supports investigation finding
EVD-001143,ALT-001297,CASE-001297,ANL-3004,2026-01-05T12:55:00Z,AUTHENTICATION_LOG,Splunk ES,REF-80581,Supports investigation finding
EVD-001144,ALT-001298,CASE-001298,ANL-3008,2026-01-05T00:48:00Z,NETWORK_LOG,IBM QRadar,REF-53960,Supports investigation finding
EVD-001145,ALT-001299,CASE-001299,ANL-3007,2026-01-05T06:17:00Z,NETWORK_LOG,Splunk ES,REF-93628,Supports investigation finding
EVD-001146,ALT-001300,CASE-001300,ANL-3005,2026-01-05T04:51:00Z,CASE_NOTE,Elastic Security,REF-42218,Supports investigation finding
EVD-001147,ALT-001301,CASE-001301,ANL-3002,2026-01-05T14:35:00Z,THREAT_INTELLIGENCE,IBM QRadar,REF-36671,Supports investigation finding
EVD-001148,ALT-001302,CASE-001302,ANL-3001,2026-01-05T05:29:00Z,THREAT_INTELLIGENCE,Splunk ES,REF-18725,Supports investigation finding
EVD-001149,ALT-001304,CASE-001304,ANL-3003,2026-01-05T07:56:00Z,THREAT_INTELLIGENCE,IBM QRadar,REF-82410,Supports investigation finding
EVD-001150,ALT-001305,CASE-001305,ANL-3001,2026-01-05T06:21:00Z,CASE_NOTE,Microsoft Sentinel,REF-88682,Supports investigation finding
EVD-001151,ALT-001306,CASE-001306,ANL-3006,2026-01-05T22:27:00Z,THREAT_INTELLIGENCE,Elastic Security,REF-38194,Supports investigation finding
EVD-001152,ALT-001308,CASE-001308,ANL-3003,2026-01-05T00:48:00Z,NETWORK_LOG,IBM QRadar,REF-51907,Supports investigation finding
EVD-001153,ALT-001309,CASE-001309,ANL-3001,2026-01-05T16:20:00Z,PROCESS_TREE,Elastic Security,REF-40447,Supports investigation finding
EVD-001154,ALT-001310,CASE-001310,ANL-3008,2026-01-06T00:53:00Z,CASE_NOTE,Splunk ES,REF-60246,Supports investigation finding
EVD-001155,ALT-001311,CASE-001311,ANL-3007,2026-01-05T15:38:00Z,THREAT_INTELLIGENCE,Microsoft Sentinel,REF-96161,Supports investigation finding
EVD-001156,ALT-001312,CASE-001312,ANL-3005,2026-01-05T19:40:00Z,CASE_NOTE,Microsoft Sentinel,REF-54345,Supports investigation finding
EVD-001157,ALT-001313,CASE-001313,ANL-3002,2026-01-05T19:22:00Z,AUTHENTICATION_LOG,IBM QRadar,REF-96129,Supports investigation finding
EVD-001158,ALT-001315,CASE-001315,ANL-3007,2026-01-05T20:52:00Z,CASE_NOTE,IBM QRadar,REF-30384,Supports investigation finding
EVD-001159,ALT-001316,CASE-001316,ANL-3001,2026-01-05T10:19:00Z,ENDPOINT_LOG,Splunk ES,REF-64473,Supports investigation finding
EVD-001160,ALT-001317,CASE-001317,ANL-3005,2026-01-05T01:55:00Z,THREAT_INTELLIGENCE,IBM QRadar,REF-47856,Supports investigation finding
EVD-001161,ALT-001319,CASE-001319,ANL-3009,2026-01-05T21:07:00Z,ENDPOINT_LOG,IBM QRadar,REF-40750,Supports investigation finding
EVD-001162,ALT-001320,CASE-001320,ANL-3001,2026-01-05T10:28:00Z,AUTHENTICATION_LOG,Microsoft Sentinel,REF-87376,Supports investigation finding
EVD-001163,ALT-001321,CASE-001321,ANL-3002,2026-01-06T10:27:00Z,NETWORK_LOG,Splunk ES,REF-10291,Supports investigation finding
EVD-001164,ALT-001322,CASE-001322,ANL-3008,2026-01-06T01:46:00Z,AUTHENTICATION_LOG,Elastic Security,REF-59902,Supports investigation finding
EVD-001165,ALT-001323,CASE-001323,ANL-3005,2026-01-06T20:42:00Z,PROCESS_TREE,IBM QRadar,REF-52212,Supports investigation finding
EVD-001166,ALT-001324,CASE-001324,ANL-3008,2026-01-06T14:11:00Z,SIEM_LOG,Splunk ES,REF-58361,Supports investigation finding
EVD-001167,ALT-001325,CASE-001325,ANL-3004,2026-01-06T09:41:00Z,THREAT_INTELLIGENCE,Splunk ES,REF-71342,Supports investigation finding
EVD-001168,ALT-001326,CASE-001326,ANL-3001,2026-01-06T05:41:00Z,THREAT_INTELLIGENCE,IBM QRadar,REF-40688,Supports investigation finding
EVD-001169,ALT-001327,CASE-001327,ANL-3008,2026-01-06T21:08:00Z,NETWORK_LOG,IBM QRadar,REF-82195,Supports investigation finding
EVD-001170,ALT-001328,CASE-001328,ANL-3003,2026-01-06T11:28:00Z,THREAT_INTELLIGENCE,Elastic Security,REF-77765,Supports investigation finding
EVD-001171,ALT-001331,CASE-001331,ANL-3004,2026-01-06T07:09:00Z,AUTHENTICATION_LOG,Microsoft Sentinel,REF-95549,Supports investigation finding
EVD-001172,ALT-001332,CASE-001332,ANL-3001,2026-01-06T18:28:00Z,NETWORK_LOG,Microsoft Sentinel,REF-49163,Supports investigation finding
EVD-001173,ALT-001333,CASE-001333,ANL-3006,2026-01-06T04:10:00Z,THREAT_INTELLIGENCE,IBM QRadar,REF-42701,Supports investigation finding
EVD-001174,ALT-001334,CASE-001334,ANL-3006,2026-01-06T16:54:00Z,CASE_NOTE,Microsoft Sentinel,REF-76459,Supports investigation finding
EVD-001175,ALT-001335,CASE-001335,ANL-3009,2026-01-06T13:50:00Z,ENDPOINT_LOG,IBM QRadar,REF-40001,Supports investigation finding
EVD-001176,ALT-001336,CASE-001336,ANL-3003,2026-01-06T12:25:00Z,NETWORK_LOG,Microsoft Sentinel,REF-52130,Supports investigation finding
EVD-001177,ALT-001337,CASE-001337,ANL-3005,2026-01-06T12:06:00Z,SIEM_LOG,Elastic Security,REF-90748,Supports investigation finding
EVD-001178,ALT-001338,CASE-001338,ANL-3001,2026-01-06T11:33:00Z,THREAT_INTELLIGENCE,Microsoft Sentinel,REF-49068,Supports investigation finding
EVD-001179,ALT-001339,CASE-001339,ANL-3003,2026-01-06T16:05:00Z,NETWORK_LOG,IBM QRadar,REF-71354,Supports investigation finding
EVD-001180,ALT-001341,CASE-001341,ANL-3002,2026-01-06T12:39:00Z,AUTHENTICATION_LOG,IBM QRadar,REF-84851,Supports investigation finding
EVD-001181,ALT-001342,CASE-001342,ANL-3006,2026-01-06T11:29:00Z,AUTHENTICATION_LOG,Microsoft Sentinel,REF-46905,Supports investigation finding
EVD-001182,ALT-001343,CASE-001343,ANL-3002,2026-01-06T04:17:00Z,AUTHENTICATION_LOG,Elastic Security,REF-71662,Supports investigation finding
EVD-001183,ALT-001344,CASE-001344,ANL-3003,2026-01-07T00:05:00Z,NETWORK_LOG,IBM QRadar,REF-59930,Supports investigation finding
EVD-001184,ALT-001345,CASE-001345,ANL-3002,2026-01-06T13:23:00Z,AUTHENTICATION_LOG,Splunk ES,REF-89022,Supports investigation finding
EVD-001185,ALT-001346,CASE-001346,ANL-3005,2026-01-06T21:37:00Z,NETWORK_LOG,Microsoft Sentinel,REF-38666,Supports investigation finding
EVD-001186,ALT-001347,CASE-001347,ANL-3003,2026-01-07T00:12:00Z,THREAT_INTELLIGENCE,Elastic Security,REF-62168,Supports investigation finding
EVD-001187,ALT-001348,CASE-001348,ANL-3006,2026-01-06T03:15:00Z,AUTHENTICATION_LOG,Splunk ES,REF-21127,Supports investigation finding
EVD-001188,ALT-001350,CASE-001350,ANL-3007,2026-01-06T12:16:00Z,AUTHENTICATION_LOG,Splunk ES,REF-14500,Supports investigation finding
EVD-001189,ALT-001351,CASE-001351,ANL-3004,2026-01-06T04:47:00Z,CASE_NOTE,Splunk ES,REF-42796,Supports investigation finding
EVD-001190,ALT-001352,CASE-001352,ANL-3002,2026-01-06T15:12:00Z,ENDPOINT_LOG,Microsoft Sentinel,REF-19947,Supports investigation finding
EVD-001191,ALT-001353,CASE-001353,ANL-3009,2026-01-06T18:34:00Z,NETWORK_LOG,Splunk ES,REF-45667,Supports investigation finding
EVD-001192,ALT-001354,CASE-001354,ANL-3002,2026-01-06T01:40:00Z,CASE_NOTE,Elastic Security,REF-40381,Supports investigation finding
EVD-001193,ALT-001355,CASE-001355,ANL-3001,2026-01-06T18:46:00Z,THREAT_INTELLIGENCE,IBM QRadar,REF-43176,Supports investigation finding
EVD-001194,ALT-001356,CASE-001356,ANL-3001,2026-01-06T19:15:00Z,AUTHENTICATION_LOG,IBM QRadar,REF-61011,Supports investigation finding
EVD-001195,ALT-001357,CASE-001357,ANL-3002,2026-01-06T20:54:00Z,THREAT_INTELLIGENCE,IBM QRadar,REF-84511,Supports investigation finding
EVD-001196,ALT-001358,CASE-001358,ANL-3003,2026-01-06T08:22:00Z,CASE_NOTE,Elastic Security,REF-69286,Supports investigation finding
EVD-001197,ALT-001359,CASE-001359,ANL-3003,2026-01-06T07:35:00Z,PROCESS_TREE,Elastic Security,REF-94332,Supports investigation finding
EVD-001198,ALT-001360,CASE-001360,ANL-3004,2026-01-06T15:20:00Z,THREAT_INTELLIGENCE,IBM QRadar,REF-77922,Supports investigation finding
EVD-001199,ALT-001361,CASE-001361,ANL-3001,2026-01-07T20:23:00Z,SIEM_LOG,IBM QRadar,REF-95066,Supports investigation finding
EVD-001200,ALT-001362,CASE-001362,ANL-3004,2026-01-07T08:08:00Z,PROCESS_TREE,Splunk ES,REF-29756,Supports investigation finding
EVD-001201,ALT-001363,CASE-001363,ANL-3002,2026-01-07T02:08:00Z,THREAT_INTELLIGENCE,IBM QRadar,REF-77010,Supports investigation finding
EVD-001202,ALT-001364,CASE-001364,ANL-3004,2026-01-07T06:33:00Z,ENDPOINT_LOG,Microsoft Sentinel,REF-76902,Supports investigation finding
EVD-001203,ALT-001365,CASE-001365,ANL-3002,2026-01-07T10:09:00Z,SIEM_LOG,IBM QRadar,REF-36610,Supports investigation finding
EVD-001204,ALT-001366,CASE-001366,ANL-3001,2026-01-07T11:07:00Z,AUTHENTICATION_LOG,Elastic Security,REF-32625,Supports investigation finding
EVD-001205,ALT-001367,CASE-001367,ANL-3008,2026-01-07T07:42:00Z,ENDPOINT_LOG,Splunk ES,REF-12155,Supports investigation finding
EVD-001206,ALT-001369,CASE-001369,ANL-3007,2026-01-07T03:51:00Z,CASE_NOTE,Elastic Security,REF-23643,Supports investigation finding
EVD-001207,ALT-001370,CASE-001370,ANL-3001,2026-01-07T14:34:00Z,NETWORK_LOG,Microsoft Sentinel,REF-19514,Supports investigation finding
EVD-001208,ALT-001371,CASE-001371,ANL-3004,2026-01-07T11:02:00Z,THREAT_INTELLIGENCE,Splunk ES,REF-12006,Supports investigation finding
EVD-001209,ALT-001372,CASE-001372,ANL-3006,2026-01-08T04:33:00Z,NETWORK_LOG,Microsoft Sentinel,REF-18649,Supports investigation finding
EVD-001210,ALT-001373,CASE-001373,ANL-3009,2026-01-07T05:53:00Z,AUTHENTICATION_LOG,Splunk ES,REF-39880,Supports investigation finding
EVD-001211,ALT-001374,CASE-001374,ANL-3004,2026-01-07T07:48:00Z,NETWORK_LOG,Splunk ES,REF-43671,Supports investigation finding
EVD-001212,ALT-001375,CASE-001375,ANL-3001,2026-01-07T06:46:00Z,SIEM_LOG,IBM QRadar,REF-51281,Supports investigation finding
EVD-001213,ALT-001376,CASE-001376,ANL-3005,2026-01-07T02:16:00Z,AUTHENTICATION_LOG,Elastic Security,REF-53195,Supports investigation finding
EVD-001214,ALT-001377,CASE-001377,ANL-3007,2026-01-07T12:59:00Z,AUTHENTICATION_LOG,Elastic Security,REF-77732,Supports investigation finding
EVD-001215,ALT-001378,CASE-001378,ANL-3005,2026-01-07T19:15:00Z,SIEM_LOG,Splunk ES,REF-38446,Supports investigation finding
EVD-001216,ALT-001379,CASE-001379,ANL-3005,2026-01-07T11:01:00Z,THREAT_INTELLIGENCE,Microsoft Sentinel,REF-62052,Supports investigation finding
EVD-001217,ALT-001380,CASE-001380,ANL-3004,2026-01-07T15:30:00Z,AUTHENTICATION_LOG,Microsoft Sentinel,REF-70138,Supports investigation finding
EVD-001218,ALT-001382,CASE-001382,ANL-3005,2026-01-07T11:01:00Z,ENDPOINT_LOG,Microsoft Sentinel,REF-50396,Supports investigation finding
EVD-001219,ALT-001383,CASE-001383,ANL-3008,2026-01-08T01:58:00Z,THREAT_INTELLIGENCE,Microsoft Sentinel,REF-86349,Supports investigation finding
EVD-001220,ALT-001384,CASE-001384,ANL-3009,2026-01-07T13:05:00Z,CASE_NOTE,IBM QRadar,REF-26155,Supports investigation finding
EVD-001221,ALT-001385,CASE-001385,ANL-3001,2026-01-07T00:45:00Z,THREAT_INTELLIGENCE,IBM QRadar,REF-31145,Supports investigation finding
EVD-001222,ALT-001386,CASE-001386,ANL-3005,2026-01-08T00:05:00Z,SIEM_LOG,Elastic Security,REF-17843,Supports investigation finding
EVD-001223,ALT-001387,CASE-001387,ANL-3007,2026-01-07T02:28:00Z,CASE_NOTE,Elastic Security,REF-17716,Supports investigation finding
EVD-001224,ALT-001388,CASE-001388,ANL-3008,2026-01-07T21:56:00Z,THREAT_INTELLIGENCE,Splunk ES,REF-70099,Supports investigation finding
EVD-001225,ALT-001389,CASE-001389,ANL-3007,2026-01-07T04:30:00Z,ENDPOINT_LOG,Splunk ES,REF-53969,Supports investigation finding
EVD-001226,ALT-001391,CASE-001391,ANL-3001,2026-01-07T11:12:00Z,PROCESS_TREE,Splunk ES,REF-14197,Supports investigation finding
EVD-001227,ALT-001392,CASE-001392,ANL-3009,2026-01-07T15:50:00Z,PROCESS_TREE,Elastic Security,REF-58952,Supports investigation finding
EVD-001228,ALT-001393,CASE-001393,ANL-3009,2026-01-07T07:07:00Z,AUTHENTICATION_LOG,Splunk ES,REF-86988,Supports investigation finding
EVD-001229,ALT-001394,CASE-001394,ANL-3006,2026-01-07T11:55:00Z,AUTHENTICATION_LOG,Splunk ES,REF-46337,Supports investigation finding
EVD-001230,ALT-001395,CASE-001395,ANL-3006,2026-01-07T14:16:00Z,AUTHENTICATION_LOG,Splunk ES,REF-49589,Supports investigation finding
EVD-001231,ALT-001396,CASE-001396,ANL-3001,2026-01-07T07:31:00Z,NETWORK_LOG,Microsoft Sentinel,REF-59368,Supports investigation finding
EVD-001232,ALT-001397,CASE-001397,ANL-3002,2026-01-07T07:41:00Z,PROCESS_TREE,Elastic Security,REF-34922,Supports investigation finding
EVD-001233,ALT-001399,CASE-001399,ANL-3007,2026-01-07T20:08:00Z,THREAT_INTELLIGENCE,Microsoft Sentinel,REF-82428,Supports investigation finding
EVD-001234,ALT-001400,CASE-001400,ANL-3004,2026-01-07T04:41:00Z,NETWORK_LOG,IBM QRadar,REF-93032,Supports investigation finding
EVD-001235,ALT-001401,CASE-001401,ANL-3004,2026-01-08T12:11:00Z,THREAT_INTELLIGENCE,Elastic Security,REF-89604,Supports investigation finding
EVD-001236,ALT-001402,CASE-001402,ANL-3009,2026-01-08T06:05:00Z,NETWORK_LOG,Elastic Security,REF-22515,Supports investigation finding
EVD-001237,ALT-001403,CASE-001403,ANL-3002,2026-01-08T08:24:00Z,SIEM_LOG,Elastic Security,REF-82260,Supports investigation finding
EVD-001238,ALT-001404,CASE-001404,ANL-3002,2026-01-08T12:45:00Z,NETWORK_LOG,Elastic Security,REF-26796,Supports investigation finding
EVD-001239,ALT-001405,CASE-001405,ANL-3001,2026-01-08T22:54:00Z,AUTHENTICATION_LOG,Microsoft Sentinel,REF-81043,Supports investigation finding
EVD-001240,ALT-001406,CASE-001406,ANL-3008,2026-01-08T22:04:00Z,ENDPOINT_LOG,Splunk ES,REF-51580,Supports investigation finding
EVD-001241,ALT-001407,CASE-001407,ANL-3008,2026-01-08T14:28:00Z,NETWORK_LOG,Microsoft Sentinel,REF-67439,Supports investigation finding
EVD-001242,ALT-001408,CASE-001408,ANL-3008,2026-01-08T15:09:00Z,PROCESS_TREE,Elastic Security,REF-94515,Supports investigation finding
EVD-001243,ALT-001409,CASE-001409,ANL-3007,2026-01-08T17:31:00Z,THREAT_INTELLIGENCE,Microsoft Sentinel,REF-77010,Supports investigation finding
EVD-001244,ALT-001410,CASE-001410,ANL-3003,2026-01-08T06:26:00Z,THREAT_INTELLIGENCE,IBM QRadar,REF-53501,Supports investigation finding
EVD-001245,ALT-001411,CASE-001411,ANL-3006,2026-01-08T14:50:00Z,AUTHENTICATION_LOG,Elastic Security,REF-88546,Supports investigation finding
EVD-001246,ALT-001412,CASE-001412,ANL-3003,2026-01-08T21:37:00Z,NETWORK_LOG,Microsoft Sentinel,REF-40181,Supports investigation finding
EVD-001247,ALT-001413,CASE-001413,ANL-3006,2026-01-08T06:57:00Z,CASE_NOTE,IBM QRadar,REF-60594,Supports investigation finding
EVD-001248,ALT-001414,CASE-001414,ANL-3004,2026-01-08T09:17:00Z,AUTHENTICATION_LOG,Splunk ES,REF-38535,Supports investigation finding
EVD-001249,ALT-001416,CASE-001416,ANL-3006,2026-01-08T06:45:00Z,NETWORK_LOG,Elastic Security,REF-81970,Supports investigation finding
EVD-001250,ALT-001418,CASE-001418,ANL-3002,2026-01-08T05:35:00Z,NETWORK_LOG,Splunk ES,REF-26992,Supports investigation finding
EVD-001251,ALT-001419,CASE-001419,ANL-3003,2026-01-09T02:41:00Z,AUTHENTICATION_LOG,Splunk ES,REF-78976,Supports investigation finding
EVD-001252,ALT-001421,CASE-001421,ANL-3001,2026-01-08T18:00:00Z,CASE_NOTE,Microsoft Sentinel,REF-93099,Supports investigation finding
EVD-001253,ALT-001422,CASE-001422,ANL-3005,2026-01-08T15:44:00Z,PROCESS_TREE,Elastic Security,REF-93731,Supports investigation finding
EVD-001254,ALT-001424,CASE-001424,ANL-3005,2026-01-08T15:21:00Z,NETWORK_LOG,Splunk ES,REF-88764,Supports investigation finding
EVD-001255,ALT-001426,CASE-001426,ANL-3009,2026-01-08T19:39:00Z,ENDPOINT_LOG,Elastic Security,REF-59779,Supports investigation finding
EVD-001256,ALT-001427,CASE-001427,ANL-3004,2026-01-08T04:00:00Z,PROCESS_TREE,Splunk ES,REF-71905,Supports investigation finding
EVD-001257,ALT-001428,CASE-001428,ANL-3007,2026-01-08T23:11:00Z,THREAT_INTELLIGENCE,Elastic Security,REF-77563,Supports investigation finding
EVD-001258,ALT-001429,CASE-001429,ANL-3008,2026-01-08T22:43:00Z,THREAT_INTELLIGENCE,IBM QRadar,REF-29341,Supports investigation finding
EVD-001259,ALT-001430,CASE-001430,ANL-3004,2026-01-08T10:28:00Z,CASE_NOTE,IBM QRadar,REF-82491,Supports investigation finding
EVD-001260,ALT-001431,CASE-001431,ANL-3004,2026-01-08T11:29:00Z,AUTHENTICATION_LOG,Microsoft Sentinel,REF-89430,Supports investigation finding
EVD-001261,ALT-001433,CASE-001433,ANL-3004,2026-01-08T15:14:00Z,NETWORK_LOG,IBM QRadar,REF-97386,Supports investigation finding
EVD-001262,ALT-001434,CASE-001434,ANL-3006,2026-01-08T12:17:00Z,THREAT_INTELLIGENCE,Splunk ES,REF-80854,Supports investigation finding
EVD-001263,ALT-001435,CASE-001435,ANL-3006,2026-01-08T22:35:00Z,SIEM_LOG,Splunk ES,REF-78550,Supports investigation finding
EVD-001264,ALT-001436,CASE-001436,ANL-3007,2026-01-08T20:48:00Z,AUTHENTICATION_LOG,IBM QRadar,REF-84800,Supports investigation finding
EVD-001265,ALT-001437,CASE-001437,ANL-3006,2026-01-08T20:13:00Z,THREAT_INTELLIGENCE,IBM QRadar,REF-22750,Supports investigation finding
EVD-001266,ALT-001438,CASE-001438,ANL-3003,2026-01-08T11:14:00Z,SIEM_LOG,Elastic Security,REF-85412,Supports investigation finding
EVD-001267,ALT-001439,CASE-001439,ANL-3002,2026-01-08T14:41:00Z,AUTHENTICATION_LOG,Microsoft Sentinel,REF-43080,Supports investigation finding
EVD-001268,ALT-001440,CASE-001440,ANL-3006,2026-01-08T10:49:00Z,SIEM_LOG,Microsoft Sentinel,REF-92689,Supports investigation finding
EVD-001269,ALT-001441,CASE-001441,ANL-3006,2026-01-09T07:42:00Z,ENDPOINT_LOG,Microsoft Sentinel,REF-66379,Supports investigation finding
EVD-001270,ALT-001442,CASE-001442,ANL-3005,2026-01-10T00:09:00Z,THREAT_INTELLIGENCE,Microsoft Sentinel,REF-31598,Supports investigation finding
EVD-001271,ALT-001444,CASE-001444,ANL-3002,2026-01-09T17:51:00Z,ENDPOINT_LOG,IBM QRadar,REF-11735,Supports investigation finding
EVD-001272,ALT-001445,CASE-001445,ANL-3001,2026-01-09T11:54:00Z,AUTHENTICATION_LOG,Splunk ES,REF-66301,Supports investigation finding
EVD-001273,ALT-001446,CASE-001446,ANL-3002,2026-01-09T17:33:00Z,THREAT_INTELLIGENCE,IBM QRadar,REF-74868,Supports investigation finding
EVD-001274,ALT-001448,CASE-001448,ANL-3009,2026-01-10T00:42:00Z,CASE_NOTE,Elastic Security,REF-97575,Supports investigation finding
EVD-001275,ALT-001449,CASE-001449,ANL-3006,2026-01-09T03:43:00Z,NETWORK_LOG,Microsoft Sentinel,REF-74809,Supports investigation finding
EVD-001276,ALT-001450,CASE-001450,ANL-3003,2026-01-09T18:57:00Z,AUTHENTICATION_LOG,Elastic Security,REF-27818,Supports investigation finding
EVD-001277,ALT-001452,CASE-001452,ANL-3001,2026-01-09T00:53:00Z,ENDPOINT_LOG,Splunk ES,REF-32051,Supports investigation finding
EVD-001278,ALT-001453,CASE-001453,ANL-3003,2026-01-09T07:28:00Z,PROCESS_TREE,Splunk ES,REF-16830,Supports investigation finding
EVD-001279,ALT-001454,CASE-001454,ANL-3009,2026-01-09T13:11:00Z,SIEM_LOG,IBM QRadar,REF-68169,Supports investigation finding
EVD-001280,ALT-001455,CASE-001455,ANL-3005,2026-01-09T16:29:00Z,NETWORK_LOG,Splunk ES,REF-34325,Supports investigation finding
EVD-001281,ALT-001456,CASE-001456,ANL-3004,2026-01-09T02:02:00Z,SIEM_LOG,Elastic Security,REF-68835,Supports investigation finding
EVD-001282,ALT-001457,CASE-001457,ANL-3002,2026-01-09T02:27:00Z,AUTHENTICATION_LOG,IBM QRadar,REF-66649,Supports investigation finding
EVD-001283,ALT-001458,CASE-001458,ANL-3007,2026-01-09T17:27:00Z,THREAT_INTELLIGENCE,Microsoft Sentinel,REF-49454,Supports investigation finding
EVD-001284,ALT-001459,CASE-001459,ANL-3008,2026-01-09T05:24:00Z,SIEM_LOG,Elastic Security,REF-18741,Supports investigation finding
EVD-001285,ALT-001460,CASE-001460,ANL-3006,2026-01-09T17:40:00Z,PROCESS_TREE,Elastic Security,REF-56122,Supports investigation finding
EVD-001286,ALT-001461,CASE-001461,ANL-3002,2026-01-09T22:05:00Z,ENDPOINT_LOG,Elastic Security,REF-51667,Supports investigation finding
EVD-001287,ALT-001463,CASE-001463,ANL-3002,2026-01-09T10:14:00Z,AUTHENTICATION_LOG,IBM QRadar,REF-77005,Supports investigation finding
EVD-001288,ALT-001464,CASE-001464,ANL-3003,2026-01-09T11:55:00Z,AUTHENTICATION_LOG,Elastic Security,REF-14421,Supports investigation finding
EVD-001289,ALT-001466,CASE-001466,ANL-3005,2026-01-09T22:34:00Z,CASE_NOTE,Elastic Security,REF-57554,Supports investigation finding
EVD-001290,ALT-001470,CASE-001470,ANL-3007,2026-01-09T14:00:00Z,CASE_NOTE,Elastic Security,REF-23268,Supports investigation finding
EVD-001291,ALT-001471,CASE-001471,ANL-3008,2026-01-09T08:56:00Z,PROCESS_TREE,IBM QRadar,REF-89544,Supports investigation finding
EVD-001292,ALT-001472,CASE-001472,ANL-3008,2026-01-09T18:46:00Z,NETWORK_LOG,Microsoft Sentinel,REF-34605,Supports investigation finding
EVD-001293,ALT-001473,CASE-001473,ANL-3005,2026-01-09T09:29:00Z,PROCESS_TREE,Microsoft Sentinel,REF-23739,Supports investigation finding
EVD-001294,ALT-001474,CASE-001474,ANL-3008,2026-01-09T16:55:00Z,AUTHENTICATION_LOG,Microsoft Sentinel,REF-81231,Supports investigation finding
EVD-001295,ALT-001475,CASE-001475,ANL-3008,2026-01-09T09:16:00Z,AUTHENTICATION_LOG,Splunk ES,REF-73999,Supports investigation finding
EVD-001296,ALT-001476,CASE-001476,ANL-3009,2026-01-09T21:11:00Z,PROCESS_TREE,Splunk ES,REF-31754,Supports investigation finding
EVD-001297,ALT-001477,CASE-001477,ANL-3006,2026-01-09T09:40:00Z,THREAT_INTELLIGENCE,Splunk ES,REF-22228,Supports investigation finding
EVD-001298,ALT-001478,CASE-001478,ANL-3002,2026-01-09T07:26:00Z,NETWORK_LOG,IBM QRadar,REF-77811,Supports investigation finding
EVD-001299,ALT-001479,CASE-001479,ANL-3005,2026-01-09T06:37:00Z,CASE_NOTE,IBM QRadar,REF-67823,Supports investigation finding
EVD-001300,ALT-001480,CASE-001480,ANL-3001,2026-01-10T00:28:00Z,THREAT_INTELLIGENCE,Elastic Security,REF-80599,Supports investigation finding
EVD-001301,ALT-001481,CASE-001481,ANL-3006,2026-01-10T13:33:00Z,CASE_NOTE,IBM QRadar,REF-14360,Supports investigation finding
EVD-001302,ALT-001482,CASE-001482,ANL-3005,2026-01-10T10:08:00Z,AUTHENTICATION_LOG,Microsoft Sentinel,REF-12480,Supports investigation finding
EVD-001303,ALT-001483,CASE-001483,ANL-3001,2026-01-10T14:59:00Z,THREAT_INTELLIGENCE,Splunk ES,REF-25401,Supports investigation finding
EVD-001304,ALT-001484,CASE-001484,ANL-3002,2026-01-10T01:27:00Z,AUTHENTICATION_LOG,IBM QRadar,REF-17590,Supports investigation finding
EVD-001305,ALT-001485,CASE-001485,ANL-3005,2026-01-10T10:04:00Z,THREAT_INTELLIGENCE,Elastic Security,REF-99502,Supports investigation finding
EVD-001306,ALT-001486,CASE-001486,ANL-3005,2026-01-10T18:48:00Z,SIEM_LOG,IBM QRadar,REF-94412,Supports investigation finding
EVD-001307,ALT-001487,CASE-001487,ANL-3004,2026-01-10T21:38:00Z,CASE_NOTE,Microsoft Sentinel,REF-69995,Supports investigation finding
EVD-001308,ALT-001488,CASE-001488,ANL-3004,2026-01-10T18:56:00Z,THREAT_INTELLIGENCE,Splunk ES,REF-59121,Supports investigation finding
EVD-001309,ALT-001489,CASE-001489,ANL-3008,2026-01-10T09:47:00Z,NETWORK_LOG,Elastic Security,REF-14689,Supports investigation finding
EVD-001310,ALT-001490,CASE-001490,ANL-3008,2026-01-10T21:04:00Z,NETWORK_LOG,IBM QRadar,REF-38287,Supports investigation finding
EVD-001311,ALT-001491,CASE-001491,ANL-3003,2026-01-10T05:12:00Z,THREAT_INTELLIGENCE,IBM QRadar,REF-50138,Supports investigation finding
EVD-001312,ALT-001492,CASE-001492,ANL-3002,2026-01-10T13:26:00Z,CASE_NOTE,Splunk ES,REF-99993,Supports investigation finding
EVD-001313,ALT-001493,CASE-001493,ANL-3008,2026-01-10T14:20:00Z,NETWORK_LOG,Elastic Security,REF-40369,Supports investigation finding
EVD-001314,ALT-001494,CASE-001494,ANL-3007,2026-01-10T03:48:00Z,SIEM_LOG,IBM QRadar,REF-44493,Supports investigation finding
EVD-001315,ALT-001495,CASE-001495,ANL-3004,2026-01-10T04:44:00Z,PROCESS_TREE,Microsoft Sentinel,REF-49309,Supports investigation finding
EVD-001316,ALT-001496,CASE-001496,ANL-3006,2026-01-10T21:52:00Z,ENDPOINT_LOG,Splunk ES,REF-65642,Supports investigation finding
EVD-001317,ALT-001497,CASE-001497,ANL-3008,2026-01-10T16:53:00Z,SIEM_LOG,Elastic Security,REF-16816,Supports investigation finding
EVD-001318,ALT-001498,CASE-001498,ANL-3007,2026-01-10T06:06:00Z,AUTHENTICATION_LOG,Elastic Security,REF-23406,Supports investigation finding
EVD-001319,ALT-001499,CASE-001499,ANL-3006,2026-01-10T05:54:00Z,PROCESS_TREE,Microsoft Sentinel,REF-49602,Supports investigation finding
EVD-001320,ALT-001501,CASE-001501,ANL-3001,2026-01-10T21:12:00Z,PROCESS_TREE,Microsoft Sentinel,REF-59973,Supports investigation finding
EVD-001321,ALT-001502,CASE-001502,ANL-3002,2026-01-10T19:13:00Z,THREAT_INTELLIGENCE,IBM QRadar,REF-24746,Supports investigation finding
EVD-001322,ALT-001505,CASE-001505,ANL-3001,2026-01-10T05:26:00Z,SIEM_LOG,Microsoft Sentinel,REF-49190,Supports investigation finding
EVD-001323,ALT-001506,CASE-001506,ANL-3009,2026-01-10T20:26:00Z,AUTHENTICATION_LOG,IBM QRadar,REF-83851,Supports investigation finding
EVD-001324,ALT-001507,CASE-001507,ANL-3008,2026-01-10T17:39:00Z,NETWORK_LOG,Microsoft Sentinel,REF-25925,Supports investigation finding
EVD-001325,ALT-001508,CASE-001508,ANL-3002,2026-01-10T15:22:00Z,AUTHENTICATION_LOG,Microsoft Sentinel,REF-27200,Supports investigation finding
EVD-001326,ALT-001509,CASE-001509,ANL-3004,2026-01-10T04:11:00Z,THREAT_INTELLIGENCE,Splunk ES,REF-15890,Supports investigation finding
EVD-001327,ALT-001510,CASE-001510,ANL-3009,2026-01-10T13:17:00Z,CASE_NOTE,Microsoft Sentinel,REF-96268,Supports investigation finding
EVD-001328,ALT-001511,CASE-001511,ANL-3004,2026-01-10T21:03:00Z,AUTHENTICATION_LOG,Splunk ES,REF-17123,Supports investigation finding
EVD-001329,ALT-001512,CASE-001512,ANL-3003,2026-01-10T02:05:00Z,SIEM_LOG,IBM QRadar,REF-93849,Supports investigation finding
EVD-001330,ALT-001513,CASE-001513,ANL-3004,2026-01-10T10:08:00Z,CASE_NOTE,Microsoft Sentinel,REF-10696,Supports investigation finding
EVD-001331,ALT-001515,CASE-001515,ANL-3009,2026-01-10T08:08:00Z,SIEM_LOG,Microsoft Sentinel,REF-58555,Supports investigation finding
EVD-001332,ALT-001516,CASE-001516,ANL-3004,2026-01-10T03:06:00Z,THREAT_INTELLIGENCE,IBM QRadar,REF-22135,Supports investigation finding
EVD-001333,ALT-001517,CASE-001517,ANL-3006,2026-01-10T02:18:00Z,ENDPOINT_LOG,Elastic Security,REF-15510,Supports investigation finding
EVD-001334,ALT-001518,CASE-001518,ANL-3001,2026-01-10T02:00:00Z,CASE_NOTE,Splunk ES,REF-19111,Supports investigation finding
EVD-001335,ALT-001519,CASE-001519,ANL-3007,2026-01-10T09:54:00Z,THREAT_INTELLIGENCE,Splunk ES,REF-40501,Supports investigation finding
EVD-001336,ALT-001520,CASE-001520,ANL-3001,2026-01-10T22:24:00Z,SIEM_LOG,Microsoft Sentinel,REF-13178,Supports investigation finding
EVD-001337,ALT-001522,CASE-001522,ANL-3008,2026-01-11T05:08:00Z,PROCESS_TREE,Splunk ES,REF-99862,Supports investigation finding
EVD-001338,ALT-001523,CASE-001523,ANL-3009,2026-01-11T13:37:00Z,THREAT_INTELLIGENCE,Microsoft Sentinel,REF-47419,Supports investigation finding
EVD-001339,ALT-001524,CASE-001524,ANL-3009,2026-01-11T18:16:00Z,THREAT_INTELLIGENCE,Microsoft Sentinel,REF-93152,Supports investigation finding
EVD-001340,ALT-001525,CASE-001525,ANL-3001,2026-01-11T22:13:00Z,THREAT_INTELLIGENCE,Elastic Security,REF-41615,Supports investigation finding
EVD-001341,ALT-001526,CASE-001526,ANL-3008,2026-01-11T17:08:00Z,NETWORK_LOG,Microsoft Sentinel,REF-72976,Supports investigation finding
EVD-001342,ALT-001527,CASE-001527,ANL-3003,2026-01-11T16:25:00Z,AUTHENTICATION_LOG,Microsoft Sentinel,REF-68854,Supports investigation finding
EVD-001343,ALT-001528,CASE-001528,ANL-3009,2026-01-11T23:16:00Z,ENDPOINT_LOG,Elastic Security,REF-27730,Supports investigation finding
EVD-001344,ALT-001529,CASE-001529,ANL-3005,2026-01-11T05:14:00Z,PROCESS_TREE,Splunk ES,REF-64038,Supports investigation finding
EVD-001345,ALT-001530,CASE-001530,ANL-3009,2026-01-11T22:33:00Z,AUTHENTICATION_LOG,IBM QRadar,REF-47403,Supports investigation finding
EVD-001346,ALT-001531,CASE-001531,ANL-3002,2026-01-11T10:01:00Z,THREAT_INTELLIGENCE,Microsoft Sentinel,REF-49074,Supports investigation finding
EVD-001347,ALT-001532,CASE-001532,ANL-3009,2026-01-11T11:07:00Z,CASE_NOTE,Elastic Security,REF-25459,Supports investigation finding
EVD-001348,ALT-001533,CASE-001533,ANL-3007,2026-01-11T01:37:00Z,SIEM_LOG,Splunk ES,REF-20707,Supports investigation finding
EVD-001349,ALT-001534,CASE-001534,ANL-3009,2026-01-11T11:42:00Z,THREAT_INTELLIGENCE,Elastic Security,REF-40276,Supports investigation finding
EVD-001350,ALT-001535,CASE-001535,ANL-3005,2026-01-11T21:29:00Z,PROCESS_TREE,Splunk ES,REF-73022,Supports investigation finding
EVD-001351,ALT-001536,CASE-001536,ANL-3002,2026-01-11T14:11:00Z,NETWORK_LOG,Elastic Security,REF-89225,Supports investigation finding
EVD-001352,ALT-001537,CASE-001537,ANL-3002,2026-01-11T16:34:00Z,CASE_NOTE,IBM QRadar,REF-95499,Supports investigation finding
EVD-001353,ALT-001539,CASE-001539,ANL-3004,2026-01-11T18:32:00Z,ENDPOINT_LOG,Elastic Security,REF-43471,Supports investigation finding
EVD-001354,ALT-001540,CASE-001540,ANL-3009,2026-01-11T16:21:00Z,NETWORK_LOG,Elastic Security,REF-57441,Supports investigation finding
EVD-001355,ALT-001542,CASE-001542,ANL-3004,2026-01-11T15:40:00Z,CASE_NOTE,Splunk ES,REF-15680,Supports investigation finding
EVD-001356,ALT-001543,CASE-001543,ANL-3009,2026-01-11T19:07:00Z,CASE_NOTE,Elastic Security,REF-60210,Supports investigation finding
EVD-001357,ALT-001544,CASE-001544,ANL-3003,2026-01-11T13:36:00Z,NETWORK_LOG,Elastic Security,REF-95328,Supports investigation finding
EVD-001358,ALT-001545,CASE-001545,ANL-3005,2026-01-11T13:19:00Z,NETWORK_LOG,Elastic Security,REF-10726,Supports investigation finding
EVD-001359,ALT-001547,CASE-001547,ANL-3007,2026-01-11T15:26:00Z,CASE_NOTE,Microsoft Sentinel,REF-94200,Supports investigation finding
EVD-001360,ALT-001548,CASE-001548,ANL-3002,2026-01-11T16:20:00Z,CASE_NOTE,IBM QRadar,REF-22802,Supports investigation finding
EVD-001361,ALT-001550,CASE-001550,ANL-3004,2026-01-12T02:44:00Z,AUTHENTICATION_LOG,Elastic Security,REF-14230,Supports investigation finding
EVD-001362,ALT-001551,CASE-001551,ANL-3003,2026-01-11T04:13:00Z,THREAT_INTELLIGENCE,Splunk ES,REF-61342,Supports investigation finding
EVD-001363,ALT-001552,CASE-001552,ANL-3001,2026-01-11T22:50:00Z,THREAT_INTELLIGENCE,Microsoft Sentinel,REF-96228,Supports investigation finding
EVD-001364,ALT-001553,CASE-001553,ANL-3001,2026-01-11T04:06:00Z,AUTHENTICATION_LOG,Splunk ES,REF-93713,Supports investigation finding
EVD-001365,ALT-001554,CASE-001554,ANL-3006,2026-01-11T19:46:00Z,SIEM_LOG,Microsoft Sentinel,REF-89278,Supports investigation finding
EVD-001366,ALT-001556,CASE-001556,ANL-3005,2026-01-11T21:45:00Z,ENDPOINT_LOG,Microsoft Sentinel,REF-47338,Supports investigation finding
EVD-001367,ALT-001557,CASE-001557,ANL-3009,2026-01-11T03:29:00Z,ENDPOINT_LOG,Microsoft Sentinel,REF-33743,Supports investigation finding
EVD-001368,ALT-001559,CASE-001559,ANL-3003,2026-01-11T18:19:00Z,NETWORK_LOG,Microsoft Sentinel,REF-11825,Supports investigation finding
EVD-001369,ALT-001560,CASE-001560,ANL-3006,2026-01-11T07:02:00Z,ENDPOINT_LOG,Splunk ES,REF-39188,Supports investigation finding
EVD-001370,ALT-001561,CASE-001561,ANL-3009,2026-01-12T10:28:00Z,AUTHENTICATION_LOG,IBM QRadar,REF-12551,Supports investigation finding
EVD-001371,ALT-001562,CASE-001562,ANL-3002,2026-01-12T07:34:00Z,CASE_NOTE,Elastic Security,REF-59771,Supports investigation finding
EVD-001372,ALT-001563,CASE-001563,ANL-3009,2026-01-12T19:23:00Z,CASE_NOTE,Microsoft Sentinel,REF-60976,Supports investigation finding
EVD-001373,ALT-001564,CASE-001564,ANL-3003,2026-01-12T18:43:00Z,THREAT_INTELLIGENCE,Splunk ES,REF-66691,Supports investigation finding
EVD-001374,ALT-001565,CASE-001565,ANL-3009,2026-01-12T14:06:00Z,NETWORK_LOG,Splunk ES,REF-59362,Supports investigation finding
EVD-001375,ALT-001566,CASE-001566,ANL-3002,2026-01-12T20:03:00Z,PROCESS_TREE,IBM QRadar,REF-13846,Supports investigation finding
EVD-001376,ALT-001567,CASE-001567,ANL-3008,2026-01-12T07:38:00Z,NETWORK_LOG,Microsoft Sentinel,REF-41547,Supports investigation finding
EVD-001377,ALT-001569,CASE-001569,ANL-3004,2026-01-12T05:19:00Z,AUTHENTICATION_LOG,Microsoft Sentinel,REF-38658,Supports investigation finding
EVD-001378,ALT-001570,CASE-001570,ANL-3007,2026-01-12T21:34:00Z,PROCESS_TREE,Microsoft Sentinel,REF-95503,Supports investigation finding
EVD-001379,ALT-001571,CASE-001571,ANL-3009,2026-01-12T01:24:00Z,SIEM_LOG,Microsoft Sentinel,REF-92938,Supports investigation finding
EVD-001380,ALT-001572,CASE-001572,ANL-3006,2026-01-12T07:24:00Z,NETWORK_LOG,Splunk ES,REF-97233,Supports investigation finding
EVD-001381,ALT-001573,CASE-001573,ANL-3008,2026-01-12T19:12:00Z,THREAT_INTELLIGENCE,Splunk ES,REF-77826,Supports investigation finding
EVD-001382,ALT-001574,CASE-001574,ANL-3009,2026-01-12T18:53:00Z,NETWORK_LOG,Microsoft Sentinel,REF-10712,Supports investigation finding
EVD-001383,ALT-001575,CASE-001575,ANL-3005,2026-01-12T17:14:00Z,THREAT_INTELLIGENCE,IBM QRadar,REF-12073,Supports investigation finding
EVD-001384,ALT-001576,CASE-001576,ANL-3003,2026-01-12T06:29:00Z,THREAT_INTELLIGENCE,Elastic Security,REF-93421,Supports investigation finding
EVD-001385,ALT-001577,CASE-001577,ANL-3009,2026-01-12T10:11:00Z,AUTHENTICATION_LOG,Microsoft Sentinel,REF-48723,Supports investigation finding
EVD-001386,ALT-001578,CASE-001578,ANL-3009,2026-01-12T19:33:00Z,AUTHENTICATION_LOG,Microsoft Sentinel,REF-92468,Supports investigation finding
EVD-001387,ALT-001579,CASE-001579,ANL-3002,2026-01-12T21:34:00Z,ENDPOINT_LOG,Elastic Security,REF-53991,Supports investigation finding
EVD-001388,ALT-001580,CASE-001580,ANL-3003,2026-01-12T15:05:00Z,ENDPOINT_LOG,Microsoft Sentinel,REF-82575,Supports investigation finding
EVD-001389,ALT-001581,CASE-001581,ANL-3007,2026-01-12T20:19:00Z,NETWORK_LOG,Microsoft Sentinel,REF-70756,Supports investigation finding
EVD-001390,ALT-001582,CASE-001582,ANL-3006,2026-01-12T17:55:00Z,CASE_NOTE,Microsoft Sentinel,REF-24033,Supports investigation finding
EVD-001391,ALT-001583,CASE-001583,ANL-3003,2026-01-12T02:10:00Z,THREAT_INTELLIGENCE,Elastic Security,REF-97915,Supports investigation finding
EVD-001392,ALT-001584,CASE-001584,ANL-3002,2026-01-12T09:37:00Z,NETWORK_LOG,Elastic Security,REF-50178,Supports investigation finding
EVD-001393,ALT-001585,CASE-001585,ANL-3009,2026-01-12T10:18:00Z,THREAT_INTELLIGENCE,Elastic Security,REF-63600,Supports investigation finding
EVD-001394,ALT-001586,CASE-001586,ANL-3001,2026-01-12T10:58:00Z,THREAT_INTELLIGENCE,Microsoft Sentinel,REF-40235,Supports investigation finding
EVD-001395,ALT-001587,CASE-001587,ANL-3006,2026-01-12T13:44:00Z,ENDPOINT_LOG,Microsoft Sentinel,REF-19862,Supports investigation finding
EVD-001396,ALT-001588,CASE-001588,ANL-3002,2026-01-12T22:46:00Z,SIEM_LOG,Splunk ES,REF-46774,Supports investigation finding
EVD-001397,ALT-001589,CASE-001589,ANL-3002,2026-01-12T10:02:00Z,PROCESS_TREE,IBM QRadar,REF-23637,Supports investigation finding
EVD-001398,ALT-001590,CASE-001590,ANL-3005,2026-01-12T02:28:00Z,AUTHENTICATION_LOG,Microsoft Sentinel,REF-38512,Supports investigation finding
EVD-001399,ALT-001591,CASE-001591,ANL-3002,2026-01-12T04:12:00Z,AUTHENTICATION_LOG,Splunk ES,REF-47516,Supports investigation finding
EVD-001400,ALT-001592,CASE-001592,ANL-3007,2026-01-12T18:20:00Z,THREAT_INTELLIGENCE,Microsoft Sentinel,REF-76041,Supports investigation finding
EVD-001401,ALT-001593,CASE-001593,ANL-3001,2026-01-12T04:01:00Z,PROCESS_TREE,Splunk ES,REF-19300,Supports investigation finding
EVD-001402,ALT-001595,CASE-001595,ANL-3003,2026-01-12T05:12:00Z,AUTHENTICATION_LOG,Splunk ES,REF-14903,Supports investigation finding
EVD-001403,ALT-001596,CASE-001596,ANL-3008,2026-01-12T09:02:00Z,CASE_NOTE,Splunk ES,REF-27030,Supports investigation finding
EVD-001404,ALT-001597,CASE-001597,ANL-3002,2026-01-12T21:56:00Z,AUTHENTICATION_LOG,Elastic Security,REF-21222,Supports investigation finding
EVD-001405,ALT-001598,CASE-001598,ANL-3008,2026-01-12T19:17:00Z,NETWORK_LOG,IBM QRadar,REF-27108,Supports investigation finding
EVD-001406,ALT-001599,CASE-001599,ANL-3001,2026-01-12T17:52:00Z,CASE_NOTE,Elastic Security,REF-14056,Supports investigation finding
EVD-001407,ALT-001601,CASE-001601,ANL-3005,2026-01-12T12:29:00Z,CASE_NOTE,Microsoft Sentinel,REF-54679,Supports investigation finding
EVD-001408,ALT-001602,CASE-001602,ANL-3005,2026-01-12T23:26:00Z,NETWORK_LOG,Elastic Security,REF-59089,Supports investigation finding
EVD-001409,ALT-001603,CASE-001603,ANL-3007,2026-01-12T23:36:00Z,PROCESS_TREE,Elastic Security,REF-30630,Supports investigation finding
EVD-001410,ALT-001604,CASE-001604,ANL-3002,2026-01-12T23:33:00Z,SIEM_LOG,IBM QRadar,REF-83892,Supports investigation finding
EVD-001411,ALT-001605,CASE-001605,ANL-3001,2026-01-12T20:19:00Z,AUTHENTICATION_LOG,IBM QRadar,REF-83009,Supports investigation finding
EVD-001412,ALT-001606,CASE-001606,ANL-3008,2026-01-12T14:14:00Z,THREAT_INTELLIGENCE,Splunk ES,REF-94378,Supports investigation finding
EVD-001413,ALT-001608,CASE-001608,ANL-3007,2026-01-12T03:49:00Z,NETWORK_LOG,IBM QRadar,REF-89941,Supports investigation finding
EVD-001414,ALT-001609,CASE-001609,ANL-3008,2026-01-12T17:40:00Z,NETWORK_LOG,IBM QRadar,REF-21844,Supports investigation finding
EVD-001415,ALT-001610,CASE-001610,ANL-3009,2026-01-12T08:22:00Z,THREAT_INTELLIGENCE,Microsoft Sentinel,REF-98125,Supports investigation finding
EVD-001416,ALT-001611,CASE-001611,ANL-3008,2026-01-12T15:59:00Z,CASE_NOTE,IBM QRadar,REF-39682,Supports investigation finding
EVD-001417,ALT-001612,CASE-001612,ANL-3007,2026-01-12T07:22:00Z,PROCESS_TREE,Elastic Security,REF-95175,Supports investigation finding
EVD-001418,ALT-001614,CASE-001614,ANL-3001,2026-01-12T14:29:00Z,AUTHENTICATION_LOG,Microsoft Sentinel,REF-65463,Supports investigation finding
EVD-001419,ALT-001615,CASE-001615,ANL-3004,2026-01-13T00:39:00Z,CASE_NOTE,Splunk ES,REF-97619,Supports investigation finding
EVD-001420,ALT-001616,CASE-001616,ANL-3009,2026-01-12T06:44:00Z,NETWORK_LOG,Elastic Security,REF-63917,Supports investigation finding
EVD-001421,ALT-001617,CASE-001617,ANL-3009,2026-01-12T04:13:00Z,SIEM_LOG,Microsoft Sentinel,REF-42513,Supports investigation finding
EVD-001422,ALT-001618,CASE-001618,ANL-3005,2026-01-13T00:22:00Z,AUTHENTICATION_LOG,Elastic Security,REF-90848,Supports investigation finding
EVD-001423,ALT-001619,CASE-001619,ANL-3004,2026-01-12T05:42:00Z,SIEM_LOG,Splunk ES,REF-85365,Supports investigation finding
EVD-001424,ALT-001620,CASE-001620,ANL-3004,2026-01-12T11:47:00Z,NETWORK_LOG,Microsoft Sentinel,REF-89560,Supports investigation finding
EVD-001425,ALT-001621,CASE-001621,ANL-3004,2026-01-12T18:42:00Z,NETWORK_LOG,Splunk ES,REF-73215,Supports investigation finding
EVD-001426,ALT-001622,CASE-001622,ANL-3009,2026-01-12T06:57:00Z,AUTHENTICATION_LOG,IBM QRadar,REF-23029,Supports investigation finding
EVD-001427,ALT-001624,CASE-001624,ANL-3005,2026-01-12T09:24:00Z,AUTHENTICATION_LOG,Elastic Security,REF-20820,Supports investigation finding
EVD-001428,ALT-001625,CASE-001625,ANL-3004,2026-01-12T16:11:00Z,ENDPOINT_LOG,Elastic Security,REF-84545,Supports investigation finding
EVD-001429,ALT-001626,CASE-001626,ANL-3007,2026-01-12T13:35:00Z,NETWORK_LOG,IBM QRadar,REF-72153,Supports investigation finding
EVD-001430,ALT-001627,CASE-001627,ANL-3004,2026-01-12T14:07:00Z,THREAT_INTELLIGENCE,Elastic Security,REF-22455,Supports investigation finding
EVD-001431,ALT-001628,CASE-001628,ANL-3006,2026-01-12T22:08:00Z,PROCESS_TREE,IBM QRadar,REF-47008,Supports investigation finding
EVD-001432,ALT-001629,CASE-001629,ANL-3005,2026-01-12T18:01:00Z,AUTHENTICATION_LOG,Splunk ES,REF-55510,Supports investigation finding
EVD-001433,ALT-001630,CASE-001630,ANL-3006,2026-01-12T16:33:00Z,THREAT_INTELLIGENCE,Elastic Security,REF-77570,Supports investigation finding
EVD-001434,ALT-001631,CASE-001631,ANL-3006,2026-01-12T01:58:00Z,ENDPOINT_LOG,Elastic Security,REF-21173,Supports investigation finding
EVD-001435,ALT-001633,CASE-001633,ANL-3006,2026-01-12T10:47:00Z,THREAT_INTELLIGENCE,Elastic Security,REF-12224,Supports investigation finding
EVD-001436,ALT-001634,CASE-001634,ANL-3002,2026-01-12T02:58:00Z,ENDPOINT_LOG,Elastic Security,REF-76207,Supports investigation finding
EVD-001437,ALT-001636,CASE-001636,ANL-3008,2026-01-12T08:14:00Z,ENDPOINT_LOG,IBM QRadar,REF-88997,Supports investigation finding
EVD-001438,ALT-001638,CASE-001638,ANL-3001,2026-01-12T08:08:00Z,ENDPOINT_LOG,Microsoft Sentinel,REF-18720,Supports investigation finding
EVD-001439,ALT-001639,CASE-001639,ANL-3003,2026-01-12T23:28:00Z,NETWORK_LOG,IBM QRadar,REF-80081,Supports investigation finding
EVD-001440,ALT-001640,CASE-001640,ANL-3008,2026-01-12T04:02:00Z,NETWORK_LOG,Elastic Security,REF-42547,Supports investigation finding
EVD-001441,ALT-001641,CASE-001641,ANL-3002,2026-01-12T09:58:00Z,ENDPOINT_LOG,Microsoft Sentinel,REF-70120,Supports investigation finding
EVD-001442,ALT-001644,CASE-001644,ANL-3001,2026-01-12T01:18:00Z,CASE_NOTE,Microsoft Sentinel,REF-95936,Supports investigation finding
EVD-001443,ALT-001645,CASE-001645,ANL-3007,2026-01-12T17:50:00Z,AUTHENTICATION_LOG,Splunk ES,REF-27575,Supports investigation finding
EVD-001444,ALT-001646,CASE-001646,ANL-3009,2026-01-12T07:04:00Z,PROCESS_TREE,Splunk ES,REF-55670,Supports investigation finding
EVD-001445,ALT-001647,CASE-001647,ANL-3002,2026-01-12T21:11:00Z,AUTHENTICATION_LOG,Microsoft Sentinel,REF-71343,Supports investigation finding
EVD-001446,ALT-001648,CASE-001648,ANL-3002,2026-01-12T17:26:00Z,ENDPOINT_LOG,IBM QRadar,REF-82433,Supports investigation finding
EVD-001447,ALT-001651,CASE-001651,ANL-3001,2026-01-12T12:03:00Z,SIEM_LOG,Elastic Security,REF-99941,Supports investigation finding
EVD-001448,ALT-001653,CASE-001653,ANL-3007,2026-01-12T07:52:00Z,THREAT_INTELLIGENCE,Splunk ES,REF-65862,Supports investigation finding
EVD-001449,ALT-001654,CASE-001654,ANL-3002,2026-01-12T17:14:00Z,AUTHENTICATION_LOG,Microsoft Sentinel,REF-10793,Supports investigation finding
EVD-001450,ALT-001655,CASE-001655,ANL-3004,2026-01-13T00:20:00Z,ENDPOINT_LOG,Elastic Security,REF-85348,Supports investigation finding
EVD-001451,ALT-001656,CASE-001656,ANL-3002,2026-01-12T04:53:00Z,PROCESS_TREE,Elastic Security,REF-53495,Supports investigation finding
EVD-001452,ALT-001658,CASE-001658,ANL-3007,2026-01-12T03:30:00Z,THREAT_INTELLIGENCE,Splunk ES,REF-79667,Supports investigation finding
EVD-001453,ALT-001659,CASE-001659,ANL-3002,2026-01-12T12:25:00Z,PROCESS_TREE,Elastic Security,REF-32600,Supports investigation finding
EVD-001454,ALT-001660,CASE-001660,ANL-3006,2026-01-12T09:58:00Z,THREAT_INTELLIGENCE,Microsoft Sentinel,REF-17170,Supports investigation finding
EVD-001455,ALT-001661,CASE-001661,ANL-3007,2026-01-12T02:44:00Z,THREAT_INTELLIGENCE,Elastic Security,REF-62882,Supports investigation finding
EVD-001456,ALT-001662,CASE-001662,ANL-3002,2026-01-12T12:59:00Z,THREAT_INTELLIGENCE,Splunk ES,REF-28574,Supports investigation finding
EVD-001457,ALT-001663,CASE-001663,ANL-3006,2026-01-12T08:37:00Z,SIEM_LOG,IBM QRadar,REF-76398,Supports investigation finding
EVD-001458,ALT-001665,CASE-001665,ANL-3003,2026-01-12T15:06:00Z,CASE_NOTE,Elastic Security,REF-52367,Supports investigation finding
EVD-001459,ALT-001666,CASE-001666,ANL-3003,2026-01-12T20:22:00Z,CASE_NOTE,Splunk ES,REF-41742,Supports investigation finding
EVD-001460,ALT-001667,CASE-001667,ANL-3003,2026-01-12T02:43:00Z,NETWORK_LOG,Microsoft Sentinel,REF-41438,Supports investigation finding
EVD-001461,ALT-001668,CASE-001668,ANL-3003,2026-01-12T18:01:00Z,PROCESS_TREE,Splunk ES,REF-46788,Supports investigation finding
EVD-001462,ALT-001669,CASE-001669,ANL-3009,2026-01-12T02:39:00Z,AUTHENTICATION_LOG,Elastic Security,REF-17176,Supports investigation finding
EVD-001463,ALT-001670,CASE-001670,ANL-3007,2026-01-13T00:07:00Z,ENDPOINT_LOG,Splunk ES,REF-87857,Supports investigation finding
EVD-001464,ALT-001671,CASE-001671,ANL-3009,2026-01-12T02:53:00Z,NETWORK_LOG,IBM QRadar,REF-31024,Supports investigation finding
EVD-001465,ALT-001672,CASE-001672,ANL-3004,2026-01-12T01:16:00Z,CASE_NOTE,Splunk ES,REF-40708,Supports investigation finding
EVD-001466,ALT-001673,CASE-001673,ANL-3006,2026-01-12T19:31:00Z,SIEM_LOG,Microsoft Sentinel,REF-73183,Supports investigation finding
EVD-001467,ALT-001674,CASE-001674,ANL-3005,2026-01-12T17:45:00Z,AUTHENTICATION_LOG,Elastic Security,REF-96584,Supports investigation finding
EVD-001468,ALT-001675,CASE-001675,ANL-3005,2026-01-12T21:29:00Z,CASE_NOTE,Microsoft Sentinel,REF-44774,Supports investigation finding
EVD-001469,ALT-001676,CASE-001676,ANL-3005,2026-01-12T06:47:00Z,SIEM_LOG,IBM QRadar,REF-55249,Supports investigation finding
EVD-001470,ALT-001677,CASE-001677,ANL-3007,2026-01-12T11:54:00Z,AUTHENTICATION_LOG,Microsoft Sentinel,REF-67451,Supports investigation finding
EVD-001471,ALT-001678,CASE-001678,ANL-3008,2026-01-12T07:43:00Z,SIEM_LOG,Microsoft Sentinel,REF-24741,Supports investigation finding
EVD-001472,ALT-001679,CASE-001679,ANL-3001,2026-01-12T18:51:00Z,SIEM_LOG,Microsoft Sentinel,REF-17732,Supports investigation finding
EVD-001473,ALT-001680,CASE-001680,ANL-3001,2026-01-12T18:51:00Z,SIEM_LOG,IBM QRadar,REF-53533,Supports investigation finding
EVD-001474,ALT-001681,CASE-001681,ANL-3001,2026-01-12T15:18:00Z,ENDPOINT_LOG,Microsoft Sentinel,REF-44504,Supports investigation finding
EVD-001475,ALT-001682,CASE-001682,ANL-3005,2026-01-12T10:44:00Z,THREAT_INTELLIGENCE,Elastic Security,REF-50131,Supports investigation finding
EVD-001476,ALT-001683,CASE-001683,ANL-3001,2026-01-13T00:34:00Z,CASE_NOTE,Elastic Security,REF-87998,Supports investigation finding
EVD-001477,ALT-001684,CASE-001684,ANL-3003,2026-01-12T18:39:00Z,THREAT_INTELLIGENCE,Elastic Security,REF-32768,Supports investigation finding
EVD-001478,ALT-001685,CASE-001685,ANL-3002,2026-01-12T03:42:00Z,AUTHENTICATION_LOG,Microsoft Sentinel,REF-10399,Supports investigation finding
EVD-001479,ALT-001688,CASE-001688,ANL-3009,2026-01-12T01:45:00Z,THREAT_INTELLIGENCE,Splunk ES,REF-89746,Supports investigation finding
EVD-001480,ALT-001690,CASE-001690,ANL-3001,2026-01-12T06:55:00Z,CASE_NOTE,Microsoft Sentinel,REF-22265,Supports investigation finding
EVD-001481,ALT-001691,CASE-001691,ANL-3001,2026-01-12T23:04:00Z,SIEM_LOG,Elastic Security,REF-37906,Supports investigation finding
EVD-001482,ALT-001692,CASE-001692,ANL-3006,2026-01-12T12:56:00Z,ENDPOINT_LOG,IBM QRadar,REF-74563,Supports investigation finding
EVD-001483,ALT-001693,CASE-001693,ANL-3001,2026-01-12T05:48:00Z,AUTHENTICATION_LOG,Splunk ES,REF-44174,Supports investigation finding
EVD-001484,ALT-001694,CASE-001694,ANL-3007,2026-01-12T10:45:00Z,PROCESS_TREE,Elastic Security,REF-95156,Supports investigation finding
EVD-001485,ALT-001695,CASE-001695,ANL-3009,2026-01-12T03:48:00Z,ENDPOINT_LOG,Elastic Security,REF-80922,Supports investigation finding
EVD-001486,ALT-001696,CASE-001696,ANL-3004,2026-01-12T10:05:00Z,SIEM_LOG,Splunk ES,REF-79288,Supports investigation finding
EVD-001487,ALT-001697,CASE-001697,ANL-3008,2026-01-12T19:06:00Z,AUTHENTICATION_LOG,IBM QRadar,REF-65993,Supports investigation finding
EVD-001488,ALT-001698,CASE-001698,ANL-3009,2026-01-12T14:11:00Z,PROCESS_TREE,Splunk ES,REF-12970,Supports investigation finding
EVD-001489,ALT-001699,CASE-001699,ANL-3007,2026-01-12T02:00:00Z,SIEM_LOG,Splunk ES,REF-57043,Supports investigation finding
EVD-001490,ALT-001701,CASE-001701,ANL-3001,2026-01-12T20:34:00Z,ENDPOINT_LOG,Microsoft Sentinel,REF-38478,Supports investigation finding
EVD-001491,ALT-001702,CASE-001702,ANL-3006,2026-01-12T08:42:00Z,AUTHENTICATION_LOG,Microsoft Sentinel,REF-79139,Supports investigation finding
EVD-001492,ALT-001704,CASE-001704,ANL-3003,2026-01-12T08:42:00Z,AUTHENTICATION_LOG,Elastic Security,REF-57440,Supports investigation finding
EVD-001493,ALT-001705,CASE-001705,ANL-3005,2026-01-12T22:33:00Z,NETWORK_LOG,IBM QRadar,REF-44074,Supports investigation finding
EVD-001494,ALT-001706,CASE-001706,ANL-3001,2026-01-12T23:38:00Z,THREAT_INTELLIGENCE,Elastic Security,REF-95013,Supports investigation finding
EVD-001495,ALT-001707,CASE-001707,ANL-3008,2026-01-13T01:22:00Z,THREAT_INTELLIGENCE,Splunk ES,REF-83134,Supports investigation finding
EVD-001496,ALT-001708,CASE-001708,ANL-3003,2026-01-12T09:19:00Z,SIEM_LOG,IBM QRadar,REF-74066,Supports investigation finding
EVD-001497,ALT-001709,CASE-001709,ANL-3002,2026-01-12T16:00:00Z,ENDPOINT_LOG,Splunk ES,REF-33613,Supports investigation finding
EVD-001498,ALT-001710,CASE-001710,ANL-3008,2026-01-12T18:08:00Z,PROCESS_TREE,Elastic Security,REF-17230,Supports investigation finding
EVD-001499,ALT-001711,CASE-001711,ANL-3006,2026-01-12T08:20:00Z,CASE_NOTE,IBM QRadar,REF-13409,Supports investigation finding
EVD-001500,ALT-001713,CASE-001713,ANL-3006,2026-01-12T22:54:00Z,NETWORK_LOG,Elastic Security,REF-50188,Supports investigation finding
EVD-001501,ALT-001715,CASE-001715,ANL-3003,2026-01-12T20:24:00Z,ENDPOINT_LOG,IBM QRadar,REF-77056,Supports investigation finding
EVD-001502,ALT-001717,CASE-001717,ANL-3004,2026-01-12T09:00:00Z,AUTHENTICATION_LOG,IBM QRadar,REF-91468,Supports investigation finding
EVD-001503,ALT-001718,CASE-001718,ANL-3006,2026-01-12T20:56:00Z,SIEM_LOG,Splunk ES,REF-91797,Supports investigation finding
EVD-001504,ALT-001719,CASE-001719,ANL-3005,2026-01-12T07:04:00Z,AUTHENTICATION_LOG,Elastic Security,REF-32647,Supports investigation finding
EVD-001505,ALT-001720,CASE-001720,ANL-3006,2026-01-12T09:15:00Z,SIEM_LOG,Microsoft Sentinel,REF-92151,Supports investigation finding
EVD-001506,ALT-001721,CASE-001721,ANL-3001,2026-01-12T15:57:00Z,PROCESS_TREE,IBM QRadar,REF-36200,Supports investigation finding
EVD-001507,ALT-001722,CASE-001722,ANL-3002,2026-01-12T20:45:00Z,THREAT_INTELLIGENCE,IBM QRadar,REF-87663,Supports investigation finding
EVD-001508,ALT-001723,CASE-001723,ANL-3002,2026-01-12T03:13:00Z,NETWORK_LOG,Elastic Security,REF-42637,Supports investigation finding
EVD-001509,ALT-001724,CASE-001724,ANL-3005,2026-01-12T03:34:00Z,SIEM_LOG,Splunk ES,REF-50357,Supports investigation finding
EVD-001510,ALT-001725,CASE-001725,ANL-3003,2026-01-12T11:23:00Z,AUTHENTICATION_LOG,Elastic Security,REF-69605,Supports investigation finding
EVD-001511,ALT-001727,CASE-001727,ANL-3001,2026-01-12T17:49:00Z,AUTHENTICATION_LOG,IBM QRadar,REF-34251,Supports investigation finding
EVD-001512,ALT-001728,CASE-001728,ANL-3006,2026-01-12T18:41:00Z,ENDPOINT_LOG,Microsoft Sentinel,REF-26805,Supports investigation finding
EVD-001513,ALT-001729,CASE-001729,ANL-3009,2026-01-12T06:09:00Z,SIEM_LOG,Splunk ES,REF-48143,Supports investigation finding
EVD-001514,ALT-001730,CASE-001730,ANL-3001,2026-01-12T04:17:00Z,AUTHENTICATION_LOG,Microsoft Sentinel,REF-72161,Supports investigation finding
EVD-001515,ALT-001731,CASE-001731,ANL-3008,2026-01-12T22:56:00Z,ENDPOINT_LOG,Elastic Security,REF-68618,Supports investigation finding
EVD-001516,ALT-001732,CASE-001732,ANL-3002,2026-01-12T02:18:00Z,THREAT_INTELLIGENCE,IBM QRadar,REF-39281,Supports investigation finding
EVD-001517,ALT-001733,CASE-001733,ANL-3007,2026-01-12T06:33:00Z,NETWORK_LOG,Microsoft Sentinel,REF-74761,Supports investigation finding
EVD-001518,ALT-001734,CASE-001734,ANL-3006,2026-01-12T03:59:00Z,AUTHENTICATION_LOG,Elastic Security,REF-94797,Supports investigation finding
EVD-001519,ALT-001735,CASE-001735,ANL-3002,2026-01-12T21:00:00Z,AUTHENTICATION_LOG,Elastic Security,REF-66068,Supports investigation finding
EVD-001520,ALT-001736,CASE-001736,ANL-3002,2026-01-12T14:55:00Z,ENDPOINT_LOG,Microsoft Sentinel,REF-41765,Supports investigation finding
EVD-001521,ALT-001737,CASE-001737,ANL-3004,2026-01-12T10:03:00Z,SIEM_LOG,IBM QRadar,REF-12583,Supports investigation finding
EVD-001522,ALT-001739,CASE-001739,ANL-3006,2026-01-12T21:08:00Z,SIEM_LOG,Splunk ES,REF-64839,Supports investigation finding
EVD-001523,ALT-001740,CASE-001740,ANL-3001,2026-01-12T06:46:00Z,NETWORK_LOG,Microsoft Sentinel,REF-61081,Supports investigation finding
EVD-001524,ALT-001741,CASE-001741,ANL-3006,2026-01-12T15:03:00Z,PROCESS_TREE,Elastic Security,REF-59190,Supports investigation finding
EVD-001525,ALT-001742,CASE-001742,ANL-3004,2026-01-12T13:54:00Z,NETWORK_LOG,Microsoft Sentinel,REF-98964,Supports investigation finding
EVD-001526,ALT-001744,CASE-001744,ANL-3009,2026-01-12T20:55:00Z,AUTHENTICATION_LOG,Splunk ES,REF-53964,Supports investigation finding
EVD-001527,ALT-001745,CASE-001745,ANL-3009,2026-01-13T00:52:00Z,ENDPOINT_LOG,Microsoft Sentinel,REF-25829,Supports investigation finding
EVD-001528,ALT-001748,CASE-001748,ANL-3007,2026-01-12T06:26:00Z,CASE_NOTE,Microsoft Sentinel,REF-89551,Supports investigation finding
EVD-001529,ALT-001749,CASE-001749,ANL-3007,2026-01-12T18:33:00Z,THREAT_INTELLIGENCE,Elastic Security,REF-47045,Supports investigation finding
EVD-001530,ALT-001750,CASE-001750,ANL-3006,2026-01-12T20:30:00Z,AUTHENTICATION_LOG,Splunk ES,REF-57788,Supports investigation finding
EVD-001531,ALT-001751,CASE-001751,ANL-3003,2026-01-12T01:20:00Z,THREAT_INTELLIGENCE,Splunk ES,REF-63430,Supports investigation finding
EVD-001532,ALT-001752,CASE-001752,ANL-3003,2026-01-12T15:12:00Z,SIEM_LOG,Splunk ES,REF-87270,Supports investigation finding
EVD-001533,ALT-001753,CASE-001753,ANL-3003,2026-01-12T08:04:00Z,NETWORK_LOG,IBM QRadar,REF-41209,Supports investigation finding
EVD-001534,ALT-001754,CASE-001754,ANL-3003,2026-01-12T19:05:00Z,ENDPOINT_LOG,Elastic Security,REF-36121,Supports investigation finding
EVD-001535,ALT-001755,CASE-001755,ANL-3008,2026-01-12T11:23:00Z,SIEM_LOG,Splunk ES,REF-86408,Supports investigation finding
EVD-001536,ALT-001756,CASE-001756,ANL-3009,2026-01-12T19:16:00Z,NETWORK_LOG,Microsoft Sentinel,REF-84986,Supports investigation finding
EVD-001537,ALT-001757,CASE-001757,ANL-3005,2026-01-12T09:02:00Z,ENDPOINT_LOG,IBM QRadar,REF-94634,Supports investigation finding
EVD-001538,ALT-001758,CASE-001758,ANL-3001,2026-01-12T22:34:00Z,ENDPOINT_LOG,IBM QRadar,REF-72122,Supports investigation finding
EVD-001539,ALT-001759,CASE-001759,ANL-3004,2026-01-12T10:58:00Z,CASE_NOTE,Elastic Security,REF-37679,Supports investigation finding
EVD-001540,ALT-001760,CASE-001760,ANL-3003,2026-01-12T15:10:00Z,THREAT_INTELLIGENCE,Splunk ES,REF-94463,Supports investigation finding
EVD-001541,ALT-001762,CASE-001762,ANL-3001,2026-01-12T15:04:00Z,CASE_NOTE,Splunk ES,REF-20237,Supports investigation finding
EVD-001542,ALT-001763,CASE-001763,ANL-3008,2026-01-12T22:01:00Z,AUTHENTICATION_LOG,Elastic Security,REF-43880,Supports investigation finding
EVD-001543,ALT-001765,CASE-001765,ANL-3005,2026-01-12T20:46:00Z,ENDPOINT_LOG,Splunk ES,REF-90968,Supports investigation finding
EVD-001544,ALT-001766,CASE-001766,ANL-3006,2026-01-12T09:56:00Z,THREAT_INTELLIGENCE,IBM QRadar,REF-63344,Supports investigation finding
EVD-001545,ALT-001767,CASE-001767,ANL-3007,2026-01-12T06:10:00Z,CASE_NOTE,Splunk ES,REF-96156,Supports investigation finding
EVD-001546,ALT-001768,CASE-001768,ANL-3008,2026-01-12T20:45:00Z,NETWORK_LOG,IBM QRadar,REF-14348,Supports investigation finding
EVD-001547,ALT-001769,CASE-001769,ANL-3008,2026-01-12T17:56:00Z,CASE_NOTE,IBM QRadar,REF-96363,Supports investigation finding
EVD-001548,ALT-001770,CASE-001770,ANL-3007,2026-01-12T20:23:00Z,ENDPOINT_LOG,IBM QRadar,REF-83870,Supports investigation finding
EVD-001549,ALT-001771,CASE-001771,ANL-3001,2026-01-12T22:56:00Z,ENDPOINT_LOG,IBM QRadar,REF-91006,Supports investigation finding
EVD-001550,ALT-001772,CASE-001772,ANL-3009,2026-01-12T10:59:00Z,PROCESS_TREE,Splunk ES,REF-28071,Supports investigation finding
EVD-001551,ALT-001773,CASE-001773,ANL-3005,2026-01-12T13:18:00Z,PROCESS_TREE,IBM QRadar,REF-29904,Supports investigation finding
EVD-001552,ALT-001774,CASE-001774,ANL-3004,2026-01-12T14:15:00Z,CASE_NOTE,Splunk ES,REF-98571,Supports investigation finding
EVD-001553,ALT-001775,CASE-001775,ANL-3005,2026-01-12T13:46:00Z,ENDPOINT_LOG,Microsoft Sentinel,REF-17547,Supports investigation finding
EVD-001554,ALT-001776,CASE-001776,ANL-3001,2026-01-12T10:50:00Z,ENDPOINT_LOG,Microsoft Sentinel,REF-68280,Supports investigation finding
EVD-001555,ALT-001777,CASE-001777,ANL-3005,2026-01-12T06:23:00Z,PROCESS_TREE,Elastic Security,REF-50637,Supports investigation finding
EVD-001556,ALT-001778,CASE-001778,ANL-3009,2026-01-12T05:16:00Z,ENDPOINT_LOG,Elastic Security,REF-33061,Supports investigation finding
EVD-001557,ALT-001779,CASE-001779,ANL-3002,2026-01-12T17:25:00Z,ENDPOINT_LOG,Splunk ES,REF-13027,Supports investigation finding
EVD-001558,ALT-001780,CASE-001780,ANL-3009,2026-01-12T14:43:00Z,NETWORK_LOG,Splunk ES,REF-62135,Supports investigation finding
EVD-001559,ALT-001781,CASE-001781,ANL-3005,2026-01-12T19:37:00Z,AUTHENTICATION_LOG,Microsoft Sentinel,REF-67274,Supports investigation finding
EVD-001560,ALT-001783,CASE-001783,ANL-3006,2026-01-12T20:07:00Z,SIEM_LOG,Microsoft Sentinel,REF-92528,Supports investigation finding
EVD-001561,ALT-001785,CASE-001785,ANL-3006,2026-01-12T11:19:00Z,SIEM_LOG,Splunk ES,REF-27006,Supports investigation finding
EVD-001562,ALT-001787,CASE-001787,ANL-3002,2026-01-12T21:39:00Z,THREAT_INTELLIGENCE,Elastic Security,REF-49280,Supports investigation finding
EVD-001563,ALT-001788,CASE-001788,ANL-3007,2026-01-12T18:32:00Z,NETWORK_LOG,Microsoft Sentinel,REF-68686,Supports investigation finding
EVD-001564,ALT-001789,CASE-001789,ANL-3007,2026-01-12T12:52:00Z,THREAT_INTELLIGENCE,Microsoft Sentinel,REF-63638,Supports investigation finding
EVD-001565,ALT-001790,CASE-001790,ANL-3005,2026-01-12T22:50:00Z,SIEM_LOG,Elastic Security,REF-53821,Supports investigation finding
EVD-001566,ALT-001792,CASE-001792,ANL-3008,2026-01-12T03:54:00Z,ENDPOINT_LOG,Elastic Security,REF-33730,Supports investigation finding
EVD-001567,ALT-001793,CASE-001793,ANL-3006,2026-01-12T08:19:00Z,NETWORK_LOG,Elastic Security,REF-31504,Supports investigation finding
EVD-001568,ALT-001795,CASE-001795,ANL-3002,2026-01-12T12:50:00Z,SIEM_LOG,Splunk ES,REF-93083,Supports investigation finding
EVD-001569,ALT-001796,CASE-001796,ANL-3003,2026-01-12T04:30:00Z,NETWORK_LOG,Elastic Security,REF-43592,Supports investigation finding
EVD-001570,ALT-001797,CASE-001797,ANL-3009,2026-01-12T18:43:00Z,AUTHENTICATION_LOG,IBM QRadar,REF-40268,Supports investigation finding
EVD-001571,ALT-001798,CASE-001798,ANL-3005,2026-01-12T04:23:00Z,PROCESS_TREE,IBM QRadar,REF-40059,Supports investigation finding
EVD-001572,ALT-001799,CASE-001799,ANL-3004,2026-01-12T04:42:00Z,ENDPOINT_LOG,Microsoft Sentinel,REF-43736,Supports investigation finding
EVD-001573,ALT-001800,CASE-001800,ANL-3004,2026-01-12T04:41:00Z,ENDPOINT_LOG,Elastic Security,REF-39637,Supports investigation finding
EVD-001574,ALT-001801,CASE-001801,ANL-3008,2026-01-12T17:03:00Z,PROCESS_TREE,Splunk ES,REF-25742,Supports investigation finding
EVD-001575,ALT-001802,CASE-001802,ANL-3004,2026-01-12T15:47:00Z,NETWORK_LOG,IBM QRadar,REF-29440,Supports investigation finding
EVD-001576,ALT-001803,CASE-001803,ANL-3002,2026-01-12T15:00:00Z,NETWORK_LOG,Splunk ES,REF-74980,Supports investigation finding
EVD-001577,ALT-001804,CASE-001804,ANL-3009,2026-01-12T08:09:00Z,AUTHENTICATION_LOG,Splunk ES,REF-74619,Supports investigation finding
EVD-001578,ALT-001805,CASE-001805,ANL-3002,2026-01-12T02:55:00Z,CASE_NOTE,Microsoft Sentinel,REF-71780,Supports investigation finding
EVD-001579,ALT-001806,CASE-001806,ANL-3009,2026-01-12T14:54:00Z,ENDPOINT_LOG,IBM QRadar,REF-87626,Supports investigation finding
EVD-001580,ALT-001807,CASE-001807,ANL-3006,2026-01-12T16:27:00Z,PROCESS_TREE,Microsoft Sentinel,REF-32860,Supports investigation finding
EVD-001581,ALT-001810,CASE-001810,ANL-3001,2026-01-12T06:06:00Z,SIEM_LOG,Elastic Security,REF-24224,Supports investigation finding
EVD-001582,ALT-001811,CASE-001811,ANL-3006,2026-01-12T08:44:00Z,SIEM_LOG,Microsoft Sentinel,REF-79628,Supports investigation finding
EVD-001583,ALT-001812,CASE-001812,ANL-3007,2026-01-12T20:53:00Z,NETWORK_LOG,IBM QRadar,REF-62898,Supports investigation finding
EVD-001584,ALT-001813,CASE-001813,ANL-3007,2026-01-12T15:05:00Z,CASE_NOTE,Elastic Security,REF-47146,Supports investigation finding
EVD-001585,ALT-001814,CASE-001814,ANL-3002,2026-01-12T15:48:00Z,THREAT_INTELLIGENCE,Microsoft Sentinel,REF-42202,Supports investigation finding
EVD-001586,ALT-001815,CASE-001815,ANL-3002,2026-01-12T14:15:00Z,AUTHENTICATION_LOG,Elastic Security,REF-20172,Supports investigation finding
EVD-001587,ALT-001817,CASE-001817,ANL-3008,2026-01-12T21:36:00Z,CASE_NOTE,Microsoft Sentinel,REF-69476,Supports investigation finding
EVD-001588,ALT-001818,CASE-001818,ANL-3003,2026-01-12T05:39:00Z,CASE_NOTE,Microsoft Sentinel,REF-60073,Supports investigation finding
EVD-001589,ALT-001819,CASE-001819,ANL-3005,2026-01-12T10:20:00Z,ENDPOINT_LOG,Elastic Security,REF-24227,Supports investigation finding
EVD-001590,ALT-001821,CASE-001821,ANL-3004,2026-01-12T12:04:00Z,CASE_NOTE,Elastic Security,REF-78683,Supports investigation finding
EVD-001591,ALT-001824,CASE-001824,ANL-3004,2026-01-12T22:49:00Z,NETWORK_LOG,Elastic Security,REF-80031,Supports investigation finding
EVD-001592,ALT-001825,CASE-001825,ANL-3005,2026-01-12T10:12:00Z,PROCESS_TREE,IBM QRadar,REF-32570,Supports investigation finding
EVD-001593,ALT-001826,CASE-001826,ANL-3004,2026-01-12T23:55:00Z,ENDPOINT_LOG,Elastic Security,REF-40508,Supports investigation finding
EVD-001594,ALT-001828,CASE-001828,ANL-3001,2026-01-12T12:57:00Z,CASE_NOTE,Microsoft Sentinel,REF-44708,Supports investigation finding
EVD-001595,ALT-001829,CASE-001829,ANL-3001,2026-01-12T05:26:00Z,THREAT_INTELLIGENCE,IBM QRadar,REF-94062,Supports investigation finding
EVD-001596,ALT-001831,CASE-001831,ANL-3004,2026-01-12T17:48:00Z,CASE_NOTE,Microsoft Sentinel,REF-76623,Supports investigation finding
EVD-001597,ALT-001832,CASE-001832,ANL-3003,2026-01-12T19:06:00Z,NETWORK_LOG,IBM QRadar,REF-46669,Supports investigation finding
EVD-001598,ALT-001833,CASE-001833,ANL-3003,2026-01-12T12:51:00Z,THREAT_INTELLIGENCE,Elastic Security,REF-37019,Supports investigation finding
EVD-001599,ALT-001834,CASE-001834,ANL-3009,2026-01-12T09:53:00Z,CASE_NOTE,Elastic Security,REF-83808,Supports investigation finding
EVD-001600,ALT-001835,CASE-001835,ANL-3009,2026-01-12T09:51:00Z,THREAT_INTELLIGENCE,Elastic Security,REF-73426,Supports investigation finding
EVD-001601,ALT-001836,CASE-001836,ANL-3003,2026-01-12T03:24:00Z,SIEM_LOG,Splunk ES,REF-60309,Supports investigation finding
EVD-001602,ALT-001837,CASE-001837,ANL-3006,2026-01-12T13:03:00Z,SIEM_LOG,IBM QRadar,REF-77881,Supports investigation finding
EVD-001603,ALT-001839,CASE-001839,ANL-3008,2026-01-12T00:30:00Z,NETWORK_LOG,IBM QRadar,REF-39057,Supports investigation finding
EVD-001604,ALT-001840,CASE-001840,ANL-3003,2026-01-12T14:42:00Z,NETWORK_LOG,IBM QRadar,REF-37418,Supports investigation finding
EVD-001605,ALT-001841,CASE-001841,ANL-3005,2026-01-13T01:50:00Z,ENDPOINT_LOG,Elastic Security,REF-98736,Supports investigation finding
EVD-001606,ALT-001842,CASE-001842,ANL-3004,2026-01-13T19:10:00Z,SIEM_LOG,Microsoft Sentinel,REF-78147,Supports investigation finding
EVD-001607,ALT-001843,CASE-001843,ANL-3002,2026-01-13T11:01:00Z,PROCESS_TREE,Splunk ES,REF-42240,Supports investigation finding
EVD-001608,ALT-001844,CASE-001844,ANL-3007,2026-01-14T00:18:00Z,SIEM_LOG,IBM QRadar,REF-69737,Supports investigation finding
EVD-001609,ALT-001846,CASE-001846,ANL-3006,2026-01-13T12:54:00Z,ENDPOINT_LOG,IBM QRadar,REF-18535,Supports investigation finding
EVD-001610,ALT-001847,CASE-001847,ANL-3009,2026-01-13T11:34:00Z,THREAT_INTELLIGENCE,Elastic Security,REF-41241,Supports investigation finding
EVD-001611,ALT-001848,CASE-001848,ANL-3003,2026-01-13T15:35:00Z,NETWORK_LOG,Elastic Security,REF-50814,Supports investigation finding
EVD-001612,ALT-001851,CASE-001851,ANL-3007,2026-01-13T20:04:00Z,ENDPOINT_LOG,Splunk ES,REF-34547,Supports investigation finding
EVD-001613,ALT-001852,CASE-001852,ANL-3003,2026-01-13T11:36:00Z,AUTHENTICATION_LOG,Microsoft Sentinel,REF-16952,Supports investigation finding
EVD-001614,ALT-001853,CASE-001853,ANL-3009,2026-01-13T11:07:00Z,NETWORK_LOG,Elastic Security,REF-35870,Supports investigation finding
EVD-001615,ALT-001854,CASE-001854,ANL-3001,2026-01-13T02:52:00Z,ENDPOINT_LOG,IBM QRadar,REF-20174,Supports investigation finding
EVD-001616,ALT-001855,CASE-001855,ANL-3002,2026-01-13T21:18:00Z,PROCESS_TREE,Elastic Security,REF-27482,Supports investigation finding
EVD-001617,ALT-001856,CASE-001856,ANL-3008,2026-01-14T00:40:00Z,SIEM_LOG,Elastic Security,REF-46221,Supports investigation finding
EVD-001618,ALT-001857,CASE-001857,ANL-3007,2026-01-13T18:59:00Z,AUTHENTICATION_LOG,Elastic Security,REF-72688,Supports investigation finding
EVD-001619,ALT-001858,CASE-001858,ANL-3007,2026-01-13T15:57:00Z,NETWORK_LOG,IBM QRadar,REF-88224,Supports investigation finding
EVD-001620,ALT-001859,CASE-001859,ANL-3003,2026-01-13T22:46:00Z,PROCESS_TREE,Splunk ES,REF-28784,Supports investigation finding
EVD-001621,ALT-001860,CASE-001860,ANL-3003,2026-01-13T04:10:00Z,ENDPOINT_LOG,IBM QRadar,REF-22850,Supports investigation finding
EVD-001622,ALT-001861,CASE-001861,ANL-3008,2026-01-13T22:17:00Z,PROCESS_TREE,Microsoft Sentinel,REF-61005,Supports investigation finding
EVD-001623,ALT-001862,CASE-001862,ANL-3009,2026-01-13T06:48:00Z,THREAT_INTELLIGENCE,Splunk ES,REF-28618,Supports investigation finding
EVD-001624,ALT-001863,CASE-001863,ANL-3006,2026-01-13T15:57:00Z,ENDPOINT_LOG,Microsoft Sentinel,REF-80071,Supports investigation finding
EVD-001625,ALT-001864,CASE-001864,ANL-3009,2026-01-13T15:31:00Z,NETWORK_LOG,Elastic Security,REF-15623,Supports investigation finding
EVD-001626,ALT-001865,CASE-001865,ANL-3004,2026-01-14T05:35:00Z,NETWORK_LOG,Elastic Security,REF-71938,Supports investigation finding
EVD-001627,ALT-001866,CASE-001866,ANL-3008,2026-01-13T18:04:00Z,THREAT_INTELLIGENCE,Elastic Security,REF-51027,Supports investigation finding
EVD-001628,ALT-001867,CASE-001867,ANL-3004,2026-01-13T16:04:00Z,ENDPOINT_LOG,Elastic Security,REF-29595,Supports investigation finding
EVD-001629,ALT-001868,CASE-001868,ANL-3002,2026-01-14T00:35:00Z,THREAT_INTELLIGENCE,IBM QRadar,REF-15072,Supports investigation finding
EVD-001630,ALT-001869,CASE-001869,ANL-3001,2026-01-13T21:19:00Z,ENDPOINT_LOG,Elastic Security,REF-86732,Supports investigation finding
EVD-001631,ALT-001870,CASE-001870,ANL-3004,2026-01-13T11:21:00Z,PROCESS_TREE,Microsoft Sentinel,REF-20372,Supports investigation finding
EVD-001632,ALT-001872,CASE-001872,ANL-3004,2026-01-13T22:04:00Z,SIEM_LOG,Splunk ES,REF-75858,Supports investigation finding
EVD-001633,ALT-001873,CASE-001873,ANL-3002,2026-01-13T23:58:00Z,SIEM_LOG,Elastic Security,REF-91553,Supports investigation finding
EVD-001634,ALT-001874,CASE-001874,ANL-3008,2026-01-13T10:08:00Z,CASE_NOTE,Elastic Security,REF-98183,Supports investigation finding
EVD-001635,ALT-001875,CASE-001875,ANL-3001,2026-01-13T13:45:00Z,NETWORK_LOG,IBM QRadar,REF-39589,Supports investigation finding
EVD-001636,ALT-001876,CASE-001876,ANL-3007,2026-01-13T03:41:00Z,SIEM_LOG,Microsoft Sentinel,REF-27140,Supports investigation finding
EVD-001637,ALT-001877,CASE-001877,ANL-3009,2026-01-14T00:32:00Z,AUTHENTICATION_LOG,Splunk ES,REF-44638,Supports investigation finding
EVD-001638,ALT-001878,CASE-001878,ANL-3007,2026-01-13T18:10:00Z,ENDPOINT_LOG,Microsoft Sentinel,REF-99731,Supports investigation finding
EVD-001639,ALT-001879,CASE-001879,ANL-3005,2026-01-13T20:34:00Z,SIEM_LOG,Microsoft Sentinel,REF-63303,Supports investigation finding
EVD-001640,ALT-001880,CASE-001880,ANL-3006,2026-01-13T11:50:00Z,ENDPOINT_LOG,Elastic Security,REF-34189,Supports investigation finding
EVD-001641,ALT-001881,CASE-001881,ANL-3007,2026-01-14T04:03:00Z,AUTHENTICATION_LOG,Splunk ES,REF-10631,Supports investigation finding
EVD-001642,ALT-001882,CASE-001882,ANL-3004,2026-01-14T16:12:00Z,SIEM_LOG,Splunk ES,REF-38241,Supports investigation finding
EVD-001643,ALT-001883,CASE-001883,ANL-3001,2026-01-14T16:27:00Z,NETWORK_LOG,Splunk ES,REF-29573,Supports investigation finding
EVD-001644,ALT-001884,CASE-001884,ANL-3002,2026-01-14T11:07:00Z,PROCESS_TREE,Splunk ES,REF-25375,Supports investigation finding
EVD-001645,ALT-001885,CASE-001885,ANL-3003,2026-01-14T22:54:00Z,THREAT_INTELLIGENCE,IBM QRadar,REF-91145,Supports investigation finding
EVD-001646,ALT-001887,CASE-001887,ANL-3005,2026-01-14T02:08:00Z,SIEM_LOG,Microsoft Sentinel,REF-40946,Supports investigation finding
EVD-001647,ALT-001888,CASE-001888,ANL-3001,2026-01-14T04:25:00Z,NETWORK_LOG,Elastic Security,REF-37202,Supports investigation finding
EVD-001648,ALT-001890,CASE-001890,ANL-3001,2026-01-14T13:40:00Z,AUTHENTICATION_LOG,Elastic Security,REF-50694,Supports investigation finding
EVD-001649,ALT-001891,CASE-001891,ANL-3001,2026-01-14T13:35:00Z,CASE_NOTE,Splunk ES,REF-73719,Supports investigation finding
EVD-001650,ALT-001893,CASE-001893,ANL-3005,2026-01-14T21:54:00Z,ENDPOINT_LOG,IBM QRadar,REF-58712,Supports investigation finding
EVD-001651,ALT-001896,CASE-001896,ANL-3007,2026-01-14T21:02:00Z,THREAT_INTELLIGENCE,Splunk ES,REF-26339,Supports investigation finding
EVD-001652,ALT-001897,CASE-001897,ANL-3003,2026-01-14T07:01:00Z,AUTHENTICATION_LOG,Elastic Security,REF-20861,Supports investigation finding
EVD-001653,ALT-001898,CASE-001898,ANL-3005,2026-01-14T03:51:00Z,PROCESS_TREE,Splunk ES,REF-20262,Supports investigation finding
EVD-001654,ALT-001900,CASE-001900,ANL-3007,2026-01-14T11:46:00Z,CASE_NOTE,Elastic Security,REF-45203,Supports investigation finding
EVD-001655,ALT-001901,CASE-001901,ANL-3007,2026-01-14T02:30:00Z,ENDPOINT_LOG,Microsoft Sentinel,REF-99171,Supports investigation finding
EVD-001656,ALT-001902,CASE-001902,ANL-3006,2026-01-14T21:09:00Z,AUTHENTICATION_LOG,Elastic Security,REF-28212,Supports investigation finding
EVD-001657,ALT-001903,CASE-001903,ANL-3002,2026-01-15T00:53:00Z,SIEM_LOG,IBM QRadar,REF-33937,Supports investigation finding
EVD-001658,ALT-001905,CASE-001905,ANL-3007,2026-01-14T19:26:00Z,ENDPOINT_LOG,IBM QRadar,REF-80372,Supports investigation finding
EVD-001659,ALT-001906,CASE-001906,ANL-3001,2026-01-14T17:25:00Z,AUTHENTICATION_LOG,Splunk ES,REF-88454,Supports investigation finding
EVD-001660,ALT-001907,CASE-001907,ANL-3008,2026-01-14T08:30:00Z,NETWORK_LOG,Elastic Security,REF-60174,Supports investigation finding
EVD-001661,ALT-001908,CASE-001908,ANL-3004,2026-01-14T02:54:00Z,CASE_NOTE,Microsoft Sentinel,REF-90595,Supports investigation finding
EVD-001662,ALT-001910,CASE-001910,ANL-3006,2026-01-14T10:19:00Z,AUTHENTICATION_LOG,Elastic Security,REF-10016,Supports investigation finding
EVD-001663,ALT-001911,CASE-001911,ANL-3002,2026-01-14T08:25:00Z,THREAT_INTELLIGENCE,Microsoft Sentinel,REF-45303,Supports investigation finding
EVD-001664,ALT-001912,CASE-001912,ANL-3007,2026-01-14T11:37:00Z,PROCESS_TREE,Elastic Security,REF-94918,Supports investigation finding
EVD-001665,ALT-001913,CASE-001913,ANL-3009,2026-01-14T05:51:00Z,PROCESS_TREE,Splunk ES,REF-84274,Supports investigation finding
EVD-001666,ALT-001914,CASE-001914,ANL-3002,2026-01-14T21:20:00Z,PROCESS_TREE,Elastic Security,REF-70085,Supports investigation finding
EVD-001667,ALT-001915,CASE-001915,ANL-3007,2026-01-14T01:01:00Z,NETWORK_LOG,IBM QRadar,REF-73260,Supports investigation finding
EVD-001668,ALT-001916,CASE-001916,ANL-3003,2026-01-14T02:05:00Z,ENDPOINT_LOG,IBM QRadar,REF-39175,Supports investigation finding
EVD-001669,ALT-001917,CASE-001917,ANL-3008,2026-01-14T08:34:00Z,CASE_NOTE,Elastic Security,REF-60225,Supports investigation finding
EVD-001670,ALT-001919,CASE-001919,ANL-3004,2026-01-14T08:31:00Z,ENDPOINT_LOG,IBM QRadar,REF-32388,Supports investigation finding
EVD-001671,ALT-001920,CASE-001920,ANL-3002,2026-01-14T20:39:00Z,AUTHENTICATION_LOG,Elastic Security,REF-11828,Supports investigation finding
EVD-001672,ALT-001922,CASE-001922,ANL-4008,2026-01-01T09:31:00Z,SIEM_LOG,Splunk ES,REF-25825,Supports investigation finding
EVD-001673,ALT-001924,CASE-001924,ANL-4003,2026-01-01T12:52:00Z,THREAT_INTELLIGENCE,Elastic Security,REF-15990,Supports investigation finding
EVD-001674,ALT-001925,CASE-001925,ANL-4001,2026-01-01T21:27:00Z,THREAT_INTELLIGENCE,Splunk ES,REF-87162,Supports investigation finding
EVD-001675,ALT-001926,CASE-001926,ANL-4001,2026-01-01T01:35:00Z,CASE_NOTE,Elastic Security,REF-60978,Supports investigation finding
EVD-001676,ALT-001931,CASE-001931,ANL-4002,2026-01-01T03:55:00Z,AUTHENTICATION_LOG,Elastic Security,REF-20247,Supports investigation finding
EVD-001677,ALT-001933,CASE-001933,ANL-4010,2026-01-01T19:46:00Z,NETWORK_LOG,Microsoft Sentinel,REF-10053,Supports investigation finding
EVD-001678,ALT-001934,CASE-001934,ANL-4010,2026-01-01T22:06:00Z,ENDPOINT_LOG,Microsoft Sentinel,REF-63551,Supports investigation finding
EVD-001679,ALT-001935,CASE-001935,ANL-4008,2026-01-01T15:28:00Z,SIEM_LOG,Elastic Security,REF-28121,Supports investigation finding
EVD-001680,ALT-001936,CASE-001936,ANL-4008,2026-01-01T19:08:00Z,ENDPOINT_LOG,IBM QRadar,REF-78885,Supports investigation finding
EVD-001681,ALT-001938,CASE-001938,ANL-4011,2026-01-01T07:08:00Z,PROCESS_TREE,Splunk ES,REF-60729,Supports investigation finding
EVD-001682,ALT-001940,CASE-001940,ANL-4013,2026-01-01T12:26:00Z,NETWORK_LOG,IBM QRadar,REF-66859,Supports investigation finding
EVD-001683,ALT-001941,CASE-001941,ANL-4003,2026-01-01T18:03:00Z,PROCESS_TREE,Splunk ES,REF-89670,Supports investigation finding
EVD-001684,ALT-001942,CASE-001942,ANL-4005,2026-01-02T00:31:00Z,AUTHENTICATION_LOG,Elastic Security,REF-55156,Supports investigation finding
EVD-001685,ALT-001943,CASE-001943,ANL-4013,2026-01-01T11:40:00Z,NETWORK_LOG,Splunk ES,REF-24138,Supports investigation finding
EVD-001686,ALT-001944,CASE-001944,ANL-4005,2026-01-01T02:49:00Z,CASE_NOTE,Elastic Security,REF-84517,Supports investigation finding
EVD-001687,ALT-001945,CASE-001945,ANL-4003,2026-01-01T10:30:00Z,CASE_NOTE,IBM QRadar,REF-24848,Supports investigation finding
EVD-001688,ALT-001946,CASE-001946,ANL-4004,2026-01-01T22:26:00Z,ENDPOINT_LOG,Splunk ES,REF-90489,Supports investigation finding
EVD-001689,ALT-001947,CASE-001947,ANL-4006,2026-01-01T22:54:00Z,AUTHENTICATION_LOG,Splunk ES,REF-81171,Supports investigation finding
EVD-001690,ALT-001948,CASE-001948,ANL-4002,2026-01-01T08:11:00Z,ENDPOINT_LOG,Microsoft Sentinel,REF-40000,Supports investigation finding
EVD-001691,ALT-001949,CASE-001949,ANL-4010,2026-01-01T23:54:00Z,THREAT_INTELLIGENCE,IBM QRadar,REF-34845,Supports investigation finding
EVD-001692,ALT-001951,CASE-001951,ANL-4004,2026-01-01T13:56:00Z,THREAT_INTELLIGENCE,IBM QRadar,REF-22628,Supports investigation finding
EVD-001693,ALT-001952,CASE-001952,ANL-4005,2026-01-01T01:59:00Z,ENDPOINT_LOG,Elastic Security,REF-66480,Supports investigation finding
EVD-001694,ALT-001953,CASE-001953,ANL-4005,2026-01-01T17:19:00Z,THREAT_INTELLIGENCE,Elastic Security,REF-66972,Supports investigation finding
EVD-001695,ALT-001955,CASE-001955,ANL-4001,2026-01-01T11:49:00Z,CASE_NOTE,Elastic Security,REF-64423,Supports investigation finding
EVD-001696,ALT-001956,CASE-001956,ANL-4007,2026-01-01T09:59:00Z,THREAT_INTELLIGENCE,IBM QRadar,REF-55214,Supports investigation finding
EVD-001697,ALT-001958,CASE-001958,ANL-4006,2026-01-01T21:12:00Z,SIEM_LOG,Microsoft Sentinel,REF-25824,Supports investigation finding
EVD-001698,ALT-001959,CASE-001959,ANL-4003,2026-01-01T19:06:00Z,CASE_NOTE,Microsoft Sentinel,REF-22079,Supports investigation finding
EVD-001699,ALT-001960,CASE-001960,ANL-4013,2026-01-01T23:38:00Z,AUTHENTICATION_LOG,Elastic Security,REF-12607,Supports investigation finding
EVD-001700,ALT-001961,CASE-001961,ANL-4004,2026-01-01T01:48:00Z,AUTHENTICATION_LOG,Elastic Security,REF-61976,Supports investigation finding
EVD-001701,ALT-001962,CASE-001962,ANL-4001,2026-01-01T00:33:00Z,NETWORK_LOG,Microsoft Sentinel,REF-96903,Supports investigation finding
EVD-001702,ALT-001963,CASE-001963,ANL-4012,2026-01-01T07:46:00Z,THREAT_INTELLIGENCE,Splunk ES,REF-95392,Supports investigation finding
EVD-001703,ALT-001965,CASE-001965,ANL-4009,2026-01-01T20:49:00Z,PROCESS_TREE,Elastic Security,REF-93650,Supports investigation finding
EVD-001704,ALT-001966,CASE-001966,ANL-4006,2026-01-01T08:16:00Z,CASE_NOTE,IBM QRadar,REF-73852,Supports investigation finding
EVD-001705,ALT-001967,CASE-001967,ANL-4005,2026-01-01T05:41:00Z,CASE_NOTE,Elastic Security,REF-88363,Supports investigation finding
EVD-001706,ALT-001968,CASE-001968,ANL-4007,2026-01-01T20:59:00Z,PROCESS_TREE,IBM QRadar,REF-74624,Supports investigation finding
EVD-001707,ALT-001969,CASE-001969,ANL-4003,2026-01-01T17:13:00Z,THREAT_INTELLIGENCE,Elastic Security,REF-99663,Supports investigation finding
EVD-001708,ALT-001970,CASE-001970,ANL-4004,2026-01-01T21:17:00Z,PROCESS_TREE,Splunk ES,REF-34434,Supports investigation finding
EVD-001709,ALT-001971,CASE-001971,ANL-4008,2026-01-01T09:25:00Z,AUTHENTICATION_LOG,Splunk ES,REF-38675,Supports investigation finding
EVD-001710,ALT-001972,CASE-001972,ANL-4011,2026-01-01T04:09:00Z,SIEM_LOG,IBM QRadar,REF-20445,Supports investigation finding
EVD-001711,ALT-001976,CASE-001976,ANL-4001,2026-01-01T21:33:00Z,PROCESS_TREE,Elastic Security,REF-75550,Supports investigation finding
EVD-001712,ALT-001979,CASE-001979,ANL-4002,2026-01-01T22:20:00Z,NETWORK_LOG,IBM QRadar,REF-89907,Supports investigation finding
EVD-001713,ALT-001980,CASE-001980,ANL-4013,2026-01-01T12:37:00Z,ENDPOINT_LOG,Microsoft Sentinel,REF-23243,Supports investigation finding
EVD-001714,ALT-001983,CASE-001983,ANL-4010,2026-01-01T10:11:00Z,NETWORK_LOG,Elastic Security,REF-33508,Supports investigation finding
EVD-001715,ALT-001984,CASE-001984,ANL-4008,2026-01-01T12:47:00Z,ENDPOINT_LOG,Elastic Security,REF-55364,Supports investigation finding
EVD-001716,ALT-001985,CASE-001985,ANL-4009,2026-01-01T04:03:00Z,AUTHENTICATION_LOG,Elastic Security,REF-46735,Supports investigation finding
EVD-001717,ALT-001986,CASE-001986,ANL-4007,2026-01-01T19:59:00Z,ENDPOINT_LOG,Splunk ES,REF-48414,Supports investigation finding
EVD-001718,ALT-001987,CASE-001987,ANL-4004,2026-01-01T17:34:00Z,CASE_NOTE,Microsoft Sentinel,REF-21191,Supports investigation finding
EVD-001719,ALT-001988,CASE-001988,ANL-4010,2026-01-02T04:41:00Z,NETWORK_LOG,Splunk ES,REF-68498,Supports investigation finding
EVD-001720,ALT-001989,CASE-001989,ANL-4002,2026-01-01T17:51:00Z,ENDPOINT_LOG,Splunk ES,REF-31283,Supports investigation finding
EVD-001721,ALT-001990,CASE-001990,ANL-4009,2026-01-01T08:02:00Z,NETWORK_LOG,Elastic Security,REF-71026,Supports investigation finding
EVD-001722,ALT-001991,CASE-001991,ANL-4001,2026-01-01T09:04:00Z,CASE_NOTE,IBM QRadar,REF-40400,Supports investigation finding
EVD-001723,ALT-001993,CASE-001993,ANL-4002,2026-01-01T15:29:00Z,CASE_NOTE,IBM QRadar,REF-83357,Supports investigation finding
EVD-001724,ALT-001994,CASE-001994,ANL-4009,2026-01-01T01:28:00Z,SIEM_LOG,Splunk ES,REF-30554,Supports investigation finding
EVD-001725,ALT-001996,CASE-001996,ANL-4001,2026-01-01T02:07:00Z,PROCESS_TREE,Elastic Security,REF-83667,Supports investigation finding
EVD-001726,ALT-001997,CASE-001997,ANL-4003,2026-01-01T03:33:00Z,CASE_NOTE,Elastic Security,REF-75643,Supports investigation finding
EVD-001727,ALT-001998,CASE-001998,ANL-4009,2026-01-01T19:56:00Z,SIEM_LOG,Splunk ES,REF-86221,Supports investigation finding
EVD-001728,ALT-001999,CASE-001999,ANL-4002,2026-01-01T20:37:00Z,NETWORK_LOG,Microsoft Sentinel,REF-79871,Supports investigation finding
EVD-001729,ALT-002000,CASE-002000,ANL-4005,2026-01-01T22:32:00Z,NETWORK_LOG,Elastic Security,REF-98003,Supports investigation finding
EVD-001730,ALT-002002,CASE-002002,ANL-4005,2026-01-01T09:34:00Z,PROCESS_TREE,Elastic Security,REF-15347,Supports investigation finding
EVD-001731,ALT-002003,CASE-002003,ANL-4005,2026-01-01T07:00:00Z,PROCESS_TREE,Microsoft Sentinel,REF-32078,Supports investigation finding
EVD-001732,ALT-002004,CASE-002004,ANL-4012,2026-01-01T23:43:00Z,CASE_NOTE,IBM QRadar,REF-52734,Supports investigation finding
EVD-001733,ALT-002005,CASE-002005,ANL-4005,2026-01-01T13:07:00Z,PROCESS_TREE,IBM QRadar,REF-77366,Supports investigation finding
EVD-001734,ALT-002006,CASE-002006,ANL-4004,2026-01-01T21:10:00Z,THREAT_INTELLIGENCE,Microsoft Sentinel,REF-67655,Supports investigation finding
EVD-001735,ALT-002007,CASE-002007,ANL-4007,2026-01-01T13:30:00Z,PROCESS_TREE,Microsoft Sentinel,REF-97108,Supports investigation finding
EVD-001736,ALT-002008,CASE-002008,ANL-4002,2026-01-01T19:54:00Z,CASE_NOTE,IBM QRadar,REF-90611,Supports investigation finding
EVD-001737,ALT-002011,CASE-002011,ANL-4003,2026-01-01T21:26:00Z,THREAT_INTELLIGENCE,IBM QRadar,REF-92281,Supports investigation finding
EVD-001738,ALT-002012,CASE-002012,ANL-4008,2026-01-01T23:51:00Z,CASE_NOTE,Microsoft Sentinel,REF-76722,Supports investigation finding
EVD-001739,ALT-002013,CASE-002013,ANL-4003,2026-01-01T06:49:00Z,SIEM_LOG,Elastic Security,REF-22537,Supports investigation finding
EVD-001740,ALT-002014,CASE-002014,ANL-4003,2026-01-02T00:09:00Z,THREAT_INTELLIGENCE,IBM QRadar,REF-60884,Supports investigation finding
EVD-001741,ALT-002015,CASE-002015,ANL-4008,2026-01-01T03:33:00Z,NETWORK_LOG,Splunk ES,REF-33365,Supports investigation finding
EVD-001742,ALT-002017,CASE-002017,ANL-4003,2026-01-01T20:45:00Z,PROCESS_TREE,Microsoft Sentinel,REF-54618,Supports investigation finding
EVD-001743,ALT-002018,CASE-002018,ANL-4004,2026-01-01T20:07:00Z,AUTHENTICATION_LOG,Splunk ES,REF-72012,Supports investigation finding
EVD-001744,ALT-002019,CASE-002019,ANL-4009,2026-01-01T19:39:00Z,PROCESS_TREE,IBM QRadar,REF-99220,Supports investigation finding
EVD-001745,ALT-002021,CASE-002021,ANL-4008,2026-01-02T01:35:00Z,THREAT_INTELLIGENCE,Splunk ES,REF-93554,Supports investigation finding
EVD-001746,ALT-002022,CASE-002022,ANL-4007,2026-01-01T03:17:00Z,AUTHENTICATION_LOG,Elastic Security,REF-31089,Supports investigation finding
EVD-001747,ALT-002023,CASE-002023,ANL-4013,2026-01-01T21:42:00Z,PROCESS_TREE,Splunk ES,REF-25593,Supports investigation finding
EVD-001748,ALT-002025,CASE-002025,ANL-4012,2026-01-01T11:41:00Z,SIEM_LOG,IBM QRadar,REF-26398,Supports investigation finding
EVD-001749,ALT-002026,CASE-002026,ANL-4001,2026-01-01T02:34:00Z,CASE_NOTE,Splunk ES,REF-99088,Supports investigation finding
EVD-001750,ALT-002027,CASE-002027,ANL-4001,2026-01-01T14:52:00Z,ENDPOINT_LOG,Microsoft Sentinel,REF-57742,Supports investigation finding
EVD-001751,ALT-002028,CASE-002028,ANL-4004,2026-01-01T15:09:00Z,SIEM_LOG,IBM QRadar,REF-19704,Supports investigation finding
EVD-001752,ALT-002029,CASE-002029,ANL-4006,2026-01-01T12:52:00Z,ENDPOINT_LOG,Splunk ES,REF-29502,Supports investigation finding
EVD-001753,ALT-002030,CASE-002030,ANL-4009,2026-01-01T18:13:00Z,THREAT_INTELLIGENCE,Elastic Security,REF-65738,Supports investigation finding
EVD-001754,ALT-002032,CASE-002032,ANL-4002,2026-01-01T12:10:00Z,CASE_NOTE,Microsoft Sentinel,REF-77920,Supports investigation finding
EVD-001755,ALT-002034,CASE-002034,ANL-4013,2026-01-01T11:24:00Z,ENDPOINT_LOG,IBM QRadar,REF-99636,Supports investigation finding
EVD-001756,ALT-002035,CASE-002035,ANL-4002,2026-01-02T04:42:00Z,NETWORK_LOG,IBM QRadar,REF-36741,Supports investigation finding
EVD-001757,ALT-002037,CASE-002037,ANL-4007,2026-01-01T16:57:00Z,ENDPOINT_LOG,IBM QRadar,REF-70469,Supports investigation finding
EVD-001758,ALT-002038,CASE-002038,ANL-4008,2026-01-01T10:11:00Z,THREAT_INTELLIGENCE,Splunk ES,REF-25222,Supports investigation finding
EVD-001759,ALT-002040,CASE-002040,ANL-4005,2026-01-01T23:38:00Z,SIEM_LOG,IBM QRadar,REF-80761,Supports investigation finding
EVD-001760,ALT-002041,CASE-002041,ANL-4011,2026-01-01T01:03:00Z,PROCESS_TREE,Elastic Security,REF-81774,Supports investigation finding
EVD-001761,ALT-002044,CASE-002044,ANL-4012,2026-01-01T15:29:00Z,PROCESS_TREE,IBM QRadar,REF-37790,Supports investigation finding
EVD-001762,ALT-002045,CASE-002045,ANL-4011,2026-01-01T04:03:00Z,ENDPOINT_LOG,Splunk ES,REF-40488,Supports investigation finding
EVD-001763,ALT-002047,CASE-002047,ANL-4013,2026-01-01T22:20:00Z,AUTHENTICATION_LOG,Elastic Security,REF-70243,Supports investigation finding
EVD-001764,ALT-002049,CASE-002049,ANL-4001,2026-01-02T00:01:00Z,ENDPOINT_LOG,Splunk ES,REF-23819,Supports investigation finding
EVD-001765,ALT-002050,CASE-002050,ANL-4013,2026-01-01T23:00:00Z,CASE_NOTE,IBM QRadar,REF-80713,Supports investigation finding
EVD-001766,ALT-002051,CASE-002051,ANL-4008,2026-01-01T09:09:00Z,NETWORK_LOG,Splunk ES,REF-45924,Supports investigation finding
EVD-001767,ALT-002052,CASE-002052,ANL-4003,2026-01-01T09:43:00Z,THREAT_INTELLIGENCE,Splunk ES,REF-72310,Supports investigation finding
EVD-001768,ALT-002053,CASE-002053,ANL-4013,2026-01-01T09:11:00Z,AUTHENTICATION_LOG,Splunk ES,REF-27282,Supports investigation finding
EVD-001769,ALT-002059,CASE-002059,ANL-4013,2026-01-01T16:12:00Z,ENDPOINT_LOG,Microsoft Sentinel,REF-60957,Supports investigation finding
EVD-001770,ALT-002061,CASE-002061,ANL-4011,2026-01-01T20:39:00Z,AUTHENTICATION_LOG,Elastic Security,REF-99419,Supports investigation finding
EVD-001771,ALT-002062,CASE-002062,ANL-4012,2026-01-02T00:24:00Z,NETWORK_LOG,Microsoft Sentinel,REF-62840,Supports investigation finding
EVD-001772,ALT-002063,CASE-002063,ANL-4008,2026-01-01T06:24:00Z,AUTHENTICATION_LOG,Splunk ES,REF-32117,Supports investigation finding
EVD-001773,ALT-002065,CASE-002065,ANL-4005,2026-01-01T16:22:00Z,SIEM_LOG,Microsoft Sentinel,REF-98975,Supports investigation finding
EVD-001774,ALT-002066,CASE-002066,ANL-4009,2026-01-01T11:43:00Z,THREAT_INTELLIGENCE,IBM QRadar,REF-73911,Supports investigation finding
EVD-001775,ALT-002067,CASE-002067,ANL-4001,2026-01-01T18:25:00Z,SIEM_LOG,IBM QRadar,REF-80925,Supports investigation finding
EVD-001776,ALT-002068,CASE-002068,ANL-4011,2026-01-01T09:11:00Z,THREAT_INTELLIGENCE,Elastic Security,REF-64952,Supports investigation finding
EVD-001777,ALT-002069,CASE-002069,ANL-4008,2026-01-01T05:39:00Z,ENDPOINT_LOG,IBM QRadar,REF-71132,Supports investigation finding
EVD-001778,ALT-002070,CASE-002070,ANL-4002,2026-01-01T14:56:00Z,AUTHENTICATION_LOG,IBM QRadar,REF-41216,Supports investigation finding
EVD-001779,ALT-002071,CASE-002071,ANL-4005,2026-01-01T14:00:00Z,THREAT_INTELLIGENCE,Splunk ES,REF-31572,Supports investigation finding
EVD-001780,ALT-002072,CASE-002072,ANL-4008,2026-01-01T06:51:00Z,THREAT_INTELLIGENCE,Microsoft Sentinel,REF-77034,Supports investigation finding
EVD-001781,ALT-002073,CASE-002073,ANL-4008,2026-01-01T16:29:00Z,ENDPOINT_LOG,IBM QRadar,REF-73065,Supports investigation finding
EVD-001782,ALT-002074,CASE-002074,ANL-4013,2026-01-01T05:13:00Z,PROCESS_TREE,Splunk ES,REF-25346,Supports investigation finding
EVD-001783,ALT-002076,CASE-002076,ANL-4009,2026-01-01T13:34:00Z,NETWORK_LOG,Elastic Security,REF-58021,Supports investigation finding
EVD-001784,ALT-002077,CASE-002077,ANL-4002,2026-01-01T19:31:00Z,CASE_NOTE,IBM QRadar,REF-48006,Supports investigation finding
EVD-001785,ALT-002079,CASE-002079,ANL-4005,2026-01-01T02:31:00Z,SIEM_LOG,IBM QRadar,REF-12318,Supports investigation finding
EVD-001786,ALT-002080,CASE-002080,ANL-4012,2026-01-01T20:17:00Z,AUTHENTICATION_LOG,Elastic Security,REF-57755,Supports investigation finding
EVD-001787,ALT-002081,CASE-002081,ANL-4004,2026-01-01T10:10:00Z,CASE_NOTE,Elastic Security,REF-26711,Supports investigation finding
EVD-001788,ALT-002082,CASE-002082,ANL-4012,2026-01-01T15:26:00Z,NETWORK_LOG,Splunk ES,REF-31685,Supports investigation finding
EVD-001789,ALT-002083,CASE-002083,ANL-4001,2026-01-01T04:21:00Z,AUTHENTICATION_LOG,IBM QRadar,REF-62976,Supports investigation finding
EVD-001790,ALT-002089,CASE-002089,ANL-4009,2026-01-01T12:11:00Z,ENDPOINT_LOG,Microsoft Sentinel,REF-17898,Supports investigation finding
EVD-001791,ALT-002090,CASE-002090,ANL-4008,2026-01-01T20:38:00Z,THREAT_INTELLIGENCE,Microsoft Sentinel,REF-42411,Supports investigation finding
EVD-001792,ALT-002092,CASE-002092,ANL-4001,2026-01-01T03:36:00Z,NETWORK_LOG,IBM QRadar,REF-91185,Supports investigation finding
EVD-001793,ALT-002096,CASE-002096,ANL-4001,2026-01-01T19:27:00Z,PROCESS_TREE,IBM QRadar,REF-69802,Supports investigation finding
EVD-001794,ALT-002097,CASE-002097,ANL-4001,2026-01-01T12:51:00Z,THREAT_INTELLIGENCE,Splunk ES,REF-53904,Supports investigation finding
EVD-001795,ALT-002098,CASE-002098,ANL-4003,2026-01-01T21:18:00Z,CASE_NOTE,Microsoft Sentinel,REF-37550,Supports investigation finding
EVD-001796,ALT-002099,CASE-002099,ANL-4004,2026-01-02T00:43:00Z,NETWORK_LOG,Elastic Security,REF-51313,Supports investigation finding
EVD-001797,ALT-002101,CASE-002101,ANL-4003,2026-01-01T19:58:00Z,AUTHENTICATION_LOG,Elastic Security,REF-73239,Supports investigation finding
EVD-001798,ALT-002102,CASE-002102,ANL-4004,2026-01-01T11:46:00Z,AUTHENTICATION_LOG,IBM QRadar,REF-14763,Supports investigation finding
EVD-001799,ALT-002103,CASE-002103,ANL-4005,2026-01-01T02:59:00Z,THREAT_INTELLIGENCE,Splunk ES,REF-88041,Supports investigation finding
EVD-001800,ALT-002104,CASE-002104,ANL-4001,2026-01-01T06:11:00Z,AUTHENTICATION_LOG,Splunk ES,REF-18298,Supports investigation finding
EVD-001801,ALT-002105,CASE-002105,ANL-4007,2026-01-01T17:56:00Z,CASE_NOTE,Elastic Security,REF-86783,Supports investigation finding
EVD-001802,ALT-002107,CASE-002107,ANL-4002,2026-01-01T16:33:00Z,SIEM_LOG,Microsoft Sentinel,REF-77107,Supports investigation finding
EVD-001803,ALT-002109,CASE-002109,ANL-4005,2026-01-02T00:03:00Z,ENDPOINT_LOG,Splunk ES,REF-61295,Supports investigation finding
EVD-001804,ALT-002110,CASE-002110,ANL-4009,2026-01-01T18:04:00Z,NETWORK_LOG,IBM QRadar,REF-59197,Supports investigation finding
EVD-001805,ALT-002114,CASE-002114,ANL-4003,2026-01-01T05:47:00Z,THREAT_INTELLIGENCE,Microsoft Sentinel,REF-16022,Supports investigation finding
EVD-001806,ALT-002115,CASE-002115,ANL-4013,2026-01-01T23:14:00Z,SIEM_LOG,Splunk ES,REF-47461,Supports investigation finding
EVD-001807,ALT-002116,CASE-002116,ANL-4012,2026-01-01T14:37:00Z,PROCESS_TREE,IBM QRadar,REF-39394,Supports investigation finding
EVD-001808,ALT-002117,CASE-002117,ANL-4004,2026-01-01T08:20:00Z,SIEM_LOG,Elastic Security,REF-76207,Supports investigation finding
EVD-001809,ALT-002118,CASE-002118,ANL-4003,2026-01-01T22:02:00Z,NETWORK_LOG,Microsoft Sentinel,REF-67647,Supports investigation finding
EVD-001810,ALT-002119,CASE-002119,ANL-4004,2026-01-01T18:10:00Z,ENDPOINT_LOG,IBM QRadar,REF-38199,Supports investigation finding
EVD-001811,ALT-002120,CASE-002120,ANL-4002,2026-01-01T19:45:00Z,THREAT_INTELLIGENCE,Microsoft Sentinel,REF-61123,Supports investigation finding
EVD-001812,ALT-002121,CASE-002121,ANL-4013,2026-01-02T18:40:00Z,AUTHENTICATION_LOG,Elastic Security,REF-58098,Supports investigation finding
EVD-001813,ALT-002122,CASE-002122,ANL-4001,2026-01-02T09:53:00Z,PROCESS_TREE,Splunk ES,REF-13426,Supports investigation finding
EVD-001814,ALT-002123,CASE-002123,ANL-4001,2026-01-02T14:52:00Z,ENDPOINT_LOG,Microsoft Sentinel,REF-60664,Supports investigation finding
EVD-001815,ALT-002124,CASE-002124,ANL-4006,2026-01-02T22:00:00Z,AUTHENTICATION_LOG,Microsoft Sentinel,REF-32796,Supports investigation finding
EVD-001816,ALT-002128,CASE-002128,ANL-4003,2026-01-02T06:18:00Z,PROCESS_TREE,Microsoft Sentinel,REF-23030,Supports investigation finding
EVD-001817,ALT-002129,CASE-002129,ANL-4010,2026-01-02T23:53:00Z,THREAT_INTELLIGENCE,Splunk ES,REF-84039,Supports investigation finding
EVD-001818,ALT-002132,CASE-002132,ANL-4003,2026-01-02T10:56:00Z,NETWORK_LOG,IBM QRadar,REF-58326,Supports investigation finding
EVD-001819,ALT-002133,CASE-002133,ANL-4012,2026-01-02T22:56:00Z,ENDPOINT_LOG,Microsoft Sentinel,REF-24600,Supports investigation finding
EVD-001820,ALT-002134,CASE-002134,ANL-4013,2026-01-02T17:41:00Z,PROCESS_TREE,Microsoft Sentinel,REF-50063,Supports investigation finding
EVD-001821,ALT-002135,CASE-002135,ANL-4003,2026-01-02T08:18:00Z,ENDPOINT_LOG,Microsoft Sentinel,REF-55703,Supports investigation finding
EVD-001822,ALT-002136,CASE-002136,ANL-4013,2026-01-02T13:51:00Z,ENDPOINT_LOG,Elastic Security,REF-59775,Supports investigation finding
EVD-001823,ALT-002137,CASE-002137,ANL-4004,2026-01-02T04:40:00Z,SIEM_LOG,Splunk ES,REF-86846,Supports investigation finding
EVD-001824,ALT-002138,CASE-002138,ANL-4002,2026-01-02T21:17:00Z,SIEM_LOG,Splunk ES,REF-32121,Supports investigation finding
EVD-001825,ALT-002139,CASE-002139,ANL-4011,2026-01-02T08:35:00Z,PROCESS_TREE,Elastic Security,REF-10013,Supports investigation finding
EVD-001826,ALT-002140,CASE-002140,ANL-4007,2026-01-02T09:01:00Z,NETWORK_LOG,Splunk ES,REF-61660,Supports investigation finding
EVD-001827,ALT-002141,CASE-002141,ANL-4009,2026-01-02T20:13:00Z,ENDPOINT_LOG,Microsoft Sentinel,REF-61879,Supports investigation finding
EVD-001828,ALT-002142,CASE-002142,ANL-4009,2026-01-02T13:08:00Z,ENDPOINT_LOG,Microsoft Sentinel,REF-91381,Supports investigation finding
EVD-001829,ALT-002143,CASE-002143,ANL-4002,2026-01-02T20:19:00Z,THREAT_INTELLIGENCE,Splunk ES,REF-68699,Supports investigation finding
EVD-001830,ALT-002145,CASE-002145,ANL-4003,2026-01-02T19:41:00Z,CASE_NOTE,Splunk ES,REF-23565,Supports investigation finding
EVD-001831,ALT-002146,CASE-002146,ANL-4002,2026-01-03T00:43:00Z,ENDPOINT_LOG,IBM QRadar,REF-94862,Supports investigation finding
EVD-001832,ALT-002147,CASE-002147,ANL-4010,2026-01-03T00:28:00Z,SIEM_LOG,Elastic Security,REF-12420,Supports investigation finding
EVD-001833,ALT-002148,CASE-002148,ANL-4012,2026-01-02T09:28:00Z,THREAT_INTELLIGENCE,Splunk ES,REF-75867,Supports investigation finding
EVD-001834,ALT-002149,CASE-002149,ANL-4007,2026-01-02T02:57:00Z,THREAT_INTELLIGENCE,Splunk ES,REF-57107,Supports investigation finding
EVD-001835,ALT-002150,CASE-002150,ANL-4008,2026-01-02T13:04:00Z,AUTHENTICATION_LOG,IBM QRadar,REF-43401,Supports investigation finding
EVD-001836,ALT-002152,CASE-002152,ANL-4007,2026-01-02T03:10:00Z,THREAT_INTELLIGENCE,Microsoft Sentinel,REF-42763,Supports investigation finding
EVD-001837,ALT-002153,CASE-002153,ANL-4006,2026-01-02T10:44:00Z,SIEM_LOG,Microsoft Sentinel,REF-34798,Supports investigation finding
EVD-001838,ALT-002154,CASE-002154,ANL-4002,2026-01-02T23:28:00Z,THREAT_INTELLIGENCE,Elastic Security,REF-23019,Supports investigation finding
EVD-001839,ALT-002156,CASE-002156,ANL-4007,2026-01-02T20:04:00Z,THREAT_INTELLIGENCE,Elastic Security,REF-91725,Supports investigation finding
EVD-001840,ALT-002157,CASE-002157,ANL-4001,2026-01-02T15:15:00Z,CASE_NOTE,Elastic Security,REF-44606,Supports investigation finding
EVD-001841,ALT-002158,CASE-002158,ANL-4012,2026-01-02T09:10:00Z,ENDPOINT_LOG,Splunk ES,REF-32147,Supports investigation finding
EVD-001842,ALT-002160,CASE-002160,ANL-4008,2026-01-02T09:21:00Z,PROCESS_TREE,Splunk ES,REF-76110,Supports investigation finding
EVD-001843,ALT-002161,CASE-002161,ANL-4004,2026-01-02T22:45:00Z,PROCESS_TREE,Elastic Security,REF-67884,Supports investigation finding
EVD-001844,ALT-002162,CASE-002162,ANL-4007,2026-01-02T07:51:00Z,CASE_NOTE,Microsoft Sentinel,REF-30700,Supports investigation finding
EVD-001845,ALT-002163,CASE-002163,ANL-4007,2026-01-02T11:46:00Z,CASE_NOTE,Elastic Security,REF-37843,Supports investigation finding
EVD-001846,ALT-002164,CASE-002164,ANL-4006,2026-01-02T15:16:00Z,CASE_NOTE,IBM QRadar,REF-10144,Supports investigation finding
EVD-001847,ALT-002165,CASE-002165,ANL-4011,2026-01-02T02:08:00Z,ENDPOINT_LOG,IBM QRadar,REF-86009,Supports investigation finding
EVD-001848,ALT-002166,CASE-002166,ANL-4006,2026-01-02T14:40:00Z,PROCESS_TREE,Elastic Security,REF-83479,Supports investigation finding
EVD-001849,ALT-002168,CASE-002168,ANL-4011,2026-01-02T18:54:00Z,SIEM_LOG,Elastic Security,REF-47195,Supports investigation finding
EVD-001850,ALT-002169,CASE-002169,ANL-4012,2026-01-02T16:46:00Z,AUTHENTICATION_LOG,Splunk ES,REF-80273,Supports investigation finding
EVD-001851,ALT-002170,CASE-002170,ANL-4010,2026-01-02T14:05:00Z,AUTHENTICATION_LOG,Splunk ES,REF-24814,Supports investigation finding
EVD-001852,ALT-002171,CASE-002171,ANL-4010,2026-01-02T08:46:00Z,AUTHENTICATION_LOG,Elastic Security,REF-92151,Supports investigation finding
EVD-001853,ALT-002172,CASE-002172,ANL-4010,2026-01-02T10:32:00Z,AUTHENTICATION_LOG,Splunk ES,REF-87134,Supports investigation finding
EVD-001854,ALT-002173,CASE-002173,ANL-4007,2026-01-03T00:18:00Z,PROCESS_TREE,Splunk ES,REF-67992,Supports investigation finding
EVD-001855,ALT-002174,CASE-002174,ANL-4003,2026-01-02T02:09:00Z,NETWORK_LOG,IBM QRadar,REF-70691,Supports investigation finding
EVD-001856,ALT-002175,CASE-002175,ANL-4008,2026-01-02T20:50:00Z,ENDPOINT_LOG,Splunk ES,REF-80623,Supports investigation finding
EVD-001857,ALT-002176,CASE-002176,ANL-4002,2026-01-02T05:02:00Z,PROCESS_TREE,Elastic Security,REF-65756,Supports investigation finding
EVD-001858,ALT-002177,CASE-002177,ANL-4001,2026-01-02T16:54:00Z,CASE_NOTE,Splunk ES,REF-26879,Supports investigation finding
EVD-001859,ALT-002183,CASE-002183,ANL-4002,2026-01-03T00:34:00Z,PROCESS_TREE,IBM QRadar,REF-30653,Supports investigation finding
EVD-001860,ALT-002185,CASE-002185,ANL-4009,2026-01-02T23:27:00Z,PROCESS_TREE,Elastic Security,REF-18601,Supports investigation finding
EVD-001861,ALT-002186,CASE-002186,ANL-4007,2026-01-02T03:02:00Z,PROCESS_TREE,Microsoft Sentinel,REF-70794,Supports investigation finding
EVD-001862,ALT-002187,CASE-002187,ANL-4013,2026-01-02T04:11:00Z,CASE_NOTE,Elastic Security,REF-47112,Supports investigation finding
EVD-001863,ALT-002188,CASE-002188,ANL-4007,2026-01-02T04:38:00Z,SIEM_LOG,Splunk ES,REF-83988,Supports investigation finding
EVD-001864,ALT-002189,CASE-002189,ANL-4003,2026-01-02T03:38:00Z,THREAT_INTELLIGENCE,Microsoft Sentinel,REF-43493,Supports investigation finding
EVD-001865,ALT-002191,CASE-002191,ANL-4012,2026-01-02T05:13:00Z,SIEM_LOG,Microsoft Sentinel,REF-59619,Supports investigation finding
EVD-001866,ALT-002192,CASE-002192,ANL-4012,2026-01-02T09:22:00Z,THREAT_INTELLIGENCE,Elastic Security,REF-54953,Supports investigation finding
EVD-001867,ALT-002194,CASE-002194,ANL-4009,2026-01-02T10:08:00Z,AUTHENTICATION_LOG,IBM QRadar,REF-66261,Supports investigation finding
EVD-001868,ALT-002195,CASE-002195,ANL-4003,2026-01-02T08:44:00Z,THREAT_INTELLIGENCE,Microsoft Sentinel,REF-14442,Supports investigation finding
EVD-001869,ALT-002197,CASE-002197,ANL-4007,2026-01-02T18:36:00Z,PROCESS_TREE,Elastic Security,REF-92366,Supports investigation finding
EVD-001870,ALT-002198,CASE-002198,ANL-4013,2026-01-02T08:53:00Z,ENDPOINT_LOG,Microsoft Sentinel,REF-55675,Supports investigation finding
EVD-001871,ALT-002199,CASE-002199,ANL-4008,2026-01-02T08:16:00Z,ENDPOINT_LOG,IBM QRadar,REF-54582,Supports investigation finding
EVD-001872,ALT-002200,CASE-002200,ANL-4001,2026-01-02T06:02:00Z,THREAT_INTELLIGENCE,IBM QRadar,REF-66421,Supports investigation finding
EVD-001873,ALT-002201,CASE-002201,ANL-4008,2026-01-02T21:25:00Z,SIEM_LOG,Elastic Security,REF-12169,Supports investigation finding
EVD-001874,ALT-002203,CASE-002203,ANL-4008,2026-01-02T15:45:00Z,AUTHENTICATION_LOG,Microsoft Sentinel,REF-14514,Supports investigation finding
EVD-001875,ALT-002204,CASE-002204,ANL-4002,2026-01-02T20:09:00Z,NETWORK_LOG,IBM QRadar,REF-43490,Supports investigation finding
EVD-001876,ALT-002206,CASE-002206,ANL-4012,2026-01-02T17:34:00Z,CASE_NOTE,Elastic Security,REF-47350,Supports investigation finding
EVD-001877,ALT-002207,CASE-002207,ANL-4011,2026-01-02T23:03:00Z,THREAT_INTELLIGENCE,Elastic Security,REF-65806,Supports investigation finding
EVD-001878,ALT-002208,CASE-002208,ANL-4005,2026-01-02T18:03:00Z,PROCESS_TREE,IBM QRadar,REF-95711,Supports investigation finding
EVD-001879,ALT-002209,CASE-002209,ANL-4012,2026-01-02T22:08:00Z,NETWORK_LOG,IBM QRadar,REF-26161,Supports investigation finding
EVD-001880,ALT-002210,CASE-002210,ANL-4003,2026-01-02T16:33:00Z,CASE_NOTE,IBM QRadar,REF-31276,Supports investigation finding
EVD-001881,ALT-002214,CASE-002214,ANL-4008,2026-01-02T10:08:00Z,AUTHENTICATION_LOG,Microsoft Sentinel,REF-92659,Supports investigation finding
EVD-001882,ALT-002215,CASE-002215,ANL-4002,2026-01-02T18:08:00Z,ENDPOINT_LOG,IBM QRadar,REF-14614,Supports investigation finding
EVD-001883,ALT-002216,CASE-002216,ANL-4011,2026-01-02T10:38:00Z,SIEM_LOG,IBM QRadar,REF-59957,Supports investigation finding
EVD-001884,ALT-002217,CASE-002217,ANL-4001,2026-01-02T22:25:00Z,SIEM_LOG,Splunk ES,REF-49761,Supports investigation finding
EVD-001885,ALT-002218,CASE-002218,ANL-4005,2026-01-02T04:24:00Z,THREAT_INTELLIGENCE,Splunk ES,REF-44438,Supports investigation finding
EVD-001886,ALT-002220,CASE-002220,ANL-4013,2026-01-02T17:22:00Z,ENDPOINT_LOG,Elastic Security,REF-42232,Supports investigation finding
EVD-001887,ALT-002221,CASE-002221,ANL-4010,2026-01-02T04:36:00Z,SIEM_LOG,IBM QRadar,REF-87607,Supports investigation finding
EVD-001888,ALT-002222,CASE-002222,ANL-4002,2026-01-02T05:36:00Z,AUTHENTICATION_LOG,IBM QRadar,REF-19003,Supports investigation finding
EVD-001889,ALT-002224,CASE-002224,ANL-4001,2026-01-02T13:21:00Z,CASE_NOTE,IBM QRadar,REF-75127,Supports investigation finding
EVD-001890,ALT-002225,CASE-002225,ANL-4009,2026-01-02T01:08:00Z,THREAT_INTELLIGENCE,Elastic Security,REF-75845,Supports investigation finding
EVD-001891,ALT-002226,CASE-002226,ANL-4009,2026-01-02T11:30:00Z,ENDPOINT_LOG,IBM QRadar,REF-59913,Supports investigation finding
EVD-001892,ALT-002228,CASE-002228,ANL-4012,2026-01-02T07:28:00Z,THREAT_INTELLIGENCE,IBM QRadar,REF-15333,Supports investigation finding
EVD-001893,ALT-002230,CASE-002230,ANL-4008,2026-01-02T21:53:00Z,NETWORK_LOG,IBM QRadar,REF-42524,Supports investigation finding
EVD-001894,ALT-002231,CASE-002231,ANL-4002,2026-01-02T16:22:00Z,ENDPOINT_LOG,IBM QRadar,REF-59758,Supports investigation finding
EVD-001895,ALT-002232,CASE-002232,ANL-4006,2026-01-02T12:10:00Z,CASE_NOTE,Microsoft Sentinel,REF-10406,Supports investigation finding
EVD-001896,ALT-002236,CASE-002236,ANL-4013,2026-01-02T23:41:00Z,NETWORK_LOG,Splunk ES,REF-87093,Supports investigation finding
EVD-001897,ALT-002238,CASE-002238,ANL-4011,2026-01-02T15:29:00Z,CASE_NOTE,IBM QRadar,REF-58802,Supports investigation finding
EVD-001898,ALT-002239,CASE-002239,ANL-4009,2026-01-02T19:07:00Z,THREAT_INTELLIGENCE,Splunk ES,REF-44670,Supports investigation finding
EVD-001899,ALT-002240,CASE-002240,ANL-4009,2026-01-02T16:00:00Z,AUTHENTICATION_LOG,Microsoft Sentinel,REF-56936,Supports investigation finding
EVD-001900,ALT-002242,CASE-002242,ANL-4005,2026-01-02T17:57:00Z,SIEM_LOG,Splunk ES,REF-60388,Supports investigation finding
EVD-001901,ALT-002243,CASE-002243,ANL-4012,2026-01-02T17:07:00Z,SIEM_LOG,Microsoft Sentinel,REF-23801,Supports investigation finding
EVD-001902,ALT-002245,CASE-002245,ANL-4006,2026-01-02T07:29:00Z,AUTHENTICATION_LOG,IBM QRadar,REF-98920,Supports investigation finding
EVD-001903,ALT-002246,CASE-002246,ANL-4006,2026-01-02T18:39:00Z,ENDPOINT_LOG,IBM QRadar,REF-99962,Supports investigation finding
EVD-001904,ALT-002247,CASE-002247,ANL-4011,2026-01-02T08:15:00Z,ENDPOINT_LOG,IBM QRadar,REF-80418,Supports investigation finding
EVD-001905,ALT-002248,CASE-002248,ANL-4003,2026-01-02T23:42:00Z,CASE_NOTE,Elastic Security,REF-27800,Supports investigation finding
EVD-001906,ALT-002249,CASE-002249,ANL-4001,2026-01-02T16:24:00Z,PROCESS_TREE,IBM QRadar,REF-65016,Supports investigation finding
EVD-001907,ALT-002250,CASE-002250,ANL-4010,2026-01-02T03:48:00Z,SIEM_LOG,Elastic Security,REF-19056,Supports investigation finding
EVD-001908,ALT-002251,CASE-002251,ANL-4001,2026-01-02T07:29:00Z,CASE_NOTE,Splunk ES,REF-87231,Supports investigation finding
EVD-001909,ALT-002252,CASE-002252,ANL-4005,2026-01-02T08:41:00Z,SIEM_LOG,Elastic Security,REF-87976,Supports investigation finding
EVD-001910,ALT-002254,CASE-002254,ANL-4013,2026-01-02T13:46:00Z,ENDPOINT_LOG,Splunk ES,REF-23267,Supports investigation finding
EVD-001911,ALT-002255,CASE-002255,ANL-4005,2026-01-02T13:14:00Z,SIEM_LOG,Microsoft Sentinel,REF-97085,Supports investigation finding
EVD-001912,ALT-002256,CASE-002256,ANL-4002,2026-01-02T13:06:00Z,SIEM_LOG,Elastic Security,REF-37626,Supports investigation finding
EVD-001913,ALT-002257,CASE-002257,ANL-4007,2026-01-02T03:47:00Z,ENDPOINT_LOG,Splunk ES,REF-87725,Supports investigation finding
EVD-001914,ALT-002258,CASE-002258,ANL-4003,2026-01-02T19:10:00Z,CASE_NOTE,Splunk ES,REF-13706,Supports investigation finding
EVD-001915,ALT-002259,CASE-002259,ANL-4013,2026-01-03T04:41:00Z,NETWORK_LOG,IBM QRadar,REF-93448,Supports investigation finding
EVD-001916,ALT-002262,CASE-002262,ANL-4009,2026-01-02T03:20:00Z,CASE_NOTE,Splunk ES,REF-14347,Supports investigation finding
EVD-001917,ALT-002263,CASE-002263,ANL-4001,2026-01-02T21:18:00Z,ENDPOINT_LOG,Splunk ES,REF-23058,Supports investigation finding
EVD-001918,ALT-002264,CASE-002264,ANL-4012,2026-01-02T19:04:00Z,PROCESS_TREE,Splunk ES,REF-15797,Supports investigation finding
EVD-001919,ALT-002265,CASE-002265,ANL-4002,2026-01-02T23:07:00Z,ENDPOINT_LOG,Splunk ES,REF-72680,Supports investigation finding
EVD-001920,ALT-002267,CASE-002267,ANL-4005,2026-01-02T19:52:00Z,ENDPOINT_LOG,Elastic Security,REF-65792,Supports investigation finding
EVD-001921,ALT-002268,CASE-002268,ANL-4011,2026-01-02T07:52:00Z,PROCESS_TREE,Splunk ES,REF-28606,Supports investigation finding
EVD-001922,ALT-002269,CASE-002269,ANL-4013,2026-01-03T00:52:00Z,NETWORK_LOG,Splunk ES,REF-60641,Supports investigation finding
EVD-001923,ALT-002270,CASE-002270,ANL-4010,2026-01-02T09:06:00Z,CASE_NOTE,Splunk ES,REF-35009,Supports investigation finding
EVD-001924,ALT-002271,CASE-002271,ANL-4012,2026-01-02T17:33:00Z,SIEM_LOG,Microsoft Sentinel,REF-36953,Supports investigation finding
EVD-001925,ALT-002272,CASE-002272,ANL-4003,2026-01-02T10:50:00Z,PROCESS_TREE,IBM QRadar,REF-24371,Supports investigation finding
EVD-001926,ALT-002273,CASE-002273,ANL-4006,2026-01-02T09:23:00Z,PROCESS_TREE,Microsoft Sentinel,REF-27033,Supports investigation finding
EVD-001927,ALT-002276,CASE-002276,ANL-4008,2026-01-02T10:21:00Z,AUTHENTICATION_LOG,Elastic Security,REF-76788,Supports investigation finding
EVD-001928,ALT-002277,CASE-002277,ANL-4013,2026-01-02T16:42:00Z,ENDPOINT_LOG,Elastic Security,REF-57613,Supports investigation finding
EVD-001929,ALT-002279,CASE-002279,ANL-4011,2026-01-02T22:48:00Z,CASE_NOTE,Elastic Security,REF-72520,Supports investigation finding
EVD-001930,ALT-002282,CASE-002282,ANL-4013,2026-01-02T06:36:00Z,AUTHENTICATION_LOG,Splunk ES,REF-16518,Supports investigation finding
EVD-001931,ALT-002283,CASE-002283,ANL-4002,2026-01-02T16:54:00Z,SIEM_LOG,IBM QRadar,REF-57435,Supports investigation finding
EVD-001932,ALT-002284,CASE-002284,ANL-4013,2026-01-02T06:49:00Z,CASE_NOTE,IBM QRadar,REF-60255,Supports investigation finding
EVD-001933,ALT-002285,CASE-002285,ANL-4006,2026-01-02T13:50:00Z,ENDPOINT_LOG,Microsoft Sentinel,REF-77653,Supports investigation finding
EVD-001934,ALT-002287,CASE-002287,ANL-4004,2026-01-02T06:15:00Z,PROCESS_TREE,Elastic Security,REF-97279,Supports investigation finding
EVD-001935,ALT-002290,CASE-002290,ANL-4011,2026-01-02T01:42:00Z,PROCESS_TREE,IBM QRadar,REF-45721,Supports investigation finding
EVD-001936,ALT-002293,CASE-002293,ANL-4013,2026-01-02T11:38:00Z,CASE_NOTE,Elastic Security,REF-71994,Supports investigation finding
EVD-001937,ALT-002295,CASE-002295,ANL-4004,2026-01-02T16:41:00Z,ENDPOINT_LOG,IBM QRadar,REF-25187,Supports investigation finding
EVD-001938,ALT-002299,CASE-002299,ANL-4001,2026-01-02T07:00:00Z,ENDPOINT_LOG,Elastic Security,REF-18129,Supports investigation finding
EVD-001939,ALT-002300,CASE-002300,ANL-4010,2026-01-02T05:03:00Z,THREAT_INTELLIGENCE,Elastic Security,REF-60971,Supports investigation finding
EVD-001940,ALT-002301,CASE-002301,ANL-4012,2026-01-02T15:17:00Z,THREAT_INTELLIGENCE,IBM QRadar,REF-51281,Supports investigation finding
EVD-001941,ALT-002302,CASE-002302,ANL-4001,2026-01-02T09:46:00Z,AUTHENTICATION_LOG,IBM QRadar,REF-59792,Supports investigation finding
EVD-001942,ALT-002303,CASE-002303,ANL-4002,2026-01-02T02:39:00Z,THREAT_INTELLIGENCE,Microsoft Sentinel,REF-20073,Supports investigation finding
EVD-001943,ALT-002305,CASE-002305,ANL-4001,2026-01-02T21:53:00Z,AUTHENTICATION_LOG,Splunk ES,REF-26566,Supports investigation finding
EVD-001944,ALT-002306,CASE-002306,ANL-4012,2026-01-02T19:13:00Z,NETWORK_LOG,Splunk ES,REF-21945,Supports investigation finding
EVD-001945,ALT-002309,CASE-002309,ANL-4009,2026-01-02T17:29:00Z,SIEM_LOG,Microsoft Sentinel,REF-69936,Supports investigation finding
EVD-001946,ALT-002310,CASE-002310,ANL-4003,2026-01-02T13:47:00Z,ENDPOINT_LOG,IBM QRadar,REF-30047,Supports investigation finding
EVD-001947,ALT-002311,CASE-002311,ANL-4013,2026-01-02T21:40:00Z,CASE_NOTE,Splunk ES,REF-43049,Supports investigation finding
EVD-001948,ALT-002313,CASE-002313,ANL-4009,2026-01-02T18:44:00Z,PROCESS_TREE,IBM QRadar,REF-53874,Supports investigation finding
EVD-001949,ALT-002315,CASE-002315,ANL-4012,2026-01-02T18:14:00Z,ENDPOINT_LOG,Microsoft Sentinel,REF-48986,Supports investigation finding
EVD-001950,ALT-002316,CASE-002316,ANL-4012,2026-01-02T01:20:00Z,THREAT_INTELLIGENCE,Splunk ES,REF-43728,Supports investigation finding
EVD-001951,ALT-002317,CASE-002317,ANL-4012,2026-01-02T03:56:00Z,ENDPOINT_LOG,IBM QRadar,REF-12426,Supports investigation finding
EVD-001952,ALT-002319,CASE-002319,ANL-4004,2026-01-02T08:03:00Z,SIEM_LOG,IBM QRadar,REF-50793,Supports investigation finding
EVD-001953,ALT-002320,CASE-002320,ANL-4004,2026-01-02T15:06:00Z,PROCESS_TREE,Microsoft Sentinel,REF-99576,Supports investigation finding
EVD-001954,ALT-002321,CASE-002321,ANL-4007,2026-01-02T18:39:00Z,CASE_NOTE,Elastic Security,REF-12040,Supports investigation finding
EVD-001955,ALT-002322,CASE-002322,ANL-4010,2026-01-02T03:41:00Z,PROCESS_TREE,Elastic Security,REF-92432,Supports investigation finding
EVD-001956,ALT-002323,CASE-002323,ANL-4013,2026-01-02T00:47:00Z,ENDPOINT_LOG,Splunk ES,REF-94463,Supports investigation finding
EVD-001957,ALT-002325,CASE-002325,ANL-4003,2026-01-02T15:49:00Z,AUTHENTICATION_LOG,Splunk ES,REF-27975,Supports investigation finding
EVD-001958,ALT-002328,CASE-002328,ANL-4009,2026-01-02T04:53:00Z,SIEM_LOG,Elastic Security,REF-39405,Supports investigation finding
EVD-001959,ALT-002329,CASE-002329,ANL-4012,2026-01-02T05:57:00Z,SIEM_LOG,Microsoft Sentinel,REF-61454,Supports investigation finding
EVD-001960,ALT-002330,CASE-002330,ANL-4006,2026-01-02T03:26:00Z,SIEM_LOG,IBM QRadar,REF-97106,Supports investigation finding
EVD-001961,ALT-002331,CASE-002331,ANL-4002,2026-01-02T08:03:00Z,THREAT_INTELLIGENCE,Elastic Security,REF-13359,Supports investigation finding
EVD-001962,ALT-002336,CASE-002336,ANL-4010,2026-01-02T09:49:00Z,THREAT_INTELLIGENCE,IBM QRadar,REF-33108,Supports investigation finding
EVD-001963,ALT-002338,CASE-002338,ANL-4012,2026-01-02T23:13:00Z,NETWORK_LOG,Splunk ES,REF-45374,Supports investigation finding
EVD-001964,ALT-002339,CASE-002339,ANL-4005,2026-01-02T15:44:00Z,THREAT_INTELLIGENCE,Elastic Security,REF-18322,Supports investigation finding
EVD-001965,ALT-002340,CASE-002340,ANL-4009,2026-01-02T11:23:00Z,CASE_NOTE,IBM QRadar,REF-99023,Supports investigation finding
EVD-001966,ALT-002342,CASE-002342,ANL-4012,2026-01-02T14:53:00Z,PROCESS_TREE,Elastic Security,REF-61384,Supports investigation finding
EVD-001967,ALT-002343,CASE-002343,ANL-4010,2026-01-02T19:01:00Z,ENDPOINT_LOG,Splunk ES,REF-79050,Supports investigation finding
EVD-001968,ALT-002344,CASE-002344,ANL-4012,2026-01-02T03:07:00Z,CASE_NOTE,Splunk ES,REF-23083,Supports investigation finding
EVD-001969,ALT-002345,CASE-002345,ANL-4005,2026-01-02T04:11:00Z,ENDPOINT_LOG,Elastic Security,REF-28827,Supports investigation finding
EVD-001970,ALT-002347,CASE-002347,ANL-4011,2026-01-03T02:51:00Z,THREAT_INTELLIGENCE,IBM QRadar,REF-44414,Supports investigation finding
EVD-001971,ALT-002348,CASE-002348,ANL-4002,2026-01-02T06:01:00Z,AUTHENTICATION_LOG,Microsoft Sentinel,REF-11240,Supports investigation finding
EVD-001972,ALT-002349,CASE-002349,ANL-4011,2026-01-02T07:45:00Z,PROCESS_TREE,Elastic Security,REF-95975,Supports investigation finding
EVD-001973,ALT-002350,CASE-002350,ANL-4007,2026-01-02T12:42:00Z,CASE_NOTE,Microsoft Sentinel,REF-95523,Supports investigation finding
EVD-001974,ALT-002351,CASE-002351,ANL-4005,2026-01-02T01:50:00Z,THREAT_INTELLIGENCE,Splunk ES,REF-18150,Supports investigation finding
EVD-001975,ALT-002352,CASE-002352,ANL-4013,2026-01-02T23:52:00Z,SIEM_LOG,Splunk ES,REF-70377,Supports investigation finding
EVD-001976,ALT-002353,CASE-002353,ANL-4013,2026-01-02T12:56:00Z,CASE_NOTE,Elastic Security,REF-41276,Supports investigation finding
EVD-001977,ALT-002354,CASE-002354,ANL-4006,2026-01-02T06:28:00Z,CASE_NOTE,Splunk ES,REF-40574,Supports investigation finding
EVD-001978,ALT-002356,CASE-002356,ANL-4004,2026-01-02T07:17:00Z,ENDPOINT_LOG,Elastic Security,REF-76534,Supports investigation finding
EVD-001979,ALT-002357,CASE-002357,ANL-4002,2026-01-02T18:50:00Z,AUTHENTICATION_LOG,Elastic Security,REF-59614,Supports investigation finding
EVD-001980,ALT-002358,CASE-002358,ANL-4008,2026-01-02T01:27:00Z,THREAT_INTELLIGENCE,Microsoft Sentinel,REF-54179,Supports investigation finding
EVD-001981,ALT-002359,CASE-002359,ANL-4011,2026-01-02T18:07:00Z,PROCESS_TREE,Microsoft Sentinel,REF-13756,Supports investigation finding
EVD-001982,ALT-002360,CASE-002360,ANL-4006,2026-01-02T19:39:00Z,THREAT_INTELLIGENCE,Elastic Security,REF-38339,Supports investigation finding
EVD-001983,ALT-002361,CASE-002361,ANL-4008,2026-01-02T07:49:00Z,PROCESS_TREE,Microsoft Sentinel,REF-10872,Supports investigation finding
EVD-001984,ALT-002362,CASE-002362,ANL-4013,2026-01-02T06:47:00Z,PROCESS_TREE,IBM QRadar,REF-98556,Supports investigation finding
EVD-001985,ALT-002363,CASE-002363,ANL-4003,2026-01-02T05:21:00Z,CASE_NOTE,Elastic Security,REF-13685,Supports investigation finding
EVD-001986,ALT-002364,CASE-002364,ANL-4006,2026-01-02T06:16:00Z,PROCESS_TREE,Microsoft Sentinel,REF-92751,Supports investigation finding
EVD-001987,ALT-002365,CASE-002365,ANL-4001,2026-01-02T21:56:00Z,AUTHENTICATION_LOG,Splunk ES,REF-27560,Supports investigation finding
EVD-001988,ALT-002366,CASE-002366,ANL-4011,2026-01-02T04:20:00Z,SIEM_LOG,Elastic Security,REF-77956,Supports investigation finding
EVD-001989,ALT-002367,CASE-002367,ANL-4005,2026-01-02T23:19:00Z,PROCESS_TREE,Splunk ES,REF-57500,Supports investigation finding
EVD-001990,ALT-002368,CASE-002368,ANL-4008,2026-01-02T10:52:00Z,AUTHENTICATION_LOG,Elastic Security,REF-96347,Supports investigation finding
EVD-001991,ALT-002369,CASE-002369,ANL-4008,2026-01-02T13:17:00Z,THREAT_INTELLIGENCE,Microsoft Sentinel,REF-76915,Supports investigation finding
EVD-001992,ALT-002370,CASE-002370,ANL-4006,2026-01-02T14:54:00Z,NETWORK_LOG,Microsoft Sentinel,REF-44130,Supports investigation finding
EVD-001993,ALT-002371,CASE-002371,ANL-4008,2026-01-02T15:15:00Z,SIEM_LOG,Microsoft Sentinel,REF-72334,Supports investigation finding
EVD-001994,ALT-002373,CASE-002373,ANL-4003,2026-01-02T13:53:00Z,ENDPOINT_LOG,Microsoft Sentinel,REF-68222,Supports investigation finding
EVD-001995,ALT-002374,CASE-002374,ANL-4001,2026-01-02T18:52:00Z,THREAT_INTELLIGENCE,Elastic Security,REF-12359,Supports investigation finding
EVD-001996,ALT-002375,CASE-002375,ANL-4004,2026-01-02T08:46:00Z,THREAT_INTELLIGENCE,Microsoft Sentinel,REF-87613,Supports investigation finding
EVD-001997,ALT-002376,CASE-002376,ANL-4010,2026-01-02T07:08:00Z,SIEM_LOG,IBM QRadar,REF-89670,Supports investigation finding
EVD-001998,ALT-002377,CASE-002377,ANL-4004,2026-01-02T15:52:00Z,THREAT_INTELLIGENCE,Splunk ES,REF-48969,Supports investigation finding
EVD-001999,ALT-002381,CASE-002381,ANL-4008,2026-01-02T07:07:00Z,AUTHENTICATION_LOG,IBM QRadar,REF-89770,Supports investigation finding
EVD-002000,ALT-002382,CASE-002382,ANL-4011,2026-01-02T21:18:00Z,NETWORK_LOG,Microsoft Sentinel,REF-65027,Supports investigation finding
EVD-002001,ALT-002383,CASE-002383,ANL-4013,2026-01-02T09:36:00Z,CASE_NOTE,Elastic Security,REF-99198,Supports investigation finding
EVD-002002,ALT-002384,CASE-002384,ANL-4005,2026-01-02T03:09:00Z,AUTHENTICATION_LOG,Splunk ES,REF-22581,Supports investigation finding
EVD-002003,ALT-002386,CASE-002386,ANL-4007,2026-01-02T17:18:00Z,SIEM_LOG,IBM QRadar,REF-55414,Supports investigation finding
EVD-002004,ALT-002389,CASE-002389,ANL-4002,2026-01-02T03:38:00Z,CASE_NOTE,IBM QRadar,REF-58690,Supports investigation finding
EVD-002005,ALT-002390,CASE-002390,ANL-4006,2026-01-02T06:42:00Z,PROCESS_TREE,Microsoft Sentinel,REF-41537,Supports investigation finding
EVD-002006,ALT-002392,CASE-002392,ANL-4003,2026-01-02T14:19:00Z,THREAT_INTELLIGENCE,Elastic Security,REF-59432,Supports investigation finding
EVD-002007,ALT-002393,CASE-002393,ANL-4002,2026-01-02T15:17:00Z,ENDPOINT_LOG,Microsoft Sentinel,REF-12747,Supports investigation finding
EVD-002008,ALT-002394,CASE-002394,ANL-4006,2026-01-02T17:01:00Z,SIEM_LOG,Elastic Security,REF-67511,Supports investigation finding
EVD-002009,ALT-002396,CASE-002396,ANL-4008,2026-01-02T19:51:00Z,CASE_NOTE,Elastic Security,REF-70452,Supports investigation finding
EVD-002010,ALT-002398,CASE-002398,ANL-4013,2026-01-02T04:12:00Z,AUTHENTICATION_LOG,IBM QRadar,REF-68692,Supports investigation finding
EVD-002011,ALT-002399,CASE-002399,ANL-4001,2026-01-02T20:12:00Z,ENDPOINT_LOG,Splunk ES,REF-20797,Supports investigation finding
EVD-002012,ALT-002400,CASE-002400,ANL-4001,2026-01-02T20:45:00Z,THREAT_INTELLIGENCE,Elastic Security,REF-24094,Supports investigation finding
EVD-002013,ALT-002401,CASE-002401,ANL-4007,2026-01-03T22:39:00Z,NETWORK_LOG,IBM QRadar,REF-87259,Supports investigation finding
EVD-002014,ALT-002402,CASE-002402,ANL-4002,2026-01-03T21:45:00Z,CASE_NOTE,Splunk ES,REF-59505,Supports investigation finding
EVD-002015,ALT-002404,CASE-002404,ANL-4006,2026-01-03T03:58:00Z,PROCESS_TREE,Elastic Security,REF-99772,Supports investigation finding
EVD-002016,ALT-002405,CASE-002405,ANL-4007,2026-01-03T03:39:00Z,SIEM_LOG,Splunk ES,REF-12919,Supports investigation finding
EVD-002017,ALT-002406,CASE-002406,ANL-4006,2026-01-03T05:06:00Z,NETWORK_LOG,Microsoft Sentinel,REF-14260,Supports investigation finding
EVD-002018,ALT-002408,CASE-002408,ANL-4010,2026-01-03T03:31:00Z,CASE_NOTE,Elastic Security,REF-94118,Supports investigation finding
EVD-002019,ALT-002409,CASE-002409,ANL-4010,2026-01-03T22:22:00Z,NETWORK_LOG,Splunk ES,REF-84138,Supports investigation finding
EVD-002020,ALT-002410,CASE-002410,ANL-4005,2026-01-03T12:38:00Z,CASE_NOTE,Splunk ES,REF-32753,Supports investigation finding
EVD-002021,ALT-002411,CASE-002411,ANL-4008,2026-01-03T22:49:00Z,AUTHENTICATION_LOG,Splunk ES,REF-73160,Supports investigation finding
EVD-002022,ALT-002413,CASE-002413,ANL-4013,2026-01-03T02:37:00Z,NETWORK_LOG,Splunk ES,REF-61084,Supports investigation finding
EVD-002023,ALT-002414,CASE-002414,ANL-4005,2026-01-03T06:47:00Z,CASE_NOTE,Microsoft Sentinel,REF-57282,Supports investigation finding
EVD-002024,ALT-002415,CASE-002415,ANL-4010,2026-01-03T18:31:00Z,ENDPOINT_LOG,Splunk ES,REF-39318,Supports investigation finding
EVD-002025,ALT-002417,CASE-002417,ANL-4004,2026-01-03T22:22:00Z,CASE_NOTE,Splunk ES,REF-20932,Supports investigation finding
EVD-002026,ALT-002418,CASE-002418,ANL-4007,2026-01-03T06:51:00Z,AUTHENTICATION_LOG,IBM QRadar,REF-67517,Supports investigation finding
EVD-002027,ALT-002419,CASE-002419,ANL-4012,2026-01-03T09:24:00Z,AUTHENTICATION_LOG,IBM QRadar,REF-98266,Supports investigation finding
EVD-002028,ALT-002420,CASE-002420,ANL-4002,2026-01-03T08:07:00Z,CASE_NOTE,Elastic Security,REF-72760,Supports investigation finding
EVD-002029,ALT-002421,CASE-002421,ANL-4007,2026-01-03T09:09:00Z,THREAT_INTELLIGENCE,IBM QRadar,REF-93234,Supports investigation finding
EVD-002030,ALT-002422,CASE-002422,ANL-4003,2026-01-03T18:26:00Z,SIEM_LOG,Microsoft Sentinel,REF-85519,Supports investigation finding
EVD-002031,ALT-002423,CASE-002423,ANL-4009,2026-01-03T21:03:00Z,CASE_NOTE,Splunk ES,REF-96560,Supports investigation finding
EVD-002032,ALT-002424,CASE-002424,ANL-4004,2026-01-03T11:21:00Z,PROCESS_TREE,Splunk ES,REF-29299,Supports investigation finding
EVD-002033,ALT-002426,CASE-002426,ANL-4004,2026-01-03T01:50:00Z,THREAT_INTELLIGENCE,Splunk ES,REF-83228,Supports investigation finding
EVD-002034,ALT-002427,CASE-002427,ANL-4001,2026-01-03T21:36:00Z,THREAT_INTELLIGENCE,IBM QRadar,REF-41597,Supports investigation finding
EVD-002035,ALT-002428,CASE-002428,ANL-4013,2026-01-04T00:51:00Z,ENDPOINT_LOG,IBM QRadar,REF-26696,Supports investigation finding
EVD-002036,ALT-002429,CASE-002429,ANL-4004,2026-01-03T09:01:00Z,ENDPOINT_LOG,IBM QRadar,REF-96191,Supports investigation finding
EVD-002037,ALT-002430,CASE-002430,ANL-4004,2026-01-03T03:01:00Z,ENDPOINT_LOG,Microsoft Sentinel,REF-48235,Supports investigation finding
EVD-002038,ALT-002431,CASE-002431,ANL-4005,2026-01-03T16:05:00Z,NETWORK_LOG,Splunk ES,REF-41208,Supports investigation finding
EVD-002039,ALT-002432,CASE-002432,ANL-4009,2026-01-03T20:14:00Z,THREAT_INTELLIGENCE,Splunk ES,REF-83318,Supports investigation finding
EVD-002040,ALT-002433,CASE-002433,ANL-4012,2026-01-03T22:29:00Z,CASE_NOTE,Splunk ES,REF-69630,Supports investigation finding
EVD-002041,ALT-002435,CASE-002435,ANL-4012,2026-01-03T11:24:00Z,SIEM_LOG,IBM QRadar,REF-45188,Supports investigation finding
EVD-002042,ALT-002436,CASE-002436,ANL-4011,2026-01-03T23:34:00Z,PROCESS_TREE,Microsoft Sentinel,REF-26178,Supports investigation finding
EVD-002043,ALT-002437,CASE-002437,ANL-4012,2026-01-03T10:08:00Z,NETWORK_LOG,Elastic Security,REF-42777,Supports investigation finding
EVD-002044,ALT-002438,CASE-002438,ANL-4005,2026-01-03T09:11:00Z,THREAT_INTELLIGENCE,Splunk ES,REF-72234,Supports investigation finding
EVD-002045,ALT-002439,CASE-002439,ANL-4005,2026-01-03T11:59:00Z,AUTHENTICATION_LOG,Splunk ES,REF-41105,Supports investigation finding
EVD-002046,ALT-002440,CASE-002440,ANL-4007,2026-01-03T21:19:00Z,SIEM_LOG,Microsoft Sentinel,REF-57708,Supports investigation finding
EVD-002047,ALT-002441,CASE-002441,ANL-4006,2026-01-04T14:22:00Z,SIEM_LOG,IBM QRadar,REF-64531,Supports investigation finding
EVD-002048,ALT-002444,CASE-002444,ANL-4006,2026-01-04T06:43:00Z,PROCESS_TREE,Microsoft Sentinel,REF-61453,Supports investigation finding
EVD-002049,ALT-002445,CASE-002445,ANL-4012,2026-01-04T22:47:00Z,ENDPOINT_LOG,Elastic Security,REF-53547,Supports investigation finding
EVD-002050,ALT-002446,CASE-002446,ANL-4013,2026-01-04T14:28:00Z,NETWORK_LOG,Microsoft Sentinel,REF-80729,Supports investigation finding
EVD-002051,ALT-002448,CASE-002448,ANL-4011,2026-01-04T15:49:00Z,SIEM_LOG,Splunk ES,REF-87272,Supports investigation finding
EVD-002052,ALT-002449,CASE-002449,ANL-4002,2026-01-04T07:12:00Z,NETWORK_LOG,Splunk ES,REF-40145,Supports investigation finding
EVD-002053,ALT-002450,CASE-002450,ANL-4011,2026-01-04T12:35:00Z,AUTHENTICATION_LOG,Splunk ES,REF-38429,Supports investigation finding
EVD-002054,ALT-002451,CASE-002451,ANL-4010,2026-01-04T14:44:00Z,PROCESS_TREE,Splunk ES,REF-23721,Supports investigation finding
EVD-002055,ALT-002452,CASE-002452,ANL-4009,2026-01-04T03:22:00Z,SIEM_LOG,Microsoft Sentinel,REF-69585,Supports investigation finding
EVD-002056,ALT-002453,CASE-002453,ANL-4006,2026-01-05T02:33:00Z,ENDPOINT_LOG,Splunk ES,REF-16756,Supports investigation finding
EVD-002057,ALT-002454,CASE-002454,ANL-4013,2026-01-04T09:38:00Z,CASE_NOTE,Elastic Security,REF-72286,Supports investigation finding
EVD-002058,ALT-002455,CASE-002455,ANL-4002,2026-01-04T16:59:00Z,ENDPOINT_LOG,IBM QRadar,REF-55158,Supports investigation finding
EVD-002059,ALT-002456,CASE-002456,ANL-4003,2026-01-04T08:15:00Z,ENDPOINT_LOG,IBM QRadar,REF-52770,Supports investigation finding
EVD-002060,ALT-002457,CASE-002457,ANL-4001,2026-01-04T03:10:00Z,AUTHENTICATION_LOG,IBM QRadar,REF-60366,Supports investigation finding
EVD-002061,ALT-002458,CASE-002458,ANL-4011,2026-01-04T16:23:00Z,THREAT_INTELLIGENCE,IBM QRadar,REF-49695,Supports investigation finding
EVD-002062,ALT-002459,CASE-002459,ANL-4001,2026-01-04T02:39:00Z,SIEM_LOG,Elastic Security,REF-99037,Supports investigation finding
EVD-002063,ALT-002460,CASE-002460,ANL-4001,2026-01-04T17:13:00Z,CASE_NOTE,IBM QRadar,REF-28123,Supports investigation finding
EVD-002064,ALT-002461,CASE-002461,ANL-4005,2026-01-05T00:22:00Z,SIEM_LOG,Elastic Security,REF-67913,Supports investigation finding
EVD-002065,ALT-002462,CASE-002462,ANL-4010,2026-01-04T04:53:00Z,AUTHENTICATION_LOG,Microsoft Sentinel,REF-28747,Supports investigation finding
EVD-002066,ALT-002463,CASE-002463,ANL-4002,2026-01-04T14:45:00Z,THREAT_INTELLIGENCE,Elastic Security,REF-67937,Supports investigation finding
EVD-002067,ALT-002465,CASE-002465,ANL-4012,2026-01-04T08:17:00Z,CASE_NOTE,Microsoft Sentinel,REF-73980,Supports investigation finding
EVD-002068,ALT-002466,CASE-002466,ANL-4008,2026-01-04T06:05:00Z,CASE_NOTE,Microsoft Sentinel,REF-31343,Supports investigation finding
EVD-002069,ALT-002467,CASE-002467,ANL-4013,2026-01-05T00:27:00Z,AUTHENTICATION_LOG,Microsoft Sentinel,REF-87854,Supports investigation finding
EVD-002070,ALT-002469,CASE-002469,ANL-4013,2026-01-04T07:43:00Z,ENDPOINT_LOG,Splunk ES,REF-12264,Supports investigation finding
EVD-002071,ALT-002470,CASE-002470,ANL-4005,2026-01-04T02:12:00Z,PROCESS_TREE,Elastic Security,REF-65125,Supports investigation finding
EVD-002072,ALT-002471,CASE-002471,ANL-4013,2026-01-04T06:14:00Z,AUTHENTICATION_LOG,Microsoft Sentinel,REF-50254,Supports investigation finding
EVD-002073,ALT-002472,CASE-002472,ANL-4003,2026-01-04T04:42:00Z,THREAT_INTELLIGENCE,IBM QRadar,REF-50315,Supports investigation finding
EVD-002074,ALT-002473,CASE-002473,ANL-4002,2026-01-04T04:18:00Z,THREAT_INTELLIGENCE,Elastic Security,REF-44143,Supports investigation finding
EVD-002075,ALT-002475,CASE-002475,ANL-4007,2026-01-04T17:49:00Z,THREAT_INTELLIGENCE,Splunk ES,REF-18541,Supports investigation finding
EVD-002076,ALT-002476,CASE-002476,ANL-4009,2026-01-04T04:13:00Z,PROCESS_TREE,IBM QRadar,REF-59310,Supports investigation finding
EVD-002077,ALT-002477,CASE-002477,ANL-4005,2026-01-04T22:45:00Z,THREAT_INTELLIGENCE,IBM QRadar,REF-53373,Supports investigation finding
EVD-002078,ALT-002478,CASE-002478,ANL-4005,2026-01-04T08:56:00Z,ENDPOINT_LOG,Microsoft Sentinel,REF-99127,Supports investigation finding
EVD-002079,ALT-002479,CASE-002479,ANL-4003,2026-01-04T06:45:00Z,SIEM_LOG,Elastic Security,REF-80758,Supports investigation finding
EVD-002080,ALT-002481,CASE-002481,ANL-4007,2026-01-06T00:15:00Z,ENDPOINT_LOG,IBM QRadar,REF-59260,Supports investigation finding
EVD-002081,ALT-002482,CASE-002482,ANL-4011,2026-01-06T00:45:00Z,NETWORK_LOG,IBM QRadar,REF-24323,Supports investigation finding
EVD-002082,ALT-002485,CASE-002485,ANL-4012,2026-01-05T08:52:00Z,PROCESS_TREE,Elastic Security,REF-60636,Supports investigation finding
EVD-002083,ALT-002486,CASE-002486,ANL-4002,2026-01-05T15:52:00Z,NETWORK_LOG,IBM QRadar,REF-25741,Supports investigation finding
EVD-002084,ALT-002488,CASE-002488,ANL-4011,2026-01-05T23:46:00Z,NETWORK_LOG,Elastic Security,REF-79099,Supports investigation finding
EVD-002085,ALT-002490,CASE-002490,ANL-4009,2026-01-05T13:49:00Z,CASE_NOTE,Splunk ES,REF-23285,Supports investigation finding
EVD-002086,ALT-002491,CASE-002491,ANL-4004,2026-01-05T08:00:00Z,PROCESS_TREE,Microsoft Sentinel,REF-42468,Supports investigation finding
EVD-002087,ALT-002493,CASE-002493,ANL-4001,2026-01-05T22:03:00Z,SIEM_LOG,IBM QRadar,REF-98008,Supports investigation finding
EVD-002088,ALT-002495,CASE-002495,ANL-4003,2026-01-05T02:30:00Z,NETWORK_LOG,IBM QRadar,REF-20250,Supports investigation finding
EVD-002089,ALT-002496,CASE-002496,ANL-4009,2026-01-05T05:22:00Z,ENDPOINT_LOG,IBM QRadar,REF-19982,Supports investigation finding
EVD-002090,ALT-002500,CASE-002500,ANL-4010,2026-01-05T09:29:00Z,AUTHENTICATION_LOG,IBM QRadar,REF-28270,Supports investigation finding
EVD-002091,ALT-002501,CASE-002501,ANL-4003,2026-01-05T20:37:00Z,NETWORK_LOG,Splunk ES,REF-14862,Supports investigation finding
EVD-002092,ALT-002502,CASE-002502,ANL-4002,2026-01-05T18:44:00Z,NETWORK_LOG,Splunk ES,REF-83805,Supports investigation finding
EVD-002093,ALT-002503,CASE-002503,ANL-4008,2026-01-05T11:54:00Z,PROCESS_TREE,Splunk ES,REF-90354,Supports investigation finding
EVD-002094,ALT-002504,CASE-002504,ANL-4013,2026-01-05T05:01:00Z,PROCESS_TREE,Microsoft Sentinel,REF-39337,Supports investigation finding
EVD-002095,ALT-002505,CASE-002505,ANL-4007,2026-01-05T08:35:00Z,PROCESS_TREE,Elastic Security,REF-85564,Supports investigation finding
EVD-002096,ALT-002506,CASE-002506,ANL-4009,2026-01-05T11:11:00Z,NETWORK_LOG,Splunk ES,REF-19599,Supports investigation finding
EVD-002097,ALT-002507,CASE-002507,ANL-4002,2026-01-05T19:34:00Z,ENDPOINT_LOG,Splunk ES,REF-53993,Supports investigation finding
EVD-002098,ALT-002511,CASE-002511,ANL-4013,2026-01-05T09:14:00Z,AUTHENTICATION_LOG,Elastic Security,REF-52651,Supports investigation finding
EVD-002099,ALT-002512,CASE-002512,ANL-4005,2026-01-05T16:04:00Z,ENDPOINT_LOG,IBM QRadar,REF-69283,Supports investigation finding
EVD-002100,ALT-002514,CASE-002514,ANL-4004,2026-01-05T23:36:00Z,ENDPOINT_LOG,Splunk ES,REF-34888,Supports investigation finding
EVD-002101,ALT-002515,CASE-002515,ANL-4003,2026-01-05T23:58:00Z,SIEM_LOG,IBM QRadar,REF-71177,Supports investigation finding
EVD-002102,ALT-002516,CASE-002516,ANL-4006,2026-01-05T09:39:00Z,AUTHENTICATION_LOG,Splunk ES,REF-12822,Supports investigation finding
EVD-002103,ALT-002517,CASE-002517,ANL-4004,2026-01-05T04:06:00Z,ENDPOINT_LOG,Microsoft Sentinel,REF-10856,Supports investigation finding
EVD-002104,ALT-002519,CASE-002519,ANL-4010,2026-01-05T20:21:00Z,PROCESS_TREE,Splunk ES,REF-85526,Supports investigation finding
EVD-002105,ALT-002520,CASE-002520,ANL-4009,2026-01-05T12:42:00Z,CASE_NOTE,Microsoft Sentinel,REF-61102,Supports investigation finding
EVD-002106,ALT-002521,CASE-002521,ANL-4013,2026-01-06T10:41:00Z,AUTHENTICATION_LOG,Elastic Security,REF-24052,Supports investigation finding
EVD-002107,ALT-002522,CASE-002522,ANL-4004,2026-01-06T14:41:00Z,SIEM_LOG,IBM QRadar,REF-88524,Supports investigation finding
EVD-002108,ALT-002523,CASE-002523,ANL-4001,2026-01-06T04:59:00Z,THREAT_INTELLIGENCE,IBM QRadar,REF-31287,Supports investigation finding
EVD-002109,ALT-002525,CASE-002525,ANL-4001,2026-01-06T20:22:00Z,AUTHENTICATION_LOG,IBM QRadar,REF-81940,Supports investigation finding
EVD-002110,ALT-002527,CASE-002527,ANL-4003,2026-01-06T13:08:00Z,ENDPOINT_LOG,Elastic Security,REF-40524,Supports investigation finding
EVD-002111,ALT-002528,CASE-002528,ANL-4012,2026-01-06T12:05:00Z,CASE_NOTE,IBM QRadar,REF-46457,Supports investigation finding
EVD-002112,ALT-002529,CASE-002529,ANL-4011,2026-01-06T00:52:00Z,ENDPOINT_LOG,Splunk ES,REF-73804,Supports investigation finding
EVD-002113,ALT-002531,CASE-002531,ANL-4011,2026-01-06T04:25:00Z,THREAT_INTELLIGENCE,Splunk ES,REF-90674,Supports investigation finding
EVD-002114,ALT-002533,CASE-002533,ANL-4007,2026-01-06T15:42:00Z,THREAT_INTELLIGENCE,Splunk ES,REF-80893,Supports investigation finding
EVD-002115,ALT-002534,CASE-002534,ANL-4004,2026-01-06T15:35:00Z,SIEM_LOG,Elastic Security,REF-86842,Supports investigation finding
EVD-002116,ALT-002535,CASE-002535,ANL-4004,2026-01-06T22:18:00Z,ENDPOINT_LOG,Microsoft Sentinel,REF-19716,Supports investigation finding
EVD-002117,ALT-002536,CASE-002536,ANL-4008,2026-01-06T01:49:00Z,NETWORK_LOG,IBM QRadar,REF-36166,Supports investigation finding
EVD-002118,ALT-002537,CASE-002537,ANL-4003,2026-01-06T14:08:00Z,CASE_NOTE,Splunk ES,REF-97036,Supports investigation finding
EVD-002119,ALT-002538,CASE-002538,ANL-4002,2026-01-06T19:14:00Z,AUTHENTICATION_LOG,Microsoft Sentinel,REF-24447,Supports investigation finding
EVD-002120,ALT-002539,CASE-002539,ANL-4002,2026-01-06T16:28:00Z,PROCESS_TREE,IBM QRadar,REF-61765,Supports investigation finding
EVD-002121,ALT-002540,CASE-002540,ANL-4008,2026-01-06T19:16:00Z,SIEM_LOG,IBM QRadar,REF-33527,Supports investigation finding
EVD-002122,ALT-002541,CASE-002541,ANL-4001,2026-01-06T13:30:00Z,PROCESS_TREE,Splunk ES,REF-90660,Supports investigation finding
EVD-002123,ALT-002542,CASE-002542,ANL-4009,2026-01-07T00:08:00Z,AUTHENTICATION_LOG,Elastic Security,REF-67106,Supports investigation finding
EVD-002124,ALT-002547,CASE-002547,ANL-4012,2026-01-06T07:25:00Z,NETWORK_LOG,Splunk ES,REF-41176,Supports investigation finding
EVD-002125,ALT-002548,CASE-002548,ANL-4005,2026-01-06T23:17:00Z,THREAT_INTELLIGENCE,Microsoft Sentinel,REF-40111,Supports investigation finding
EVD-002126,ALT-002549,CASE-002549,ANL-4001,2026-01-06T23:59:00Z,AUTHENTICATION_LOG,IBM QRadar,REF-35125,Supports investigation finding
EVD-002127,ALT-002550,CASE-002550,ANL-4009,2026-01-06T05:28:00Z,SIEM_LOG,Elastic Security,REF-86192,Supports investigation finding
EVD-002128,ALT-002552,CASE-002552,ANL-4008,2026-01-06T05:24:00Z,PROCESS_TREE,Splunk ES,REF-88281,Supports investigation finding
EVD-002129,ALT-002554,CASE-002554,ANL-4004,2026-01-06T11:40:00Z,CASE_NOTE,Splunk ES,REF-54509,Supports investigation finding
EVD-002130,ALT-002555,CASE-002555,ANL-4010,2026-01-06T13:38:00Z,PROCESS_TREE,Elastic Security,REF-37563,Supports investigation finding
EVD-002131,ALT-002556,CASE-002556,ANL-4009,2026-01-06T11:18:00Z,CASE_NOTE,Microsoft Sentinel,REF-26301,Supports investigation finding
EVD-002132,ALT-002558,CASE-002558,ANL-4005,2026-01-06T23:23:00Z,CASE_NOTE,IBM QRadar,REF-44203,Supports investigation finding
EVD-002133,ALT-002560,CASE-002560,ANL-4007,2026-01-06T23:09:00Z,NETWORK_LOG,Splunk ES,REF-14462,Supports investigation finding
EVD-002134,ALT-002561,CASE-002561,ANL-4002,2026-01-07T06:29:00Z,THREAT_INTELLIGENCE,Microsoft Sentinel,REF-47096,Supports investigation finding
EVD-002135,ALT-002562,CASE-002562,ANL-4001,2026-01-07T04:17:00Z,PROCESS_TREE,Splunk ES,REF-36139,Supports investigation finding
EVD-002136,ALT-002563,CASE-002563,ANL-4005,2026-01-08T02:20:00Z,ENDPOINT_LOG,Microsoft Sentinel,REF-73024,Supports investigation finding
EVD-002137,ALT-002564,CASE-002564,ANL-4010,2026-01-07T02:19:00Z,THREAT_INTELLIGENCE,Splunk ES,REF-81781,Supports investigation finding
EVD-002138,ALT-002566,CASE-002566,ANL-4009,2026-01-07T09:56:00Z,ENDPOINT_LOG,IBM QRadar,REF-42591,Supports investigation finding
EVD-002139,ALT-002568,CASE-002568,ANL-4012,2026-01-07T18:55:00Z,AUTHENTICATION_LOG,Splunk ES,REF-82415,Supports investigation finding
EVD-002140,ALT-002569,CASE-002569,ANL-4002,2026-01-07T11:14:00Z,ENDPOINT_LOG,Splunk ES,REF-59335,Supports investigation finding
EVD-002141,ALT-002570,CASE-002570,ANL-4012,2026-01-07T05:01:00Z,THREAT_INTELLIGENCE,Microsoft Sentinel,REF-17875,Supports investigation finding
EVD-002142,ALT-002572,CASE-002572,ANL-4002,2026-01-07T22:42:00Z,ENDPOINT_LOG,Splunk ES,REF-42715,Supports investigation finding
EVD-002143,ALT-002573,CASE-002573,ANL-4012,2026-01-08T00:48:00Z,THREAT_INTELLIGENCE,Elastic Security,REF-71920,Supports investigation finding
EVD-002144,ALT-002574,CASE-002574,ANL-4004,2026-01-07T18:17:00Z,ENDPOINT_LOG,Splunk ES,REF-41615,Supports investigation finding
EVD-002145,ALT-002576,CASE-002576,ANL-4004,2026-01-07T11:29:00Z,CASE_NOTE,Splunk ES,REF-98534,Supports investigation finding
EVD-002146,ALT-002577,CASE-002577,ANL-4002,2026-01-07T19:06:00Z,ENDPOINT_LOG,Splunk ES,REF-37761,Supports investigation finding
EVD-002147,ALT-002581,CASE-002581,ANL-4002,2026-01-07T05:21:00Z,CASE_NOTE,Elastic Security,REF-70732,Supports investigation finding
EVD-002148,ALT-002582,CASE-002582,ANL-4005,2026-01-07T20:23:00Z,CASE_NOTE,IBM QRadar,REF-90173,Supports investigation finding
EVD-002149,ALT-002583,CASE-002583,ANL-4006,2026-01-07T23:36:00Z,ENDPOINT_LOG,Splunk ES,REF-97850,Supports investigation finding
EVD-002150,ALT-002584,CASE-002584,ANL-4008,2026-01-07T09:02:00Z,AUTHENTICATION_LOG,Elastic Security,REF-62767,Supports investigation finding
EVD-002151,ALT-002586,CASE-002586,ANL-4002,2026-01-07T11:21:00Z,AUTHENTICATION_LOG,Splunk ES,REF-26765,Supports investigation finding
EVD-002152,ALT-002587,CASE-002587,ANL-4001,2026-01-08T01:28:00Z,NETWORK_LOG,Elastic Security,REF-30952,Supports investigation finding
EVD-002153,ALT-002588,CASE-002588,ANL-4010,2026-01-07T10:28:00Z,NETWORK_LOG,IBM QRadar,REF-58120,Supports investigation finding
EVD-002154,ALT-002591,CASE-002591,ANL-4010,2026-01-07T07:35:00Z,NETWORK_LOG,Elastic Security,REF-90883,Supports investigation finding
EVD-002155,ALT-002592,CASE-002592,ANL-4005,2026-01-07T15:15:00Z,THREAT_INTELLIGENCE,IBM QRadar,REF-73661,Supports investigation finding
EVD-002156,ALT-002594,CASE-002594,ANL-4013,2026-01-07T14:59:00Z,ENDPOINT_LOG,Elastic Security,REF-81260,Supports investigation finding
EVD-002157,ALT-002595,CASE-002595,ANL-4013,2026-01-07T19:40:00Z,NETWORK_LOG,Elastic Security,REF-38300,Supports investigation finding
EVD-002158,ALT-002596,CASE-002596,ANL-4008,2026-01-07T15:29:00Z,THREAT_INTELLIGENCE,Splunk ES,REF-53453,Supports investigation finding
EVD-002159,ALT-002598,CASE-002598,ANL-4003,2026-01-07T02:11:00Z,NETWORK_LOG,Microsoft Sentinel,REF-86173,Supports investigation finding
EVD-002160,ALT-002601,CASE-002601,ANL-4003,2026-01-08T21:47:00Z,CASE_NOTE,Microsoft Sentinel,REF-93959,Supports investigation finding
EVD-002161,ALT-002604,CASE-002604,ANL-4004,2026-01-09T00:38:00Z,ENDPOINT_LOG,Elastic Security,REF-39731,Supports investigation finding
EVD-002162,ALT-002606,CASE-002606,ANL-4007,2026-01-08T21:00:00Z,ENDPOINT_LOG,IBM QRadar,REF-34172,Supports investigation finding
EVD-002163,ALT-002608,CASE-002608,ANL-4010,2026-01-08T23:55:00Z,ENDPOINT_LOG,Splunk ES,REF-97682,Supports investigation finding
EVD-002164,ALT-002609,CASE-002609,ANL-4002,2026-01-08T07:09:00Z,AUTHENTICATION_LOG,Microsoft Sentinel,REF-34235,Supports investigation finding
EVD-002165,ALT-002610,CASE-002610,ANL-4010,2026-01-08T02:29:00Z,ENDPOINT_LOG,Microsoft Sentinel,REF-29024,Supports investigation finding
EVD-002166,ALT-002611,CASE-002611,ANL-4002,2026-01-08T01:38:00Z,SIEM_LOG,IBM QRadar,REF-41762,Supports investigation finding
EVD-002167,ALT-002612,CASE-002612,ANL-4010,2026-01-08T18:08:00Z,THREAT_INTELLIGENCE,IBM QRadar,REF-80759,Supports investigation finding
EVD-002168,ALT-002613,CASE-002613,ANL-4012,2026-01-08T06:42:00Z,ENDPOINT_LOG,Microsoft Sentinel,REF-75115,Supports investigation finding
EVD-002169,ALT-002616,CASE-002616,ANL-4004,2026-01-08T09:09:00Z,PROCESS_TREE,IBM QRadar,REF-29419,Supports investigation finding
EVD-002170,ALT-002617,CASE-002617,ANL-4011,2026-01-08T05:47:00Z,ENDPOINT_LOG,Elastic Security,REF-52463,Supports investigation finding
EVD-002171,ALT-002618,CASE-002618,ANL-4001,2026-01-08T22:32:00Z,THREAT_INTELLIGENCE,Microsoft Sentinel,REF-89810,Supports investigation finding
EVD-002172,ALT-002622,CASE-002622,ANL-4004,2026-01-09T02:13:00Z,PROCESS_TREE,Microsoft Sentinel,REF-92953,Supports investigation finding
EVD-002173,ALT-002623,CASE-002623,ANL-4009,2026-01-08T21:11:00Z,CASE_NOTE,Elastic Security,REF-19146,Supports investigation finding
EVD-002174,ALT-002624,CASE-002624,ANL-4007,2026-01-08T02:50:00Z,AUTHENTICATION_LOG,IBM QRadar,REF-32016,Supports investigation finding
EVD-002175,ALT-002625,CASE-002625,ANL-4007,2026-01-08T11:26:00Z,PROCESS_TREE,Microsoft Sentinel,REF-49639,Supports investigation finding
EVD-002176,ALT-002629,CASE-002629,ANL-4004,2026-01-08T03:57:00Z,AUTHENTICATION_LOG,IBM QRadar,REF-60063,Supports investigation finding
EVD-002177,ALT-002630,CASE-002630,ANL-4007,2026-01-08T20:21:00Z,SIEM_LOG,IBM QRadar,REF-48966,Supports investigation finding
EVD-002178,ALT-002631,CASE-002631,ANL-4006,2026-01-08T06:24:00Z,SIEM_LOG,Splunk ES,REF-29919,Supports investigation finding
EVD-002179,ALT-002632,CASE-002632,ANL-4012,2026-01-08T18:41:00Z,CASE_NOTE,Microsoft Sentinel,REF-40373,Supports investigation finding
EVD-002180,ALT-002634,CASE-002634,ANL-4008,2026-01-08T12:33:00Z,AUTHENTICATION_LOG,Splunk ES,REF-22927,Supports investigation finding
EVD-002181,ALT-002635,CASE-002635,ANL-4005,2026-01-08T16:43:00Z,NETWORK_LOG,Microsoft Sentinel,REF-76673,Supports investigation finding
EVD-002182,ALT-002636,CASE-002636,ANL-4010,2026-01-08T16:48:00Z,AUTHENTICATION_LOG,Microsoft Sentinel,REF-91281,Supports investigation finding
EVD-002183,ALT-002637,CASE-002637,ANL-4003,2026-01-08T19:58:00Z,AUTHENTICATION_LOG,Elastic Security,REF-94090,Supports investigation finding
EVD-002184,ALT-002640,CASE-002640,ANL-4012,2026-01-09T06:35:00Z,ENDPOINT_LOG,Microsoft Sentinel,REF-55260,Supports investigation finding
EVD-002185,ALT-002642,CASE-002642,ANL-4005,2026-01-09T20:34:00Z,THREAT_INTELLIGENCE,Elastic Security,REF-69911,Supports investigation finding
EVD-002186,ALT-002646,CASE-002646,ANL-4013,2026-01-09T08:06:00Z,CASE_NOTE,Microsoft Sentinel,REF-85840,Supports investigation finding
EVD-002187,ALT-002647,CASE-002647,ANL-4001,2026-01-09T11:58:00Z,PROCESS_TREE,Elastic Security,REF-30120,Supports investigation finding
EVD-002188,ALT-002648,CASE-002648,ANL-4006,2026-01-09T14:09:00Z,ENDPOINT_LOG,IBM QRadar,REF-61431,Supports investigation finding
EVD-002189,ALT-002651,CASE-002651,ANL-4011,2026-01-09T17:18:00Z,ENDPOINT_LOG,Elastic Security,REF-59021,Supports investigation finding
EVD-002190,ALT-002652,CASE-002652,ANL-4003,2026-01-09T11:36:00Z,ENDPOINT_LOG,IBM QRadar,REF-11302,Supports investigation finding
EVD-002191,ALT-002653,CASE-002653,ANL-4012,2026-01-09T03:01:00Z,SIEM_LOG,Splunk ES,REF-10315,Supports investigation finding
EVD-002192,ALT-002654,CASE-002654,ANL-4002,2026-01-09T17:45:00Z,NETWORK_LOG,Splunk ES,REF-18288,Supports investigation finding
EVD-002193,ALT-002656,CASE-002656,ANL-4010,2026-01-09T11:08:00Z,PROCESS_TREE,Microsoft Sentinel,REF-56519,Supports investigation finding
EVD-002194,ALT-002662,CASE-002662,ANL-4003,2026-01-09T07:13:00Z,CASE_NOTE,Microsoft Sentinel,REF-64571,Supports investigation finding
EVD-002195,ALT-002667,CASE-002667,ANL-4001,2026-01-09T08:00:00Z,NETWORK_LOG,IBM QRadar,REF-46360,Supports investigation finding
EVD-002196,ALT-002668,CASE-002668,ANL-4013,2026-01-10T03:45:00Z,SIEM_LOG,Elastic Security,REF-52102,Supports investigation finding
EVD-002197,ALT-002669,CASE-002669,ANL-4008,2026-01-09T12:28:00Z,CASE_NOTE,Elastic Security,REF-15643,Supports investigation finding
EVD-002198,ALT-002672,CASE-002672,ANL-4009,2026-01-09T20:38:00Z,SIEM_LOG,Elastic Security,REF-58960,Supports investigation finding
EVD-002199,ALT-002673,CASE-002673,ANL-4006,2026-01-09T14:38:00Z,PROCESS_TREE,Splunk ES,REF-86661,Supports investigation finding
EVD-002200,ALT-002674,CASE-002674,ANL-4008,2026-01-09T16:22:00Z,ENDPOINT_LOG,Splunk ES,REF-27177,Supports investigation finding
EVD-002201,ALT-002675,CASE-002675,ANL-4002,2026-01-09T09:40:00Z,THREAT_INTELLIGENCE,Splunk ES,REF-45303,Supports investigation finding
EVD-002202,ALT-002676,CASE-002676,ANL-4007,2026-01-09T18:50:00Z,PROCESS_TREE,IBM QRadar,REF-27382,Supports investigation finding
EVD-002203,ALT-002677,CASE-002677,ANL-4001,2026-01-09T03:06:00Z,ENDPOINT_LOG,Splunk ES,REF-89826,Supports investigation finding
EVD-002204,ALT-002679,CASE-002679,ANL-4008,2026-01-09T23:52:00Z,CASE_NOTE,IBM QRadar,REF-25263,Supports investigation finding
EVD-002205,ALT-002681,CASE-002681,ANL-4003,2026-01-10T00:28:00Z,NETWORK_LOG,Microsoft Sentinel,REF-69099,Supports investigation finding
EVD-002206,ALT-002682,CASE-002682,ANL-4001,2026-01-10T04:24:00Z,CASE_NOTE,Microsoft Sentinel,REF-72121,Supports investigation finding
EVD-002207,ALT-002683,CASE-002683,ANL-4002,2026-01-09T23:40:00Z,ENDPOINT_LOG,Splunk ES,REF-93686,Supports investigation finding
EVD-002208,ALT-002684,CASE-002684,ANL-4013,2026-01-10T00:54:00Z,THREAT_INTELLIGENCE,Elastic Security,REF-47136,Supports investigation finding
EVD-002209,ALT-002685,CASE-002685,ANL-4001,2026-01-09T12:54:00Z,THREAT_INTELLIGENCE,Microsoft Sentinel,REF-70678,Supports investigation finding
EVD-002210,ALT-002686,CASE-002686,ANL-4007,2026-01-09T20:51:00Z,CASE_NOTE,Microsoft Sentinel,REF-16658,Supports investigation finding
EVD-002211,ALT-002689,CASE-002689,ANL-4008,2026-01-09T19:08:00Z,ENDPOINT_LOG,IBM QRadar,REF-55774,Supports investigation finding
EVD-002212,ALT-002690,CASE-002690,ANL-4009,2026-01-09T06:13:00Z,SIEM_LOG,Elastic Security,REF-32335,Supports investigation finding
EVD-002213,ALT-002693,CASE-002693,ANL-4008,2026-01-09T21:50:00Z,AUTHENTICATION_LOG,Microsoft Sentinel,REF-66721,Supports investigation finding
EVD-002214,ALT-002694,CASE-002694,ANL-4008,2026-01-09T13:09:00Z,AUTHENTICATION_LOG,Splunk ES,REF-88842,Supports investigation finding
EVD-002215,ALT-002696,CASE-002696,ANL-4003,2026-01-09T03:25:00Z,SIEM_LOG,IBM QRadar,REF-59208,Supports investigation finding
EVD-002216,ALT-002697,CASE-002697,ANL-4002,2026-01-09T03:42:00Z,NETWORK_LOG,Splunk ES,REF-54645,Supports investigation finding
EVD-002217,ALT-002698,CASE-002698,ANL-4005,2026-01-09T08:32:00Z,CASE_NOTE,Elastic Security,REF-67285,Supports investigation finding
EVD-002218,ALT-002699,CASE-002699,ANL-4009,2026-01-09T07:44:00Z,THREAT_INTELLIGENCE,Elastic Security,REF-58997,Supports investigation finding
EVD-002219,ALT-002700,CASE-002700,ANL-4005,2026-01-09T06:55:00Z,NETWORK_LOG,Microsoft Sentinel,REF-39898,Supports investigation finding
EVD-002220,ALT-002701,CASE-002701,ANL-4013,2026-01-09T13:30:00Z,SIEM_LOG,Splunk ES,REF-32866,Supports investigation finding
EVD-002221,ALT-002703,CASE-002703,ANL-4002,2026-01-09T01:27:00Z,ENDPOINT_LOG,Elastic Security,REF-34429,Supports investigation finding
EVD-002222,ALT-002705,CASE-002705,ANL-4002,2026-01-09T09:29:00Z,NETWORK_LOG,Elastic Security,REF-37007,Supports investigation finding
EVD-002223,ALT-002706,CASE-002706,ANL-4002,2026-01-09T14:03:00Z,NETWORK_LOG,Splunk ES,REF-63151,Supports investigation finding
EVD-002224,ALT-002707,CASE-002707,ANL-4007,2026-01-09T15:48:00Z,THREAT_INTELLIGENCE,Elastic Security,REF-12119,Supports investigation finding
EVD-002225,ALT-002708,CASE-002708,ANL-4013,2026-01-09T20:06:00Z,SIEM_LOG,Splunk ES,REF-25545,Supports investigation finding
EVD-002226,ALT-002710,CASE-002710,ANL-4006,2026-01-09T18:34:00Z,PROCESS_TREE,Microsoft Sentinel,REF-12658,Supports investigation finding
EVD-002227,ALT-002711,CASE-002711,ANL-4002,2026-01-09T18:39:00Z,THREAT_INTELLIGENCE,Splunk ES,REF-20362,Supports investigation finding
EVD-002228,ALT-002712,CASE-002712,ANL-4011,2026-01-09T05:33:00Z,NETWORK_LOG,Splunk ES,REF-72690,Supports investigation finding
EVD-002229,ALT-002713,CASE-002713,ANL-4012,2026-01-09T21:31:00Z,THREAT_INTELLIGENCE,Microsoft Sentinel,REF-31646,Supports investigation finding
EVD-002230,ALT-002714,CASE-002714,ANL-4007,2026-01-09T21:15:00Z,AUTHENTICATION_LOG,Elastic Security,REF-48362,Supports investigation finding
EVD-002231,ALT-002716,CASE-002716,ANL-4011,2026-01-09T19:29:00Z,AUTHENTICATION_LOG,Elastic Security,REF-96911,Supports investigation finding
EVD-002232,ALT-002717,CASE-002717,ANL-4004,2026-01-09T17:55:00Z,THREAT_INTELLIGENCE,IBM QRadar,REF-45890,Supports investigation finding
EVD-002233,ALT-002718,CASE-002718,ANL-4009,2026-01-09T11:35:00Z,PROCESS_TREE,Elastic Security,REF-32262,Supports investigation finding
EVD-002234,ALT-002719,CASE-002719,ANL-4005,2026-01-09T08:15:00Z,SIEM_LOG,IBM QRadar,REF-51024,Supports investigation finding
EVD-002235,ALT-002721,CASE-002721,ANL-4003,2026-01-09T12:11:00Z,AUTHENTICATION_LOG,Splunk ES,REF-57042,Supports investigation finding
EVD-002236,ALT-002722,CASE-002722,ANL-4011,2026-01-09T20:18:00Z,ENDPOINT_LOG,IBM QRadar,REF-13033,Supports investigation finding
EVD-002237,ALT-002723,CASE-002723,ANL-4007,2026-01-09T03:08:00Z,PROCESS_TREE,Splunk ES,REF-47881,Supports investigation finding
EVD-002238,ALT-002724,CASE-002724,ANL-4013,2026-01-09T04:21:00Z,AUTHENTICATION_LOG,Elastic Security,REF-63504,Supports investigation finding
EVD-002239,ALT-002725,CASE-002725,ANL-4013,2026-01-09T01:31:00Z,SIEM_LOG,Microsoft Sentinel,REF-93351,Supports investigation finding
EVD-002240,ALT-002726,CASE-002726,ANL-4006,2026-01-09T07:32:00Z,ENDPOINT_LOG,Splunk ES,REF-37669,Supports investigation finding
EVD-002241,ALT-002727,CASE-002727,ANL-4005,2026-01-09T16:50:00Z,AUTHENTICATION_LOG,Elastic Security,REF-34458,Supports investigation finding
EVD-002242,ALT-002729,CASE-002729,ANL-4001,2026-01-09T21:39:00Z,ENDPOINT_LOG,Microsoft Sentinel,REF-45674,Supports investigation finding
EVD-002243,ALT-002730,CASE-002730,ANL-4012,2026-01-09T07:10:00Z,PROCESS_TREE,Microsoft Sentinel,REF-32336,Supports investigation finding
EVD-002244,ALT-002731,CASE-002731,ANL-4007,2026-01-09T06:24:00Z,ENDPOINT_LOG,Splunk ES,REF-30261,Supports investigation finding
EVD-002245,ALT-002732,CASE-002732,ANL-4008,2026-01-09T20:11:00Z,SIEM_LOG,Splunk ES,REF-63795,Supports investigation finding
EVD-002246,ALT-002733,CASE-002733,ANL-4001,2026-01-09T10:55:00Z,AUTHENTICATION_LOG,Splunk ES,REF-14015,Supports investigation finding
EVD-002247,ALT-002735,CASE-002735,ANL-4011,2026-01-09T02:12:00Z,THREAT_INTELLIGENCE,Microsoft Sentinel,REF-75271,Supports investigation finding
EVD-002248,ALT-002736,CASE-002736,ANL-4004,2026-01-09T05:20:00Z,PROCESS_TREE,Splunk ES,REF-33630,Supports investigation finding
EVD-002249,ALT-002738,CASE-002738,ANL-4007,2026-01-09T22:04:00Z,PROCESS_TREE,IBM QRadar,REF-51301,Supports investigation finding
EVD-002250,ALT-002739,CASE-002739,ANL-4012,2026-01-09T09:10:00Z,CASE_NOTE,Microsoft Sentinel,REF-50534,Supports investigation finding
EVD-002251,ALT-002741,CASE-002741,ANL-4005,2026-01-09T23:34:00Z,THREAT_INTELLIGENCE,Splunk ES,REF-14417,Supports investigation finding
EVD-002252,ALT-002742,CASE-002742,ANL-4005,2026-01-09T02:16:00Z,AUTHENTICATION_LOG,Splunk ES,REF-34954,Supports investigation finding
EVD-002253,ALT-002744,CASE-002744,ANL-4008,2026-01-09T19:23:00Z,SIEM_LOG,Elastic Security,REF-99133,Supports investigation finding
EVD-002254,ALT-002745,CASE-002745,ANL-4003,2026-01-09T03:15:00Z,THREAT_INTELLIGENCE,Splunk ES,REF-27185,Supports investigation finding
EVD-002255,ALT-002746,CASE-002746,ANL-4012,2026-01-09T11:05:00Z,ENDPOINT_LOG,Microsoft Sentinel,REF-38614,Supports investigation finding
EVD-002256,ALT-002747,CASE-002747,ANL-4012,2026-01-09T18:46:00Z,AUTHENTICATION_LOG,Microsoft Sentinel,REF-15686,Supports investigation finding
EVD-002257,ALT-002748,CASE-002748,ANL-4012,2026-01-09T08:51:00Z,AUTHENTICATION_LOG,Elastic Security,REF-20698,Supports investigation finding
EVD-002258,ALT-002751,CASE-002751,ANL-4004,2026-01-09T03:34:00Z,AUTHENTICATION_LOG,IBM QRadar,REF-92912,Supports investigation finding
EVD-002259,ALT-002753,CASE-002753,ANL-4003,2026-01-09T08:44:00Z,PROCESS_TREE,Microsoft Sentinel,REF-58114,Supports investigation finding
EVD-002260,ALT-002755,CASE-002755,ANL-4013,2026-01-09T16:23:00Z,ENDPOINT_LOG,IBM QRadar,REF-86712,Supports investigation finding
EVD-002261,ALT-002756,CASE-002756,ANL-4004,2026-01-09T06:25:00Z,THREAT_INTELLIGENCE,Microsoft Sentinel,REF-72254,Supports investigation finding
EVD-002262,ALT-002760,CASE-002760,ANL-4009,2026-01-09T18:10:00Z,CASE_NOTE,Elastic Security,REF-20923,Supports investigation finding
EVD-002263,ALT-002761,CASE-002761,ANL-4012,2026-01-09T04:41:00Z,AUTHENTICATION_LOG,IBM QRadar,REF-81020,Supports investigation finding
EVD-002264,ALT-002762,CASE-002762,ANL-4002,2026-01-09T22:03:00Z,NETWORK_LOG,Elastic Security,REF-95438,Supports investigation finding
EVD-002265,ALT-002763,CASE-002763,ANL-4012,2026-01-09T15:25:00Z,ENDPOINT_LOG,Microsoft Sentinel,REF-61834,Supports investigation finding
EVD-002266,ALT-002764,CASE-002764,ANL-4011,2026-01-09T04:57:00Z,PROCESS_TREE,Microsoft Sentinel,REF-43389,Supports investigation finding
EVD-002267,ALT-002765,CASE-002765,ANL-4006,2026-01-09T15:27:00Z,AUTHENTICATION_LOG,Elastic Security,REF-60354,Supports investigation finding
EVD-002268,ALT-002766,CASE-002766,ANL-4002,2026-01-09T06:52:00Z,THREAT_INTELLIGENCE,Microsoft Sentinel,REF-54592,Supports investigation finding
EVD-002269,ALT-002769,CASE-002769,ANL-4009,2026-01-10T01:54:00Z,ENDPOINT_LOG,Splunk ES,REF-52033,Supports investigation finding
EVD-002270,ALT-002770,CASE-002770,ANL-4012,2026-01-09T09:02:00Z,AUTHENTICATION_LOG,Splunk ES,REF-86658,Supports investigation finding
EVD-002271,ALT-002771,CASE-002771,ANL-4006,2026-01-09T12:00:00Z,NETWORK_LOG,Splunk ES,REF-63727,Supports investigation finding
EVD-002272,ALT-002772,CASE-002772,ANL-4006,2026-01-09T04:39:00Z,AUTHENTICATION_LOG,Microsoft Sentinel,REF-87807,Supports investigation finding
EVD-002273,ALT-002773,CASE-002773,ANL-4012,2026-01-09T14:47:00Z,PROCESS_TREE,Microsoft Sentinel,REF-10740,Supports investigation finding
EVD-002274,ALT-002780,CASE-002780,ANL-4002,2026-01-09T22:21:00Z,SIEM_LOG,Elastic Security,REF-97527,Supports investigation finding
EVD-002275,ALT-002781,CASE-002781,ANL-4006,2026-01-09T18:04:00Z,SIEM_LOG,Splunk ES,REF-21773,Supports investigation finding
EVD-002276,ALT-002782,CASE-002782,ANL-4009,2026-01-09T06:16:00Z,CASE_NOTE,Elastic Security,REF-10849,Supports investigation finding
EVD-002277,ALT-002783,CASE-002783,ANL-4007,2026-01-09T20:33:00Z,SIEM_LOG,Splunk ES,REF-89391,Supports investigation finding
EVD-002278,ALT-002784,CASE-002784,ANL-4007,2026-01-09T15:02:00Z,SIEM_LOG,Splunk ES,REF-87948,Supports investigation finding
EVD-002279,ALT-002788,CASE-002788,ANL-4007,2026-01-09T11:10:00Z,PROCESS_TREE,Elastic Security,REF-71686,Supports investigation finding
EVD-002280,ALT-002789,CASE-002789,ANL-4007,2026-01-09T16:51:00Z,SIEM_LOG,Elastic Security,REF-55105,Supports investigation finding
EVD-002281,ALT-002790,CASE-002790,ANL-4003,2026-01-09T17:15:00Z,ENDPOINT_LOG,Microsoft Sentinel,REF-42238,Supports investigation finding
EVD-002282,ALT-002791,CASE-002791,ANL-4001,2026-01-09T09:31:00Z,PROCESS_TREE,IBM QRadar,REF-38336,Supports investigation finding
EVD-002283,ALT-002793,CASE-002793,ANL-4004,2026-01-09T19:25:00Z,SIEM_LOG,Microsoft Sentinel,REF-11577,Supports investigation finding
EVD-002284,ALT-002795,CASE-002795,ANL-4012,2026-01-09T21:10:00Z,NETWORK_LOG,IBM QRadar,REF-10477,Supports investigation finding
EVD-002285,ALT-002796,CASE-002796,ANL-4002,2026-01-09T05:49:00Z,NETWORK_LOG,IBM QRadar,REF-86863,Supports investigation finding
EVD-002286,ALT-002797,CASE-002797,ANL-4005,2026-01-09T12:28:00Z,THREAT_INTELLIGENCE,Elastic Security,REF-84227,Supports investigation finding
EVD-002287,ALT-002799,CASE-002799,ANL-4009,2026-01-09T09:37:00Z,PROCESS_TREE,Splunk ES,REF-63562,Supports investigation finding
EVD-002288,ALT-002800,CASE-002800,ANL-4002,2026-01-09T10:40:00Z,SIEM_LOG,IBM QRadar,REF-70790,Supports investigation finding
EVD-002289,ALT-002801,CASE-002801,ANL-4013,2026-01-09T18:19:00Z,CASE_NOTE,Splunk ES,REF-71550,Supports investigation finding
EVD-002290,ALT-002802,CASE-002802,ANL-4011,2026-01-09T04:10:00Z,ENDPOINT_LOG,Splunk ES,REF-13815,Supports investigation finding
EVD-002291,ALT-002803,CASE-002803,ANL-4009,2026-01-09T06:49:00Z,SIEM_LOG,Elastic Security,REF-83299,Supports investigation finding
EVD-002292,ALT-002804,CASE-002804,ANL-4001,2026-01-09T07:47:00Z,SIEM_LOG,Elastic Security,REF-38533,Supports investigation finding
EVD-002293,ALT-002806,CASE-002806,ANL-4008,2026-01-09T14:41:00Z,ENDPOINT_LOG,Splunk ES,REF-36151,Supports investigation finding
EVD-002294,ALT-002807,CASE-002807,ANL-4005,2026-01-09T18:19:00Z,THREAT_INTELLIGENCE,Elastic Security,REF-11155,Supports investigation finding
EVD-002295,ALT-002808,CASE-002808,ANL-4012,2026-01-09T09:48:00Z,SIEM_LOG,IBM QRadar,REF-32283,Supports investigation finding
EVD-002296,ALT-002810,CASE-002810,ANL-4002,2026-01-09T23:04:00Z,CASE_NOTE,IBM QRadar,REF-97696,Supports investigation finding
EVD-002297,ALT-002811,CASE-002811,ANL-4009,2026-01-09T17:21:00Z,CASE_NOTE,IBM QRadar,REF-64454,Supports investigation finding
EVD-002298,ALT-002812,CASE-002812,ANL-4009,2026-01-09T16:55:00Z,SIEM_LOG,Elastic Security,REF-53482,Supports investigation finding
EVD-002299,ALT-002813,CASE-002813,ANL-4008,2026-01-09T19:54:00Z,THREAT_INTELLIGENCE,Microsoft Sentinel,REF-23750,Supports investigation finding
EVD-002300,ALT-002814,CASE-002814,ANL-4003,2026-01-09T16:42:00Z,PROCESS_TREE,Elastic Security,REF-98612,Supports investigation finding
EVD-002301,ALT-002815,CASE-002815,ANL-4007,2026-01-09T13:45:00Z,AUTHENTICATION_LOG,Splunk ES,REF-18862,Supports investigation finding
EVD-002302,ALT-002818,CASE-002818,ANL-4010,2026-01-09T12:41:00Z,NETWORK_LOG,IBM QRadar,REF-25616,Supports investigation finding
EVD-002303,ALT-002819,CASE-002819,ANL-4007,2026-01-09T01:42:00Z,PROCESS_TREE,Elastic Security,REF-52212,Supports investigation finding
EVD-002304,ALT-002820,CASE-002820,ANL-4011,2026-01-09T22:58:00Z,CASE_NOTE,Microsoft Sentinel,REF-60139,Supports investigation finding
EVD-002305,ALT-002821,CASE-002821,ANL-4005,2026-01-09T21:25:00Z,SIEM_LOG,Elastic Security,REF-92447,Supports investigation finding
EVD-002306,ALT-002822,CASE-002822,ANL-4009,2026-01-09T20:25:00Z,CASE_NOTE,Elastic Security,REF-93505,Supports investigation finding
EVD-002307,ALT-002823,CASE-002823,ANL-4012,2026-01-10T00:23:00Z,ENDPOINT_LOG,Elastic Security,REF-42748,Supports investigation finding
EVD-002308,ALT-002824,CASE-002824,ANL-4010,2026-01-10T00:28:00Z,THREAT_INTELLIGENCE,Elastic Security,REF-84078,Supports investigation finding
EVD-002309,ALT-002825,CASE-002825,ANL-4008,2026-01-09T02:59:00Z,AUTHENTICATION_LOG,Microsoft Sentinel,REF-96247,Supports investigation finding
EVD-002310,ALT-002826,CASE-002826,ANL-4008,2026-01-09T01:53:00Z,THREAT_INTELLIGENCE,Splunk ES,REF-28313,Supports investigation finding
EVD-002311,ALT-002827,CASE-002827,ANL-4011,2026-01-09T19:58:00Z,CASE_NOTE,Microsoft Sentinel,REF-58805,Supports investigation finding
EVD-002312,ALT-002829,CASE-002829,ANL-4006,2026-01-09T06:42:00Z,THREAT_INTELLIGENCE,Elastic Security,REF-75685,Supports investigation finding
EVD-002313,ALT-002830,CASE-002830,ANL-4003,2026-01-09T05:18:00Z,SIEM_LOG,Microsoft Sentinel,REF-67181,Supports investigation finding
EVD-002314,ALT-002831,CASE-002831,ANL-4009,2026-01-09T16:39:00Z,CASE_NOTE,Microsoft Sentinel,REF-45884,Supports investigation finding
EVD-002315,ALT-002832,CASE-002832,ANL-4011,2026-01-09T16:00:00Z,SIEM_LOG,Elastic Security,REF-75606,Supports investigation finding
EVD-002316,ALT-002833,CASE-002833,ANL-4009,2026-01-09T04:29:00Z,PROCESS_TREE,Splunk ES,REF-27646,Supports investigation finding
EVD-002317,ALT-002834,CASE-002834,ANL-4004,2026-01-09T20:28:00Z,NETWORK_LOG,Elastic Security,REF-11096,Supports investigation finding
EVD-002318,ALT-002835,CASE-002835,ANL-4009,2026-01-09T18:15:00Z,THREAT_INTELLIGENCE,Microsoft Sentinel,REF-83136,Supports investigation finding
EVD-002319,ALT-002837,CASE-002837,ANL-4013,2026-01-09T01:15:00Z,SIEM_LOG,Splunk ES,REF-38477,Supports investigation finding
EVD-002320,ALT-002840,CASE-002840,ANL-4004,2026-01-09T06:03:00Z,ENDPOINT_LOG,Splunk ES,REF-24726,Supports investigation finding
EVD-002321,ALT-002842,CASE-002842,ANL-4012,2026-01-09T07:01:00Z,CASE_NOTE,Microsoft Sentinel,REF-29731,Supports investigation finding
EVD-002322,ALT-002843,CASE-002843,ANL-4009,2026-01-09T20:08:00Z,THREAT_INTELLIGENCE,Splunk ES,REF-15895,Supports investigation finding
EVD-002323,ALT-002844,CASE-002844,ANL-4006,2026-01-09T19:43:00Z,SIEM_LOG,Microsoft Sentinel,REF-96260,Supports investigation finding
EVD-002324,ALT-002845,CASE-002845,ANL-4011,2026-01-09T22:06:00Z,CASE_NOTE,Microsoft Sentinel,REF-61631,Supports investigation finding
EVD-002325,ALT-002846,CASE-002846,ANL-4011,2026-01-09T06:51:00Z,SIEM_LOG,IBM QRadar,REF-11289,Supports investigation finding
EVD-002326,ALT-002848,CASE-002848,ANL-4003,2026-01-09T13:43:00Z,NETWORK_LOG,IBM QRadar,REF-76364,Supports investigation finding
EVD-002327,ALT-002849,CASE-002849,ANL-4003,2026-01-09T03:33:00Z,PROCESS_TREE,Elastic Security,REF-99941,Supports investigation finding
EVD-002328,ALT-002850,CASE-002850,ANL-4001,2026-01-09T04:29:00Z,THREAT_INTELLIGENCE,IBM QRadar,REF-25198,Supports investigation finding
EVD-002329,ALT-002852,CASE-002852,ANL-4008,2026-01-09T23:46:00Z,PROCESS_TREE,Microsoft Sentinel,REF-14015,Supports investigation finding
EVD-002330,ALT-002853,CASE-002853,ANL-4005,2026-01-09T12:51:00Z,CASE_NOTE,Microsoft Sentinel,REF-91103,Supports investigation finding
EVD-002331,ALT-002854,CASE-002854,ANL-4009,2026-01-09T07:24:00Z,PROCESS_TREE,Elastic Security,REF-50363,Supports investigation finding
EVD-002332,ALT-002855,CASE-002855,ANL-4004,2026-01-10T00:32:00Z,PROCESS_TREE,Microsoft Sentinel,REF-74597,Supports investigation finding
EVD-002333,ALT-002856,CASE-002856,ANL-4004,2026-01-09T06:42:00Z,NETWORK_LOG,Splunk ES,REF-10238,Supports investigation finding
EVD-002334,ALT-002857,CASE-002857,ANL-4013,2026-01-09T17:18:00Z,PROCESS_TREE,Elastic Security,REF-98336,Supports investigation finding
EVD-002335,ALT-002858,CASE-002858,ANL-4003,2026-01-09T08:17:00Z,NETWORK_LOG,Splunk ES,REF-47370,Supports investigation finding
EVD-002336,ALT-002859,CASE-002859,ANL-4002,2026-01-09T23:29:00Z,AUTHENTICATION_LOG,IBM QRadar,REF-28702,Supports investigation finding
EVD-002337,ALT-002860,CASE-002860,ANL-4011,2026-01-09T16:55:00Z,PROCESS_TREE,Microsoft Sentinel,REF-77678,Supports investigation finding
EVD-002338,ALT-002861,CASE-002861,ANL-4006,2026-01-09T20:49:00Z,THREAT_INTELLIGENCE,Microsoft Sentinel,REF-37190,Supports investigation finding
EVD-002339,ALT-002862,CASE-002862,ANL-4005,2026-01-09T06:20:00Z,ENDPOINT_LOG,IBM QRadar,REF-32219,Supports investigation finding
EVD-002340,ALT-002863,CASE-002863,ANL-4008,2026-01-09T10:20:00Z,CASE_NOTE,Microsoft Sentinel,REF-17370,Supports investigation finding
EVD-002341,ALT-002864,CASE-002864,ANL-4008,2026-01-09T02:32:00Z,SIEM_LOG,Microsoft Sentinel,REF-78260,Supports investigation finding
EVD-002342,ALT-002866,CASE-002866,ANL-4001,2026-01-09T17:08:00Z,SIEM_LOG,Microsoft Sentinel,REF-92577,Supports investigation finding
EVD-002343,ALT-002867,CASE-002867,ANL-4010,2026-01-09T03:03:00Z,SIEM_LOG,Microsoft Sentinel,REF-39624,Supports investigation finding
EVD-002344,ALT-002868,CASE-002868,ANL-4005,2026-01-09T12:26:00Z,ENDPOINT_LOG,Microsoft Sentinel,REF-85833,Supports investigation finding
EVD-002345,ALT-002869,CASE-002869,ANL-4004,2026-01-09T18:10:00Z,PROCESS_TREE,Elastic Security,REF-35580,Supports investigation finding
EVD-002346,ALT-002870,CASE-002870,ANL-4002,2026-01-09T17:00:00Z,PROCESS_TREE,Splunk ES,REF-78342,Supports investigation finding
EVD-002347,ALT-002872,CASE-002872,ANL-4002,2026-01-09T13:59:00Z,THREAT_INTELLIGENCE,Microsoft Sentinel,REF-42073,Supports investigation finding
EVD-002348,ALT-002875,CASE-002875,ANL-4001,2026-01-09T13:18:00Z,NETWORK_LOG,Splunk ES,REF-33851,Supports investigation finding
EVD-002349,ALT-002876,CASE-002876,ANL-4009,2026-01-09T21:37:00Z,PROCESS_TREE,Microsoft Sentinel,REF-76155,Supports investigation finding
EVD-002350,ALT-002878,CASE-002878,ANL-4013,2026-01-09T01:38:00Z,AUTHENTICATION_LOG,IBM QRadar,REF-27611,Supports investigation finding
EVD-002351,ALT-002880,CASE-002880,ANL-4012,2026-01-09T22:40:00Z,AUTHENTICATION_LOG,Splunk ES,REF-61566,Supports investigation finding
EVD-002352,ALT-002881,CASE-002881,ANL-4005,2026-01-09T22:16:00Z,CASE_NOTE,Microsoft Sentinel,REF-85673,Supports investigation finding
EVD-002353,ALT-002882,CASE-002882,ANL-4008,2026-01-09T02:03:00Z,NETWORK_LOG,Microsoft Sentinel,REF-79668,Supports investigation finding
EVD-002354,ALT-002883,CASE-002883,ANL-4006,2026-01-09T15:47:00Z,THREAT_INTELLIGENCE,Splunk ES,REF-54425,Supports investigation finding
EVD-002355,ALT-002884,CASE-002884,ANL-4013,2026-01-09T12:19:00Z,PROCESS_TREE,Elastic Security,REF-33323,Supports investigation finding
EVD-002356,ALT-002885,CASE-002885,ANL-4013,2026-01-09T11:25:00Z,CASE_NOTE,Microsoft Sentinel,REF-30024,Supports investigation finding
EVD-002357,ALT-002887,CASE-002887,ANL-4006,2026-01-09T19:18:00Z,THREAT_INTELLIGENCE,Microsoft Sentinel,REF-97893,Supports investigation finding
EVD-002358,ALT-002888,CASE-002888,ANL-4013,2026-01-09T02:58:00Z,SIEM_LOG,Elastic Security,REF-55935,Supports investigation finding
EVD-002359,ALT-002889,CASE-002889,ANL-4005,2026-01-09T03:13:00Z,ENDPOINT_LOG,Splunk ES,REF-66557,Supports investigation finding
EVD-002360,ALT-002890,CASE-002890,ANL-4011,2026-01-09T06:54:00Z,ENDPOINT_LOG,Elastic Security,REF-16975,Supports investigation finding
EVD-002361,ALT-002891,CASE-002891,ANL-4004,2026-01-09T06:01:00Z,AUTHENTICATION_LOG,Microsoft Sentinel,REF-79544,Supports investigation finding
EVD-002362,ALT-002894,CASE-002894,ANL-4013,2026-01-09T13:21:00Z,SIEM_LOG,Elastic Security,REF-53561,Supports investigation finding
EVD-002363,ALT-002895,CASE-002895,ANL-4008,2026-01-09T23:02:00Z,THREAT_INTELLIGENCE,Microsoft Sentinel,REF-92755,Supports investigation finding
EVD-002364,ALT-002896,CASE-002896,ANL-4012,2026-01-10T00:51:00Z,NETWORK_LOG,Splunk ES,REF-24950,Supports investigation finding
EVD-002365,ALT-002897,CASE-002897,ANL-4012,2026-01-09T19:00:00Z,AUTHENTICATION_LOG,IBM QRadar,REF-23760,Supports investigation finding
EVD-002366,ALT-002898,CASE-002898,ANL-4011,2026-01-09T11:20:00Z,AUTHENTICATION_LOG,Microsoft Sentinel,REF-73514,Supports investigation finding
EVD-002367,ALT-002899,CASE-002899,ANL-4002,2026-01-09T04:36:00Z,AUTHENTICATION_LOG,Elastic Security,REF-63891,Supports investigation finding
EVD-002368,ALT-002900,CASE-002900,ANL-4001,2026-01-09T04:00:00Z,SIEM_LOG,Splunk ES,REF-19523,Supports investigation finding
EVD-002369,ALT-002901,CASE-002901,ANL-4011,2026-01-09T11:18:00Z,ENDPOINT_LOG,IBM QRadar,REF-84720,Supports investigation finding
EVD-002370,ALT-002902,CASE-002902,ANL-4004,2026-01-09T02:49:00Z,PROCESS_TREE,IBM QRadar,REF-59815,Supports investigation finding
EVD-002371,ALT-002903,CASE-002903,ANL-4008,2026-01-09T13:50:00Z,ENDPOINT_LOG,IBM QRadar,REF-29394,Supports investigation finding
EVD-002372,ALT-002904,CASE-002904,ANL-4001,2026-01-09T14:24:00Z,NETWORK_LOG,Splunk ES,REF-25233,Supports investigation finding
EVD-002373,ALT-002906,CASE-002906,ANL-4010,2026-01-09T16:08:00Z,PROCESS_TREE,Splunk ES,REF-10778,Supports investigation finding
EVD-002374,ALT-002907,CASE-002907,ANL-4009,2026-01-09T12:07:00Z,AUTHENTICATION_LOG,Elastic Security,REF-89042,Supports investigation finding
EVD-002375,ALT-002909,CASE-002909,ANL-4004,2026-01-09T07:53:00Z,PROCESS_TREE,IBM QRadar,REF-15921,Supports investigation finding
EVD-002376,ALT-002911,CASE-002911,ANL-4009,2026-01-09T23:17:00Z,CASE_NOTE,Splunk ES,REF-68149,Supports investigation finding
EVD-002377,ALT-002914,CASE-002914,ANL-4011,2026-01-09T22:48:00Z,THREAT_INTELLIGENCE,Splunk ES,REF-44806,Supports investigation finding
EVD-002378,ALT-002915,CASE-002915,ANL-4012,2026-01-09T08:56:00Z,CASE_NOTE,Microsoft Sentinel,REF-94466,Supports investigation finding
EVD-002379,ALT-002917,CASE-002917,ANL-4013,2026-01-09T22:24:00Z,ENDPOINT_LOG,Elastic Security,REF-53381,Supports investigation finding
EVD-002380,ALT-002919,CASE-002919,ANL-4008,2026-01-09T19:17:00Z,ENDPOINT_LOG,Microsoft Sentinel,REF-49315,Supports investigation finding
EVD-002381,ALT-002920,CASE-002920,ANL-4003,2026-01-09T20:27:00Z,AUTHENTICATION_LOG,Elastic Security,REF-29102,Supports investigation finding
EVD-002382,ALT-002922,CASE-002922,ANL-4005,2026-01-10T06:11:00Z,CASE_NOTE,IBM QRadar,REF-50975,Supports investigation finding
EVD-002383,ALT-002923,CASE-002923,ANL-4012,2026-01-10T05:24:00Z,CASE_NOTE,IBM QRadar,REF-56061,Supports investigation finding
EVD-002384,ALT-002924,CASE-002924,ANL-4002,2026-01-10T09:10:00Z,PROCESS_TREE,Microsoft Sentinel,REF-18064,Supports investigation finding
EVD-002385,ALT-002925,CASE-002925,ANL-4005,2026-01-10T01:13:00Z,AUTHENTICATION_LOG,Elastic Security,REF-76061,Supports investigation finding
EVD-002386,ALT-002926,CASE-002926,ANL-4002,2026-01-10T11:54:00Z,THREAT_INTELLIGENCE,Splunk ES,REF-74793,Supports investigation finding
EVD-002387,ALT-002927,CASE-002927,ANL-4013,2026-01-10T13:03:00Z,PROCESS_TREE,Elastic Security,REF-91966,Supports investigation finding
EVD-002388,ALT-002928,CASE-002928,ANL-4012,2026-01-10T08:59:00Z,SIEM_LOG,Splunk ES,REF-28533,Supports investigation finding
EVD-002389,ALT-002929,CASE-002929,ANL-4009,2026-01-10T08:27:00Z,NETWORK_LOG,Elastic Security,REF-51538,Supports investigation finding
EVD-002390,ALT-002930,CASE-002930,ANL-4001,2026-01-10T22:50:00Z,THREAT_INTELLIGENCE,Elastic Security,REF-61458,Supports investigation finding
EVD-002391,ALT-002931,CASE-002931,ANL-4002,2026-01-10T21:29:00Z,SIEM_LOG,IBM QRadar,REF-42936,Supports investigation finding
EVD-002392,ALT-002933,CASE-002933,ANL-4011,2026-01-10T23:27:00Z,AUTHENTICATION_LOG,Microsoft Sentinel,REF-75986,Supports investigation finding
EVD-002393,ALT-002935,CASE-002935,ANL-4012,2026-01-10T04:40:00Z,ENDPOINT_LOG,Elastic Security,REF-73514,Supports investigation finding
EVD-002394,ALT-002937,CASE-002937,ANL-4009,2026-01-10T11:58:00Z,THREAT_INTELLIGENCE,Splunk ES,REF-30587,Supports investigation finding
EVD-002395,ALT-002938,CASE-002938,ANL-4003,2026-01-10T00:35:00Z,SIEM_LOG,Microsoft Sentinel,REF-71258,Supports investigation finding
EVD-002396,ALT-002939,CASE-002939,ANL-4003,2026-01-10T15:25:00Z,CASE_NOTE,Microsoft Sentinel,REF-87498,Supports investigation finding
EVD-002397,ALT-002940,CASE-002940,ANL-4008,2026-01-10T15:47:00Z,NETWORK_LOG,Splunk ES,REF-87899,Supports investigation finding
EVD-002398,ALT-002941,CASE-002941,ANL-4005,2026-01-10T12:42:00Z,SIEM_LOG,Elastic Security,REF-98156,Supports investigation finding
EVD-002399,ALT-002943,CASE-002943,ANL-4001,2026-01-10T13:20:00Z,CASE_NOTE,Splunk ES,REF-38231,Supports investigation finding
EVD-002400,ALT-002945,CASE-002945,ANL-4009,2026-01-10T16:43:00Z,AUTHENTICATION_LOG,IBM QRadar,REF-46163,Supports investigation finding
EVD-002401,ALT-002946,CASE-002946,ANL-4003,2026-01-10T01:28:00Z,CASE_NOTE,Microsoft Sentinel,REF-41615,Supports investigation finding
EVD-002402,ALT-002947,CASE-002947,ANL-4010,2026-01-10T02:00:00Z,SIEM_LOG,IBM QRadar,REF-48967,Supports investigation finding
EVD-002403,ALT-002948,CASE-002948,ANL-4001,2026-01-10T14:12:00Z,NETWORK_LOG,Microsoft Sentinel,REF-58828,Supports investigation finding
EVD-002404,ALT-002950,CASE-002950,ANL-4010,2026-01-10T06:03:00Z,AUTHENTICATION_LOG,Splunk ES,REF-24652,Supports investigation finding
EVD-002405,ALT-002951,CASE-002951,ANL-4006,2026-01-10T15:39:00Z,THREAT_INTELLIGENCE,Microsoft Sentinel,REF-79762,Supports investigation finding
EVD-002406,ALT-002952,CASE-002952,ANL-4013,2026-01-10T10:24:00Z,ENDPOINT_LOG,Elastic Security,REF-92833,Supports investigation finding
EVD-002407,ALT-002953,CASE-002953,ANL-4007,2026-01-10T19:35:00Z,PROCESS_TREE,Splunk ES,REF-69170,Supports investigation finding
EVD-002408,ALT-002955,CASE-002955,ANL-4013,2026-01-10T16:38:00Z,THREAT_INTELLIGENCE,Elastic Security,REF-75255,Supports investigation finding
EVD-002409,ALT-002956,CASE-002956,ANL-4007,2026-01-10T04:10:00Z,PROCESS_TREE,IBM QRadar,REF-34061,Supports investigation finding
EVD-002410,ALT-002960,CASE-002960,ANL-4008,2026-01-10T05:47:00Z,CASE_NOTE,IBM QRadar,REF-10090,Supports investigation finding
EVD-002411,ALT-002961,CASE-002961,ANL-4002,2026-01-11T14:39:00Z,AUTHENTICATION_LOG,Splunk ES,REF-83740,Supports investigation finding
EVD-002412,ALT-002963,CASE-002963,ANL-4013,2026-01-11T12:54:00Z,THREAT_INTELLIGENCE,Splunk ES,REF-75130,Supports investigation finding
EVD-002413,ALT-002964,CASE-002964,ANL-4002,2026-01-11T04:23:00Z,PROCESS_TREE,Microsoft Sentinel,REF-89686,Supports investigation finding
EVD-002414,ALT-002965,CASE-002965,ANL-4001,2026-01-11T00:46:00Z,PROCESS_TREE,Elastic Security,REF-19330,Supports investigation finding
EVD-002415,ALT-002966,CASE-002966,ANL-4012,2026-01-12T01:45:00Z,AUTHENTICATION_LOG,Splunk ES,REF-73630,Supports investigation finding
EVD-002416,ALT-002967,CASE-002967,ANL-4009,2026-01-11T03:14:00Z,AUTHENTICATION_LOG,IBM QRadar,REF-93705,Supports investigation finding
EVD-002417,ALT-002968,CASE-002968,ANL-4009,2026-01-11T04:06:00Z,ENDPOINT_LOG,IBM QRadar,REF-11380,Supports investigation finding
EVD-002418,ALT-002969,CASE-002969,ANL-4011,2026-01-11T21:54:00Z,CASE_NOTE,IBM QRadar,REF-49018,Supports investigation finding
EVD-002419,ALT-002972,CASE-002972,ANL-4006,2026-01-11T21:51:00Z,THREAT_INTELLIGENCE,Elastic Security,REF-95740,Supports investigation finding
EVD-002420,ALT-002973,CASE-002973,ANL-4005,2026-01-12T01:13:00Z,ENDPOINT_LOG,Elastic Security,REF-40344,Supports investigation finding
EVD-002421,ALT-002974,CASE-002974,ANL-4001,2026-01-11T18:26:00Z,AUTHENTICATION_LOG,Microsoft Sentinel,REF-36415,Supports investigation finding
EVD-002422,ALT-002978,CASE-002978,ANL-4012,2026-01-11T04:00:00Z,AUTHENTICATION_LOG,IBM QRadar,REF-40772,Supports investigation finding
EVD-002423,ALT-002979,CASE-002979,ANL-4001,2026-01-11T06:57:00Z,AUTHENTICATION_LOG,IBM QRadar,REF-21862,Supports investigation finding
EVD-002424,ALT-002981,CASE-002981,ANL-4002,2026-01-12T00:06:00Z,NETWORK_LOG,Microsoft Sentinel,REF-59222,Supports investigation finding
EVD-002425,ALT-002982,CASE-002982,ANL-4013,2026-01-11T21:42:00Z,ENDPOINT_LOG,Elastic Security,REF-99771,Supports investigation finding
EVD-002426,ALT-002983,CASE-002983,ANL-4010,2026-01-11T15:26:00Z,AUTHENTICATION_LOG,IBM QRadar,REF-70600,Supports investigation finding
EVD-002427,ALT-002984,CASE-002984,ANL-4004,2026-01-11T16:04:00Z,NETWORK_LOG,Splunk ES,REF-23419,Supports investigation finding
EVD-002428,ALT-002985,CASE-002985,ANL-4009,2026-01-12T00:06:00Z,SIEM_LOG,IBM QRadar,REF-20483,Supports investigation finding
EVD-002429,ALT-002986,CASE-002986,ANL-4003,2026-01-11T23:01:00Z,NETWORK_LOG,Splunk ES,REF-63395,Supports investigation finding
EVD-002430,ALT-002987,CASE-002987,ANL-4010,2026-01-11T19:20:00Z,THREAT_INTELLIGENCE,IBM QRadar,REF-59873,Supports investigation finding
EVD-002431,ALT-002988,CASE-002988,ANL-4009,2026-01-11T19:22:00Z,CASE_NOTE,Microsoft Sentinel,REF-30922,Supports investigation finding
EVD-002432,ALT-002989,CASE-002989,ANL-4007,2026-01-11T09:34:00Z,SIEM_LOG,Microsoft Sentinel,REF-91663,Supports investigation finding
EVD-002433,ALT-002991,CASE-002991,ANL-4011,2026-01-11T12:03:00Z,PROCESS_TREE,Microsoft Sentinel,REF-79410,Supports investigation finding
EVD-002434,ALT-002992,CASE-002992,ANL-4006,2026-01-12T00:47:00Z,PROCESS_TREE,IBM QRadar,REF-39581,Supports investigation finding
EVD-002435,ALT-002993,CASE-002993,ANL-4006,2026-01-11T10:37:00Z,SIEM_LOG,Elastic Security,REF-35449,Supports investigation finding
EVD-002436,ALT-002994,CASE-002994,ANL-4012,2026-01-11T18:25:00Z,CASE_NOTE,Elastic Security,REF-51622,Supports investigation finding
EVD-002437,ALT-002996,CASE-002996,ANL-4001,2026-01-11T03:29:00Z,AUTHENTICATION_LOG,Splunk ES,REF-94364,Supports investigation finding
EVD-002438,ALT-002997,CASE-002997,ANL-4001,2026-01-11T07:30:00Z,ENDPOINT_LOG,Elastic Security,REF-20143,Supports investigation finding
EVD-002439,ALT-002998,CASE-002998,ANL-4009,2026-01-11T07:19:00Z,SIEM_LOG,IBM QRadar,REF-77442,Supports investigation finding
EVD-002440,ALT-002999,CASE-002999,ANL-4012,2026-01-11T02:31:00Z,CASE_NOTE,Microsoft Sentinel,REF-60369,Supports investigation finding
EVD-002441,ALT-003001,CASE-003001,ANL-4004,2026-01-12T22:19:00Z,THREAT_INTELLIGENCE,Microsoft Sentinel,REF-60629,Supports investigation finding
EVD-002442,ALT-003003,CASE-003003,ANL-4003,2026-01-12T17:31:00Z,THREAT_INTELLIGENCE,Splunk ES,REF-28675,Supports investigation finding
EVD-002443,ALT-003004,CASE-003004,ANL-4001,2026-01-12T23:59:00Z,THREAT_INTELLIGENCE,IBM QRadar,REF-68713,Supports investigation finding
EVD-002444,ALT-003005,CASE-003005,ANL-4001,2026-01-12T17:17:00Z,PROCESS_TREE,Splunk ES,REF-33980,Supports investigation finding
EVD-002445,ALT-003006,CASE-003006,ANL-4013,2026-01-13T01:36:00Z,SIEM_LOG,Splunk ES,REF-33858,Supports investigation finding
EVD-002446,ALT-003008,CASE-003008,ANL-4007,2026-01-12T07:21:00Z,NETWORK_LOG,Microsoft Sentinel,REF-42001,Supports investigation finding
EVD-002447,ALT-003009,CASE-003009,ANL-4010,2026-01-12T05:57:00Z,AUTHENTICATION_LOG,Splunk ES,REF-33719,Supports investigation finding
EVD-002448,ALT-003010,CASE-003010,ANL-4008,2026-01-12T08:55:00Z,CASE_NOTE,Elastic Security,REF-73104,Supports investigation finding
EVD-002449,ALT-003011,CASE-003011,ANL-4011,2026-01-12T12:14:00Z,PROCESS_TREE,Microsoft Sentinel,REF-90028,Supports investigation finding
EVD-002450,ALT-003012,CASE-003012,ANL-4009,2026-01-12T16:54:00Z,ENDPOINT_LOG,IBM QRadar,REF-87796,Supports investigation finding
EVD-002451,ALT-003013,CASE-003013,ANL-4007,2026-01-12T17:30:00Z,NETWORK_LOG,Microsoft Sentinel,REF-29973,Supports investigation finding
EVD-002452,ALT-003014,CASE-003014,ANL-4012,2026-01-12T01:33:00Z,PROCESS_TREE,Splunk ES,REF-92326,Supports investigation finding
EVD-002453,ALT-003017,CASE-003017,ANL-4001,2026-01-12T13:09:00Z,SIEM_LOG,IBM QRadar,REF-93526,Supports investigation finding
EVD-002454,ALT-003018,CASE-003018,ANL-4007,2026-01-12T20:40:00Z,NETWORK_LOG,Splunk ES,REF-37946,Supports investigation finding
EVD-002455,ALT-003019,CASE-003019,ANL-4004,2026-01-12T09:55:00Z,SIEM_LOG,Splunk ES,REF-95808,Supports investigation finding
EVD-002456,ALT-003020,CASE-003020,ANL-4009,2026-01-12T19:06:00Z,CASE_NOTE,Splunk ES,REF-38400,Supports investigation finding
EVD-002457,ALT-003021,CASE-003021,ANL-4007,2026-01-12T14:28:00Z,CASE_NOTE,IBM QRadar,REF-63207,Supports investigation finding
EVD-002458,ALT-003023,CASE-003023,ANL-4007,2026-01-12T12:35:00Z,NETWORK_LOG,Splunk ES,REF-73477,Supports investigation finding
EVD-002459,ALT-003024,CASE-003024,ANL-4013,2026-01-12T07:25:00Z,CASE_NOTE,IBM QRadar,REF-78845,Supports investigation finding
EVD-002460,ALT-003025,CASE-003025,ANL-4010,2026-01-12T17:26:00Z,SIEM_LOG,Elastic Security,REF-46484,Supports investigation finding
EVD-002461,ALT-003028,CASE-003028,ANL-4002,2026-01-12T22:13:00Z,SIEM_LOG,Elastic Security,REF-58856,Supports investigation finding
EVD-002462,ALT-003029,CASE-003029,ANL-4013,2026-01-12T23:37:00Z,ENDPOINT_LOG,Splunk ES,REF-80497,Supports investigation finding
EVD-002463,ALT-003030,CASE-003030,ANL-4009,2026-01-12T20:50:00Z,NETWORK_LOG,Elastic Security,REF-74398,Supports investigation finding
EVD-002464,ALT-003031,CASE-003031,ANL-4006,2026-01-12T15:57:00Z,AUTHENTICATION_LOG,Elastic Security,REF-64524,Supports investigation finding
EVD-002465,ALT-003034,CASE-003034,ANL-4006,2026-01-12T07:31:00Z,NETWORK_LOG,IBM QRadar,REF-12177,Supports investigation finding
EVD-002466,ALT-003035,CASE-003035,ANL-4006,2026-01-12T20:37:00Z,ENDPOINT_LOG,Splunk ES,REF-49490,Supports investigation finding
EVD-002467,ALT-003036,CASE-003036,ANL-4009,2026-01-12T22:01:00Z,THREAT_INTELLIGENCE,IBM QRadar,REF-22537,Supports investigation finding
EVD-002468,ALT-003039,CASE-003039,ANL-4009,2026-01-12T05:04:00Z,ENDPOINT_LOG,IBM QRadar,REF-46366,Supports investigation finding
EVD-002469,ALT-003041,CASE-003041,ANL-4012,2026-01-13T13:46:00Z,ENDPOINT_LOG,Elastic Security,REF-28614,Supports investigation finding
EVD-002470,ALT-003042,CASE-003042,ANL-4001,2026-01-13T22:29:00Z,ENDPOINT_LOG,Microsoft Sentinel,REF-63693,Supports investigation finding
EVD-002471,ALT-003043,CASE-003043,ANL-4010,2026-01-13T15:33:00Z,PROCESS_TREE,IBM QRadar,REF-84080,Supports investigation finding
EVD-002472,ALT-003044,CASE-003044,ANL-4007,2026-01-13T15:36:00Z,PROCESS_TREE,Splunk ES,REF-74899,Supports investigation finding
EVD-002473,ALT-003045,CASE-003045,ANL-4011,2026-01-13T06:39:00Z,CASE_NOTE,Elastic Security,REF-61069,Supports investigation finding
EVD-002474,ALT-003046,CASE-003046,ANL-4002,2026-01-13T09:59:00Z,THREAT_INTELLIGENCE,Splunk ES,REF-35359,Supports investigation finding
EVD-002475,ALT-003047,CASE-003047,ANL-4011,2026-01-13T07:45:00Z,SIEM_LOG,IBM QRadar,REF-49760,Supports investigation finding
EVD-002476,ALT-003048,CASE-003048,ANL-4013,2026-01-13T08:32:00Z,ENDPOINT_LOG,Elastic Security,REF-80760,Supports investigation finding
EVD-002477,ALT-003049,CASE-003049,ANL-4010,2026-01-13T14:12:00Z,SIEM_LOG,IBM QRadar,REF-21165,Supports investigation finding
EVD-002478,ALT-003050,CASE-003050,ANL-4012,2026-01-13T17:47:00Z,THREAT_INTELLIGENCE,Microsoft Sentinel,REF-34935,Supports investigation finding
EVD-002479,ALT-003051,CASE-003051,ANL-4010,2026-01-13T07:02:00Z,AUTHENTICATION_LOG,Microsoft Sentinel,REF-86396,Supports investigation finding
EVD-002480,ALT-003053,CASE-003053,ANL-4007,2026-01-13T21:24:00Z,THREAT_INTELLIGENCE,IBM QRadar,REF-64743,Supports investigation finding
EVD-002481,ALT-003055,CASE-003055,ANL-4005,2026-01-13T19:53:00Z,AUTHENTICATION_LOG,Microsoft Sentinel,REF-47751,Supports investigation finding
EVD-002482,ALT-003056,CASE-003056,ANL-4011,2026-01-13T22:11:00Z,PROCESS_TREE,Microsoft Sentinel,REF-42716,Supports investigation finding
EVD-002483,ALT-003057,CASE-003057,ANL-4008,2026-01-13T20:21:00Z,NETWORK_LOG,Elastic Security,REF-51849,Supports investigation finding
EVD-002484,ALT-003059,CASE-003059,ANL-4009,2026-01-13T05:48:00Z,PROCESS_TREE,IBM QRadar,REF-73969,Supports investigation finding
EVD-002485,ALT-003060,CASE-003060,ANL-4009,2026-01-13T08:50:00Z,PROCESS_TREE,Splunk ES,REF-84065,Supports investigation finding
EVD-002486,ALT-003061,CASE-003061,ANL-4013,2026-01-13T13:18:00Z,THREAT_INTELLIGENCE,Elastic Security,REF-60199,Supports investigation finding
EVD-002487,ALT-003064,CASE-003064,ANL-4013,2026-01-13T16:13:00Z,PROCESS_TREE,Splunk ES,REF-35833,Supports investigation finding
EVD-002488,ALT-003065,CASE-003065,ANL-4006,2026-01-13T19:17:00Z,ENDPOINT_LOG,Elastic Security,REF-73028,Supports investigation finding
EVD-002489,ALT-003066,CASE-003066,ANL-4003,2026-01-13T11:57:00Z,AUTHENTICATION_LOG,IBM QRadar,REF-87694,Supports investigation finding
EVD-002490,ALT-003067,CASE-003067,ANL-4012,2026-01-13T13:42:00Z,AUTHENTICATION_LOG,Elastic Security,REF-80041,Supports investigation finding
EVD-002491,ALT-003068,CASE-003068,ANL-4005,2026-01-13T10:21:00Z,THREAT_INTELLIGENCE,Elastic Security,REF-63877,Supports investigation finding
EVD-002492,ALT-003069,CASE-003069,ANL-4008,2026-01-13T02:38:00Z,ENDPOINT_LOG,Elastic Security,REF-89170,Supports investigation finding
EVD-002493,ALT-003070,CASE-003070,ANL-4010,2026-01-13T23:17:00Z,CASE_NOTE,Splunk ES,REF-92431,Supports investigation finding
EVD-002494,ALT-003071,CASE-003071,ANL-4010,2026-01-13T04:46:00Z,ENDPOINT_LOG,Microsoft Sentinel,REF-36571,Supports investigation finding
EVD-002495,ALT-003072,CASE-003072,ANL-4002,2026-01-14T00:37:00Z,AUTHENTICATION_LOG,Microsoft Sentinel,REF-96864,Supports investigation finding
EVD-002496,ALT-003073,CASE-003073,ANL-4012,2026-01-13T22:29:00Z,ENDPOINT_LOG,IBM QRadar,REF-46719,Supports investigation finding
EVD-002497,ALT-003075,CASE-003075,ANL-4003,2026-01-13T07:33:00Z,PROCESS_TREE,Elastic Security,REF-42834,Supports investigation finding
EVD-002498,ALT-003076,CASE-003076,ANL-4011,2026-01-13T09:31:00Z,THREAT_INTELLIGENCE,IBM QRadar,REF-31329,Supports investigation finding
EVD-002499,ALT-003077,CASE-003077,ANL-4010,2026-01-13T22:03:00Z,CASE_NOTE,Splunk ES,REF-37884,Supports investigation finding
EVD-002500,ALT-003078,CASE-003078,ANL-4012,2026-01-13T09:33:00Z,NETWORK_LOG,Elastic Security,REF-85501,Supports investigation finding
EVD-002501,ALT-003079,CASE-003079,ANL-4003,2026-01-14T00:58:00Z,PROCESS_TREE,IBM QRadar,REF-20575,Supports investigation finding
EVD-002502,ALT-003080,CASE-003080,ANL-4001,2026-01-14T00:02:00Z,ENDPOINT_LOG,Elastic Security,REF-83441,Supports investigation finding
EVD-002503,ALT-003081,CASE-003081,ANL-4011,2026-01-14T05:35:00Z,CASE_NOTE,Splunk ES,REF-56409,Supports investigation finding
EVD-002504,ALT-003082,CASE-003082,ANL-4007,2026-01-14T09:51:00Z,SIEM_LOG,Splunk ES,REF-64912,Supports investigation finding
EVD-002505,ALT-003083,CASE-003083,ANL-4002,2026-01-14T12:56:00Z,AUTHENTICATION_LOG,Elastic Security,REF-64118,Supports investigation finding
EVD-002506,ALT-003084,CASE-003084,ANL-4002,2026-01-14T05:12:00Z,SIEM_LOG,Splunk ES,REF-29234,Supports investigation finding
EVD-002507,ALT-003085,CASE-003085,ANL-4009,2026-01-14T20:03:00Z,NETWORK_LOG,Microsoft Sentinel,REF-42290,Supports investigation finding
EVD-002508,ALT-003087,CASE-003087,ANL-4005,2026-01-14T20:31:00Z,PROCESS_TREE,Microsoft Sentinel,REF-59027,Supports investigation finding
EVD-002509,ALT-003088,CASE-003088,ANL-4002,2026-01-15T01:39:00Z,PROCESS_TREE,IBM QRadar,REF-47701,Supports investigation finding
EVD-002510,ALT-003089,CASE-003089,ANL-4003,2026-01-14T09:00:00Z,NETWORK_LOG,Splunk ES,REF-44064,Supports investigation finding
EVD-002511,ALT-003091,CASE-003091,ANL-4013,2026-01-14T09:16:00Z,SIEM_LOG,Microsoft Sentinel,REF-30182,Supports investigation finding
EVD-002512,ALT-003092,CASE-003092,ANL-4005,2026-01-14T16:51:00Z,SIEM_LOG,Splunk ES,REF-42810,Supports investigation finding
EVD-002513,ALT-003093,CASE-003093,ANL-4002,2026-01-14T10:23:00Z,CASE_NOTE,Elastic Security,REF-25984,Supports investigation finding
EVD-002514,ALT-003094,CASE-003094,ANL-4011,2026-01-14T07:43:00Z,THREAT_INTELLIGENCE,IBM QRadar,REF-90277,Supports investigation finding
EVD-002515,ALT-003097,CASE-003097,ANL-4008,2026-01-14T12:44:00Z,THREAT_INTELLIGENCE,Microsoft Sentinel,REF-71546,Supports investigation finding
EVD-002516,ALT-003099,CASE-003099,ANL-4009,2026-01-14T22:32:00Z,AUTHENTICATION_LOG,Splunk ES,REF-42178,Supports investigation finding
EVD-002517,ALT-003100,CASE-003100,ANL-4009,2026-01-14T01:30:00Z,CASE_NOTE,IBM QRadar,REF-85637,Supports investigation finding
EVD-002518,ALT-003101,CASE-003101,ANL-4007,2026-01-14T06:33:00Z,THREAT_INTELLIGENCE,IBM QRadar,REF-82209,Supports investigation finding
EVD-002519,ALT-003103,CASE-003103,ANL-4009,2026-01-14T13:39:00Z,NETWORK_LOG,Microsoft Sentinel,REF-12831,Supports investigation finding
EVD-002520,ALT-003104,CASE-003104,ANL-4011,2026-01-14T23:13:00Z,AUTHENTICATION_LOG,Elastic Security,REF-24400,Supports investigation finding
EVD-002521,ALT-003105,CASE-003105,ANL-4004,2026-01-14T13:07:00Z,SIEM_LOG,Microsoft Sentinel,REF-44287,Supports investigation finding
EVD-002522,ALT-003107,CASE-003107,ANL-4008,2026-01-14T08:50:00Z,AUTHENTICATION_LOG,Microsoft Sentinel,REF-98900,Supports investigation finding
EVD-002523,ALT-003108,CASE-003108,ANL-4010,2026-01-14T06:14:00Z,PROCESS_TREE,Splunk ES,REF-38433,Supports investigation finding
EVD-002524,ALT-003109,CASE-003109,ANL-4007,2026-01-14T18:38:00Z,ENDPOINT_LOG,Splunk ES,REF-41231,Supports investigation finding
EVD-002525,ALT-003110,CASE-003110,ANL-4012,2026-01-14T06:32:00Z,THREAT_INTELLIGENCE,Microsoft Sentinel,REF-54776,Supports investigation finding
EVD-002526,ALT-003112,CASE-003112,ANL-4005,2026-01-14T12:29:00Z,AUTHENTICATION_LOG,IBM QRadar,REF-55718,Supports investigation finding
EVD-002527,ALT-003113,CASE-003113,ANL-4013,2026-01-15T00:01:00Z,SIEM_LOG,Microsoft Sentinel,REF-73295,Supports investigation finding
EVD-002528,ALT-003114,CASE-003114,ANL-4011,2026-01-14T11:07:00Z,PROCESS_TREE,Splunk ES,REF-47587,Supports investigation finding
EVD-002529,ALT-003115,CASE-003115,ANL-4001,2026-01-14T06:53:00Z,NETWORK_LOG,Splunk ES,REF-95305,Supports investigation finding
EVD-002530,ALT-003116,CASE-003116,ANL-4003,2026-01-14T05:58:00Z,PROCESS_TREE,IBM QRadar,REF-34873,Supports investigation finding
EVD-002531,ALT-003117,CASE-003117,ANL-4001,2026-01-14T02:51:00Z,NETWORK_LOG,Elastic Security,REF-49904,Supports investigation finding
EVD-002532,ALT-003118,CASE-003118,ANL-4003,2026-01-14T14:17:00Z,NETWORK_LOG,Microsoft Sentinel,REF-49588,Supports investigation finding
EVD-002533,ALT-003119,CASE-003119,ANL-4006,2026-01-14T06:49:00Z,NETWORK_LOG,IBM QRadar,REF-38025,Supports investigation finding
EVD-002534,ALT-003121,CASE-003121,ANL-5009,2026-01-01T16:42:00Z,ENDPOINT_LOG,Microsoft Sentinel,REF-51126,Supports investigation finding
EVD-002535,ALT-003122,CASE-003122,ANL-5002,2026-01-01T13:55:00Z,AUTHENTICATION_LOG,IBM QRadar,REF-85383,Supports investigation finding
EVD-002536,ALT-003123,CASE-003123,ANL-5007,2026-01-01T16:23:00Z,THREAT_INTELLIGENCE,IBM QRadar,REF-88297,Supports investigation finding
EVD-002537,ALT-003124,CASE-003124,ANL-5003,2026-01-01T23:15:00Z,SIEM_LOG,IBM QRadar,REF-97775,Supports investigation finding
EVD-002538,ALT-003125,CASE-003125,ANL-5013,2026-01-01T06:39:00Z,THREAT_INTELLIGENCE,IBM QRadar,REF-47913,Supports investigation finding
EVD-002539,ALT-003126,CASE-003126,ANL-5004,2026-01-02T00:34:00Z,AUTHENTICATION_LOG,Splunk ES,REF-51230,Supports investigation finding
EVD-002540,ALT-003129,CASE-003129,ANL-5014,2026-01-01T20:05:00Z,THREAT_INTELLIGENCE,Splunk ES,REF-16565,Supports investigation finding
EVD-002541,ALT-003130,CASE-003130,ANL-5011,2026-01-01T02:46:00Z,THREAT_INTELLIGENCE,IBM QRadar,REF-51209,Supports investigation finding
EVD-002542,ALT-003132,CASE-003132,ANL-5014,2026-01-02T00:18:00Z,PROCESS_TREE,IBM QRadar,REF-93425,Supports investigation finding
EVD-002543,ALT-003133,CASE-003133,ANL-5013,2026-01-01T04:51:00Z,PROCESS_TREE,Elastic Security,REF-72103,Supports investigation finding
EVD-002544,ALT-003134,CASE-003134,ANL-5003,2026-01-01T16:40:00Z,PROCESS_TREE,Elastic Security,REF-64181,Supports investigation finding
EVD-002545,ALT-003135,CASE-003135,ANL-5011,2026-01-01T16:29:00Z,NETWORK_LOG,Microsoft Sentinel,REF-50562,Supports investigation finding
EVD-002546,ALT-003137,CASE-003137,ANL-5005,2026-01-01T09:26:00Z,AUTHENTICATION_LOG,IBM QRadar,REF-95896,Supports investigation finding
EVD-002547,ALT-003139,CASE-003139,ANL-5008,2026-01-01T15:37:00Z,CASE_NOTE,IBM QRadar,REF-20480,Supports investigation finding
EVD-002548,ALT-003140,CASE-003140,ANL-5001,2026-01-01T19:23:00Z,AUTHENTICATION_LOG,IBM QRadar,REF-74250,Supports investigation finding
EVD-002549,ALT-003141,CASE-003141,ANL-5007,2026-01-01T13:38:00Z,NETWORK_LOG,IBM QRadar,REF-50156,Supports investigation finding
EVD-002550,ALT-003142,CASE-003142,ANL-5003,2026-01-01T17:51:00Z,CASE_NOTE,Elastic Security,REF-68799,Supports investigation finding
EVD-002551,ALT-003143,CASE-003143,ANL-5011,2026-01-01T23:17:00Z,THREAT_INTELLIGENCE,Elastic Security,REF-46926,Supports investigation finding
EVD-002552,ALT-003144,CASE-003144,ANL-5004,2026-01-01T06:01:00Z,NETWORK_LOG,Elastic Security,REF-90402,Supports investigation finding
EVD-002553,ALT-003145,CASE-003145,ANL-5007,2026-01-01T12:16:00Z,SIEM_LOG,Splunk ES,REF-66582,Supports investigation finding
EVD-002554,ALT-003147,CASE-003147,ANL-5010,2026-01-01T08:52:00Z,CASE_NOTE,Microsoft Sentinel,REF-60113,Supports investigation finding
EVD-002555,ALT-003148,CASE-003148,ANL-5009,2026-01-01T08:17:00Z,SIEM_LOG,IBM QRadar,REF-31769,Supports investigation finding
EVD-002556,ALT-003149,CASE-003149,ANL-5008,2026-01-01T01:18:00Z,AUTHENTICATION_LOG,Elastic Security,REF-38159,Supports investigation finding
EVD-002557,ALT-003150,CASE-003150,ANL-5012,2026-01-01T16:29:00Z,AUTHENTICATION_LOG,Splunk ES,REF-50277,Supports investigation finding
EVD-002558,ALT-003151,CASE-003151,ANL-5005,2026-01-01T05:42:00Z,AUTHENTICATION_LOG,Elastic Security,REF-49641,Supports investigation finding
EVD-002559,ALT-003152,CASE-003152,ANL-5001,2026-01-01T19:19:00Z,ENDPOINT_LOG,Splunk ES,REF-76982,Supports investigation finding
EVD-002560,ALT-003153,CASE-003153,ANL-5006,2026-01-01T16:06:00Z,AUTHENTICATION_LOG,IBM QRadar,REF-82453,Supports investigation finding
EVD-002561,ALT-003154,CASE-003154,ANL-5014,2026-01-01T05:09:00Z,CASE_NOTE,Elastic Security,REF-28057,Supports investigation finding
EVD-002562,ALT-003155,CASE-003155,ANL-5010,2026-01-02T01:44:00Z,THREAT_INTELLIGENCE,Elastic Security,REF-53534,Supports investigation finding
EVD-002563,ALT-003156,CASE-003156,ANL-5011,2026-01-01T06:06:00Z,THREAT_INTELLIGENCE,Microsoft Sentinel,REF-77651,Supports investigation finding
EVD-002564,ALT-003157,CASE-003157,ANL-5007,2026-01-01T02:53:00Z,NETWORK_LOG,Microsoft Sentinel,REF-39767,Supports investigation finding
EVD-002565,ALT-003158,CASE-003158,ANL-5004,2026-01-01T03:00:00Z,ENDPOINT_LOG,Microsoft Sentinel,REF-43691,Supports investigation finding
EVD-002566,ALT-003159,CASE-003159,ANL-5009,2026-01-02T00:38:00Z,CASE_NOTE,Microsoft Sentinel,REF-17020,Supports investigation finding
EVD-002567,ALT-003160,CASE-003160,ANL-5001,2026-01-01T06:59:00Z,PROCESS_TREE,Microsoft Sentinel,REF-74966,Supports investigation finding
EVD-002568,ALT-003161,CASE-003161,ANL-5014,2026-01-02T13:59:00Z,ENDPOINT_LOG,Elastic Security,REF-25619,Supports investigation finding
EVD-002569,ALT-003162,CASE-003162,ANL-5013,2026-01-02T02:00:00Z,CASE_NOTE,Microsoft Sentinel,REF-14496,Supports investigation finding
EVD-002570,ALT-003163,CASE-003163,ANL-5010,2026-01-02T15:34:00Z,PROCESS_TREE,Microsoft Sentinel,REF-66220,Supports investigation finding
EVD-002571,ALT-003164,CASE-003164,ANL-5013,2026-01-02T05:58:00Z,SIEM_LOG,Splunk ES,REF-96244,Supports investigation finding
EVD-002572,ALT-003166,CASE-003166,ANL-5011,2026-01-02T22:08:00Z,NETWORK_LOG,Elastic Security,REF-17478,Supports investigation finding
EVD-002573,ALT-003167,CASE-003167,ANL-5001,2026-01-02T23:23:00Z,NETWORK_LOG,Microsoft Sentinel,REF-83685,Supports investigation finding
EVD-002574,ALT-003169,CASE-003169,ANL-5006,2026-01-02T23:16:00Z,AUTHENTICATION_LOG,Elastic Security,REF-20989,Supports investigation finding
EVD-002575,ALT-003170,CASE-003170,ANL-5009,2026-01-02T21:27:00Z,THREAT_INTELLIGENCE,IBM QRadar,REF-94621,Supports investigation finding
EVD-002576,ALT-003171,CASE-003171,ANL-5011,2026-01-03T00:09:00Z,SIEM_LOG,Microsoft Sentinel,REF-89598,Supports investigation finding
EVD-002577,ALT-003172,CASE-003172,ANL-5002,2026-01-03T00:32:00Z,THREAT_INTELLIGENCE,Splunk ES,REF-90302,Supports investigation finding
EVD-002578,ALT-003173,CASE-003173,ANL-5002,2026-01-03T00:46:00Z,AUTHENTICATION_LOG,IBM QRadar,REF-19784,Supports investigation finding
EVD-002579,ALT-003174,CASE-003174,ANL-5003,2026-01-02T04:34:00Z,NETWORK_LOG,Splunk ES,REF-26416,Supports investigation finding
EVD-002580,ALT-003175,CASE-003175,ANL-5007,2026-01-02T02:13:00Z,NETWORK_LOG,Microsoft Sentinel,REF-31808,Supports investigation finding
EVD-002581,ALT-003176,CASE-003176,ANL-5009,2026-01-02T19:13:00Z,THREAT_INTELLIGENCE,Elastic Security,REF-90531,Supports investigation finding
EVD-002582,ALT-003178,CASE-003178,ANL-5009,2026-01-02T20:19:00Z,THREAT_INTELLIGENCE,Microsoft Sentinel,REF-77166,Supports investigation finding
EVD-002583,ALT-003179,CASE-003179,ANL-5010,2026-01-02T17:40:00Z,CASE_NOTE,IBM QRadar,REF-77214,Supports investigation finding
EVD-002584,ALT-003180,CASE-003180,ANL-5007,2026-01-02T17:42:00Z,SIEM_LOG,Microsoft Sentinel,REF-32183,Supports investigation finding
EVD-002585,ALT-003181,CASE-003181,ANL-5008,2026-01-02T11:07:00Z,PROCESS_TREE,Elastic Security,REF-89377,Supports investigation finding
EVD-002586,ALT-003182,CASE-003182,ANL-5002,2026-01-02T18:45:00Z,NETWORK_LOG,Microsoft Sentinel,REF-57201,Supports investigation finding
EVD-002587,ALT-003183,CASE-003183,ANL-5008,2026-01-02T06:54:00Z,THREAT_INTELLIGENCE,Splunk ES,REF-89558,Supports investigation finding
EVD-002588,ALT-003184,CASE-003184,ANL-5001,2026-01-02T15:45:00Z,NETWORK_LOG,Microsoft Sentinel,REF-12011,Supports investigation finding
EVD-002589,ALT-003185,CASE-003185,ANL-5006,2026-01-02T07:40:00Z,CASE_NOTE,IBM QRadar,REF-20225,Supports investigation finding
EVD-002590,ALT-003186,CASE-003186,ANL-5004,2026-01-02T18:05:00Z,SIEM_LOG,Microsoft Sentinel,REF-43236,Supports investigation finding
EVD-002591,ALT-003187,CASE-003187,ANL-5013,2026-01-02T05:17:00Z,NETWORK_LOG,Elastic Security,REF-52528,Supports investigation finding
EVD-002592,ALT-003188,CASE-003188,ANL-5004,2026-01-02T20:52:00Z,ENDPOINT_LOG,IBM QRadar,REF-20933,Supports investigation finding
EVD-002593,ALT-003189,CASE-003189,ANL-5003,2026-01-02T22:53:00Z,PROCESS_TREE,IBM QRadar,REF-57005,Supports investigation finding
EVD-002594,ALT-003190,CASE-003190,ANL-5005,2026-01-02T08:23:00Z,AUTHENTICATION_LOG,Microsoft Sentinel,REF-72056,Supports investigation finding
EVD-002595,ALT-003191,CASE-003191,ANL-5014,2026-01-02T12:35:00Z,NETWORK_LOG,Splunk ES,REF-69448,Supports investigation finding
EVD-002596,ALT-003192,CASE-003192,ANL-5010,2026-01-02T18:31:00Z,THREAT_INTELLIGENCE,Microsoft Sentinel,REF-28030,Supports investigation finding
EVD-002597,ALT-003193,CASE-003193,ANL-5013,2026-01-02T16:05:00Z,PROCESS_TREE,IBM QRadar,REF-86982,Supports investigation finding
EVD-002598,ALT-003194,CASE-003194,ANL-5005,2026-01-02T19:21:00Z,THREAT_INTELLIGENCE,IBM QRadar,REF-30244,Supports investigation finding
EVD-002599,ALT-003195,CASE-003195,ANL-5009,2026-01-02T16:23:00Z,ENDPOINT_LOG,Elastic Security,REF-83225,Supports investigation finding
EVD-002600,ALT-003196,CASE-003196,ANL-5007,2026-01-03T00:24:00Z,CASE_NOTE,Elastic Security,REF-82256,Supports investigation finding
EVD-002601,ALT-003197,CASE-003197,ANL-5006,2026-01-02T10:29:00Z,AUTHENTICATION_LOG,Splunk ES,REF-73104,Supports investigation finding
EVD-002602,ALT-003198,CASE-003198,ANL-5007,2026-01-02T22:59:00Z,THREAT_INTELLIGENCE,IBM QRadar,REF-73714,Supports investigation finding
EVD-002603,ALT-003199,CASE-003199,ANL-5013,2026-01-02T13:29:00Z,PROCESS_TREE,Microsoft Sentinel,REF-64138,Supports investigation finding
EVD-002604,ALT-003200,CASE-003200,ANL-5007,2026-01-02T19:51:00Z,CASE_NOTE,Elastic Security,REF-52104,Supports investigation finding
EVD-002605,ALT-003202,CASE-003202,ANL-5012,2026-01-03T14:43:00Z,AUTHENTICATION_LOG,Elastic Security,REF-67286,Supports investigation finding
EVD-002606,ALT-003203,CASE-003203,ANL-5001,2026-01-03T12:08:00Z,CASE_NOTE,Microsoft Sentinel,REF-36909,Supports investigation finding
EVD-002607,ALT-003204,CASE-003204,ANL-5014,2026-01-03T03:55:00Z,AUTHENTICATION_LOG,IBM QRadar,REF-34257,Supports investigation finding
EVD-002608,ALT-003205,CASE-003205,ANL-5008,2026-01-03T08:32:00Z,SIEM_LOG,Elastic Security,REF-80441,Supports investigation finding
EVD-002609,ALT-003206,CASE-003206,ANL-5002,2026-01-03T09:21:00Z,SIEM_LOG,Microsoft Sentinel,REF-32439,Supports investigation finding
EVD-002610,ALT-003207,CASE-003207,ANL-5005,2026-01-03T13:34:00Z,ENDPOINT_LOG,Microsoft Sentinel,REF-93719,Supports investigation finding
EVD-002611,ALT-003208,CASE-003208,ANL-5012,2026-01-03T01:40:00Z,NETWORK_LOG,Elastic Security,REF-11531,Supports investigation finding
EVD-002612,ALT-003209,CASE-003209,ANL-5006,2026-01-03T11:20:00Z,THREAT_INTELLIGENCE,IBM QRadar,REF-31992,Supports investigation finding
EVD-002613,ALT-003210,CASE-003210,ANL-5011,2026-01-03T06:22:00Z,CASE_NOTE,Elastic Security,REF-18734,Supports investigation finding
EVD-002614,ALT-003211,CASE-003211,ANL-5001,2026-01-03T20:25:00Z,AUTHENTICATION_LOG,Splunk ES,REF-80923,Supports investigation finding
EVD-002615,ALT-003212,CASE-003212,ANL-5005,2026-01-03T23:07:00Z,CASE_NOTE,IBM QRadar,REF-52399,Supports investigation finding
EVD-002616,ALT-003213,CASE-003213,ANL-5005,2026-01-03T14:16:00Z,ENDPOINT_LOG,Elastic Security,REF-98254,Supports investigation finding
EVD-002617,ALT-003214,CASE-003214,ANL-5005,2026-01-04T00:24:00Z,PROCESS_TREE,Elastic Security,REF-15337,Supports investigation finding
EVD-002618,ALT-003215,CASE-003215,ANL-5004,2026-01-03T12:37:00Z,THREAT_INTELLIGENCE,IBM QRadar,REF-27504,Supports investigation finding
EVD-002619,ALT-003216,CASE-003216,ANL-5014,2026-01-03T08:38:00Z,ENDPOINT_LOG,IBM QRadar,REF-74297,Supports investigation finding
EVD-002620,ALT-003217,CASE-003217,ANL-5013,2026-01-03T19:29:00Z,SIEM_LOG,Splunk ES,REF-20001,Supports investigation finding
EVD-002621,ALT-003219,CASE-003219,ANL-5006,2026-01-03T15:36:00Z,PROCESS_TREE,Splunk ES,REF-83798,Supports investigation finding
EVD-002622,ALT-003220,CASE-003220,ANL-5005,2026-01-03T08:36:00Z,SIEM_LOG,Microsoft Sentinel,REF-32954,Supports investigation finding
EVD-002623,ALT-003221,CASE-003221,ANL-5004,2026-01-03T20:10:00Z,AUTHENTICATION_LOG,IBM QRadar,REF-54136,Supports investigation finding
EVD-002624,ALT-003222,CASE-003222,ANL-5005,2026-01-03T07:00:00Z,CASE_NOTE,Microsoft Sentinel,REF-80625,Supports investigation finding
EVD-002625,ALT-003223,CASE-003223,ANL-5010,2026-01-03T18:42:00Z,SIEM_LOG,IBM QRadar,REF-26035,Supports investigation finding
EVD-002626,ALT-003224,CASE-003224,ANL-5001,2026-01-03T02:59:00Z,SIEM_LOG,Splunk ES,REF-59800,Supports investigation finding
EVD-002627,ALT-003225,CASE-003225,ANL-5003,2026-01-03T23:21:00Z,CASE_NOTE,Microsoft Sentinel,REF-87484,Supports investigation finding
EVD-002628,ALT-003226,CASE-003226,ANL-5012,2026-01-03T11:37:00Z,NETWORK_LOG,Splunk ES,REF-63011,Supports investigation finding
EVD-002629,ALT-003227,CASE-003227,ANL-5001,2026-01-03T03:23:00Z,ENDPOINT_LOG,IBM QRadar,REF-10825,Supports investigation finding
EVD-002630,ALT-003229,CASE-003229,ANL-5003,2026-01-03T19:48:00Z,PROCESS_TREE,IBM QRadar,REF-74135,Supports investigation finding
EVD-002631,ALT-003230,CASE-003230,ANL-5012,2026-01-03T19:12:00Z,SIEM_LOG,IBM QRadar,REF-53850,Supports investigation finding
EVD-002632,ALT-003231,CASE-003231,ANL-5009,2026-01-03T18:27:00Z,PROCESS_TREE,Microsoft Sentinel,REF-49234,Supports investigation finding
EVD-002633,ALT-003232,CASE-003232,ANL-5001,2026-01-03T06:15:00Z,THREAT_INTELLIGENCE,Microsoft Sentinel,REF-96021,Supports investigation finding
EVD-002634,ALT-003233,CASE-003233,ANL-5011,2026-01-03T08:54:00Z,CASE_NOTE,Microsoft Sentinel,REF-96310,Supports investigation finding
EVD-002635,ALT-003234,CASE-003234,ANL-5014,2026-01-03T02:00:00Z,NETWORK_LOG,Microsoft Sentinel,REF-23873,Supports investigation finding
EVD-002636,ALT-003235,CASE-003235,ANL-5013,2026-01-03T16:51:00Z,PROCESS_TREE,Splunk ES,REF-17625,Supports investigation finding
EVD-002637,ALT-003237,CASE-003237,ANL-5009,2026-01-03T09:02:00Z,THREAT_INTELLIGENCE,Microsoft Sentinel,REF-39211,Supports investigation finding
EVD-002638,ALT-003238,CASE-003238,ANL-5006,2026-01-03T17:53:00Z,THREAT_INTELLIGENCE,Splunk ES,REF-66122,Supports investigation finding
EVD-002639,ALT-003239,CASE-003239,ANL-5002,2026-01-04T00:44:00Z,AUTHENTICATION_LOG,Microsoft Sentinel,REF-28197,Supports investigation finding
EVD-002640,ALT-003241,CASE-003241,ANL-5010,2026-01-04T22:38:00Z,THREAT_INTELLIGENCE,Splunk ES,REF-99956,Supports investigation finding
EVD-002641,ALT-003242,CASE-003242,ANL-5007,2026-01-04T04:19:00Z,PROCESS_TREE,Microsoft Sentinel,REF-53607,Supports investigation finding
EVD-002642,ALT-003243,CASE-003243,ANL-5003,2026-01-04T19:14:00Z,ENDPOINT_LOG,IBM QRadar,REF-31912,Supports investigation finding
EVD-002643,ALT-003244,CASE-003244,ANL-5003,2026-01-04T23:15:00Z,CASE_NOTE,Elastic Security,REF-48104,Supports investigation finding
EVD-002644,ALT-003245,CASE-003245,ANL-5014,2026-01-04T13:31:00Z,SIEM_LOG,Elastic Security,REF-36544,Supports investigation finding
EVD-002645,ALT-003246,CASE-003246,ANL-5009,2026-01-04T03:55:00Z,THREAT_INTELLIGENCE,Splunk ES,REF-25356,Supports investigation finding
EVD-002646,ALT-003247,CASE-003247,ANL-5009,2026-01-04T22:17:00Z,NETWORK_LOG,IBM QRadar,REF-99239,Supports investigation finding
EVD-002647,ALT-003248,CASE-003248,ANL-5014,2026-01-04T19:42:00Z,PROCESS_TREE,Microsoft Sentinel,REF-61623,Supports investigation finding
EVD-002648,ALT-003249,CASE-003249,ANL-5011,2026-01-04T10:50:00Z,PROCESS_TREE,Elastic Security,REF-79326,Supports investigation finding
EVD-002649,ALT-003250,CASE-003250,ANL-5011,2026-01-04T17:32:00Z,AUTHENTICATION_LOG,Splunk ES,REF-54971,Supports investigation finding
EVD-002650,ALT-003251,CASE-003251,ANL-5002,2026-01-04T06:45:00Z,ENDPOINT_LOG,Splunk ES,REF-46899,Supports investigation finding
EVD-002651,ALT-003252,CASE-003252,ANL-5004,2026-01-04T08:48:00Z,THREAT_INTELLIGENCE,Elastic Security,REF-52962,Supports investigation finding
EVD-002652,ALT-003253,CASE-003253,ANL-5004,2026-01-04T10:15:00Z,CASE_NOTE,IBM QRadar,REF-16976,Supports investigation finding
EVD-002653,ALT-003254,CASE-003254,ANL-5009,2026-01-05T00:15:00Z,SIEM_LOG,Splunk ES,REF-24903,Supports investigation finding
EVD-002654,ALT-003255,CASE-003255,ANL-5009,2026-01-04T11:36:00Z,ENDPOINT_LOG,Splunk ES,REF-46026,Supports investigation finding
EVD-002655,ALT-003256,CASE-003256,ANL-5001,2026-01-04T07:36:00Z,AUTHENTICATION_LOG,Microsoft Sentinel,REF-19561,Supports investigation finding
EVD-002656,ALT-003257,CASE-003257,ANL-5003,2026-01-04T11:27:00Z,CASE_NOTE,Splunk ES,REF-23818,Supports investigation finding
EVD-002657,ALT-003259,CASE-003259,ANL-5005,2026-01-04T10:14:00Z,PROCESS_TREE,IBM QRadar,REF-16497,Supports investigation finding
EVD-002658,ALT-003260,CASE-003260,ANL-5007,2026-01-04T07:16:00Z,ENDPOINT_LOG,Elastic Security,REF-83209,Supports investigation finding
EVD-002659,ALT-003261,CASE-003261,ANL-5003,2026-01-05T01:36:00Z,CASE_NOTE,Splunk ES,REF-84553,Supports investigation finding
EVD-002660,ALT-003262,CASE-003262,ANL-5013,2026-01-04T02:58:00Z,NETWORK_LOG,IBM QRadar,REF-95156,Supports investigation finding
EVD-002661,ALT-003263,CASE-003263,ANL-5011,2026-01-04T10:39:00Z,CASE_NOTE,IBM QRadar,REF-88714,Supports investigation finding
EVD-002662,ALT-003264,CASE-003264,ANL-5006,2026-01-04T02:52:00Z,PROCESS_TREE,Elastic Security,REF-22137,Supports investigation finding
EVD-002663,ALT-003265,CASE-003265,ANL-5011,2026-01-04T01:58:00Z,ENDPOINT_LOG,Splunk ES,REF-87703,Supports investigation finding
EVD-002664,ALT-003266,CASE-003266,ANL-5006,2026-01-04T13:32:00Z,PROCESS_TREE,Elastic Security,REF-66863,Supports investigation finding
EVD-002665,ALT-003267,CASE-003267,ANL-5006,2026-01-04T23:29:00Z,AUTHENTICATION_LOG,Microsoft Sentinel,REF-49698,Supports investigation finding
EVD-002666,ALT-003268,CASE-003268,ANL-5009,2026-01-04T09:15:00Z,NETWORK_LOG,Microsoft Sentinel,REF-27384,Supports investigation finding
EVD-002667,ALT-003269,CASE-003269,ANL-5010,2026-01-04T23:38:00Z,AUTHENTICATION_LOG,Splunk ES,REF-53492,Supports investigation finding
EVD-002668,ALT-003271,CASE-003271,ANL-5002,2026-01-04T04:11:00Z,AUTHENTICATION_LOG,Elastic Security,REF-54085,Supports investigation finding
EVD-002669,ALT-003272,CASE-003272,ANL-5006,2026-01-04T07:40:00Z,PROCESS_TREE,Splunk ES,REF-95263,Supports investigation finding
EVD-002670,ALT-003273,CASE-003273,ANL-5001,2026-01-04T02:30:00Z,NETWORK_LOG,Elastic Security,REF-80217,Supports investigation finding
EVD-002671,ALT-003274,CASE-003274,ANL-5010,2026-01-04T20:21:00Z,AUTHENTICATION_LOG,Microsoft Sentinel,REF-35580,Supports investigation finding
EVD-002672,ALT-003275,CASE-003275,ANL-5014,2026-01-05T00:22:00Z,AUTHENTICATION_LOG,IBM QRadar,REF-41629,Supports investigation finding
EVD-002673,ALT-003276,CASE-003276,ANL-5008,2026-01-04T11:38:00Z,PROCESS_TREE,Elastic Security,REF-65606,Supports investigation finding
EVD-002674,ALT-003277,CASE-003277,ANL-5011,2026-01-04T13:20:00Z,CASE_NOTE,Splunk ES,REF-53025,Supports investigation finding
EVD-002675,ALT-003278,CASE-003278,ANL-5010,2026-01-04T05:38:00Z,CASE_NOTE,IBM QRadar,REF-80033,Supports investigation finding
EVD-002676,ALT-003279,CASE-003279,ANL-5009,2026-01-04T15:19:00Z,SIEM_LOG,Elastic Security,REF-13324,Supports investigation finding
EVD-002677,ALT-003280,CASE-003280,ANL-5010,2026-01-04T01:51:00Z,SIEM_LOG,Splunk ES,REF-75327,Supports investigation finding
EVD-002678,ALT-003281,CASE-003281,ANL-5004,2026-01-05T13:52:00Z,PROCESS_TREE,IBM QRadar,REF-91079,Supports investigation finding
EVD-002679,ALT-003282,CASE-003282,ANL-5002,2026-01-05T13:37:00Z,ENDPOINT_LOG,Elastic Security,REF-14524,Supports investigation finding
EVD-002680,ALT-003283,CASE-003283,ANL-5010,2026-01-05T23:50:00Z,AUTHENTICATION_LOG,Microsoft Sentinel,REF-92708,Supports investigation finding
EVD-002681,ALT-003284,CASE-003284,ANL-5013,2026-01-05T03:37:00Z,PROCESS_TREE,Splunk ES,REF-24962,Supports investigation finding
EVD-002682,ALT-003285,CASE-003285,ANL-5011,2026-01-05T08:57:00Z,SIEM_LOG,Elastic Security,REF-27532,Supports investigation finding
EVD-002683,ALT-003286,CASE-003286,ANL-5006,2026-01-05T17:20:00Z,PROCESS_TREE,IBM QRadar,REF-21804,Supports investigation finding
EVD-002684,ALT-003287,CASE-003287,ANL-5005,2026-01-05T09:05:00Z,CASE_NOTE,Splunk ES,REF-87997,Supports investigation finding
EVD-002685,ALT-003288,CASE-003288,ANL-5012,2026-01-05T02:13:00Z,THREAT_INTELLIGENCE,Elastic Security,REF-15768,Supports investigation finding
EVD-002686,ALT-003289,CASE-003289,ANL-5007,2026-01-05T17:14:00Z,NETWORK_LOG,Splunk ES,REF-34690,Supports investigation finding
EVD-002687,ALT-003290,CASE-003290,ANL-5011,2026-01-05T23:46:00Z,CASE_NOTE,Elastic Security,REF-85253,Supports investigation finding
EVD-002688,ALT-003291,CASE-003291,ANL-5013,2026-01-05T02:46:00Z,CASE_NOTE,IBM QRadar,REF-20113,Supports investigation finding
EVD-002689,ALT-003293,CASE-003293,ANL-5013,2026-01-05T03:42:00Z,AUTHENTICATION_LOG,IBM QRadar,REF-41317,Supports investigation finding
EVD-002690,ALT-003294,CASE-003294,ANL-5013,2026-01-05T03:02:00Z,PROCESS_TREE,Splunk ES,REF-28279,Supports investigation finding
EVD-002691,ALT-003295,CASE-003295,ANL-5011,2026-01-05T07:28:00Z,AUTHENTICATION_LOG,IBM QRadar,REF-31725,Supports investigation finding
EVD-002692,ALT-003296,CASE-003296,ANL-5005,2026-01-05T16:16:00Z,AUTHENTICATION_LOG,Microsoft Sentinel,REF-81599,Supports investigation finding
EVD-002693,ALT-003297,CASE-003297,ANL-5011,2026-01-05T17:17:00Z,NETWORK_LOG,Microsoft Sentinel,REF-59583,Supports investigation finding
EVD-002694,ALT-003298,CASE-003298,ANL-5010,2026-01-05T15:52:00Z,NETWORK_LOG,Microsoft Sentinel,REF-92856,Supports investigation finding
EVD-002695,ALT-003299,CASE-003299,ANL-5003,2026-01-05T23:41:00Z,PROCESS_TREE,Elastic Security,REF-53712,Supports investigation finding
EVD-002696,ALT-003300,CASE-003300,ANL-5011,2026-01-05T16:14:00Z,CASE_NOTE,Elastic Security,REF-45661,Supports investigation finding
EVD-002697,ALT-003301,CASE-003301,ANL-5007,2026-01-05T01:57:00Z,SIEM_LOG,Microsoft Sentinel,REF-14069,Supports investigation finding
EVD-002698,ALT-003302,CASE-003302,ANL-5008,2026-01-05T11:33:00Z,SIEM_LOG,Microsoft Sentinel,REF-88911,Supports investigation finding
EVD-002699,ALT-003303,CASE-003303,ANL-5014,2026-01-05T23:52:00Z,SIEM_LOG,IBM QRadar,REF-16121,Supports investigation finding
EVD-002700,ALT-003304,CASE-003304,ANL-5004,2026-01-05T17:50:00Z,SIEM_LOG,IBM QRadar,REF-92099,Supports investigation finding
EVD-002701,ALT-003305,CASE-003305,ANL-5009,2026-01-05T02:07:00Z,CASE_NOTE,IBM QRadar,REF-19967,Supports investigation finding
EVD-002702,ALT-003306,CASE-003306,ANL-5012,2026-01-05T21:27:00Z,PROCESS_TREE,IBM QRadar,REF-26528,Supports investigation finding
EVD-002703,ALT-003307,CASE-003307,ANL-5012,2026-01-05T17:51:00Z,SIEM_LOG,Splunk ES,REF-35879,Supports investigation finding
EVD-002704,ALT-003308,CASE-003308,ANL-5011,2026-01-05T22:00:00Z,NETWORK_LOG,Microsoft Sentinel,REF-53320,Supports investigation finding
EVD-002705,ALT-003309,CASE-003309,ANL-5010,2026-01-05T15:48:00Z,PROCESS_TREE,Microsoft Sentinel,REF-28478,Supports investigation finding
EVD-002706,ALT-003310,CASE-003310,ANL-5010,2026-01-05T16:58:00Z,SIEM_LOG,IBM QRadar,REF-39853,Supports investigation finding
EVD-002707,ALT-003311,CASE-003311,ANL-5014,2026-01-05T00:42:00Z,AUTHENTICATION_LOG,Microsoft Sentinel,REF-15204,Supports investigation finding
EVD-002708,ALT-003312,CASE-003312,ANL-5007,2026-01-05T23:13:00Z,ENDPOINT_LOG,IBM QRadar,REF-29839,Supports investigation finding
EVD-002709,ALT-003313,CASE-003313,ANL-5014,2026-01-05T12:24:00Z,AUTHENTICATION_LOG,Elastic Security,REF-32690,Supports investigation finding
EVD-002710,ALT-003314,CASE-003314,ANL-5009,2026-01-05T11:02:00Z,ENDPOINT_LOG,Splunk ES,REF-16847,Supports investigation finding
EVD-002711,ALT-003315,CASE-003315,ANL-5003,2026-01-05T17:27:00Z,PROCESS_TREE,Elastic Security,REF-68771,Supports investigation finding
EVD-002712,ALT-003316,CASE-003316,ANL-5007,2026-01-05T19:33:00Z,NETWORK_LOG,IBM QRadar,REF-84626,Supports investigation finding
EVD-002713,ALT-003317,CASE-003317,ANL-5002,2026-01-05T22:46:00Z,AUTHENTICATION_LOG,Elastic Security,REF-71410,Supports investigation finding
EVD-002714,ALT-003318,CASE-003318,ANL-5001,2026-01-05T06:29:00Z,AUTHENTICATION_LOG,Microsoft Sentinel,REF-53461,Supports investigation finding
EVD-002715,ALT-003319,CASE-003319,ANL-5008,2026-01-05T06:52:00Z,PROCESS_TREE,Splunk ES,REF-74313,Supports investigation finding
EVD-002716,ALT-003320,CASE-003320,ANL-5002,2026-01-05T23:32:00Z,NETWORK_LOG,Microsoft Sentinel,REF-36539,Supports investigation finding
EVD-002717,ALT-003322,CASE-003322,ANL-5001,2026-01-06T08:39:00Z,CASE_NOTE,Microsoft Sentinel,REF-81758,Supports investigation finding
EVD-002718,ALT-003324,CASE-003324,ANL-5011,2026-01-06T15:39:00Z,THREAT_INTELLIGENCE,Elastic Security,REF-15175,Supports investigation finding
EVD-002719,ALT-003325,CASE-003325,ANL-5002,2026-01-06T23:29:00Z,THREAT_INTELLIGENCE,Splunk ES,REF-38405,Supports investigation finding
EVD-002720,ALT-003328,CASE-003328,ANL-5006,2026-01-06T10:06:00Z,PROCESS_TREE,IBM QRadar,REF-38845,Supports investigation finding
EVD-002721,ALT-003330,CASE-003330,ANL-5001,2026-01-06T15:27:00Z,CASE_NOTE,IBM QRadar,REF-88151,Supports investigation finding
EVD-002722,ALT-003331,CASE-003331,ANL-5010,2026-01-06T19:37:00Z,NETWORK_LOG,Splunk ES,REF-98390,Supports investigation finding
EVD-002723,ALT-003332,CASE-003332,ANL-5010,2026-01-06T02:52:00Z,NETWORK_LOG,IBM QRadar,REF-15614,Supports investigation finding
EVD-002724,ALT-003333,CASE-003333,ANL-5007,2026-01-06T19:02:00Z,SIEM_LOG,Microsoft Sentinel,REF-78784,Supports investigation finding
EVD-002725,ALT-003334,CASE-003334,ANL-5001,2026-01-06T09:29:00Z,SIEM_LOG,Elastic Security,REF-24616,Supports investigation finding
EVD-002726,ALT-003335,CASE-003335,ANL-5011,2026-01-06T19:42:00Z,THREAT_INTELLIGENCE,Microsoft Sentinel,REF-23002,Supports investigation finding
EVD-002727,ALT-003336,CASE-003336,ANL-5004,2026-01-06T14:08:00Z,NETWORK_LOG,Microsoft Sentinel,REF-36362,Supports investigation finding
EVD-002728,ALT-003337,CASE-003337,ANL-5013,2026-01-06T12:16:00Z,THREAT_INTELLIGENCE,Elastic Security,REF-45142,Supports investigation finding
EVD-002729,ALT-003338,CASE-003338,ANL-5006,2026-01-06T07:26:00Z,ENDPOINT_LOG,Elastic Security,REF-84220,Supports investigation finding
EVD-002730,ALT-003339,CASE-003339,ANL-5014,2026-01-06T21:25:00Z,SIEM_LOG,Microsoft Sentinel,REF-45627,Supports investigation finding
EVD-002731,ALT-003340,CASE-003340,ANL-5010,2026-01-06T15:04:00Z,ENDPOINT_LOG,Elastic Security,REF-49274,Supports investigation finding
EVD-002732,ALT-003341,CASE-003341,ANL-5011,2026-01-06T06:52:00Z,AUTHENTICATION_LOG,Splunk ES,REF-91840,Supports investigation finding
EVD-002733,ALT-003342,CASE-003342,ANL-5007,2026-01-06T22:26:00Z,CASE_NOTE,IBM QRadar,REF-71021,Supports investigation finding
EVD-002734,ALT-003343,CASE-003343,ANL-5014,2026-01-06T20:23:00Z,ENDPOINT_LOG,Elastic Security,REF-76028,Supports investigation finding
EVD-002735,ALT-003344,CASE-003344,ANL-5012,2026-01-06T00:46:00Z,CASE_NOTE,Elastic Security,REF-33958,Supports investigation finding
EVD-002736,ALT-003345,CASE-003345,ANL-5005,2026-01-06T22:43:00Z,NETWORK_LOG,Elastic Security,REF-68762,Supports investigation finding
EVD-002737,ALT-003346,CASE-003346,ANL-5005,2026-01-06T15:39:00Z,AUTHENTICATION_LOG,Elastic Security,REF-24826,Supports investigation finding
EVD-002738,ALT-003347,CASE-003347,ANL-5006,2026-01-06T14:49:00Z,PROCESS_TREE,Microsoft Sentinel,REF-80143,Supports investigation finding
EVD-002739,ALT-003348,CASE-003348,ANL-5001,2026-01-06T01:23:00Z,PROCESS_TREE,Elastic Security,REF-25732,Supports investigation finding
EVD-002740,ALT-003349,CASE-003349,ANL-5009,2026-01-06T21:00:00Z,ENDPOINT_LOG,Elastic Security,REF-11169,Supports investigation finding
EVD-002741,ALT-003350,CASE-003350,ANL-5014,2026-01-06T11:56:00Z,THREAT_INTELLIGENCE,IBM QRadar,REF-38798,Supports investigation finding
EVD-002742,ALT-003351,CASE-003351,ANL-5005,2026-01-06T03:13:00Z,PROCESS_TREE,IBM QRadar,REF-50022,Supports investigation finding
EVD-002743,ALT-003352,CASE-003352,ANL-5006,2026-01-06T02:49:00Z,AUTHENTICATION_LOG,IBM QRadar,REF-95815,Supports investigation finding
EVD-002744,ALT-003354,CASE-003354,ANL-5001,2026-01-06T20:13:00Z,THREAT_INTELLIGENCE,IBM QRadar,REF-23256,Supports investigation finding
EVD-002745,ALT-003355,CASE-003355,ANL-5013,2026-01-06T15:52:00Z,AUTHENTICATION_LOG,IBM QRadar,REF-71980,Supports investigation finding
EVD-002746,ALT-003356,CASE-003356,ANL-5011,2026-01-06T07:52:00Z,NETWORK_LOG,Splunk ES,REF-79667,Supports investigation finding
EVD-002747,ALT-003357,CASE-003357,ANL-5006,2026-01-06T22:33:00Z,ENDPOINT_LOG,Elastic Security,REF-50078,Supports investigation finding
EVD-002748,ALT-003359,CASE-003359,ANL-5007,2026-01-06T11:31:00Z,THREAT_INTELLIGENCE,IBM QRadar,REF-81564,Supports investigation finding
EVD-002749,ALT-003360,CASE-003360,ANL-5011,2026-01-06T17:47:00Z,SIEM_LOG,Elastic Security,REF-33379,Supports investigation finding
EVD-002750,ALT-003361,CASE-003361,ANL-5007,2026-01-07T07:24:00Z,NETWORK_LOG,Microsoft Sentinel,REF-48373,Supports investigation finding
EVD-002751,ALT-003362,CASE-003362,ANL-5006,2026-01-07T02:08:00Z,THREAT_INTELLIGENCE,Microsoft Sentinel,REF-11494,Supports investigation finding
EVD-002752,ALT-003363,CASE-003363,ANL-5013,2026-01-07T10:40:00Z,THREAT_INTELLIGENCE,Splunk ES,REF-43165,Supports investigation finding
EVD-002753,ALT-003364,CASE-003364,ANL-5005,2026-01-07T09:32:00Z,NETWORK_LOG,Microsoft Sentinel,REF-91211,Supports investigation finding
EVD-002754,ALT-003365,CASE-003365,ANL-5014,2026-01-07T10:24:00Z,PROCESS_TREE,Microsoft Sentinel,REF-59777,Supports investigation finding
EVD-002755,ALT-003366,CASE-003366,ANL-5014,2026-01-07T22:13:00Z,SIEM_LOG,Elastic Security,REF-86243,Supports investigation finding
EVD-002756,ALT-003367,CASE-003367,ANL-5012,2026-01-07T01:11:00Z,CASE_NOTE,Microsoft Sentinel,REF-55719,Supports investigation finding
EVD-002757,ALT-003368,CASE-003368,ANL-5006,2026-01-07T11:26:00Z,THREAT_INTELLIGENCE,Splunk ES,REF-51357,Supports investigation finding
EVD-002758,ALT-003369,CASE-003369,ANL-5008,2026-01-07T17:47:00Z,CASE_NOTE,Splunk ES,REF-76996,Supports investigation finding
EVD-002759,ALT-003370,CASE-003370,ANL-5014,2026-01-07T05:23:00Z,CASE_NOTE,Microsoft Sentinel,REF-79386,Supports investigation finding
EVD-002760,ALT-003371,CASE-003371,ANL-5007,2026-01-07T23:38:00Z,PROCESS_TREE,Splunk ES,REF-53595,Supports investigation finding
EVD-002761,ALT-003372,CASE-003372,ANL-5011,2026-01-07T10:22:00Z,THREAT_INTELLIGENCE,Microsoft Sentinel,REF-47943,Supports investigation finding
EVD-002762,ALT-003373,CASE-003373,ANL-5004,2026-01-07T19:01:00Z,SIEM_LOG,IBM QRadar,REF-89857,Supports investigation finding
EVD-002763,ALT-003374,CASE-003374,ANL-5006,2026-01-07T12:18:00Z,AUTHENTICATION_LOG,Microsoft Sentinel,REF-61072,Supports investigation finding
EVD-002764,ALT-003375,CASE-003375,ANL-5013,2026-01-08T00:41:00Z,SIEM_LOG,IBM QRadar,REF-73402,Supports investigation finding
EVD-002765,ALT-003376,CASE-003376,ANL-5006,2026-01-07T01:10:00Z,NETWORK_LOG,Microsoft Sentinel,REF-22289,Supports investigation finding
EVD-002766,ALT-003377,CASE-003377,ANL-5012,2026-01-07T19:27:00Z,SIEM_LOG,IBM QRadar,REF-62401,Supports investigation finding
EVD-002767,ALT-003378,CASE-003378,ANL-5006,2026-01-07T15:43:00Z,NETWORK_LOG,Splunk ES,REF-77376,Supports investigation finding
EVD-002768,ALT-003379,CASE-003379,ANL-5001,2026-01-07T23:37:00Z,ENDPOINT_LOG,Microsoft Sentinel,REF-65634,Supports investigation finding
EVD-002769,ALT-003380,CASE-003380,ANL-5009,2026-01-07T10:20:00Z,NETWORK_LOG,Microsoft Sentinel,REF-29793,Supports investigation finding
EVD-002770,ALT-003381,CASE-003381,ANL-5014,2026-01-07T05:36:00Z,PROCESS_TREE,Microsoft Sentinel,REF-25359,Supports investigation finding
EVD-002771,ALT-003382,CASE-003382,ANL-5006,2026-01-07T13:47:00Z,ENDPOINT_LOG,Splunk ES,REF-73610,Supports investigation finding
EVD-002772,ALT-003383,CASE-003383,ANL-5014,2026-01-07T03:22:00Z,CASE_NOTE,Splunk ES,REF-51182,Supports investigation finding
EVD-002773,ALT-003384,CASE-003384,ANL-5014,2026-01-07T16:58:00Z,AUTHENTICATION_LOG,IBM QRadar,REF-77735,Supports investigation finding
EVD-002774,ALT-003385,CASE-003385,ANL-5013,2026-01-07T11:53:00Z,AUTHENTICATION_LOG,IBM QRadar,REF-99131,Supports investigation finding
EVD-002775,ALT-003386,CASE-003386,ANL-5006,2026-01-08T00:32:00Z,ENDPOINT_LOG,Splunk ES,REF-52892,Supports investigation finding
EVD-002776,ALT-003387,CASE-003387,ANL-5008,2026-01-07T12:26:00Z,ENDPOINT_LOG,Elastic Security,REF-20926,Supports investigation finding
EVD-002777,ALT-003388,CASE-003388,ANL-5001,2026-01-07T08:15:00Z,NETWORK_LOG,Elastic Security,REF-89518,Supports investigation finding
EVD-002778,ALT-003389,CASE-003389,ANL-5006,2026-01-07T01:36:00Z,AUTHENTICATION_LOG,Splunk ES,REF-51280,Supports investigation finding
EVD-002779,ALT-003390,CASE-003390,ANL-5010,2026-01-07T17:31:00Z,NETWORK_LOG,Splunk ES,REF-35499,Supports investigation finding
EVD-002780,ALT-003391,CASE-003391,ANL-5011,2026-01-07T10:37:00Z,CASE_NOTE,IBM QRadar,REF-26554,Supports investigation finding
EVD-002781,ALT-003392,CASE-003392,ANL-5013,2026-01-07T10:03:00Z,THREAT_INTELLIGENCE,Elastic Security,REF-50041,Supports investigation finding
EVD-002782,ALT-003393,CASE-003393,ANL-5013,2026-01-07T11:59:00Z,ENDPOINT_LOG,Microsoft Sentinel,REF-38369,Supports investigation finding
EVD-002783,ALT-003394,CASE-003394,ANL-5006,2026-01-07T13:03:00Z,CASE_NOTE,Microsoft Sentinel,REF-87042,Supports investigation finding
EVD-002784,ALT-003395,CASE-003395,ANL-5002,2026-01-07T01:06:00Z,THREAT_INTELLIGENCE,IBM QRadar,REF-34448,Supports investigation finding
EVD-002785,ALT-003396,CASE-003396,ANL-5006,2026-01-07T09:25:00Z,AUTHENTICATION_LOG,Microsoft Sentinel,REF-19452,Supports investigation finding
EVD-002786,ALT-003397,CASE-003397,ANL-5004,2026-01-07T09:00:00Z,CASE_NOTE,Splunk ES,REF-51540,Supports investigation finding
EVD-002787,ALT-003398,CASE-003398,ANL-5012,2026-01-07T13:45:00Z,PROCESS_TREE,Elastic Security,REF-82389,Supports investigation finding
EVD-002788,ALT-003399,CASE-003399,ANL-5005,2026-01-07T05:26:00Z,CASE_NOTE,Splunk ES,REF-59177,Supports investigation finding
EVD-002789,ALT-003400,CASE-003400,ANL-5004,2026-01-07T08:46:00Z,ENDPOINT_LOG,Microsoft Sentinel,REF-28313,Supports investigation finding
EVD-002790,ALT-003401,CASE-003401,ANL-5012,2026-01-08T23:16:00Z,AUTHENTICATION_LOG,IBM QRadar,REF-66202,Supports investigation finding
EVD-002791,ALT-003402,CASE-003402,ANL-5012,2026-01-08T19:41:00Z,PROCESS_TREE,Elastic Security,REF-82922,Supports investigation finding
EVD-002792,ALT-003403,CASE-003403,ANL-5003,2026-01-09T00:15:00Z,THREAT_INTELLIGENCE,IBM QRadar,REF-13344,Supports investigation finding
EVD-002793,ALT-003405,CASE-003405,ANL-5010,2026-01-08T14:51:00Z,PROCESS_TREE,IBM QRadar,REF-68579,Supports investigation finding
EVD-002794,ALT-003406,CASE-003406,ANL-5001,2026-01-08T22:24:00Z,ENDPOINT_LOG,Elastic Security,REF-57461,Supports investigation finding
EVD-002795,ALT-003407,CASE-003407,ANL-5007,2026-01-08T14:57:00Z,PROCESS_TREE,Elastic Security,REF-45956,Supports investigation finding
EVD-002796,ALT-003408,CASE-003408,ANL-5005,2026-01-08T05:35:00Z,ENDPOINT_LOG,IBM QRadar,REF-68826,Supports investigation finding
EVD-002797,ALT-003409,CASE-003409,ANL-5001,2026-01-08T20:23:00Z,SIEM_LOG,IBM QRadar,REF-30107,Supports investigation finding
EVD-002798,ALT-003410,CASE-003410,ANL-5003,2026-01-08T09:20:00Z,PROCESS_TREE,Splunk ES,REF-11216,Supports investigation finding
EVD-002799,ALT-003411,CASE-003411,ANL-5014,2026-01-08T16:20:00Z,ENDPOINT_LOG,Elastic Security,REF-46999,Supports investigation finding
EVD-002800,ALT-003412,CASE-003412,ANL-5005,2026-01-08T05:30:00Z,AUTHENTICATION_LOG,Splunk ES,REF-78834,Supports investigation finding
EVD-002801,ALT-003414,CASE-003414,ANL-5009,2026-01-08T09:41:00Z,AUTHENTICATION_LOG,Microsoft Sentinel,REF-37416,Supports investigation finding
EVD-002802,ALT-003415,CASE-003415,ANL-5013,2026-01-08T14:21:00Z,AUTHENTICATION_LOG,IBM QRadar,REF-76361,Supports investigation finding
EVD-002803,ALT-003416,CASE-003416,ANL-5008,2026-01-08T18:45:00Z,CASE_NOTE,IBM QRadar,REF-71857,Supports investigation finding
EVD-002804,ALT-003417,CASE-003417,ANL-5006,2026-01-08T10:10:00Z,SIEM_LOG,Splunk ES,REF-78285,Supports investigation finding
EVD-002805,ALT-003418,CASE-003418,ANL-5006,2026-01-08T01:52:00Z,PROCESS_TREE,Splunk ES,REF-72829,Supports investigation finding
EVD-002806,ALT-003419,CASE-003419,ANL-5012,2026-01-08T17:33:00Z,AUTHENTICATION_LOG,IBM QRadar,REF-24563,Supports investigation finding
EVD-002807,ALT-003420,CASE-003420,ANL-5005,2026-01-08T12:19:00Z,THREAT_INTELLIGENCE,Elastic Security,REF-98213,Supports investigation finding
EVD-002808,ALT-003421,CASE-003421,ANL-5005,2026-01-08T14:28:00Z,PROCESS_TREE,Microsoft Sentinel,REF-86740,Supports investigation finding
EVD-002809,ALT-003423,CASE-003423,ANL-5011,2026-01-08T19:57:00Z,SIEM_LOG,Elastic Security,REF-18683,Supports investigation finding
EVD-002810,ALT-003424,CASE-003424,ANL-5006,2026-01-08T01:06:00Z,NETWORK_LOG,Microsoft Sentinel,REF-23296,Supports investigation finding
EVD-002811,ALT-003425,CASE-003425,ANL-5005,2026-01-08T19:20:00Z,ENDPOINT_LOG,Elastic Security,REF-96880,Supports investigation finding
EVD-002812,ALT-003426,CASE-003426,ANL-5010,2026-01-08T21:25:00Z,THREAT_INTELLIGENCE,IBM QRadar,REF-13135,Supports investigation finding
EVD-002813,ALT-003427,CASE-003427,ANL-5010,2026-01-08T15:37:00Z,SIEM_LOG,Microsoft Sentinel,REF-72722,Supports investigation finding
EVD-002814,ALT-003428,CASE-003428,ANL-5009,2026-01-08T21:10:00Z,AUTHENTICATION_LOG,IBM QRadar,REF-21288,Supports investigation finding
EVD-002815,ALT-003429,CASE-003429,ANL-5006,2026-01-09T00:31:00Z,ENDPOINT_LOG,Microsoft Sentinel,REF-63945,Supports investigation finding
EVD-002816,ALT-003430,CASE-003430,ANL-5012,2026-01-08T10:21:00Z,SIEM_LOG,Microsoft Sentinel,REF-26510,Supports investigation finding
EVD-002817,ALT-003431,CASE-003431,ANL-5014,2026-01-08T09:48:00Z,NETWORK_LOG,Splunk ES,REF-19826,Supports investigation finding
EVD-002818,ALT-003432,CASE-003432,ANL-5004,2026-01-08T04:53:00Z,AUTHENTICATION_LOG,Microsoft Sentinel,REF-26708,Supports investigation finding
EVD-002819,ALT-003433,CASE-003433,ANL-5014,2026-01-08T17:57:00Z,NETWORK_LOG,Elastic Security,REF-77676,Supports investigation finding
EVD-002820,ALT-003434,CASE-003434,ANL-5008,2026-01-08T10:12:00Z,NETWORK_LOG,Splunk ES,REF-63588,Supports investigation finding
EVD-002821,ALT-003435,CASE-003435,ANL-5012,2026-01-08T23:08:00Z,SIEM_LOG,Splunk ES,REF-50244,Supports investigation finding
EVD-002822,ALT-003436,CASE-003436,ANL-5010,2026-01-08T02:37:00Z,THREAT_INTELLIGENCE,Elastic Security,REF-15175,Supports investigation finding
EVD-002823,ALT-003437,CASE-003437,ANL-5005,2026-01-08T18:50:00Z,SIEM_LOG,Microsoft Sentinel,REF-66693,Supports investigation finding
EVD-002824,ALT-003438,CASE-003438,ANL-5002,2026-01-08T23:41:00Z,ENDPOINT_LOG,Microsoft Sentinel,REF-73354,Supports investigation finding
EVD-002825,ALT-003439,CASE-003439,ANL-5004,2026-01-08T02:36:00Z,AUTHENTICATION_LOG,Elastic Security,REF-68717,Supports investigation finding
EVD-002826,ALT-003440,CASE-003440,ANL-5007,2026-01-08T07:42:00Z,THREAT_INTELLIGENCE,Elastic Security,REF-33192,Supports investigation finding
EVD-002827,ALT-003441,CASE-003441,ANL-5004,2026-01-09T22:49:00Z,PROCESS_TREE,Microsoft Sentinel,REF-61787,Supports investigation finding
EVD-002828,ALT-003442,CASE-003442,ANL-5001,2026-01-09T01:39:00Z,SIEM_LOG,IBM QRadar,REF-27778,Supports investigation finding
EVD-002829,ALT-003444,CASE-003444,ANL-5014,2026-01-09T07:26:00Z,ENDPOINT_LOG,IBM QRadar,REF-13647,Supports investigation finding
EVD-002830,ALT-003445,CASE-003445,ANL-5013,2026-01-09T21:33:00Z,NETWORK_LOG,Splunk ES,REF-32426,Supports investigation finding
EVD-002831,ALT-003446,CASE-003446,ANL-5014,2026-01-09T11:11:00Z,CASE_NOTE,IBM QRadar,REF-89767,Supports investigation finding
EVD-002832,ALT-003447,CASE-003447,ANL-5013,2026-01-09T12:00:00Z,ENDPOINT_LOG,Elastic Security,REF-22378,Supports investigation finding
EVD-002833,ALT-003448,CASE-003448,ANL-5014,2026-01-09T11:24:00Z,AUTHENTICATION_LOG,Microsoft Sentinel,REF-31216,Supports investigation finding
EVD-002834,ALT-003449,CASE-003449,ANL-5014,2026-01-09T05:17:00Z,NETWORK_LOG,Elastic Security,REF-53535,Supports investigation finding
EVD-002835,ALT-003450,CASE-003450,ANL-5006,2026-01-09T21:00:00Z,ENDPOINT_LOG,IBM QRadar,REF-73705,Supports investigation finding
EVD-002836,ALT-003451,CASE-003451,ANL-5014,2026-01-09T21:05:00Z,CASE_NOTE,Microsoft Sentinel,REF-49663,Supports investigation finding
EVD-002837,ALT-003452,CASE-003452,ANL-5014,2026-01-09T04:29:00Z,SIEM_LOG,Microsoft Sentinel,REF-86765,Supports investigation finding
EVD-002838,ALT-003453,CASE-003453,ANL-5003,2026-01-09T22:46:00Z,NETWORK_LOG,Elastic Security,REF-98839,Supports investigation finding
EVD-002839,ALT-003454,CASE-003454,ANL-5013,2026-01-09T22:32:00Z,ENDPOINT_LOG,Microsoft Sentinel,REF-55568,Supports investigation finding
EVD-002840,ALT-003455,CASE-003455,ANL-5001,2026-01-09T11:23:00Z,AUTHENTICATION_LOG,Splunk ES,REF-98112,Supports investigation finding
EVD-002841,ALT-003456,CASE-003456,ANL-5013,2026-01-09T13:07:00Z,SIEM_LOG,Splunk ES,REF-42457,Supports investigation finding
EVD-002842,ALT-003457,CASE-003457,ANL-5010,2026-01-09T05:32:00Z,ENDPOINT_LOG,Microsoft Sentinel,REF-89488,Supports investigation finding
EVD-002843,ALT-003458,CASE-003458,ANL-5008,2026-01-09T13:27:00Z,CASE_NOTE,IBM QRadar,REF-54772,Supports investigation finding
EVD-002844,ALT-003459,CASE-003459,ANL-5004,2026-01-09T20:15:00Z,CASE_NOTE,Splunk ES,REF-77377,Supports investigation finding
EVD-002845,ALT-003460,CASE-003460,ANL-5005,2026-01-09T01:32:00Z,PROCESS_TREE,Microsoft Sentinel,REF-36874,Supports investigation finding
EVD-002846,ALT-003461,CASE-003461,ANL-5013,2026-01-09T21:29:00Z,ENDPOINT_LOG,Elastic Security,REF-57799,Supports investigation finding
EVD-002847,ALT-003462,CASE-003462,ANL-5012,2026-01-09T23:11:00Z,ENDPOINT_LOG,Splunk ES,REF-83080,Supports investigation finding
EVD-002848,ALT-003463,CASE-003463,ANL-5005,2026-01-09T17:31:00Z,ENDPOINT_LOG,Microsoft Sentinel,REF-32335,Supports investigation finding
EVD-002849,ALT-003464,CASE-003464,ANL-5007,2026-01-09T19:02:00Z,NETWORK_LOG,IBM QRadar,REF-31501,Supports investigation finding
EVD-002850,ALT-003465,CASE-003465,ANL-5002,2026-01-09T23:48:00Z,AUTHENTICATION_LOG,Splunk ES,REF-93532,Supports investigation finding
EVD-002851,ALT-003466,CASE-003466,ANL-5008,2026-01-09T23:56:00Z,ENDPOINT_LOG,IBM QRadar,REF-71581,Supports investigation finding
EVD-002852,ALT-003467,CASE-003467,ANL-5004,2026-01-09T19:20:00Z,ENDPOINT_LOG,Elastic Security,REF-39050,Supports investigation finding
EVD-002853,ALT-003468,CASE-003468,ANL-5007,2026-01-09T11:09:00Z,ENDPOINT_LOG,Microsoft Sentinel,REF-59537,Supports investigation finding
EVD-002854,ALT-003469,CASE-003469,ANL-5011,2026-01-09T02:28:00Z,PROCESS_TREE,Elastic Security,REF-21380,Supports investigation finding
EVD-002855,ALT-003470,CASE-003470,ANL-5007,2026-01-09T20:20:00Z,PROCESS_TREE,Splunk ES,REF-62223,Supports investigation finding
EVD-002856,ALT-003471,CASE-003471,ANL-5007,2026-01-09T05:41:00Z,ENDPOINT_LOG,Splunk ES,REF-93202,Supports investigation finding
EVD-002857,ALT-003472,CASE-003472,ANL-5014,2026-01-09T10:08:00Z,AUTHENTICATION_LOG,Microsoft Sentinel,REF-55627,Supports investigation finding
EVD-002858,ALT-003473,CASE-003473,ANL-5007,2026-01-09T08:03:00Z,PROCESS_TREE,Microsoft Sentinel,REF-34439,Supports investigation finding
EVD-002859,ALT-003474,CASE-003474,ANL-5006,2026-01-09T13:32:00Z,CASE_NOTE,Elastic Security,REF-48372,Supports investigation finding
EVD-002860,ALT-003475,CASE-003475,ANL-5013,2026-01-09T15:50:00Z,CASE_NOTE,IBM QRadar,REF-25145,Supports investigation finding
EVD-002861,ALT-003476,CASE-003476,ANL-5014,2026-01-09T10:23:00Z,SIEM_LOG,Elastic Security,REF-81924,Supports investigation finding
EVD-002862,ALT-003477,CASE-003477,ANL-5009,2026-01-09T18:06:00Z,PROCESS_TREE,Microsoft Sentinel,REF-99341,Supports investigation finding
EVD-002863,ALT-003481,CASE-003481,ANL-5005,2026-01-10T19:26:00Z,PROCESS_TREE,Elastic Security,REF-11036,Supports investigation finding
EVD-002864,ALT-003482,CASE-003482,ANL-5002,2026-01-10T06:35:00Z,ENDPOINT_LOG,Splunk ES,REF-59978,Supports investigation finding
EVD-002865,ALT-003483,CASE-003483,ANL-5002,2026-01-10T22:16:00Z,CASE_NOTE,Elastic Security,REF-51738,Supports investigation finding
EVD-002866,ALT-003484,CASE-003484,ANL-5004,2026-01-10T21:09:00Z,AUTHENTICATION_LOG,IBM QRadar,REF-71797,Supports investigation finding
EVD-002867,ALT-003485,CASE-003485,ANL-5001,2026-01-10T14:50:00Z,SIEM_LOG,IBM QRadar,REF-54954,Supports investigation finding
EVD-002868,ALT-003486,CASE-003486,ANL-5004,2026-01-10T18:49:00Z,CASE_NOTE,Microsoft Sentinel,REF-15091,Supports investigation finding
EVD-002869,ALT-003487,CASE-003487,ANL-5010,2026-01-10T07:38:00Z,NETWORK_LOG,IBM QRadar,REF-49624,Supports investigation finding
EVD-002870,ALT-003488,CASE-003488,ANL-5005,2026-01-10T21:16:00Z,AUTHENTICATION_LOG,Elastic Security,REF-40155,Supports investigation finding
EVD-002871,ALT-003489,CASE-003489,ANL-5010,2026-01-10T22:27:00Z,CASE_NOTE,Splunk ES,REF-28632,Supports investigation finding
EVD-002872,ALT-003490,CASE-003490,ANL-5011,2026-01-10T05:19:00Z,CASE_NOTE,Microsoft Sentinel,REF-31989,Supports investigation finding
EVD-002873,ALT-003491,CASE-003491,ANL-5001,2026-01-10T13:44:00Z,ENDPOINT_LOG,Elastic Security,REF-76047,Supports investigation finding
EVD-002874,ALT-003492,CASE-003492,ANL-5010,2026-01-10T22:26:00Z,NETWORK_LOG,Splunk ES,REF-13736,Supports investigation finding
EVD-002875,ALT-003493,CASE-003493,ANL-5012,2026-01-10T15:06:00Z,THREAT_INTELLIGENCE,Elastic Security,REF-28735,Supports investigation finding
EVD-002876,ALT-003494,CASE-003494,ANL-5014,2026-01-10T22:51:00Z,AUTHENTICATION_LOG,Microsoft Sentinel,REF-47204,Supports investigation finding
EVD-002877,ALT-003496,CASE-003496,ANL-5010,2026-01-11T00:09:00Z,SIEM_LOG,Splunk ES,REF-40789,Supports investigation finding
EVD-002878,ALT-003497,CASE-003497,ANL-5008,2026-01-10T03:28:00Z,ENDPOINT_LOG,Splunk ES,REF-65333,Supports investigation finding
EVD-002879,ALT-003498,CASE-003498,ANL-5013,2026-01-10T15:28:00Z,THREAT_INTELLIGENCE,Elastic Security,REF-13656,Supports investigation finding
EVD-002880,ALT-003499,CASE-003499,ANL-5011,2026-01-10T11:40:00Z,SIEM_LOG,Microsoft Sentinel,REF-78718,Supports investigation finding
EVD-002881,ALT-003500,CASE-003500,ANL-5006,2026-01-10T04:59:00Z,ENDPOINT_LOG,Splunk ES,REF-48990,Supports investigation finding
EVD-002882,ALT-003501,CASE-003501,ANL-5001,2026-01-10T17:48:00Z,CASE_NOTE,Elastic Security,REF-58557,Supports investigation finding
EVD-002883,ALT-003502,CASE-003502,ANL-5005,2026-01-10T10:39:00Z,CASE_NOTE,IBM QRadar,REF-93896,Supports investigation finding
EVD-002884,ALT-003503,CASE-003503,ANL-5014,2026-01-10T21:13:00Z,CASE_NOTE,Elastic Security,REF-89105,Supports investigation finding
EVD-002885,ALT-003504,CASE-003504,ANL-5014,2026-01-10T05:18:00Z,SIEM_LOG,Elastic Security,REF-47748,Supports investigation finding
EVD-002886,ALT-003505,CASE-003505,ANL-5007,2026-01-10T18:59:00Z,PROCESS_TREE,IBM QRadar,REF-66673,Supports investigation finding
EVD-002887,ALT-003506,CASE-003506,ANL-5001,2026-01-11T00:13:00Z,NETWORK_LOG,IBM QRadar,REF-71690,Supports investigation finding
EVD-002888,ALT-003507,CASE-003507,ANL-5003,2026-01-10T23:43:00Z,NETWORK_LOG,Microsoft Sentinel,REF-20606,Supports investigation finding
EVD-002889,ALT-003508,CASE-003508,ANL-5007,2026-01-10T12:10:00Z,AUTHENTICATION_LOG,Splunk ES,REF-54489,Supports investigation finding
EVD-002890,ALT-003509,CASE-003509,ANL-5014,2026-01-10T18:48:00Z,SIEM_LOG,Microsoft Sentinel,REF-18694,Supports investigation finding
EVD-002891,ALT-003510,CASE-003510,ANL-5013,2026-01-10T23:38:00Z,PROCESS_TREE,IBM QRadar,REF-41667,Supports investigation finding
EVD-002892,ALT-003511,CASE-003511,ANL-5012,2026-01-10T03:59:00Z,AUTHENTICATION_LOG,Splunk ES,REF-15386,Supports investigation finding
EVD-002893,ALT-003512,CASE-003512,ANL-5012,2026-01-10T22:11:00Z,ENDPOINT_LOG,Splunk ES,REF-36267,Supports investigation finding
EVD-002894,ALT-003514,CASE-003514,ANL-5001,2026-01-10T21:57:00Z,ENDPOINT_LOG,Microsoft Sentinel,REF-22765,Supports investigation finding
EVD-002895,ALT-003515,CASE-003515,ANL-5012,2026-01-10T01:15:00Z,SIEM_LOG,Elastic Security,REF-92821,Supports investigation finding
EVD-002896,ALT-003516,CASE-003516,ANL-5006,2026-01-10T23:44:00Z,SIEM_LOG,Splunk ES,REF-28739,Supports investigation finding
EVD-002897,ALT-003517,CASE-003517,ANL-5005,2026-01-10T21:00:00Z,ENDPOINT_LOG,Microsoft Sentinel,REF-95089,Supports investigation finding
EVD-002898,ALT-003519,CASE-003519,ANL-5003,2026-01-10T22:23:00Z,THREAT_INTELLIGENCE,Splunk ES,REF-71759,Supports investigation finding
EVD-002899,ALT-003520,CASE-003520,ANL-5014,2026-01-10T05:36:00Z,AUTHENTICATION_LOG,IBM QRadar,REF-18966,Supports investigation finding
EVD-002900,ALT-003521,CASE-003521,ANL-5014,2026-01-11T19:18:00Z,PROCESS_TREE,Elastic Security,REF-61149,Supports investigation finding
EVD-002901,ALT-003522,CASE-003522,ANL-5009,2026-01-11T07:47:00Z,SIEM_LOG,Splunk ES,REF-11884,Supports investigation finding
EVD-002902,ALT-003523,CASE-003523,ANL-5005,2026-01-11T20:58:00Z,PROCESS_TREE,IBM QRadar,REF-68798,Supports investigation finding
EVD-002903,ALT-003524,CASE-003524,ANL-5005,2026-01-11T12:49:00Z,ENDPOINT_LOG,Elastic Security,REF-53140,Supports investigation finding
EVD-002904,ALT-003525,CASE-003525,ANL-5013,2026-01-11T01:53:00Z,SIEM_LOG,Elastic Security,REF-29628,Supports investigation finding
EVD-002905,ALT-003526,CASE-003526,ANL-5003,2026-01-11T13:43:00Z,SIEM_LOG,Splunk ES,REF-57719,Supports investigation finding
EVD-002906,ALT-003527,CASE-003527,ANL-5009,2026-01-11T16:34:00Z,NETWORK_LOG,Splunk ES,REF-71236,Supports investigation finding
EVD-002907,ALT-003529,CASE-003529,ANL-5010,2026-01-11T09:43:00Z,NETWORK_LOG,IBM QRadar,REF-15473,Supports investigation finding
EVD-002908,ALT-003530,CASE-003530,ANL-5007,2026-01-11T06:54:00Z,PROCESS_TREE,IBM QRadar,REF-11141,Supports investigation finding
EVD-002909,ALT-003531,CASE-003531,ANL-5002,2026-01-11T08:37:00Z,THREAT_INTELLIGENCE,Elastic Security,REF-23033,Supports investigation finding
EVD-002910,ALT-003533,CASE-003533,ANL-5002,2026-01-11T09:21:00Z,SIEM_LOG,Splunk ES,REF-49658,Supports investigation finding
EVD-002911,ALT-003534,CASE-003534,ANL-5005,2026-01-11T21:52:00Z,PROCESS_TREE,IBM QRadar,REF-78070,Supports investigation finding
EVD-002912,ALT-003535,CASE-003535,ANL-5011,2026-01-11T06:51:00Z,CASE_NOTE,Microsoft Sentinel,REF-23357,Supports investigation finding
EVD-002913,ALT-003536,CASE-003536,ANL-5013,2026-01-11T12:40:00Z,NETWORK_LOG,Microsoft Sentinel,REF-35183,Supports investigation finding
EVD-002914,ALT-003537,CASE-003537,ANL-5010,2026-01-11T20:26:00Z,ENDPOINT_LOG,IBM QRadar,REF-46054,Supports investigation finding
EVD-002915,ALT-003539,CASE-003539,ANL-5005,2026-01-11T01:35:00Z,ENDPOINT_LOG,Splunk ES,REF-53319,Supports investigation finding
EVD-002916,ALT-003540,CASE-003540,ANL-5008,2026-01-11T21:12:00Z,PROCESS_TREE,IBM QRadar,REF-74595,Supports investigation finding
EVD-002917,ALT-003541,CASE-003541,ANL-5014,2026-01-11T14:08:00Z,AUTHENTICATION_LOG,Microsoft Sentinel,REF-65909,Supports investigation finding
EVD-002918,ALT-003542,CASE-003542,ANL-5010,2026-01-11T11:14:00Z,ENDPOINT_LOG,IBM QRadar,REF-75643,Supports investigation finding
EVD-002919,ALT-003543,CASE-003543,ANL-5003,2026-01-11T19:02:00Z,ENDPOINT_LOG,Splunk ES,REF-22330,Supports investigation finding
EVD-002920,ALT-003544,CASE-003544,ANL-5008,2026-01-11T08:16:00Z,NETWORK_LOG,Elastic Security,REF-21141,Supports investigation finding
EVD-002921,ALT-003545,CASE-003545,ANL-5009,2026-01-11T22:14:00Z,AUTHENTICATION_LOG,IBM QRadar,REF-89516,Supports investigation finding
EVD-002922,ALT-003546,CASE-003546,ANL-5012,2026-01-11T20:31:00Z,CASE_NOTE,Splunk ES,REF-14642,Supports investigation finding
EVD-002923,ALT-003547,CASE-003547,ANL-5002,2026-01-11T03:41:00Z,PROCESS_TREE,Microsoft Sentinel,REF-72959,Supports investigation finding
EVD-002924,ALT-003548,CASE-003548,ANL-5009,2026-01-11T16:05:00Z,AUTHENTICATION_LOG,Microsoft Sentinel,REF-49380,Supports investigation finding
EVD-002925,ALT-003549,CASE-003549,ANL-5003,2026-01-11T05:46:00Z,THREAT_INTELLIGENCE,Splunk ES,REF-39330,Supports investigation finding
EVD-002926,ALT-003550,CASE-003550,ANL-5001,2026-01-11T06:04:00Z,NETWORK_LOG,Elastic Security,REF-30075,Supports investigation finding
EVD-002927,ALT-003551,CASE-003551,ANL-5005,2026-01-11T19:15:00Z,THREAT_INTELLIGENCE,Elastic Security,REF-72731,Supports investigation finding
EVD-002928,ALT-003552,CASE-003552,ANL-5003,2026-01-11T04:15:00Z,SIEM_LOG,Microsoft Sentinel,REF-43805,Supports investigation finding
EVD-002929,ALT-003554,CASE-003554,ANL-5005,2026-01-11T18:02:00Z,NETWORK_LOG,IBM QRadar,REF-39303,Supports investigation finding
EVD-002930,ALT-003555,CASE-003555,ANL-5001,2026-01-11T08:23:00Z,NETWORK_LOG,IBM QRadar,REF-12357,Supports investigation finding
EVD-002931,ALT-003556,CASE-003556,ANL-5007,2026-01-11T02:33:00Z,AUTHENTICATION_LOG,Elastic Security,REF-81460,Supports investigation finding
EVD-002932,ALT-003557,CASE-003557,ANL-5014,2026-01-11T08:56:00Z,SIEM_LOG,Elastic Security,REF-45388,Supports investigation finding
EVD-002933,ALT-003558,CASE-003558,ANL-5006,2026-01-11T07:23:00Z,NETWORK_LOG,Splunk ES,REF-85355,Supports investigation finding
EVD-002934,ALT-003559,CASE-003559,ANL-5004,2026-01-11T12:40:00Z,NETWORK_LOG,Splunk ES,REF-32238,Supports investigation finding
EVD-002935,ALT-003560,CASE-003560,ANL-5001,2026-01-11T20:18:00Z,AUTHENTICATION_LOG,Splunk ES,REF-69256,Supports investigation finding
EVD-002936,ALT-003561,CASE-003561,ANL-5010,2026-01-12T07:57:00Z,SIEM_LOG,IBM QRadar,REF-97511,Supports investigation finding
EVD-002937,ALT-003562,CASE-003562,ANL-5009,2026-01-12T22:27:00Z,PROCESS_TREE,IBM QRadar,REF-83181,Supports investigation finding
EVD-002938,ALT-003563,CASE-003563,ANL-5008,2026-01-12T20:17:00Z,ENDPOINT_LOG,Elastic Security,REF-75293,Supports investigation finding
EVD-002939,ALT-003564,CASE-003564,ANL-5004,2026-01-12T05:51:00Z,NETWORK_LOG,Elastic Security,REF-64760,Supports investigation finding
EVD-002940,ALT-003565,CASE-003565,ANL-5009,2026-01-12T05:54:00Z,SIEM_LOG,IBM QRadar,REF-47321,Supports investigation finding
EVD-002941,ALT-003566,CASE-003566,ANL-5005,2026-01-12T23:32:00Z,SIEM_LOG,IBM QRadar,REF-12341,Supports investigation finding
EVD-002942,ALT-003567,CASE-003567,ANL-5007,2026-01-12T11:58:00Z,NETWORK_LOG,Elastic Security,REF-62516,Supports investigation finding
EVD-002943,ALT-003568,CASE-003568,ANL-5013,2026-01-12T13:37:00Z,CASE_NOTE,IBM QRadar,REF-10569,Supports investigation finding
EVD-002944,ALT-003569,CASE-003569,ANL-5002,2026-01-12T07:38:00Z,AUTHENTICATION_LOG,Microsoft Sentinel,REF-21710,Supports investigation finding
EVD-002945,ALT-003570,CASE-003570,ANL-5010,2026-01-12T11:10:00Z,AUTHENTICATION_LOG,IBM QRadar,REF-41667,Supports investigation finding
EVD-002946,ALT-003571,CASE-003571,ANL-5005,2026-01-12T06:35:00Z,NETWORK_LOG,Microsoft Sentinel,REF-95402,Supports investigation finding
EVD-002947,ALT-003572,CASE-003572,ANL-5003,2026-01-12T02:14:00Z,THREAT_INTELLIGENCE,Microsoft Sentinel,REF-51764,Supports investigation finding
EVD-002948,ALT-003573,CASE-003573,ANL-5013,2026-01-12T23:28:00Z,CASE_NOTE,Elastic Security,REF-78489,Supports investigation finding
EVD-002949,ALT-003574,CASE-003574,ANL-5001,2026-01-12T03:22:00Z,SIEM_LOG,IBM QRadar,REF-31476,Supports investigation finding
EVD-002950,ALT-003575,CASE-003575,ANL-5010,2026-01-12T15:29:00Z,THREAT_INTELLIGENCE,IBM QRadar,REF-69795,Supports investigation finding
EVD-002951,ALT-003576,CASE-003576,ANL-5005,2026-01-12T06:26:00Z,NETWORK_LOG,Elastic Security,REF-56967,Supports investigation finding
EVD-002952,ALT-003577,CASE-003577,ANL-5002,2026-01-12T21:02:00Z,CASE_NOTE,Elastic Security,REF-44789,Supports investigation finding
EVD-002953,ALT-003578,CASE-003578,ANL-5006,2026-01-12T03:24:00Z,PROCESS_TREE,Splunk ES,REF-11414,Supports investigation finding
EVD-002954,ALT-003579,CASE-003579,ANL-5011,2026-01-12T12:40:00Z,AUTHENTICATION_LOG,Elastic Security,REF-93514,Supports investigation finding
EVD-002955,ALT-003580,CASE-003580,ANL-5002,2026-01-12T22:04:00Z,ENDPOINT_LOG,Microsoft Sentinel,REF-50389,Supports investigation finding
EVD-002956,ALT-003582,CASE-003582,ANL-5005,2026-01-12T08:20:00Z,PROCESS_TREE,Microsoft Sentinel,REF-72684,Supports investigation finding
EVD-002957,ALT-003583,CASE-003583,ANL-5001,2026-01-12T17:48:00Z,CASE_NOTE,IBM QRadar,REF-79451,Supports investigation finding
EVD-002958,ALT-003584,CASE-003584,ANL-5012,2026-01-12T16:32:00Z,NETWORK_LOG,Microsoft Sentinel,REF-97924,Supports investigation finding
EVD-002959,ALT-003585,CASE-003585,ANL-5002,2026-01-12T07:46:00Z,PROCESS_TREE,Splunk ES,REF-73184,Supports investigation finding
EVD-002960,ALT-003586,CASE-003586,ANL-5008,2026-01-12T06:15:00Z,CASE_NOTE,IBM QRadar,REF-98382,Supports investigation finding
EVD-002961,ALT-003587,CASE-003587,ANL-5006,2026-01-12T10:17:00Z,NETWORK_LOG,Microsoft Sentinel,REF-14081,Supports investigation finding
EVD-002962,ALT-003588,CASE-003588,ANL-5002,2026-01-12T19:25:00Z,ENDPOINT_LOG,Elastic Security,REF-10769,Supports investigation finding
EVD-002963,ALT-003590,CASE-003590,ANL-5002,2026-01-12T14:47:00Z,THREAT_INTELLIGENCE,Elastic Security,REF-65914,Supports investigation finding
EVD-002964,ALT-003592,CASE-003592,ANL-5006,2026-01-12T12:46:00Z,PROCESS_TREE,Splunk ES,REF-10885,Supports investigation finding
EVD-002965,ALT-003593,CASE-003593,ANL-5006,2026-01-12T06:06:00Z,PROCESS_TREE,Microsoft Sentinel,REF-80514,Supports investigation finding
EVD-002966,ALT-003594,CASE-003594,ANL-5006,2026-01-12T15:00:00Z,NETWORK_LOG,Elastic Security,REF-84185,Supports investigation finding
EVD-002967,ALT-003595,CASE-003595,ANL-5011,2026-01-12T12:35:00Z,NETWORK_LOG,Microsoft Sentinel,REF-15467,Supports investigation finding
EVD-002968,ALT-003596,CASE-003596,ANL-5004,2026-01-12T23:59:00Z,AUTHENTICATION_LOG,Elastic Security,REF-58193,Supports investigation finding
EVD-002969,ALT-003597,CASE-003597,ANL-5010,2026-01-12T04:31:00Z,NETWORK_LOG,Microsoft Sentinel,REF-94624,Supports investigation finding
EVD-002970,ALT-003598,CASE-003598,ANL-5003,2026-01-12T02:52:00Z,SIEM_LOG,Elastic Security,REF-55200,Supports investigation finding
EVD-002971,ALT-003599,CASE-003599,ANL-5005,2026-01-12T10:07:00Z,ENDPOINT_LOG,Microsoft Sentinel,REF-45394,Supports investigation finding
EVD-002972,ALT-003600,CASE-003600,ANL-5014,2026-01-12T11:21:00Z,NETWORK_LOG,Elastic Security,REF-36052,Supports investigation finding
EVD-002973,ALT-003601,CASE-003601,ANL-5010,2026-01-13T23:08:00Z,NETWORK_LOG,Splunk ES,REF-94255,Supports investigation finding
EVD-002974,ALT-003602,CASE-003602,ANL-5005,2026-01-13T15:18:00Z,CASE_NOTE,IBM QRadar,REF-57459,Supports investigation finding
EVD-002975,ALT-003603,CASE-003603,ANL-5007,2026-01-13T04:56:00Z,ENDPOINT_LOG,Splunk ES,REF-29622,Supports investigation finding
EVD-002976,ALT-003604,CASE-003604,ANL-5007,2026-01-13T13:41:00Z,THREAT_INTELLIGENCE,Elastic Security,REF-81761,Supports investigation finding
EVD-002977,ALT-003605,CASE-003605,ANL-5011,2026-01-13T10:00:00Z,PROCESS_TREE,Splunk ES,REF-25507,Supports investigation finding
EVD-002978,ALT-003607,CASE-003607,ANL-5009,2026-01-13T01:37:00Z,THREAT_INTELLIGENCE,Elastic Security,REF-16778,Supports investigation finding
EVD-002979,ALT-003608,CASE-003608,ANL-5011,2026-01-13T13:46:00Z,PROCESS_TREE,Microsoft Sentinel,REF-68384,Supports investigation finding
EVD-002980,ALT-003609,CASE-003609,ANL-5003,2026-01-13T12:09:00Z,SIEM_LOG,Elastic Security,REF-21118,Supports investigation finding
EVD-002981,ALT-003610,CASE-003610,ANL-5007,2026-01-13T12:46:00Z,ENDPOINT_LOG,Splunk ES,REF-64807,Supports investigation finding
EVD-002982,ALT-003611,CASE-003611,ANL-5009,2026-01-13T09:38:00Z,THREAT_INTELLIGENCE,Elastic Security,REF-17686,Supports investigation finding
EVD-002983,ALT-003613,CASE-003613,ANL-5006,2026-01-13T02:53:00Z,NETWORK_LOG,Elastic Security,REF-38083,Supports investigation finding
EVD-002984,ALT-003614,CASE-003614,ANL-5007,2026-01-13T09:40:00Z,NETWORK_LOG,Splunk ES,REF-28511,Supports investigation finding
EVD-002985,ALT-003615,CASE-003615,ANL-5002,2026-01-13T08:10:00Z,PROCESS_TREE,Splunk ES,REF-43191,Supports investigation finding
EVD-002986,ALT-003616,CASE-003616,ANL-5009,2026-01-13T17:22:00Z,SIEM_LOG,IBM QRadar,REF-71026,Supports investigation finding
EVD-002987,ALT-003617,CASE-003617,ANL-5002,2026-01-13T09:56:00Z,AUTHENTICATION_LOG,IBM QRadar,REF-11140,Supports investigation finding
EVD-002988,ALT-003618,CASE-003618,ANL-5006,2026-01-14T00:14:00Z,SIEM_LOG,Microsoft Sentinel,REF-16997,Supports investigation finding
EVD-002989,ALT-003619,CASE-003619,ANL-5005,2026-01-13T09:46:00Z,CASE_NOTE,Microsoft Sentinel,REF-18777,Supports investigation finding
EVD-002990,ALT-003620,CASE-003620,ANL-5005,2026-01-13T21:14:00Z,NETWORK_LOG,Elastic Security,REF-27437,Supports investigation finding
EVD-002991,ALT-003621,CASE-003621,ANL-5005,2026-01-13T11:38:00Z,ENDPOINT_LOG,Microsoft Sentinel,REF-14870,Supports investigation finding
EVD-002992,ALT-003622,CASE-003622,ANL-5012,2026-01-13T01:22:00Z,ENDPOINT_LOG,Elastic Security,REF-82502,Supports investigation finding
EVD-002993,ALT-003623,CASE-003623,ANL-5001,2026-01-13T19:25:00Z,AUTHENTICATION_LOG,Microsoft Sentinel,REF-16167,Supports investigation finding
EVD-002994,ALT-003624,CASE-003624,ANL-5004,2026-01-13T20:13:00Z,SIEM_LOG,Elastic Security,REF-37278,Supports investigation finding
EVD-002995,ALT-003625,CASE-003625,ANL-5008,2026-01-13T20:07:00Z,ENDPOINT_LOG,Splunk ES,REF-57857,Supports investigation finding
EVD-002996,ALT-003626,CASE-003626,ANL-5011,2026-01-13T06:43:00Z,AUTHENTICATION_LOG,Elastic Security,REF-46721,Supports investigation finding
EVD-002997,ALT-003627,CASE-003627,ANL-5008,2026-01-13T00:34:00Z,ENDPOINT_LOG,IBM QRadar,REF-51239,Supports investigation finding
EVD-002998,ALT-003628,CASE-003628,ANL-5004,2026-01-13T10:35:00Z,SIEM_LOG,Splunk ES,REF-73052,Supports investigation finding
EVD-002999,ALT-003629,CASE-003629,ANL-5003,2026-01-13T09:50:00Z,PROCESS_TREE,Microsoft Sentinel,REF-99725,Supports investigation finding
EVD-003000,ALT-003630,CASE-003630,ANL-5007,2026-01-13T09:57:00Z,ENDPOINT_LOG,Splunk ES,REF-95963,Supports investigation finding
EVD-003001,ALT-003631,CASE-003631,ANL-5009,2026-01-13T20:21:00Z,NETWORK_LOG,Elastic Security,REF-53799,Supports investigation finding
EVD-003002,ALT-003632,CASE-003632,ANL-5009,2026-01-13T01:54:00Z,CASE_NOTE,IBM QRadar,REF-31405,Supports investigation finding
EVD-003003,ALT-003633,CASE-003633,ANL-5007,2026-01-13T12:48:00Z,CASE_NOTE,Microsoft Sentinel,REF-52389,Supports investigation finding
EVD-003004,ALT-003634,CASE-003634,ANL-5001,2026-01-13T19:55:00Z,ENDPOINT_LOG,Elastic Security,REF-59274,Supports investigation finding
EVD-003005,ALT-003635,CASE-003635,ANL-5013,2026-01-13T11:50:00Z,PROCESS_TREE,IBM QRadar,REF-66571,Supports investigation finding
EVD-003006,ALT-003636,CASE-003636,ANL-5007,2026-01-13T17:02:00Z,THREAT_INTELLIGENCE,IBM QRadar,REF-66202,Supports investigation finding
EVD-003007,ALT-003637,CASE-003637,ANL-5004,2026-01-13T03:07:00Z,CASE_NOTE,IBM QRadar,REF-44403,Supports investigation finding
EVD-003008,ALT-003638,CASE-003638,ANL-5014,2026-01-13T07:52:00Z,THREAT_INTELLIGENCE,Splunk ES,REF-17240,Supports investigation finding
EVD-003009,ALT-003639,CASE-003639,ANL-5007,2026-01-13T14:38:00Z,SIEM_LOG,Microsoft Sentinel,REF-40207,Supports investigation finding
EVD-003010,ALT-003640,CASE-003640,ANL-5005,2026-01-13T10:15:00Z,ENDPOINT_LOG,Microsoft Sentinel,REF-66955,Supports investigation finding
EVD-003011,ALT-003642,CASE-003642,ANL-5004,2026-01-14T03:29:00Z,SIEM_LOG,IBM QRadar,REF-65976,Supports investigation finding
EVD-003012,ALT-003643,CASE-003643,ANL-5001,2026-01-14T06:07:00Z,THREAT_INTELLIGENCE,Elastic Security,REF-45872,Supports investigation finding
EVD-003013,ALT-003644,CASE-003644,ANL-5010,2026-01-14T07:50:00Z,THREAT_INTELLIGENCE,Splunk ES,REF-79213,Supports investigation finding
EVD-003014,ALT-003645,CASE-003645,ANL-5003,2026-01-14T22:56:00Z,AUTHENTICATION_LOG,IBM QRadar,REF-62016,Supports investigation finding
EVD-003015,ALT-003646,CASE-003646,ANL-5013,2026-01-14T15:10:00Z,ENDPOINT_LOG,Elastic Security,REF-31187,Supports investigation finding
EVD-003016,ALT-003647,CASE-003647,ANL-5010,2026-01-14T06:34:00Z,AUTHENTICATION_LOG,Microsoft Sentinel,REF-89718,Supports investigation finding
EVD-003017,ALT-003648,CASE-003648,ANL-5003,2026-01-14T20:22:00Z,SIEM_LOG,IBM QRadar,REF-33282,Supports investigation finding
EVD-003018,ALT-003649,CASE-003649,ANL-5010,2026-01-14T08:01:00Z,PROCESS_TREE,Elastic Security,REF-39947,Supports investigation finding
EVD-003019,ALT-003650,CASE-003650,ANL-5014,2026-01-14T23:43:00Z,NETWORK_LOG,Microsoft Sentinel,REF-19157,Supports investigation finding
EVD-003020,ALT-003651,CASE-003651,ANL-5014,2026-01-14T07:17:00Z,PROCESS_TREE,Microsoft Sentinel,REF-65508,Supports investigation finding
EVD-003021,ALT-003652,CASE-003652,ANL-5003,2026-01-14T16:01:00Z,PROCESS_TREE,Splunk ES,REF-65854,Supports investigation finding
EVD-003022,ALT-003653,CASE-003653,ANL-5008,2026-01-14T17:33:00Z,CASE_NOTE,Splunk ES,REF-54846,Supports investigation finding
EVD-003023,ALT-003654,CASE-003654,ANL-5009,2026-01-14T16:11:00Z,SIEM_LOG,Microsoft Sentinel,REF-52846,Supports investigation finding
EVD-003024,ALT-003655,CASE-003655,ANL-5009,2026-01-14T05:11:00Z,AUTHENTICATION_LOG,IBM QRadar,REF-69973,Supports investigation finding
EVD-003025,ALT-003656,CASE-003656,ANL-5006,2026-01-14T17:45:00Z,CASE_NOTE,Splunk ES,REF-95957,Supports investigation finding
EVD-003026,ALT-003657,CASE-003657,ANL-5009,2026-01-14T12:01:00Z,SIEM_LOG,Splunk ES,REF-41332,Supports investigation finding
EVD-003027,ALT-003658,CASE-003658,ANL-5005,2026-01-14T07:09:00Z,THREAT_INTELLIGENCE,Splunk ES,REF-50428,Supports investigation finding
EVD-003028,ALT-003659,CASE-003659,ANL-5011,2026-01-14T16:55:00Z,THREAT_INTELLIGENCE,IBM QRadar,REF-56625,Supports investigation finding
EVD-003029,ALT-003660,CASE-003660,ANL-5009,2026-01-14T06:18:00Z,SIEM_LOG,Splunk ES,REF-21138,Supports investigation finding
EVD-003030,ALT-003661,CASE-003661,ANL-5001,2026-01-14T10:23:00Z,PROCESS_TREE,IBM QRadar,REF-98130,Supports investigation finding
EVD-003031,ALT-003662,CASE-003662,ANL-5011,2026-01-14T13:24:00Z,PROCESS_TREE,Microsoft Sentinel,REF-41130,Supports investigation finding
EVD-003032,ALT-003663,CASE-003663,ANL-5012,2026-01-14T07:08:00Z,PROCESS_TREE,Elastic Security,REF-12694,Supports investigation finding
EVD-003033,ALT-003664,CASE-003664,ANL-5012,2026-01-14T09:39:00Z,PROCESS_TREE,Microsoft Sentinel,REF-21385,Supports investigation finding
EVD-003034,ALT-003665,CASE-003665,ANL-5011,2026-01-14T21:13:00Z,NETWORK_LOG,IBM QRadar,REF-30135,Supports investigation finding
EVD-003035,ALT-003666,CASE-003666,ANL-5008,2026-01-14T20:05:00Z,AUTHENTICATION_LOG,Microsoft Sentinel,REF-97059,Supports investigation finding
EVD-003036,ALT-003667,CASE-003667,ANL-5010,2026-01-15T00:11:00Z,THREAT_INTELLIGENCE,Microsoft Sentinel,REF-47258,Supports investigation finding
EVD-003037,ALT-003668,CASE-003668,ANL-5013,2026-01-14T02:16:00Z,ENDPOINT_LOG,IBM QRadar,REF-38444,Supports investigation finding
EVD-003038,ALT-003669,CASE-003669,ANL-5013,2026-01-14T18:36:00Z,PROCESS_TREE,Microsoft Sentinel,REF-89965,Supports investigation finding
EVD-003039,ALT-003670,CASE-003670,ANL-5002,2026-01-14T11:36:00Z,NETWORK_LOG,IBM QRadar,REF-58364,Supports investigation finding
EVD-003040,ALT-003671,CASE-003671,ANL-5011,2026-01-14T04:14:00Z,ENDPOINT_LOG,IBM QRadar,REF-99719,Supports investigation finding
EVD-003041,ALT-003672,CASE-003672,ANL-5009,2026-01-14T13:35:00Z,THREAT_INTELLIGENCE,Splunk ES,REF-57300,Supports investigation finding
EVD-003042,ALT-003673,CASE-003673,ANL-5013,2026-01-14T19:15:00Z,AUTHENTICATION_LOG,Elastic Security,REF-34149,Supports investigation finding
EVD-003043,ALT-003674,CASE-003674,ANL-5012,2026-01-14T19:24:00Z,THREAT_INTELLIGENCE,IBM QRadar,REF-57258,Supports investigation finding
EVD-003044,ALT-003676,CASE-003676,ANL-5007,2026-01-14T06:56:00Z,SIEM_LOG,Elastic Security,REF-14641,Supports investigation finding
EVD-003045,ALT-003677,CASE-003677,ANL-5007,2026-01-15T00:55:00Z,NETWORK_LOG,IBM QRadar,REF-93702,Supports investigation finding
EVD-003046,ALT-003678,CASE-003678,ANL-5004,2026-01-14T22:43:00Z,PROCESS_TREE,IBM QRadar,REF-20290,Supports investigation finding
EVD-003047,ALT-003679,CASE-003679,ANL-5007,2026-01-14T04:41:00Z,CASE_NOTE,Splunk ES,REF-84491,Supports investigation finding
EVD-003048,ALT-003680,CASE-003680,ANL-5008,2026-01-14T12:46:00Z,PROCESS_TREE,IBM QRadar,REF-27351,Supports investigation finding
